seller_id,city_id,primary_category_id,onboarding_channel,has_gst,registration_date,first_listing_date,num_listings,first_order_date
1,1,3,Social / ads,1,2025-05-09,,0,
2,18,2,Referral,1,2025-07-28,2025-07-28,29,2025-08-02
3,9,5,Referral,1,2025-11-08,2025-11-10,16,
4,29,6,Referral,0,2025-04-09,2025-04-14,8,
5,17,3,Organic,0,2025-06-15,2025-06-20,23,2025-07-04
6,9,2,Organic,1,2025-07-16,,0,
7,32,6,Organic,0,2025-08-06,2025-08-06,11,2025-08-14
8,16,1,Social / ads,1,2025-04-16,,0,
9,8,4,Organic,0,2025-07-26,2025-08-03,12,2025-09-26
10,16,6,Field sales,0,2025-08-20,2025-08-21,64,
11,31,2,Referral,1,2025-07-18,2025-07-19,20,2025-07-29
12,14,5,Organic,1,2025-10-24,2025-10-25,14,2025-10-28
13,14,6,Social / ads,1,2025-03-29,,0,
14,14,1,Field sales,0,2025-07-10,2025-07-11,89,
15,11,2,Organic,1,2025-09-22,2025-09-24,16,
16,8,2,Social / ads,0,2025-11-22,2025-11-22,2,2025-11-27
17,17,6,Referral,1,2025-04-01,2025-04-01,36,
18,28,4,Organic,1,2025-08-14,2025-08-15,15,
19,22,3,Field sales,0,2025-05-30,2025-05-30,7,
20,5,2,Field sales,1,2025-04-18,2025-04-19,34,2025-05-11
21,14,1,Organic,1,2025-07-06,2025-07-14,2,
22,1,1,Social / ads,0,2025-08-20,,0,
23,12,1,Field sales,1,2025-06-27,2025-07-03,12,2025-07-08
24,20,1,Field sales,0,2025-03-26,2025-03-26,32,2025-04-07
25,11,1,Organic,0,2025-05-07,2025-05-15,98,2025-05-19
26,26,4,Organic,1,2025-09-29,2025-10-08,13,
27,15,4,Referral,1,2025-11-06,2025-11-07,23,2025-12-02
28,20,1,Field sales,1,2025-07-31,2025-07-31,148,2025-08-10
29,28,4,Referral,0,2025-09-20,2025-09-24,16,
30,20,1,Social / ads,0,2025-10-04,2025-10-05,23,2025-10-14
31,28,2,Organic,0,2025-08-25,,0,
32,25,9,Field sales,0,2025-01-27,2025-02-08,78,2025-02-09
33,17,4,Social / ads,1,2025-05-28,2025-05-28,9,2025-05-31
34,12,1,Social / ads,1,2025-09-27,2025-09-30,20,2025-10-11
35,12,2,Social / ads,1,2025-08-06,,0,
36,28,5,Social / ads,0,2025-09-27,2025-09-28,17,2025-10-04
37,3,1,Organic,1,2025-09-23,2025-09-24,11,2025-09-27
38,30,9,Field sales,1,2025-02-07,2025-02-07,19,2025-02-11
39,12,3,Social / ads,1,2025-06-30,2025-07-01,67,
40,22,1,Referral,1,2025-08-19,2025-08-19,101,2025-09-02
41,12,4,Organic,1,2025-07-15,2025-07-15,14,
42,31,5,Social / ads,1,2025-05-02,,0,
43,2,3,Organic,0,2025-07-28,2025-07-28,8,2025-08-06
44,13,8,Organic,0,2025-08-21,2025-08-21,141,2025-08-23
45,27,8,Organic,1,2025-02-09,,0,
46,11,1,Referral,0,2025-10-21,2025-10-22,40,2025-11-05
47,11,1,Referral,1,2025-08-14,2025-08-19,28,2025-08-26
48,28,2,Referral,0,2025-09-08,2025-09-09,96,2025-09-27
49,26,4,Social / ads,1,2025-04-03,2025-04-05,13,2025-04-18
50,5,4,Referral,0,2025-04-04,2025-04-11,6,2025-04-19
51,17,2,Referral,1,2025-03-29,2025-03-29,72,2025-04-04
52,10,9,Social / ads,1,2025-11-01,,0,
53,9,2,Social / ads,0,2025-08-28,2025-08-28,23,
54,18,6,Organic,0,2025-04-26,,0,
55,6,7,Organic,0,2025-05-09,2025-05-09,24,
56,14,1,Field sales,1,2025-06-27,2025-07-09,57,2025-07-30
57,10,1,Social / ads,1,2025-09-17,2025-09-20,20,
58,27,1,Referral,0,2025-04-24,2025-04-25,33,
59,17,8,Organic,1,2025-07-07,2025-07-08,25,2025-07-10
60,9,2,Field sales,1,2025-06-25,2025-06-25,12,2025-06-28
61,30,7,Field sales,1,2025-08-09,2025-08-18,13,2025-08-26
62,25,3,Referral,1,2025-07-07,2025-07-15,12,2025-07-20
63,11,3,Social / ads,1,2025-10-16,2025-10-21,20,2025-10-22
64,31,8,Social / ads,1,2025-03-03,,0,
65,11,3,Field sales,0,2025-10-20,2025-10-21,23,2025-10-28
66,11,6,Field sales,0,2025-09-21,2025-09-25,22,2025-09-28
67,14,3,Field sales,0,2025-10-29,2025-11-01,19,2025-11-09
68,8,1,Referral,0,2025-09-04,2025-09-04,19,2025-09-10
69,20,1,Referral,1,2025-07-24,2025-07-24,10,2025-08-02
70,17,1,Field sales,0,2025-04-19,2025-04-19,13,2025-04-24
71,28,6,Field sales,0,2025-09-30,2025-10-18,4,
72,10,2,Referral,1,2025-05-30,2025-06-05,14,2025-06-19
73,8,3,Organic,1,2025-07-30,,0,
74,13,1,Field sales,0,2025-04-01,2025-04-01,17,2025-04-05
75,7,4,Field sales,0,2025-10-08,2025-10-16,9,2025-10-29
76,30,6,Organic,0,2025-09-26,,0,
77,21,4,Organic,0,2025-06-27,,0,
78,24,9,Organic,0,2025-11-08,,0,
79,23,1,Social / ads,0,2025-06-05,2025-06-12,52,2025-06-17
80,10,1,Social / ads,0,2025-06-30,,0,
81,7,4,Referral,0,2025-10-30,2025-11-07,63,2025-11-10
82,14,2,Referral,0,2025-07-08,2025-07-12,6,2025-07-22
83,26,5,Field sales,1,2025-02-21,2025-02-25,18,2025-03-12
84,13,6,Referral,0,2025-07-19,2025-07-22,6,2025-07-28
85,1,1,Social / ads,1,2025-09-25,,0,
86,19,8,Organic,1,2025-11-18,,0,
87,9,1,Organic,1,2025-08-03,2025-08-04,31,2025-08-09
88,16,5,Referral,1,2025-10-31,2025-11-05,23,
89,1,2,Organic,1,2025-09-23,2025-09-24,16,
90,15,5,Field sales,1,2025-08-25,2025-09-05,24,2025-09-11
91,14,1,Social / ads,1,2025-04-26,2025-05-04,48,
92,28,8,Organic,0,2025-10-03,2025-10-03,28,2025-10-06
93,21,8,Referral,0,2025-11-13,2025-11-16,18,2025-11-21
94,2,4,Field sales,0,2025-09-28,,0,
95,24,4,Social / ads,1,2025-07-18,2025-07-21,76,2025-08-04
96,24,5,Referral,1,2025-10-09,2025-10-09,11,2025-10-22
97,20,4,Organic,0,2025-06-22,,0,
98,30,4,Referral,1,2025-04-08,2025-04-18,6,
99,25,4,Referral,0,2025-05-22,2025-05-23,7,
100,9,7,Social / ads,0,2025-07-29,2025-07-30,8,2025-08-05
101,14,4,Referral,1,2025-06-17,2025-06-22,8,2025-07-03
102,13,1,Organic,1,2025-08-05,2025-08-05,16,2025-08-17
103,15,8,Social / ads,1,2025-09-23,2025-09-26,20,
104,31,1,Referral,1,2025-07-13,2025-07-15,19,2025-07-18
105,18,1,Organic,1,2025-08-11,2025-08-11,9,
106,12,9,Referral,0,2025-10-16,2025-10-21,36,2025-10-26
107,30,1,Social / ads,0,2025-09-27,2025-10-03,25,2025-10-04
108,21,1,Field sales,1,2025-08-04,2025-08-06,58,2025-08-11
109,11,4,Organic,1,2025-10-30,,0,
110,29,7,Field sales,1,2025-10-28,2025-11-05,12,2025-11-11
111,13,1,Organic,1,2025-09-02,,0,
112,16,3,Referral,0,2025-08-05,2025-08-09,20,2025-08-13
113,15,1,Referral,0,2025-10-07,2025-10-08,31,2025-10-12
114,29,3,Organic,0,2025-02-10,,0,
115,11,2,Organic,1,2025-05-17,2025-05-19,14,2025-05-31
116,13,1,Social / ads,1,2025-08-20,2025-08-20,17,2025-08-27
117,19,8,Organic,0,2025-05-13,2025-05-15,14,
118,28,5,Social / ads,0,2025-10-09,2025-10-11,8,
119,6,7,Field sales,0,2025-10-14,2025-10-16,2,2025-10-26
120,9,8,Referral,1,2025-07-04,,0,
121,30,8,Organic,0,2025-08-22,,0,
122,24,6,Organic,1,2025-09-03,2025-09-12,39,2025-10-04
123,13,2,Organic,1,2025-10-08,,0,
124,13,7,Referral,0,2025-09-27,2025-09-27,13,2025-09-29
125,14,4,Social / ads,1,2025-05-30,2025-06-03,9,2025-06-06
126,20,2,Social / ads,0,2025-08-12,2025-08-12,14,
127,17,2,Organic,1,2025-10-28,,0,
128,24,2,Organic,1,2025-04-26,2025-05-02,3,2025-05-04
129,3,3,Organic,1,2025-01-08,,0,
130,25,6,Social / ads,0,2025-06-11,2025-06-12,49,
131,3,3,Organic,0,2025-05-28,2025-05-28,72,2025-06-05
132,28,2,Organic,1,2025-08-12,2025-08-20,30,
133,2,1,Field sales,1,2025-06-02,2025-06-03,15,
134,6,7,Referral,1,2025-11-15,2025-11-25,5,2025-12-01
135,8,2,Organic,1,2025-09-27,2025-09-30,14,
136,10,3,Field sales,0,2025-09-28,2025-10-01,26,2025-10-10
137,14,6,Organic,1,2025-10-27,2025-10-31,31,2025-11-13
138,19,7,Organic,1,2025-06-20,,0,
139,28,4,Organic,1,2025-02-20,2025-03-03,43,2025-03-24
140,16,5,Organic,0,2025-03-16,2025-03-19,77,2025-03-26
141,16,1,Social / ads,0,2025-06-01,2025-06-04,11,2025-06-26
142,12,8,Referral,0,2025-08-20,2025-08-20,155,
143,25,4,Social / ads,0,2025-09-02,2025-09-18,3,
144,5,6,Organic,0,2025-08-16,,0,
145,12,1,Field sales,1,2025-05-16,2025-05-16,19,2025-05-22
146,5,5,Social / ads,0,2025-02-15,2025-02-17,25,2025-02-21
147,9,2,Organic,0,2025-08-29,,0,
148,17,3,Social / ads,1,2025-09-13,2025-09-13,11,2025-09-23
149,6,5,Field sales,0,2025-04-05,2025-04-12,95,
150,5,6,Field sales,0,2025-10-06,2025-10-09,10,2025-10-15
151,26,2,Organic,0,2025-06-11,2025-06-21,7,2025-07-04
152,6,7,Field sales,1,2025-08-21,2025-08-21,63,2025-09-10
153,18,1,Referral,1,2025-09-16,2025-09-21,32,2025-10-03
154,13,4,Social / ads,0,2025-11-25,2025-11-26,39,2025-11-28
155,28,1,Social / ads,1,2025-09-17,,0,
156,21,2,Organic,1,2025-07-08,2025-07-10,5,2025-07-15
157,3,8,Social / ads,1,2025-04-20,2025-04-23,17,
158,28,1,Social / ads,1,2025-07-01,,0,
159,14,8,Referral,0,2025-10-29,,0,
160,12,2,Organic,0,2025-06-17,2025-06-21,27,2025-06-25
161,20,5,Organic,0,2025-04-11,2025-04-14,38,2025-04-24
162,21,1,Organic,1,2025-09-27,2025-09-28,15,2025-10-01
163,12,5,Organic,1,2025-09-05,2025-09-10,29,
164,13,8,Social / ads,1,2025-09-04,2025-09-05,7,
165,7,4,Organic,1,2025-08-02,2025-08-10,35,2025-08-30
166,18,2,Field sales,0,2025-08-21,2025-08-24,28,2025-08-28
167,31,6,Field sales,1,2025-11-12,2025-11-12,8,2025-11-14
168,14,6,Field sales,1,2025-08-20,2025-08-27,25,2025-08-29
169,32,1,Organic,0,2025-11-23,,0,
170,8,5,Referral,0,2025-07-16,2025-07-16,17,2025-07-21
171,24,5,Field sales,1,2025-01-27,2025-01-29,8,2025-02-09
172,30,6,Referral,0,2025-11-05,2025-11-09,18,2025-11-15
173,20,2,Organic,1,2025-07-27,2025-08-05,25,2025-08-21
174,5,2,Field sales,0,2025-09-13,2025-09-19,8,
175,12,9,Organic,0,2025-09-18,,0,
176,4,4,Referral,1,2025-07-28,,0,
177,18,4,Referral,1,2025-07-09,2025-07-18,31,2025-07-20
178,32,9,Organic,1,2025-11-02,,0,
179,14,1,Social / ads,0,2025-06-01,2025-06-02,28,2025-06-05
180,8,2,Organic,1,2025-05-04,2025-05-05,6,2025-05-08
181,11,6,Social / ads,0,2025-08-01,2025-08-01,84,2025-08-10
182,17,6,Social / ads,1,2025-04-24,2025-04-26,38,2025-05-02
183,17,9,Organic,1,2025-02-13,2025-02-19,3,
184,10,5,Organic,1,2025-05-03,2025-05-06,7,
185,23,2,Organic,1,2025-09-22,,0,
186,4,2,Social / ads,1,2025-08-27,,0,
187,18,1,Field sales,0,2025-07-30,,0,
188,14,8,Organic,0,2025-05-30,2025-06-04,14,2025-06-08
189,6,1,Referral,1,2025-08-26,,0,
190,19,4,Organic,0,2025-10-15,,0,
191,20,2,Referral,1,2025-06-06,2025-06-07,29,2025-06-09
192,14,1,Referral,0,2025-07-05,2025-07-13,32,
193,24,2,Organic,1,2025-11-20,,0,
194,15,5,Social / ads,0,2025-08-02,,0,
195,11,1,Organic,1,2025-02-08,2025-02-11,8,
196,31,9,Referral,1,2025-04-17,,0,
197,30,8,Field sales,0,2025-01-28,2025-02-02,12,2025-02-08
198,5,1,Social / ads,1,2025-09-05,2025-09-10,19,2025-09-24
199,30,7,Referral,1,2025-06-11,2025-06-12,6,2025-06-21
200,24,2,Social / ads,1,2025-02-23,2025-03-01,35,2025-03-04
201,5,1,Organic,0,2025-01-12,2025-01-14,17,2025-01-18
202,16,2,Social / ads,1,2025-02-18,2025-02-20,20,2025-03-13
203,2,6,Organic,1,2025-02-17,2025-02-20,11,2025-03-09
204,18,5,Field sales,0,2025-08-29,2025-08-30,29,
205,30,1,Organic,0,2025-11-19,2025-11-26,46,2025-12-10
206,14,6,Social / ads,1,2025-07-27,2025-07-27,11,
207,15,5,Social / ads,0,2025-06-07,2025-06-09,30,2025-06-18
208,10,6,Referral,1,2025-04-26,2025-04-28,30,2025-05-05
209,16,4,Referral,1,2025-10-12,2025-10-21,22,2025-11-14
210,25,7,Referral,1,2025-05-18,2025-05-26,62,2025-05-31
211,9,5,Organic,0,2025-03-05,2025-03-05,9,2025-03-13
212,17,1,Field sales,0,2025-09-29,,0,
213,13,7,Field sales,1,2025-01-03,2025-01-12,8,2025-01-14
214,23,2,Referral,1,2025-08-21,2025-08-22,29,2025-09-17
215,21,5,Organic,1,2025-05-30,2025-05-30,13,2025-06-10
216,21,5,Social / ads,1,2025-09-07,2025-09-07,9,2025-09-13
217,14,2,Organic,1,2025-10-15,2025-10-23,62,2025-10-30
218,18,1,Field sales,0,2025-06-23,,0,
219,19,5,Organic,1,2025-02-20,2025-02-23,12,2025-02-28
220,20,7,Organic,0,2025-10-29,2025-10-29,5,2025-10-31
221,17,7,Organic,1,2025-10-07,2025-10-09,73,2025-10-15
222,27,4,Organic,1,2025-06-28,2025-07-06,23,2025-07-17
223,10,1,Field sales,1,2025-07-25,2025-08-03,23,2025-08-13
224,3,2,Referral,0,2025-04-01,2025-04-01,17,2025-04-23
225,31,6,Field sales,1,2025-01-14,2025-01-14,8,2025-01-23
226,3,2,Field sales,1,2025-06-25,2025-06-27,11,2025-06-28
227,29,6,Organic,1,2025-10-22,,0,
228,18,2,Organic,0,2025-08-13,2025-08-17,11,2025-08-21
229,29,1,Field sales,0,2025-10-19,2025-10-22,23,
230,17,4,Field sales,1,2025-05-23,2025-05-23,16,2025-05-30
231,25,4,Referral,1,2025-09-22,2025-10-06,7,2025-10-14
232,21,4,Organic,1,2025-06-13,2025-06-14,60,2025-06-21
233,16,2,Social / ads,1,2025-07-10,2025-07-10,26,2025-07-17
234,13,7,Organic,0,2025-04-18,2025-04-18,21,
235,1,3,Field sales,1,2025-11-18,2025-11-20,25,
236,10,6,Organic,0,2025-10-26,2025-10-27,3,2025-11-07
237,31,4,Field sales,0,2025-04-06,2025-04-07,11,2025-04-14
238,11,2,Referral,0,2025-09-19,2025-09-26,4,2025-10-22
239,23,5,Field sales,1,2025-10-08,2025-10-09,18,2025-10-12
240,15,4,Organic,0,2025-10-26,,0,
241,12,4,Referral,1,2025-06-11,2025-06-17,18,2025-06-22
242,32,5,Organic,1,2025-07-25,2025-07-27,42,2025-08-05
243,3,1,Field sales,0,2025-01-27,2025-01-28,4,2025-02-06
244,17,8,Organic,1,2025-08-23,2025-08-26,8,2025-08-27
245,14,2,Organic,1,2025-01-17,2025-01-17,22,2025-01-19
246,4,1,Field sales,1,2025-10-24,2025-10-24,20,
247,9,6,Organic,1,2025-04-14,,0,
248,20,1,Organic,0,2025-08-02,,0,
249,5,9,Social / ads,0,2025-11-11,2025-11-11,56,2025-11-29
250,25,3,Social / ads,0,2025-08-18,2025-08-19,23,2025-08-25
251,19,2,Social / ads,1,2025-06-18,2025-06-26,4,2025-07-01
252,5,1,Organic,1,2025-04-08,2025-04-16,18,2025-05-09
253,11,1,Referral,1,2025-06-20,2025-06-24,21,
254,6,1,Social / ads,1,2025-03-01,,0,
255,24,1,Organic,0,2025-05-24,2025-06-08,48,2025-06-29
256,16,2,Field sales,0,2025-02-18,2025-02-18,14,2025-03-05
257,1,2,Organic,0,2025-09-13,2025-09-16,88,2025-10-03
258,16,3,Social / ads,0,2025-11-25,2025-11-28,30,
259,15,1,Field sales,1,2025-04-09,2025-04-10,20,2025-04-14
260,19,1,Referral,0,2025-02-02,2025-02-05,34,
261,2,1,Referral,0,2025-09-03,2025-09-07,55,2025-09-09
262,2,1,Organic,0,2025-06-22,2025-06-22,33,2025-07-20
263,13,2,Organic,1,2025-06-26,2025-06-26,15,2025-07-03
264,20,1,Field sales,0,2025-04-30,2025-05-10,9,
265,20,2,Referral,1,2025-05-24,,0,
266,11,8,Referral,0,2025-10-07,2025-10-10,2,2025-10-15
267,9,2,Organic,0,2025-10-03,2025-10-03,18,2025-10-07
268,20,1,Field sales,0,2025-11-19,2025-11-21,12,2025-12-22
269,2,5,Organic,1,2025-11-03,2025-11-07,12,2025-11-09
270,17,3,Organic,1,2025-03-25,2025-03-25,37,
271,14,1,Social / ads,0,2025-10-06,,0,
272,10,6,Referral,0,2025-08-07,2025-08-12,74,
273,16,6,Referral,0,2025-11-19,,0,
274,9,9,Social / ads,1,2025-03-20,2025-03-23,7,
275,17,8,Organic,0,2025-06-11,2025-06-21,6,
276,7,4,Social / ads,0,2025-06-15,2025-06-17,29,2025-06-28
277,14,5,Field sales,1,2025-01-30,2025-02-03,41,
278,15,2,Field sales,1,2025-04-17,2025-04-18,10,2025-04-23
279,2,8,Organic,0,2025-04-28,2025-04-28,7,
280,18,4,Organic,1,2025-07-30,2025-08-05,55,2025-08-25
281,23,2,Referral,0,2025-07-16,2025-07-17,5,2025-07-29
282,31,1,Organic,0,2025-11-21,2025-11-21,36,2025-11-25
283,9,4,Organic,1,2025-11-01,2025-11-02,10,
284,9,4,Referral,1,2025-07-01,2025-07-02,22,
285,12,7,Field sales,0,2025-11-04,2025-11-08,38,2025-11-24
286,28,1,Organic,0,2025-07-17,,0,
287,14,7,Field sales,0,2025-10-05,2025-10-05,12,
288,12,1,Social / ads,0,2025-10-29,2025-11-13,50,
289,22,4,Field sales,0,2025-01-30,,0,
290,2,2,Social / ads,0,2025-11-10,,0,
291,16,2,Field sales,0,2025-02-09,2025-02-15,4,2025-02-22
292,14,3,Organic,1,2025-09-11,2025-09-14,4,
293,19,1,Organic,1,2025-10-03,,0,
294,22,1,Social / ads,1,2025-02-04,2025-02-06,16,
295,12,6,Field sales,0,2025-10-03,2025-10-03,31,
296,19,1,Social / ads,1,2025-09-09,2025-09-11,6,2025-09-16
297,16,6,Social / ads,0,2025-04-26,2025-04-28,17,
298,6,6,Organic,0,2025-06-16,,0,
299,28,1,Organic,1,2025-07-04,2025-07-13,10,2025-07-25
300,23,8,Field sales,1,2025-09-29,2025-10-01,19,2025-10-03
301,29,6,Organic,0,2025-06-21,2025-06-24,5,
302,21,6,Referral,1,2025-02-06,2025-02-10,22,
303,10,6,Social / ads,0,2025-05-24,,0,
304,14,4,Field sales,1,2025-11-17,2025-11-18,6,2025-11-27
305,14,9,Organic,1,2025-10-23,2025-10-30,5,2025-11-02
306,2,1,Field sales,0,2025-10-03,2025-10-04,42,
307,14,1,Organic,1,2025-06-13,2025-06-18,5,
308,13,5,Social / ads,1,2025-04-27,2025-04-27,32,
309,1,2,Organic,1,2025-01-19,2025-01-26,17,2025-02-11
310,26,4,Social / ads,1,2025-08-01,2025-08-03,11,2025-08-06
311,7,2,Referral,0,2025-09-02,2025-09-02,53,2025-09-05
312,15,2,Referral,1,2025-11-16,2025-12-01,34,2025-12-11
313,24,8,Referral,1,2025-06-03,2025-06-06,20,2025-06-13
314,18,1,Organic,1,2025-10-01,2025-10-03,2,
315,8,1,Referral,1,2025-09-09,2025-09-11,29,2025-10-01
316,18,5,Social / ads,1,2025-08-22,,0,
317,23,6,Social / ads,0,2025-10-19,2025-10-20,13,2025-11-01
318,27,7,Organic,1,2025-08-08,2025-08-09,16,2025-08-13
319,12,1,Field sales,0,2025-02-05,2025-02-05,75,2025-02-28
320,2,8,Social / ads,1,2025-08-07,2025-08-11,13,2025-08-17
321,18,4,Social / ads,1,2025-07-23,2025-07-23,5,
322,10,7,Referral,1,2025-06-21,2025-06-22,53,2025-06-26
323,24,1,Organic,0,2025-11-22,2025-11-25,29,2025-12-03
324,20,2,Social / ads,0,2025-09-30,2025-10-07,30,2025-10-17
325,24,4,Organic,1,2025-10-31,,0,
326,31,4,Organic,0,2025-03-30,2025-04-04,65,
327,17,1,Social / ads,1,2025-04-12,,0,
328,29,4,Organic,0,2025-06-05,2025-06-14,5,2025-06-25
329,19,5,Social / ads,0,2025-05-07,2025-05-21,32,
330,8,2,Organic,1,2025-05-11,2025-05-11,13,2025-05-12
331,25,4,Field sales,1,2025-10-09,2025-10-09,14,
332,20,2,Social / ads,1,2025-08-28,2025-09-08,6,2025-09-22
333,32,7,Social / ads,0,2025-10-16,2025-10-17,26,2025-11-10
334,10,4,Social / ads,1,2025-06-07,2025-06-26,22,2025-06-29
335,13,4,Social / ads,0,2025-09-14,2025-09-18,14,
336,25,8,Organic,1,2025-08-24,2025-09-05,5,2025-09-26
337,3,5,Social / ads,0,2025-06-05,2025-06-08,43,2025-06-12
338,19,2,Social / ads,1,2025-10-14,2025-10-22,20,2025-10-27
339,16,5,Referral,0,2025-08-11,2025-08-12,40,
340,8,9,Referral,1,2025-05-03,2025-05-07,3,2025-05-25
341,8,1,Organic,1,2025-07-03,,0,
342,25,4,Referral,1,2025-08-22,2025-08-22,9,
343,1,1,Field sales,0,2025-01-10,2025-01-11,16,2025-01-14
344,22,7,Referral,1,2025-08-21,2025-09-05,34,2025-09-21
345,22,5,Referral,0,2025-08-06,2025-08-13,22,2025-08-22
346,19,8,Referral,0,2025-05-14,2025-05-15,16,
347,14,5,Organic,1,2025-09-03,,0,
348,2,1,Social / ads,1,2025-09-14,2025-09-14,4,2025-09-30
349,25,4,Organic,1,2025-03-04,,0,
350,6,8,Organic,1,2025-08-08,2025-08-08,40,2025-08-15
351,11,1,Organic,1,2025-03-27,,0,
352,30,1,Social / ads,0,2025-11-13,,0,
353,12,6,Social / ads,1,2025-07-22,2025-07-23,31,2025-08-10
354,10,4,Organic,1,2025-10-14,,0,
355,31,1,Organic,0,2025-06-03,2025-06-04,21,2025-06-12
356,4,2,Referral,1,2025-04-17,2025-04-18,11,2025-04-23
357,8,2,Organic,0,2025-09-12,2025-09-13,14,2025-09-28
358,14,5,Field sales,0,2025-05-23,2025-05-23,27,2025-06-15
359,24,3,Organic,1,2025-10-01,,0,
360,28,3,Referral,1,2025-10-09,2025-10-11,44,2025-10-17
361,23,6,Organic,0,2025-05-09,2025-05-11,11,
362,32,2,Referral,0,2025-03-29,2025-03-30,15,2025-04-06
363,1,5,Referral,0,2025-10-01,2025-10-13,15,
364,18,2,Organic,0,2025-08-02,2025-08-13,15,2025-08-21
365,6,2,Organic,1,2025-09-01,2025-09-01,5,2025-09-10
366,29,4,Organic,1,2025-11-09,2025-11-17,18,2025-11-20
367,30,5,Organic,0,2025-09-26,,0,
368,12,8,Social / ads,0,2025-02-26,2025-03-03,3,
369,26,2,Organic,0,2025-05-26,2025-06-04,5,2025-06-09
370,19,1,Organic,1,2025-11-11,2025-11-13,33,2025-11-17
371,5,3,Organic,0,2025-10-29,2025-10-31,29,2025-11-05
372,18,4,Social / ads,1,2025-11-24,2025-12-01,20,2025-12-04
373,32,1,Social / ads,1,2025-05-13,,0,
374,12,8,Social / ads,1,2025-04-30,2025-05-01,29,2025-05-04
375,1,6,Field sales,1,2025-02-27,2025-02-27,6,
376,32,3,Social / ads,0,2025-03-05,,0,
377,14,3,Referral,1,2025-08-24,2025-08-24,5,
378,14,1,Social / ads,0,2025-07-17,2025-07-20,14,2025-08-08
379,21,4,Social / ads,1,2025-04-23,2025-04-26,7,2025-05-02
380,18,4,Organic,1,2025-01-16,2025-01-21,30,2025-01-25
381,12,8,Referral,1,2025-10-24,2025-10-24,23,
382,5,4,Organic,1,2025-08-20,2025-08-29,10,2025-09-07
383,26,1,Organic,0,2025-09-25,2025-10-04,39,2025-10-17
384,15,1,Social / ads,1,2025-08-08,2025-08-09,7,2025-08-26
385,20,1,Organic,1,2025-10-31,2025-11-10,15,
386,27,8,Field sales,1,2025-03-13,2025-03-16,10,2025-03-22
387,1,6,Social / ads,1,2025-02-26,2025-03-06,29,2025-03-14
388,27,7,Referral,1,2025-11-23,2025-11-30,27,2025-12-08
389,23,7,Organic,0,2025-08-05,,0,
390,30,1,Field sales,1,2025-08-04,2025-08-06,17,
391,10,5,Social / ads,1,2025-02-25,2025-02-26,1,2025-03-05
392,12,5,Organic,0,2025-10-07,,0,
393,20,1,Organic,0,2025-11-17,,0,
394,30,3,Field sales,1,2025-07-17,2025-07-30,12,2025-08-08
395,32,5,Social / ads,0,2025-08-26,2025-08-29,3,2025-09-01
396,14,8,Organic,0,2025-06-22,2025-06-23,23,2025-06-30
397,16,1,Organic,1,2025-09-03,,0,
398,8,8,Social / ads,1,2025-05-11,,0,
399,20,8,Organic,0,2025-03-30,2025-04-11,13,
400,26,8,Organic,0,2025-07-16,,0,
401,25,1,Referral,0,2025-11-02,2025-11-02,24,
402,13,1,Organic,1,2025-10-26,2025-10-26,17,
403,31,5,Organic,0,2025-04-23,2025-04-23,6,2025-04-29
404,6,2,Field sales,1,2025-01-04,2025-01-15,16,2025-01-20
405,15,1,Field sales,0,2025-01-07,,0,
406,17,6,Referral,0,2025-05-10,2025-05-11,52,
407,16,1,Organic,1,2025-07-23,2025-07-24,33,2025-07-27
408,23,3,Referral,1,2025-08-14,2025-08-22,14,2025-08-30
409,18,8,Field sales,0,2025-07-09,2025-07-09,17,
410,4,3,Social / ads,0,2025-02-21,2025-02-24,37,2025-02-27
411,8,8,Social / ads,1,2025-06-11,,0,
412,16,2,Field sales,0,2025-09-14,2025-09-14,30,2025-09-26
413,20,2,Social / ads,1,2025-08-31,,0,
414,16,1,Social / ads,1,2025-11-09,2025-11-09,11,2025-11-19
415,13,2,Organic,1,2025-06-17,2025-06-22,61,2025-06-24
416,3,2,Social / ads,0,2025-05-17,,0,
417,24,7,Social / ads,1,2025-08-07,2025-08-08,20,2025-08-26
418,15,8,Organic,0,2025-04-29,,0,
419,16,1,Organic,1,2025-09-03,2025-09-13,19,2025-09-21
420,14,1,Field sales,0,2025-10-16,2025-10-17,13,2025-10-31
421,11,5,Referral,0,2025-08-04,,0,
422,11,3,Field sales,1,2025-10-01,2025-10-23,25,2025-10-29
423,3,2,Referral,1,2025-06-14,2025-06-14,7,2025-06-28
424,21,1,Organic,1,2025-06-16,2025-06-16,12,2025-06-18
425,11,1,Organic,1,2025-09-05,,0,
426,12,4,Social / ads,0,2025-06-30,2025-07-03,5,2025-07-09
427,32,1,Organic,0,2025-01-11,,0,
428,14,6,Field sales,1,2025-09-25,2025-09-27,13,2025-10-02
429,15,2,Organic,0,2025-05-11,2025-05-16,46,2025-05-18
430,14,3,Referral,1,2025-03-25,2025-03-26,13,2025-03-27
431,11,4,Referral,1,2025-01-09,2025-01-13,11,2025-01-20
432,1,1,Organic,1,2025-02-11,2025-02-17,7,2025-02-22
433,27,8,Field sales,1,2025-05-15,2025-05-15,16,2025-05-18
434,14,5,Field sales,0,2025-09-22,,0,
435,21,7,Organic,1,2025-02-16,2025-02-16,29,
436,31,3,Organic,0,2025-09-23,,0,
437,1,3,Field sales,1,2025-05-29,2025-05-29,87,2025-06-06
438,20,1,Field sales,0,2025-09-05,2025-09-05,23,
439,6,4,Referral,1,2025-11-16,2025-11-17,7,
440,14,4,Social / ads,1,2025-10-19,2025-10-22,6,
441,26,2,Organic,1,2025-08-03,2025-08-07,25,2025-08-26
442,4,1,Organic,1,2025-05-30,2025-06-04,7,2025-06-10
443,32,2,Field sales,1,2025-11-02,2025-11-13,26,2025-11-20
444,17,1,Field sales,1,2025-06-30,2025-07-03,33,2025-07-08
445,14,2,Social / ads,0,2025-11-18,2025-11-20,34,2025-12-01
446,1,4,Organic,1,2025-04-28,2025-05-11,8,2025-05-24
447,17,9,Referral,0,2025-09-24,2025-09-25,34,2025-10-04
448,15,1,Field sales,0,2025-04-03,2025-04-04,21,2025-04-10
449,9,1,Organic,1,2025-08-18,2025-08-21,10,2025-08-23
450,15,2,Referral,0,2025-11-01,2025-11-02,14,2025-11-09
451,1,1,Field sales,1,2025-05-22,2025-05-22,23,
452,32,5,Organic,0,2025-03-22,2025-03-22,9,
453,13,1,Organic,0,2025-10-20,2025-10-24,20,2025-11-01
454,15,9,Organic,0,2025-02-06,,0,
455,24,7,Social / ads,1,2025-06-16,,0,
456,21,3,Organic,0,2025-05-15,2025-05-15,17,2025-05-17
457,28,8,Organic,1,2025-06-29,2025-06-30,19,2025-07-03
458,30,4,Organic,1,2025-09-08,2025-09-11,10,2025-09-15
459,9,9,Organic,1,2025-06-09,,0,
460,14,2,Organic,1,2025-08-14,2025-08-16,4,2025-08-18
461,20,9,Field sales,0,2025-05-06,2025-05-07,20,2025-05-10
462,2,1,Organic,0,2025-09-15,,0,
463,21,2,Organic,1,2025-11-01,2025-11-02,15,2025-11-15
464,1,8,Organic,0,2025-09-27,2025-09-29,8,2025-10-01
465,29,2,Referral,0,2025-09-14,2025-09-15,17,2025-09-17
466,21,1,Organic,0,2025-05-18,2025-05-18,48,2025-05-22
467,17,1,Field sales,0,2025-09-16,2025-09-16,33,2025-09-27
468,14,1,Field sales,1,2025-06-22,2025-06-28,16,2025-07-06
469,32,2,Field sales,1,2025-10-23,2025-10-27,84,2025-10-31
470,22,3,Organic,0,2025-11-04,2025-11-05,142,2025-11-17
471,25,4,Social / ads,1,2025-06-17,2025-06-29,11,2025-07-07
472,26,7,Field sales,0,2025-06-07,2025-06-13,13,2025-06-19
473,1,1,Organic,0,2025-10-19,2025-10-22,28,2025-10-24
474,3,7,Referral,0,2025-05-03,2025-05-05,7,2025-05-09
475,9,4,Social / ads,1,2025-02-21,2025-02-23,32,2025-03-24
476,19,6,Organic,0,2025-08-23,,0,
477,19,6,Organic,0,2025-11-14,2025-11-15,22,2025-11-18
478,12,8,Field sales,1,2025-01-25,2025-01-28,10,2025-02-02
479,31,1,Organic,1,2025-08-29,2025-08-29,8,2025-09-06
480,5,4,Social / ads,1,2025-10-15,2025-10-24,3,2025-11-06
481,24,8,Organic,1,2025-04-23,,0,
482,15,6,Organic,0,2025-08-09,2025-08-09,34,2025-08-13
483,14,1,Organic,0,2025-05-12,,0,
484,2,4,Organic,1,2025-10-04,2025-10-05,21,2025-10-18
485,22,6,Social / ads,1,2025-09-14,,0,
486,23,2,Social / ads,1,2025-07-11,2025-07-11,9,
487,12,5,Social / ads,1,2025-04-15,2025-04-25,13,
488,16,7,Referral,1,2025-03-21,2025-03-21,6,2025-04-05
489,18,4,Referral,0,2025-05-11,2025-05-13,4,
490,14,1,Organic,0,2025-10-22,2025-10-23,7,2025-10-30
491,18,4,Organic,0,2025-06-08,2025-06-08,17,
492,14,4,Social / ads,0,2025-10-11,2025-10-14,17,
493,28,2,Referral,1,2025-09-25,2025-09-26,33,
494,21,5,Referral,0,2025-04-17,2025-04-19,85,
495,5,3,Referral,1,2025-02-19,2025-02-22,28,
496,25,7,Social / ads,1,2025-06-18,2025-06-26,14,2025-07-28
497,13,6,Organic,1,2025-05-02,,0,
498,30,6,Field sales,1,2025-11-01,2025-11-03,4,2025-11-11
499,18,4,Field sales,1,2025-07-14,2025-07-14,3,2025-07-23
500,2,1,Social / ads,1,2025-11-11,2025-11-14,8,2025-11-27
501,22,6,Organic,1,2025-10-09,2025-10-14,31,2025-11-02
502,6,1,Organic,0,2025-02-19,2025-02-19,18,2025-02-26
503,28,4,Referral,1,2025-08-21,2025-08-23,6,2025-08-26
504,30,1,Social / ads,1,2025-02-04,2025-02-08,9,2025-02-12
505,20,4,Social / ads,0,2025-08-04,,0,
506,16,5,Referral,0,2025-06-12,2025-06-15,6,2025-07-01
507,18,2,Organic,1,2025-08-11,,0,
508,14,2,Organic,0,2025-10-31,2025-11-07,14,2025-11-10
509,4,1,Field sales,1,2025-01-27,2025-01-30,67,2025-02-11
510,30,2,Organic,1,2025-03-17,2025-03-18,8,2025-03-20
511,12,3,Referral,1,2025-10-14,2025-10-15,24,2025-10-18
512,12,7,Social / ads,1,2025-10-30,2025-11-05,19,
513,9,8,Organic,0,2025-06-16,2025-06-25,33,
514,32,9,Organic,1,2025-01-14,2025-01-14,20,2025-01-19
515,30,1,Organic,0,2025-05-30,2025-06-11,36,2025-06-30
516,13,2,Organic,0,2025-07-26,,0,
517,11,3,Field sales,0,2025-08-24,2025-08-25,6,
518,25,5,Organic,1,2025-06-09,2025-06-10,29,
519,14,5,Organic,1,2025-07-03,2025-07-05,15,
520,31,6,Organic,0,2025-11-18,2025-11-21,8,
521,29,3,Organic,0,2025-05-15,,0,
522,23,4,Field sales,1,2025-11-14,2025-11-17,34,2025-11-23
523,4,9,Field sales,1,2025-08-17,2025-08-17,11,2025-08-21
524,21,1,Referral,0,2025-08-15,2025-08-20,12,2025-08-29
525,32,6,Referral,0,2025-04-04,,0,
526,14,6,Organic,0,2025-04-27,2025-05-01,3,2025-05-09
527,28,1,Referral,0,2025-02-27,,0,
528,14,8,Organic,1,2025-08-15,2025-08-16,30,
529,31,7,Social / ads,1,2025-07-12,2025-07-14,10,2025-07-17
530,19,6,Organic,0,2025-05-22,2025-05-27,51,
531,5,1,Referral,0,2025-03-31,2025-04-02,13,
532,15,1,Organic,1,2025-06-07,,0,
533,3,5,Social / ads,0,2025-05-17,,0,
534,14,1,Organic,1,2025-06-01,2025-06-01,36,2025-06-09
535,29,1,Social / ads,1,2025-03-31,2025-04-10,7,
536,10,2,Organic,0,2025-11-11,,0,
537,31,1,Social / ads,1,2025-09-05,,0,
538,5,6,Field sales,1,2025-07-29,2025-07-29,10,2025-08-03
539,20,4,Organic,0,2025-07-20,,0,
540,31,1,Organic,1,2025-02-04,2025-02-07,15,2025-02-17
541,19,4,Organic,1,2025-06-15,,0,
542,28,1,Social / ads,0,2025-02-08,2025-02-19,16,2025-02-21
543,32,1,Social / ads,1,2025-10-17,2025-10-21,25,2025-10-30
544,19,3,Organic,0,2025-01-17,2025-01-18,18,
545,24,3,Organic,1,2025-06-21,2025-06-21,50,2025-06-23
546,2,2,Organic,1,2025-05-18,2025-06-08,12,
547,14,4,Organic,0,2025-08-13,2025-08-15,12,
548,11,2,Field sales,1,2025-06-25,2025-07-02,29,2025-07-25
549,26,4,Organic,0,2025-01-23,,0,
550,20,2,Organic,0,2025-11-05,2025-11-05,24,2025-11-17
551,18,6,Social / ads,0,2025-01-23,2025-01-23,106,2025-01-26
552,30,4,Field sales,1,2025-07-26,2025-08-02,7,2025-08-05
553,4,1,Social / ads,1,2025-02-19,2025-02-19,55,
554,31,5,Organic,0,2025-10-08,2025-10-18,11,
555,5,6,Social / ads,1,2025-11-19,,0,
556,13,1,Referral,0,2025-04-17,2025-04-20,28,2025-04-25
557,19,4,Referral,0,2025-10-24,2025-10-24,26,
558,13,6,Organic,1,2025-04-13,2025-04-13,14,2025-04-20
559,20,1,Social / ads,1,2025-09-23,2025-09-24,13,2025-10-01
560,24,8,Referral,0,2025-05-09,,0,
561,26,2,Social / ads,0,2025-10-13,,0,
562,8,6,Field sales,1,2025-08-09,2025-08-11,14,2025-09-04
563,8,8,Social / ads,0,2025-06-08,,0,
564,3,9,Field sales,0,2025-08-24,,0,
565,15,4,Social / ads,1,2025-09-16,,0,
566,6,5,Organic,1,2025-05-29,2025-05-30,45,2025-06-03
567,12,1,Organic,0,2025-01-31,2025-02-02,34,
568,26,2,Field sales,0,2025-04-25,2025-04-25,16,2025-05-10
569,30,7,Referral,0,2025-07-06,,0,
570,25,2,Referral,1,2025-11-21,2025-11-21,10,2025-11-26
571,1,7,Field sales,0,2025-11-23,2025-11-23,15,2025-12-02
572,17,1,Referral,0,2025-03-22,2025-03-22,5,2025-03-26
573,8,1,Social / ads,0,2025-06-05,2025-06-09,11,2025-06-11
574,14,1,Organic,1,2025-04-29,2025-05-06,68,2025-05-14
575,14,4,Social / ads,1,2025-10-30,2025-10-30,12,2025-11-04
576,30,1,Organic,1,2025-05-13,2025-05-21,4,2025-05-28
577,19,2,Field sales,1,2025-11-02,2025-11-02,33,2025-11-03
578,11,9,Social / ads,1,2025-10-16,2025-10-16,22,2025-10-19
579,19,6,Organic,0,2025-10-15,,0,
580,31,6,Organic,1,2025-03-28,2025-03-30,12,
581,3,1,Organic,0,2025-06-21,2025-06-21,7,
582,25,2,Referral,1,2025-09-05,2025-09-11,14,2025-09-18
583,9,5,Referral,0,2025-03-28,2025-03-29,25,2025-04-10
584,7,1,Organic,1,2025-04-28,2025-05-02,15,
585,28,3,Social / ads,0,2025-08-27,,0,
586,1,8,Organic,0,2025-05-13,2025-05-14,10,2025-05-20
587,22,1,Referral,0,2025-06-25,2025-07-13,23,
588,4,8,Referral,1,2025-02-10,2025-02-10,16,2025-02-26
589,18,1,Organic,1,2025-07-25,,0,
590,18,1,Organic,0,2025-11-03,2025-11-09,18,2025-11-15
591,27,1,Social / ads,1,2025-02-27,2025-02-27,12,
592,25,8,Field sales,0,2025-08-05,2025-08-05,26,2025-08-07
593,20,4,Organic,1,2025-03-05,2025-03-06,33,2025-03-20
594,14,6,Social / ads,1,2025-02-21,2025-02-21,24,2025-03-08
595,8,2,Referral,0,2025-11-01,2025-11-01,4,2025-11-09
596,19,7,Organic,0,2025-05-11,2025-05-16,7,2025-05-26
597,15,4,Field sales,0,2025-07-09,2025-07-15,9,
598,4,4,Referral,1,2025-04-04,2025-04-04,8,2025-04-17
599,31,6,Organic,0,2025-10-03,2025-10-03,10,
600,12,6,Social / ads,0,2025-01-28,2025-02-04,34,2025-02-11
601,1,5,Organic,1,2025-04-26,,0,
602,29,1,Organic,1,2025-06-26,2025-07-04,11,2025-07-11
603,17,7,Organic,1,2025-06-01,2025-06-01,26,2025-06-16
604,22,2,Social / ads,0,2025-07-22,2025-07-31,21,2025-09-03
605,7,9,Field sales,1,2025-05-11,2025-05-12,16,2025-05-18
606,14,2,Social / ads,0,2025-02-18,2025-02-20,41,2025-03-02
607,19,1,Organic,1,2025-05-25,2025-05-26,9,2025-05-30
608,10,2,Social / ads,0,2025-08-22,2025-08-22,17,
609,21,4,Referral,0,2025-09-18,2025-09-18,7,2025-09-23
610,10,2,Organic,1,2025-10-20,2025-10-21,7,2025-12-20
611,9,7,Organic,1,2025-04-19,,0,
612,1,5,Social / ads,1,2025-11-12,,0,
613,11,1,Organic,1,2025-09-07,2025-09-07,17,2025-09-21
614,10,4,Field sales,1,2025-10-25,2025-11-02,12,
615,23,6,Referral,0,2025-03-30,2025-03-30,13,2025-05-06
616,17,8,Organic,1,2025-07-05,2025-07-06,12,2025-07-09
617,8,2,Social / ads,1,2025-05-25,2025-05-31,67,2025-06-05
618,17,8,Social / ads,1,2025-09-21,,0,
619,10,1,Referral,1,2025-10-20,2025-10-29,6,2025-11-04
620,14,5,Field sales,0,2025-10-04,2025-10-06,8,
621,28,6,Referral,1,2025-03-05,2025-03-12,15,2025-03-25
622,21,3,Field sales,1,2025-10-05,2025-10-07,24,2025-11-16
623,19,1,Organic,1,2025-06-11,2025-06-14,26,2025-06-19
624,11,5,Referral,0,2025-09-01,2025-09-04,35,
625,6,2,Organic,0,2025-10-28,2025-10-31,15,2025-11-11
626,23,1,Referral,1,2025-04-26,2025-04-28,11,2025-05-03
627,17,1,Referral,0,2025-03-30,,0,
628,18,6,Organic,0,2025-07-01,2025-07-08,1,2025-07-15
629,32,1,Social / ads,0,2025-07-11,2025-07-14,17,2025-07-18
630,13,3,Organic,1,2025-08-12,2025-08-19,23,2025-08-22
631,25,9,Organic,0,2025-02-28,2025-03-02,73,2025-03-13
632,17,6,Organic,0,2025-08-10,2025-08-18,4,2025-08-24
633,10,4,Field sales,1,2025-06-19,2025-06-20,11,
634,3,4,Organic,1,2025-10-27,2025-10-28,5,2025-11-03
635,18,1,Referral,1,2025-05-26,2025-05-28,3,2025-06-16
636,12,3,Field sales,1,2025-02-13,2025-02-13,13,2025-02-15
637,20,1,Organic,1,2025-09-14,2025-09-23,32,2025-09-25
638,21,1,Social / ads,0,2025-10-25,2025-10-29,43,2025-11-11
639,14,1,Organic,0,2025-09-15,2025-09-17,10,2025-09-22
640,16,4,Field sales,1,2025-07-12,2025-07-12,28,2025-07-18
641,19,1,Organic,1,2025-08-07,2025-08-11,14,2025-08-14
642,14,1,Field sales,0,2025-04-01,2025-04-01,25,2025-04-04
643,28,7,Social / ads,1,2025-07-13,2025-07-13,41,2025-07-24
644,4,1,Organic,1,2025-05-24,2025-05-27,14,2025-06-03
645,32,5,Organic,0,2025-05-20,2025-05-20,38,2025-05-23
646,2,2,Organic,1,2025-08-17,2025-08-18,6,2025-08-30
647,9,4,Organic,1,2025-03-18,2025-03-23,27,2025-04-08
648,21,1,Social / ads,0,2025-06-04,,0,
649,4,1,Referral,0,2025-08-13,2025-08-16,34,
650,11,7,Field sales,1,2025-07-29,2025-08-04,6,2025-08-07
651,7,3,Social / ads,0,2025-09-12,2025-09-13,13,2025-09-24
652,22,1,Social / ads,0,2025-08-08,2025-08-09,20,
653,17,2,Social / ads,1,2025-05-19,2025-05-26,23,2025-05-30
654,3,4,Organic,0,2025-06-01,2025-06-05,18,2025-07-06
655,14,1,Organic,1,2025-06-24,2025-07-04,51,
656,9,4,Organic,1,2025-10-30,2025-10-31,5,2025-11-04
657,31,4,Organic,1,2025-10-25,2025-10-27,13,2025-11-03
658,5,4,Organic,1,2025-07-06,2025-07-10,4,2025-07-14
659,18,7,Organic,1,2025-02-10,2025-02-12,27,2025-02-15
660,15,2,Organic,0,2025-06-22,,0,
661,17,8,Referral,1,2025-06-22,2025-07-01,239,2025-07-06
662,31,3,Organic,0,2025-11-12,2025-11-18,37,2025-11-22
663,13,3,Organic,1,2025-07-07,2025-07-07,21,2025-07-24
664,23,5,Organic,0,2025-09-08,2025-09-11,20,
665,14,4,Referral,1,2025-06-15,2025-06-18,12,
666,20,1,Field sales,1,2025-11-10,2025-11-18,18,2025-11-21
667,13,9,Field sales,0,2025-08-10,2025-08-11,20,2025-08-14
668,10,8,Organic,0,2025-03-29,2025-03-29,3,
669,4,2,Organic,1,2025-07-13,2025-07-17,19,
670,5,4,Organic,1,2025-06-09,2025-06-11,17,
671,31,6,Organic,0,2025-09-24,2025-09-25,66,2025-10-10
672,24,8,Organic,0,2025-06-15,2025-07-14,14,2025-07-19
673,10,4,Social / ads,1,2025-09-05,,0,
674,16,1,Organic,0,2025-09-14,2025-09-15,20,2025-09-19
675,21,5,Organic,1,2025-09-25,,0,
676,13,1,Field sales,1,2025-08-07,2025-08-16,14,2025-08-25
677,14,5,Referral,0,2025-02-09,2025-02-09,5,2025-02-17
678,21,4,Organic,0,2025-09-15,2025-09-22,14,2025-09-30
679,10,5,Organic,1,2025-11-22,2025-11-22,10,2025-12-07
680,16,1,Social / ads,1,2025-08-07,2025-08-07,13,
681,9,3,Organic,1,2025-01-19,2025-01-21,29,2025-01-30
682,1,4,Field sales,0,2025-06-30,2025-07-03,9,
683,20,2,Social / ads,1,2025-08-25,2025-09-05,13,2025-09-13
684,21,1,Organic,1,2025-10-26,,0,
685,32,1,Field sales,1,2025-09-18,2025-09-18,13,2025-09-20
686,8,7,Organic,0,2025-08-16,2025-08-16,132,2025-10-15
687,22,3,Organic,1,2025-07-02,2025-07-03,20,
688,30,5,Organic,0,2025-08-26,,0,
689,19,4,Social / ads,1,2025-09-11,,0,
690,31,7,Organic,1,2025-07-03,2025-07-03,7,
691,32,4,Organic,1,2025-08-22,2025-08-29,8,2025-09-02
692,25,1,Social / ads,1,2025-06-30,2025-07-02,25,2025-07-12
693,32,1,Organic,1,2025-07-30,2025-07-30,6,2025-08-03
694,19,1,Social / ads,1,2025-06-12,,0,
695,15,7,Field sales,1,2025-08-22,2025-08-23,41,2025-09-03
696,29,5,Referral,1,2025-08-07,2025-08-10,10,2025-08-14
697,26,6,Social / ads,1,2025-10-25,2025-11-04,28,
698,5,6,Field sales,1,2025-11-16,2025-11-18,4,2025-11-29
699,12,7,Organic,1,2025-09-05,2025-09-05,12,
700,11,9,Social / ads,1,2025-11-17,2025-11-17,8,2025-11-20
701,27,5,Social / ads,0,2025-07-20,2025-08-13,20,2025-08-19
702,10,1,Social / ads,0,2025-09-28,2025-09-30,7,
703,12,1,Field sales,0,2025-06-07,2025-06-08,86,2025-06-15
704,16,4,Referral,1,2025-08-04,2025-08-04,4,2025-09-17
705,4,6,Referral,0,2025-06-25,,0,
706,31,4,Organic,0,2025-09-24,2025-09-28,33,
707,15,2,Referral,1,2025-05-11,2025-05-26,21,2025-06-01
708,9,6,Field sales,1,2025-10-05,2025-10-05,17,
709,11,3,Field sales,0,2025-10-18,2025-10-21,72,2025-10-27
710,24,2,Organic,0,2025-03-29,,0,
711,19,7,Referral,0,2025-07-14,2025-07-14,13,2025-07-16
712,14,4,Field sales,0,2025-04-08,2025-04-09,18,2025-05-12
713,13,2,Referral,0,2025-07-24,2025-07-29,10,2025-08-07
714,29,2,Social / ads,0,2025-03-10,,0,
715,23,4,Field sales,1,2025-05-20,2025-05-20,23,2025-06-21
716,21,3,Organic,1,2025-10-17,,0,
717,14,1,Organic,0,2025-05-15,2025-05-15,4,
718,32,4,Field sales,1,2025-05-17,2025-05-21,23,
719,21,5,Referral,1,2025-07-06,2025-07-06,20,2025-07-18
720,14,1,Social / ads,1,2025-09-14,,0,
721,31,4,Organic,1,2025-11-21,2025-11-23,9,2025-12-03
722,28,4,Organic,1,2025-02-10,,0,
723,22,2,Organic,0,2025-10-07,,0,
724,23,2,Field sales,1,2025-10-11,2025-10-15,22,2025-10-16
725,14,2,Social / ads,0,2025-04-21,,0,
726,15,3,Social / ads,1,2025-02-11,2025-02-11,8,2025-02-21
727,9,7,Referral,0,2025-03-26,2025-03-30,11,
728,18,3,Social / ads,0,2025-10-28,2025-11-03,26,2025-11-23
729,14,9,Organic,0,2025-05-13,2025-05-21,5,2025-06-11
730,13,2,Referral,1,2025-08-01,2025-08-04,19,2025-08-10
731,30,5,Social / ads,1,2025-10-29,2025-10-29,24,2025-11-02
732,8,4,Organic,0,2025-11-17,,0,
733,26,6,Social / ads,0,2025-04-10,,0,
734,11,8,Organic,1,2025-04-16,2025-04-16,17,2025-04-26
735,2,4,Organic,0,2025-03-29,2025-04-04,9,2025-04-06
736,2,3,Referral,0,2025-10-15,2025-10-15,6,2025-10-18
737,14,8,Social / ads,1,2025-11-01,2025-11-02,15,2025-11-12
738,14,8,Organic,0,2025-02-11,2025-02-11,46,2025-02-15
739,12,9,Social / ads,1,2025-02-08,2025-02-13,37,2025-02-22
740,20,1,Organic,1,2025-07-26,2025-08-07,12,2025-08-11
741,15,1,Field sales,0,2025-10-13,2025-10-14,12,
742,4,3,Referral,1,2025-11-22,2025-11-23,11,2025-11-27
743,13,6,Organic,0,2025-10-19,2025-10-19,11,2025-10-20
744,5,1,Field sales,0,2025-10-02,,0,
745,3,2,Field sales,0,2025-09-20,2025-09-26,38,2025-09-30
746,9,4,Referral,1,2025-05-19,2025-05-22,100,2025-05-28
747,21,1,Organic,1,2025-07-28,2025-07-29,8,2025-08-02
748,20,6,Organic,1,2025-09-20,,0,
749,27,1,Social / ads,0,2025-05-02,2025-05-05,25,2025-05-14
750,23,7,Field sales,1,2025-06-28,2025-07-06,12,2025-07-16
751,16,2,Social / ads,0,2025-10-26,2025-11-24,7,2025-11-29
752,12,4,Field sales,1,2025-08-23,2025-08-29,20,2025-09-05
753,1,4,Social / ads,1,2025-10-15,2025-10-19,89,2025-10-28
754,19,2,Organic,0,2025-05-19,2025-05-20,20,
755,11,3,Referral,0,2025-11-16,2025-11-18,8,2025-11-27
756,10,7,Field sales,1,2025-07-04,2025-07-09,14,2025-07-12
757,32,4,Organic,0,2025-10-10,,0,
758,8,1,Organic,1,2025-09-08,,0,
759,2,6,Field sales,0,2025-03-29,2025-03-31,28,
760,30,1,Social / ads,1,2025-07-25,,0,
761,12,3,Field sales,1,2025-11-14,2025-11-16,1,2025-11-23
762,14,3,Organic,1,2025-10-31,2025-11-02,20,2025-11-09
763,4,3,Social / ads,1,2025-06-18,,0,
764,14,1,Organic,0,2025-09-26,,0,
765,31,2,Organic,1,2025-08-18,2025-08-21,8,
766,20,1,Social / ads,1,2025-09-05,,0,
767,14,2,Social / ads,1,2025-10-15,2025-10-17,11,
768,12,4,Social / ads,1,2025-04-04,,0,
769,13,5,Social / ads,0,2025-10-24,2025-10-25,35,2025-11-01
770,18,1,Field sales,1,2025-02-25,2025-02-25,13,2025-03-01
771,10,1,Organic,0,2025-10-29,,0,
772,7,5,Organic,0,2025-09-20,2025-09-22,18,
773,20,4,Social / ads,1,2025-07-15,2025-07-18,14,2025-07-26
774,27,7,Social / ads,0,2025-04-26,,0,
775,29,1,Organic,1,2025-06-25,,0,
776,26,1,Organic,1,2025-08-15,2025-08-17,29,
777,16,2,Organic,1,2025-08-11,2025-08-18,11,2025-09-08
778,24,5,Organic,1,2025-10-07,2025-10-13,3,
779,30,3,Social / ads,1,2025-07-08,2025-07-15,14,2025-07-23
780,2,1,Organic,1,2025-09-28,2025-10-01,10,2025-10-09
781,14,1,Referral,0,2025-10-05,2025-10-11,15,2025-10-12
782,9,5,Social / ads,1,2025-10-01,2025-10-18,2,2025-10-31
783,32,2,Referral,0,2025-11-01,,0,
784,30,5,Referral,1,2025-04-22,2025-04-22,11,2025-05-18
785,25,2,Organic,0,2025-03-12,2025-03-12,14,2025-03-17
786,12,2,Organic,1,2025-02-22,2025-03-02,13,2025-03-05
787,31,1,Organic,1,2025-01-31,,0,
788,2,9,Organic,1,2025-11-03,,0,
789,9,1,Organic,0,2025-01-23,2025-01-26,10,2025-02-08
790,18,1,Organic,0,2025-06-30,2025-07-06,7,2025-07-10
791,24,7,Organic,1,2025-02-23,2025-02-24,4,
792,28,1,Organic,0,2025-05-04,2025-05-06,10,2025-05-09
793,12,2,Social / ads,0,2025-07-17,2025-07-18,5,
794,14,2,Organic,0,2025-04-25,2025-04-29,35,2025-05-04
795,14,5,Organic,1,2025-07-02,,0,
796,2,2,Social / ads,0,2025-02-18,,0,
797,27,7,Organic,0,2025-04-08,2025-04-08,53,2025-04-09
798,13,6,Referral,1,2025-10-21,2025-10-25,8,
799,9,4,Social / ads,1,2025-09-01,2025-09-01,12,2025-09-10
800,14,1,Referral,1,2025-05-30,2025-05-30,47,2025-06-04
801,21,6,Organic,0,2025-03-08,2025-03-19,19,2025-03-22
802,27,7,Field sales,1,2025-08-01,,0,
803,9,7,Field sales,1,2025-11-05,2025-11-05,37,
804,8,1,Organic,1,2025-04-28,2025-05-05,33,2025-05-16
805,30,5,Organic,0,2025-03-10,2025-03-10,22,2025-03-13
806,17,5,Organic,0,2025-08-26,2025-08-29,50,2025-09-03
807,13,8,Social / ads,1,2025-10-02,,0,
808,9,2,Organic,1,2025-06-18,,0,
809,32,6,Organic,0,2025-04-29,2025-04-30,14,2025-05-07
810,21,5,Referral,1,2025-06-19,,0,
811,9,7,Social / ads,1,2025-04-17,2025-04-17,9,2025-04-24
812,4,5,Organic,0,2025-05-07,,0,
813,9,7,Organic,1,2025-08-12,2025-08-13,27,2025-08-15
814,10,2,Referral,1,2025-10-25,2025-10-31,7,
815,5,1,Field sales,1,2025-04-10,2025-04-18,6,
816,10,2,Referral,0,2025-06-12,2025-06-12,45,2025-06-23
817,6,7,Social / ads,0,2025-06-23,,0,
818,14,1,Organic,1,2025-04-17,2025-04-18,12,
819,15,5,Organic,0,2025-09-28,,0,
820,14,9,Organic,0,2025-10-13,2025-10-15,25,2025-10-25
821,26,8,Organic,0,2025-10-12,2025-10-12,27,2025-10-24
822,10,5,Referral,1,2025-10-16,2025-10-20,24,2025-11-04
823,28,6,Social / ads,1,2025-10-12,2025-10-12,23,2025-11-03
824,29,1,Organic,0,2025-11-20,2025-11-22,14,2025-11-25
825,31,3,Field sales,1,2025-11-18,2025-11-20,11,2025-11-22
826,8,4,Organic,1,2025-09-16,2025-09-18,6,2025-09-26
827,10,6,Referral,1,2025-10-01,2025-10-02,9,2025-10-05
828,18,2,Organic,0,2025-03-26,2025-04-01,21,2025-04-04
829,7,1,Referral,1,2025-09-02,2025-09-15,21,2025-10-02
830,4,5,Organic,1,2025-05-17,2025-05-17,30,2025-05-20
831,4,3,Social / ads,0,2025-03-15,2025-03-15,5,2025-03-22
832,18,7,Social / ads,1,2025-10-26,2025-10-26,4,2025-10-28
833,25,3,Social / ads,1,2025-08-14,,0,
834,11,7,Social / ads,1,2025-10-04,,0,
835,30,4,Organic,1,2025-05-20,2025-05-23,19,
836,24,6,Referral,0,2025-09-17,,0,
837,4,6,Organic,1,2025-06-06,2025-06-10,42,
838,14,2,Social / ads,0,2025-11-05,,0,
839,3,2,Organic,1,2025-04-16,2025-04-17,58,2025-04-26
840,29,8,Organic,1,2025-03-26,2025-03-26,25,2025-03-31
841,22,1,Field sales,1,2025-02-08,2025-02-08,7,
842,20,5,Organic,1,2025-05-31,,0,
843,20,1,Field sales,1,2025-08-11,2025-08-15,20,2025-08-17
844,11,6,Organic,1,2025-07-10,2025-07-12,18,2025-07-15
845,30,1,Field sales,0,2025-04-22,2025-04-25,15,2025-05-01
846,29,4,Social / ads,1,2025-10-24,,0,
847,22,4,Field sales,0,2025-07-21,2025-07-25,25,2025-07-28
848,14,1,Organic,1,2025-11-23,2025-11-25,8,2025-11-30
849,3,3,Organic,1,2025-08-19,2025-08-20,13,2025-09-03
850,2,7,Organic,0,2025-08-23,,0,
851,7,5,Organic,1,2025-10-29,2025-10-29,26,
852,18,9,Referral,1,2025-10-15,2025-10-30,26,
853,24,6,Organic,1,2025-07-23,2025-07-27,18,2025-08-27
854,30,5,Organic,1,2025-06-13,2025-06-15,10,2025-06-20
855,8,4,Organic,0,2025-08-10,2025-08-10,10,2025-08-18
856,11,8,Social / ads,1,2025-09-10,2025-09-10,6,2025-09-14
857,3,4,Organic,0,2025-10-15,2025-10-23,26,2025-10-26
858,32,2,Organic,1,2025-07-17,2025-07-23,10,2025-08-08
859,24,7,Referral,1,2025-03-27,2025-03-27,14,2025-04-01
860,15,8,Organic,1,2025-09-07,2025-09-08,19,2025-09-20
861,17,3,Social / ads,1,2025-09-17,,0,
862,17,1,Organic,0,2025-01-26,2025-01-30,16,
863,10,4,Field sales,0,2025-10-20,2025-10-21,7,
864,9,6,Field sales,1,2025-07-16,2025-07-19,20,2025-08-04
865,12,2,Social / ads,1,2025-10-21,,0,
866,10,6,Field sales,0,2025-10-07,2025-10-14,15,2025-10-16
867,17,4,Social / ads,1,2025-04-19,,0,
868,12,2,Referral,1,2025-05-07,2025-05-08,24,
869,22,4,Referral,1,2025-07-30,2025-08-03,10,2025-08-26
870,17,2,Field sales,1,2025-10-18,2025-10-18,14,2025-10-30
871,16,6,Referral,1,2025-06-18,2025-07-15,59,2025-07-20
872,31,1,Referral,1,2025-09-29,2025-10-11,12,2025-10-14
873,12,7,Organic,0,2025-07-01,2025-07-04,16,
874,19,2,Organic,1,2025-08-20,2025-08-21,27,2025-08-26
875,1,9,Organic,0,2025-09-30,,0,
876,22,6,Organic,0,2025-05-19,2025-06-05,12,2025-06-11
877,15,1,Referral,1,2025-09-21,2025-09-21,9,2025-10-04
878,9,9,Organic,1,2025-04-22,2025-04-25,16,2025-05-21
879,1,3,Referral,1,2025-03-14,2025-03-17,27,2025-04-01
880,21,4,Field sales,0,2025-08-09,2025-08-09,47,2025-08-16
881,20,8,Referral,1,2025-06-28,2025-07-02,5,2025-07-05
882,20,8,Field sales,0,2025-06-21,2025-06-21,67,2025-07-02
883,14,5,Organic,0,2025-11-19,2025-11-22,13,2025-12-15
884,19,9,Organic,0,2025-06-07,2025-06-07,34,2025-06-21
885,17,2,Field sales,1,2025-10-01,2025-10-11,9,2025-10-19
886,10,1,Social / ads,0,2025-10-29,2025-11-08,4,2025-11-13
887,16,1,Field sales,0,2025-07-20,2025-08-03,5,
888,16,2,Field sales,0,2025-02-05,2025-02-05,12,2025-02-21
889,26,4,Field sales,1,2025-07-29,2025-08-08,25,2025-08-16
890,14,2,Field sales,0,2025-07-22,2025-07-27,16,2025-08-02
891,14,4,Field sales,1,2025-11-16,2025-11-16,13,
892,32,1,Field sales,0,2025-08-12,2025-08-13,40,2025-09-27
893,28,2,Organic,1,2025-11-20,2025-11-24,16,2025-11-27
894,10,6,Organic,1,2025-10-30,2025-10-30,20,2025-11-02
895,29,1,Organic,0,2025-08-28,,0,
896,7,6,Referral,1,2025-10-19,2025-10-19,16,2025-10-25
897,27,6,Social / ads,0,2025-09-17,2025-09-28,9,2025-10-13
898,8,4,Organic,0,2025-08-31,,0,
899,14,8,Organic,0,2025-05-29,2025-05-29,29,2025-06-01
900,32,9,Social / ads,0,2025-08-22,2025-08-22,20,2025-08-26
901,5,1,Organic,1,2025-08-30,2025-09-07,18,2025-09-11
902,26,5,Social / ads,1,2025-07-09,2025-07-13,53,2025-07-25
903,15,1,Organic,0,2025-11-19,2025-11-21,48,
904,5,2,Organic,1,2025-09-11,2025-09-17,14,2025-09-22
905,31,4,Referral,1,2025-11-01,2025-11-04,9,2025-11-12
906,16,6,Organic,1,2025-11-08,2025-11-13,23,2025-11-16
907,28,7,Organic,1,2025-07-26,2025-07-28,9,2025-08-01
908,27,5,Organic,0,2025-06-11,2025-06-15,33,
909,1,6,Organic,1,2025-11-05,2025-11-09,23,2025-11-17
910,11,4,Organic,1,2025-07-04,,0,
911,13,1,Social / ads,0,2025-08-11,2025-08-14,53,
912,16,1,Organic,0,2025-02-05,2025-02-06,6,2025-02-15
913,4,4,Organic,1,2025-08-01,2025-08-02,10,
914,14,6,Organic,0,2025-04-24,,0,
915,25,1,Social / ads,1,2025-08-07,2025-08-09,2,
916,8,3,Social / ads,0,2025-11-09,2025-11-22,18,
917,21,1,Social / ads,1,2025-08-21,,0,
918,14,4,Social / ads,1,2025-09-26,2025-09-29,61,2025-10-01
919,4,2,Organic,1,2025-05-07,,0,
920,8,1,Field sales,0,2025-07-24,2025-07-24,13,2025-07-29
921,7,1,Organic,1,2025-03-25,,0,
922,18,2,Social / ads,1,2025-04-26,2025-04-26,53,2025-05-02
923,4,4,Referral,0,2025-07-01,2025-07-05,64,2025-07-27
924,25,8,Organic,1,2025-09-03,2025-09-10,7,2025-09-16
925,25,1,Social / ads,0,2025-05-10,2025-05-14,7,
926,4,4,Social / ads,1,2025-01-23,2025-01-23,12,
927,28,4,Social / ads,1,2025-04-18,,0,
928,31,5,Organic,1,2025-11-26,2025-11-27,10,
929,2,2,Organic,1,2025-06-17,2025-06-25,23,2025-06-30
930,31,1,Organic,1,2025-10-31,2025-11-01,78,2025-11-06
931,11,8,Referral,1,2025-10-12,,0,
932,20,9,Referral,0,2025-06-13,2025-06-13,11,2025-06-18
933,8,3,Organic,1,2025-08-19,2025-08-20,5,2025-08-22
934,25,4,Social / ads,1,2025-10-06,2025-10-06,8,2025-10-10
935,26,1,Organic,0,2025-07-07,2025-07-07,12,2025-07-14
936,32,1,Field sales,1,2025-09-27,2025-09-27,9,2025-10-07
937,32,1,Social / ads,0,2025-06-09,2025-06-11,24,2025-06-15
938,4,6,Field sales,0,2025-09-24,2025-10-03,18,2025-10-09
939,19,1,Organic,1,2025-04-12,2025-04-22,20,2025-04-29
940,11,1,Organic,0,2025-06-18,2025-06-29,12,
941,6,1,Organic,0,2025-05-24,,0,
942,7,1,Field sales,1,2025-11-14,2025-11-14,12,
943,30,2,Referral,0,2025-02-11,2025-02-21,13,
944,20,4,Organic,1,2025-02-08,2025-02-15,22,
945,3,4,Social / ads,0,2025-09-03,,0,
946,32,3,Field sales,1,2025-08-31,2025-09-13,20,2025-09-16
947,25,3,Social / ads,1,2025-08-22,,0,
948,12,6,Referral,0,2025-05-26,2025-05-31,12,2025-06-19
949,14,2,Social / ads,1,2025-07-23,2025-07-28,4,2025-07-30
950,22,1,Organic,0,2025-11-21,2025-11-21,12,2025-11-26
951,20,7,Organic,0,2025-06-03,2025-06-03,20,2025-06-10
952,14,5,Social / ads,0,2025-07-28,,0,
953,15,3,Social / ads,0,2025-07-09,2025-07-09,6,2025-08-06
954,2,2,Referral,0,2025-09-21,2025-09-23,22,
955,15,1,Organic,0,2025-10-05,,0,
956,13,1,Organic,0,2025-09-27,2025-09-30,11,
957,11,7,Social / ads,1,2025-08-27,2025-08-27,16,2025-09-02
958,11,4,Social / ads,0,2025-08-25,2025-09-08,3,
959,19,1,Organic,1,2025-02-23,2025-02-27,8,2025-03-01
960,14,1,Organic,1,2025-09-03,2025-09-06,20,
961,14,2,Field sales,1,2025-08-17,2025-08-17,35,2025-08-27
962,7,2,Field sales,1,2025-11-18,2025-11-25,10,2025-11-29
963,31,4,Referral,1,2025-05-06,2025-05-07,139,2025-05-17
964,10,2,Referral,1,2025-07-24,2025-07-25,21,2025-07-27
965,14,8,Social / ads,0,2025-09-08,2025-09-19,5,
966,9,6,Organic,0,2025-06-02,,0,
967,21,8,Referral,0,2025-08-17,2025-08-27,6,
968,14,7,Field sales,0,2025-07-18,2025-07-24,21,2025-07-27
969,14,8,Referral,0,2025-10-25,2025-11-01,7,
970,28,9,Social / ads,0,2025-08-14,,0,
971,23,2,Field sales,1,2025-08-06,2025-08-09,35,
972,16,1,Referral,0,2025-11-16,2025-11-21,13,
973,14,1,Organic,1,2025-08-09,,0,
974,31,4,Field sales,1,2025-07-20,2025-07-20,7,2025-07-21
975,31,5,Organic,1,2025-06-11,2025-06-22,4,2025-06-30
976,21,1,Organic,0,2025-10-19,2025-10-21,11,
977,23,7,Referral,0,2025-07-22,,0,
978,29,6,Referral,1,2025-04-18,2025-04-20,32,
979,31,4,Social / ads,0,2025-04-24,,0,
980,4,3,Field sales,1,2025-05-11,2025-05-11,26,2025-05-13
981,32,1,Social / ads,1,2025-05-14,2025-05-15,11,2025-05-23
982,21,4,Organic,1,2025-08-30,,0,
983,18,1,Referral,1,2025-03-28,2025-03-28,23,2025-04-02
984,14,4,Social / ads,0,2025-07-29,2025-07-30,22,
985,13,2,Referral,1,2025-11-01,2025-11-11,36,2025-11-19
986,25,1,Social / ads,1,2025-06-25,,0,
987,19,3,Referral,1,2025-02-25,2025-03-06,8,2025-03-10
988,9,4,Organic,0,2025-08-11,,0,
989,18,2,Referral,0,2025-04-24,2025-04-25,36,2025-05-03
990,7,9,Organic,0,2025-05-01,2025-05-16,5,2025-05-26
991,15,1,Organic,0,2025-11-02,,0,
992,17,8,Organic,0,2025-10-26,,0,
993,19,1,Organic,1,2025-10-27,,0,
994,7,1,Organic,1,2025-05-10,2025-05-16,10,2025-05-23
995,5,9,Social / ads,1,2025-11-16,2025-11-16,25,
996,11,6,Organic,1,2025-09-21,2025-09-21,5,2025-09-27
997,18,5,Social / ads,1,2025-07-22,2025-07-22,50,2025-07-26
998,30,6,Referral,1,2025-06-29,2025-06-30,23,2025-07-03
999,24,2,Organic,1,2025-05-21,2025-05-29,21,2025-06-03
1000,22,6,Organic,1,2025-06-28,2025-07-01,16,2025-07-11
1001,12,1,Social / ads,1,2025-06-04,2025-06-11,6,2025-06-14
1002,5,6,Field sales,1,2025-08-14,2025-08-22,9,2025-08-29
1003,28,8,Social / ads,0,2025-11-12,2025-11-13,21,2025-11-19
1004,15,7,Organic,0,2025-10-20,2025-10-22,9,2025-11-16
1005,5,6,Field sales,1,2025-09-03,2025-09-07,19,2025-09-19
1006,16,5,Social / ads,1,2025-04-14,2025-04-18,8,2025-04-30
1007,20,4,Social / ads,1,2025-09-14,,0,
1008,12,2,Organic,1,2025-03-24,2025-03-25,25,2025-03-30
1009,1,7,Social / ads,1,2025-10-09,,0,
1010,18,5,Organic,1,2025-08-20,2025-08-20,17,2025-08-28
1011,2,3,Social / ads,0,2025-11-09,,0,
1012,14,6,Referral,0,2025-08-05,2025-08-06,3,2025-08-09
1013,26,1,Referral,0,2025-11-26,,0,
1014,32,7,Organic,0,2025-09-23,,0,
1015,14,7,Social / ads,0,2025-10-12,2025-10-13,30,2025-10-19
1016,1,1,Organic,0,2025-10-10,2025-10-11,50,
1017,15,1,Referral,0,2025-07-01,2025-07-01,26,2025-07-06
1018,11,6,Referral,0,2025-06-05,2025-06-05,19,2025-06-07
1019,28,1,Field sales,0,2025-11-07,2025-11-09,33,2025-11-21
1020,21,9,Referral,0,2025-03-28,,0,
1021,14,1,Field sales,0,2025-02-14,2025-02-16,23,2025-03-12
1022,23,1,Referral,1,2025-10-06,2025-10-08,42,2025-10-31
1023,13,1,Field sales,1,2025-09-07,2025-09-09,28,
1024,16,6,Field sales,1,2025-11-03,2025-11-10,44,2025-11-25
1025,29,4,Field sales,1,2025-11-21,2025-11-28,19,2025-12-06
1026,9,7,Social / ads,1,2025-11-18,2025-11-22,63,2025-11-27
1027,12,9,Referral,1,2025-03-04,2025-03-04,13,2025-03-10
1028,28,4,Organic,1,2025-10-06,2025-10-08,89,2025-10-19
1029,14,1,Field sales,0,2025-09-09,2025-09-10,26,2025-11-09
1030,12,1,Organic,1,2025-07-07,2025-07-07,12,
1031,2,7,Organic,1,2025-11-25,2025-12-02,6,2025-12-10
1032,14,1,Social / ads,1,2025-10-23,2025-10-24,8,2025-11-03
1033,15,8,Referral,1,2025-09-14,2025-09-14,7,2025-09-24
1034,14,7,Referral,0,2025-09-07,2025-09-07,15,2025-09-13
1035,11,4,Social / ads,0,2025-06-16,,0,
1036,14,4,Organic,1,2025-03-19,2025-04-06,46,2025-04-12
1037,19,9,Organic,1,2025-08-17,2025-08-17,17,
1038,28,6,Organic,1,2025-11-21,2025-11-27,17,2025-12-07
1039,19,5,Organic,0,2025-04-25,2025-05-01,6,
1040,19,3,Field sales,0,2025-11-23,2025-11-24,8,
1041,25,3,Social / ads,0,2025-03-26,2025-03-27,2,2025-04-05
1042,8,2,Referral,1,2025-09-24,2025-10-02,59,
1043,12,8,Organic,0,2025-08-13,,0,
1044,3,5,Referral,0,2025-05-07,2025-05-27,5,2025-06-01
1045,13,6,Organic,0,2025-10-26,2025-10-31,50,2025-11-04
1046,32,1,Field sales,1,2025-10-21,2025-11-02,22,2025-11-08
1047,12,7,Field sales,1,2025-11-02,2025-11-06,18,2025-11-27
1048,27,2,Organic,1,2025-03-15,2025-03-18,21,
1049,4,6,Social / ads,1,2025-09-26,2025-10-01,35,2025-10-10
1050,14,1,Social / ads,0,2025-05-09,,0,
1051,13,8,Organic,1,2025-05-28,2025-06-01,4,2025-06-06
1052,9,5,Field sales,1,2025-11-04,2025-11-04,29,
1053,14,3,Field sales,0,2025-07-31,2025-08-05,23,2025-08-12
1054,19,2,Organic,1,2025-10-01,2025-10-02,41,2025-10-07
1055,15,2,Organic,0,2025-09-01,,0,
1056,26,2,Field sales,0,2025-11-14,2025-11-15,9,
1057,29,1,Social / ads,0,2025-10-10,,0,
1058,15,3,Referral,0,2025-10-11,2025-10-23,7,2025-10-29
1059,32,3,Referral,1,2025-03-23,2025-03-24,2,2025-04-02
1060,4,2,Field sales,1,2025-11-01,2025-11-03,19,2025-11-23
1061,11,5,Referral,0,2025-07-25,2025-07-29,33,2025-08-01
1062,14,2,Organic,1,2025-09-06,2025-09-07,14,
1063,17,1,Organic,1,2025-03-22,,0,
1064,16,7,Social / ads,0,2025-11-16,2025-11-17,22,2025-12-04
1065,17,3,Social / ads,1,2025-07-01,2025-07-04,16,
1066,28,5,Social / ads,1,2025-04-05,2025-04-07,18,2025-04-09
1067,11,8,Organic,1,2025-08-11,2025-08-11,48,2025-08-14
1068,25,6,Referral,1,2025-09-12,2025-09-15,7,2025-09-28
1069,17,4,Referral,0,2025-05-24,2025-06-02,30,2025-06-04
1070,15,4,Organic,1,2025-08-15,2025-08-21,6,2025-08-29
1071,12,7,Organic,1,2025-09-25,2025-09-25,8,2025-09-30
1072,12,7,Social / ads,1,2025-04-21,2025-04-21,42,2025-04-27
1073,14,1,Field sales,0,2025-08-16,2025-08-16,6,
1074,23,4,Field sales,1,2025-03-11,2025-03-23,13,2025-03-26
1075,14,7,Organic,1,2025-04-20,2025-04-20,108,2025-04-25
1076,7,6,Referral,0,2025-06-05,2025-06-05,37,2025-06-16
1077,23,1,Organic,1,2025-03-07,,0,
1078,20,3,Organic,0,2025-10-03,,0,
1079,30,4,Referral,1,2025-11-12,2025-11-12,14,2025-11-18
1080,16,1,Organic,1,2025-10-30,2025-11-04,46,
1081,19,5,Social / ads,1,2025-06-14,2025-06-18,7,2025-06-27
1082,15,3,Referral,0,2025-09-03,,0,
1083,20,2,Organic,1,2025-09-24,2025-09-24,29,2025-09-27
1084,14,2,Organic,1,2025-03-17,2025-03-18,4,
1085,7,7,Field sales,1,2025-02-23,2025-02-23,7,2025-02-27
1086,32,7,Organic,1,2025-07-30,2025-07-30,15,
1087,21,7,Organic,0,2025-03-10,2025-03-12,16,2025-03-19
1088,18,8,Referral,0,2025-07-19,2025-07-20,5,2025-07-25
1089,15,9,Organic,1,2025-07-25,2025-07-25,21,2025-08-03
1090,21,3,Field sales,1,2025-10-10,2025-10-18,25,2025-11-06
1091,6,1,Referral,1,2025-09-07,2025-09-17,9,2025-09-28
1092,12,6,Organic,0,2025-07-17,,0,
1093,6,5,Social / ads,1,2025-10-29,,0,
1094,6,2,Referral,1,2025-10-31,2025-11-21,7,2025-11-23
1095,1,9,Field sales,0,2025-08-15,2025-08-20,60,2025-08-23
1096,23,2,Organic,0,2025-04-13,2025-04-13,10,2025-04-18
1097,10,8,Field sales,1,2025-08-09,2025-08-19,18,2025-09-07
1098,26,4,Organic,1,2025-05-01,,0,
1099,29,1,Referral,0,2025-06-12,2025-06-15,27,2025-06-17
1100,8,7,Organic,0,2025-07-07,2025-07-15,11,2025-07-20
1101,21,6,Social / ads,1,2025-09-30,2025-10-05,11,2025-10-07
1102,14,5,Organic,1,2025-11-19,2025-11-19,14,2025-11-26
1103,29,4,Social / ads,1,2025-07-27,2025-08-08,11,2025-08-21
1104,15,1,Social / ads,1,2025-05-11,2025-05-18,38,2025-06-01
1105,14,1,Referral,1,2025-06-07,2025-06-08,6,2025-06-16
1106,12,1,Organic,0,2025-09-21,2025-09-22,15,
1107,29,1,Organic,1,2025-06-02,,0,
1108,10,2,Social / ads,1,2025-10-31,2025-11-04,14,2025-11-15
1109,26,4,Field sales,0,2025-02-27,2025-03-01,35,2025-04-08
1110,9,1,Referral,1,2025-08-15,2025-08-16,4,2025-08-19
1111,19,4,Organic,1,2025-01-23,2025-01-26,25,2025-02-17
1112,14,2,Social / ads,0,2025-06-30,2025-07-01,6,
1113,5,1,Organic,1,2025-11-21,,0,
1114,6,8,Organic,0,2025-03-29,2025-03-30,5,2025-04-07
1115,11,9,Organic,1,2025-04-30,2025-04-30,12,2025-05-19
1116,23,7,Referral,1,2025-06-17,2025-06-17,10,
1117,22,1,Social / ads,0,2025-02-19,2025-02-19,60,2025-02-23
1118,9,6,Social / ads,1,2025-05-19,2025-05-19,19,2025-05-29
1119,14,1,Organic,1,2025-03-21,2025-03-21,23,2025-04-06
1120,5,4,Organic,1,2025-05-12,2025-05-19,6,2025-05-26
1121,21,8,Social / ads,0,2025-02-05,,0,
1122,24,2,Referral,1,2025-06-28,2025-06-28,60,2025-07-04
1123,28,8,Organic,0,2025-08-18,2025-08-22,32,2025-08-29
1124,28,5,Organic,0,2025-03-20,2025-03-24,5,
1125,13,2,Field sales,1,2025-08-21,,0,
1126,10,1,Social / ads,1,2025-07-12,2025-07-16,17,2025-08-03
1127,28,7,Field sales,1,2025-11-26,2025-11-28,10,2025-11-29
1128,7,3,Organic,0,2025-06-30,2025-06-30,124,2025-07-07
1129,3,1,Field sales,1,2025-04-18,2025-04-18,11,
1130,12,1,Organic,0,2025-06-29,2025-06-29,15,2025-07-31
1131,23,9,Social / ads,1,2025-08-01,,0,
1132,20,1,Organic,1,2025-11-09,,0,
1133,32,9,Organic,0,2025-09-26,2025-10-06,49,2025-10-14
1134,13,5,Referral,1,2025-09-20,2025-09-26,18,
1135,11,2,Organic,1,2025-10-16,2025-10-25,13,2025-11-19
1136,14,2,Organic,0,2025-06-07,2025-06-09,6,
1137,24,6,Referral,0,2025-10-07,2025-10-10,43,2025-10-14
1138,9,3,Social / ads,1,2025-11-03,2025-11-05,14,
1139,30,1,Social / ads,1,2025-03-02,2025-03-02,14,2025-03-10
1140,15,1,Organic,1,2025-09-27,2025-09-29,2,2025-10-05
1141,24,7,Organic,0,2025-02-02,2025-02-10,14,
1142,26,5,Referral,1,2025-09-07,2025-09-19,11,2025-10-03
1143,15,4,Referral,0,2025-10-19,2025-10-22,3,2025-11-01
1144,22,1,Organic,0,2025-05-22,2025-05-26,36,
1145,13,3,Social / ads,0,2025-08-09,2025-08-13,10,2025-08-21
1146,25,6,Social / ads,1,2025-08-20,,0,
1147,26,1,Organic,1,2025-11-02,2025-11-05,50,2025-11-15
1148,17,9,Social / ads,1,2025-10-15,2025-10-15,9,
1149,9,7,Field sales,1,2025-03-06,2025-03-06,49,2025-03-09
1150,31,2,Organic,1,2025-09-25,2025-10-07,59,2025-10-18
1151,30,7,Field sales,0,2025-09-23,2025-09-30,10,2025-10-10
1152,18,5,Organic,1,2025-06-02,2025-06-03,7,2025-06-22
1153,32,5,Organic,1,2025-11-08,2025-11-08,2,2025-11-10
1154,15,1,Social / ads,1,2025-09-29,2025-09-29,22,
1155,14,8,Field sales,0,2025-07-06,2025-07-09,7,
1156,14,3,Organic,1,2025-03-14,2025-03-17,22,
1157,3,6,Referral,0,2025-08-02,2025-08-11,10,
1158,16,2,Social / ads,0,2025-08-01,,0,
1159,20,2,Referral,1,2025-09-26,2025-09-26,10,2025-10-04
1160,5,9,Social / ads,0,2025-02-27,,0,
1161,10,3,Social / ads,1,2025-09-11,2025-09-14,10,2025-09-18
1162,21,1,Organic,1,2025-04-08,2025-04-08,9,2025-04-28
1163,24,7,Field sales,1,2025-10-09,2025-10-10,16,2025-11-17
1164,32,1,Field sales,1,2025-06-23,2025-06-25,17,2025-07-02
1165,10,7,Social / ads,0,2025-07-06,2025-07-06,6,2025-07-08
1166,26,8,Organic,0,2025-10-28,2025-10-28,39,2025-11-06
1167,8,1,Organic,1,2025-10-17,2025-10-27,14,
1168,6,4,Organic,0,2025-11-06,2025-11-08,54,2025-11-10
1169,22,9,Field sales,1,2025-03-24,2025-03-27,19,2025-04-05
1170,14,8,Social / ads,1,2025-02-18,2025-02-21,17,2025-02-23
1171,24,4,Social / ads,0,2025-05-12,,0,
1172,11,5,Referral,1,2025-06-27,2025-07-02,26,2025-07-04
1173,9,4,Organic,0,2025-03-29,,0,
1174,16,1,Organic,1,2025-11-13,2025-11-15,32,
1175,6,5,Social / ads,0,2025-11-08,,0,
1176,11,2,Referral,1,2025-08-25,2025-08-25,9,2025-09-01
1177,8,2,Social / ads,1,2025-10-08,,0,
1178,12,2,Organic,0,2025-08-14,2025-08-14,26,
1179,23,7,Referral,1,2025-03-20,2025-03-23,23,2025-03-27
1180,6,1,Social / ads,1,2025-05-27,2025-05-28,11,2025-06-09
1181,18,1,Organic,0,2025-11-25,2025-11-25,11,
1182,17,1,Organic,1,2025-09-20,2025-09-21,10,2025-09-26
1183,16,1,Field sales,1,2025-11-18,2025-11-22,10,2025-12-01
1184,15,9,Referral,1,2025-10-14,2025-10-14,8,2025-10-27
1185,20,3,Social / ads,0,2025-05-08,2025-05-08,15,2025-05-18
1186,27,1,Social / ads,0,2025-11-19,2025-11-21,8,2025-11-28
1187,8,9,Field sales,0,2025-01-23,,0,
1188,25,1,Organic,1,2025-08-22,2025-08-25,17,2025-09-08
1189,3,3,Referral,1,2025-04-29,2025-05-05,18,2025-05-09
1190,15,6,Social / ads,1,2025-07-02,2025-07-04,13,2025-07-08
1191,15,6,Referral,1,2025-10-28,2025-11-07,17,2025-11-26
1192,9,1,Social / ads,0,2025-04-21,2025-04-21,13,2025-04-30
1193,4,5,Field sales,1,2025-03-12,2025-03-12,30,2025-03-21
1194,4,4,Organic,0,2025-08-27,2025-08-28,11,2025-09-08
1195,2,5,Referral,0,2025-10-24,2025-10-28,22,2025-11-03
1196,17,2,Field sales,0,2025-09-12,2025-09-15,5,2025-09-17
1197,7,7,Organic,1,2025-05-08,2025-05-11,29,2025-05-19
1198,25,4,Organic,1,2025-08-16,2025-08-17,10,2025-08-24
1199,28,6,Field sales,0,2025-03-13,2025-03-14,7,
1200,11,8,Organic,0,2025-04-05,,0,
1201,8,7,Organic,1,2025-06-24,2025-06-25,6,2025-07-02
1202,14,6,Field sales,0,2025-11-05,2025-11-07,11,2025-11-09
1203,28,2,Social / ads,0,2025-06-08,2025-06-09,54,2025-06-15
1204,14,1,Referral,1,2025-08-02,2025-08-06,9,2025-08-12
1205,5,4,Social / ads,0,2025-11-13,,0,
1206,32,1,Social / ads,1,2025-06-12,2025-06-12,22,2025-06-21
1207,15,6,Referral,0,2025-03-03,2025-03-06,6,2025-03-17
1208,13,6,Organic,1,2025-05-30,2025-05-30,31,2025-06-03
1209,28,4,Social / ads,1,2025-03-25,2025-03-28,11,
1210,30,1,Organic,1,2025-11-25,2025-11-27,13,2025-12-03
1211,15,7,Social / ads,0,2025-04-12,2025-04-17,42,2025-05-12
1212,12,4,Referral,0,2025-09-07,2025-09-11,26,2025-09-15
1213,15,4,Organic,1,2025-01-24,2025-02-11,6,2025-02-13
1214,9,4,Referral,1,2025-05-18,2025-06-04,6,
1215,15,1,Referral,1,2025-05-31,2025-05-31,3,2025-06-09
1216,10,6,Social / ads,1,2025-02-18,2025-02-24,131,2025-03-13
1217,18,1,Organic,0,2025-03-31,2025-03-31,8,2025-04-09
1218,23,4,Social / ads,1,2025-05-02,2025-05-04,41,
1219,31,1,Organic,0,2025-07-25,,0,
1220,26,1,Social / ads,0,2025-07-22,2025-07-22,6,2025-08-06
1221,4,1,Social / ads,1,2025-05-11,2025-05-16,16,2025-05-21
1222,9,1,Organic,1,2025-11-20,2025-11-20,12,2025-11-30
1223,16,8,Organic,0,2025-10-13,,0,
1224,11,6,Social / ads,0,2025-06-08,2025-06-12,31,2025-06-25
1225,1,1,Social / ads,0,2025-08-31,,0,
1226,23,1,Organic,1,2025-08-12,2025-08-14,5,2025-08-15
1227,13,6,Referral,1,2025-09-04,2025-09-11,6,2025-09-18
1228,3,1,Social / ads,0,2025-10-10,2025-10-11,2,
1229,15,3,Organic,1,2025-11-20,2025-11-21,13,2025-11-26
1230,32,1,Field sales,0,2025-10-05,2025-10-06,16,2025-10-12
1231,20,4,Referral,0,2025-03-27,2025-04-03,6,
1232,7,9,Organic,1,2025-07-09,2025-07-10,5,
1233,16,1,Social / ads,1,2025-11-12,2025-11-16,16,2025-11-21
1234,29,9,Organic,1,2025-05-25,,0,
1235,3,7,Social / ads,0,2025-06-08,2025-06-08,13,2025-06-29
1236,19,9,Referral,1,2025-06-02,2025-06-04,12,2025-06-08
1237,21,6,Referral,1,2025-04-25,2025-04-30,20,
1238,21,7,Referral,0,2025-09-05,2025-09-06,10,2025-10-09
1239,7,4,Referral,0,2025-07-06,2025-07-06,11,2025-07-10
1240,29,7,Social / ads,1,2025-10-22,2025-10-28,3,2025-11-03
1241,12,1,Field sales,0,2025-02-04,2025-02-12,15,2025-02-20
1242,3,6,Social / ads,1,2025-09-16,2025-09-16,17,
1243,4,4,Referral,0,2025-06-24,2025-06-25,14,2025-06-27
1244,14,1,Organic,0,2025-10-29,2025-11-11,75,2025-11-16
1245,2,2,Organic,1,2025-11-26,,0,
1246,24,1,Social / ads,1,2025-10-17,2025-10-21,14,
1247,27,2,Referral,1,2025-11-14,2025-11-27,24,2025-11-30
1248,1,1,Referral,0,2025-07-24,,0,
1249,25,2,Referral,0,2025-10-28,2025-10-29,20,2025-10-30
1250,32,2,Referral,1,2025-03-23,2025-03-23,2,
1251,2,4,Field sales,0,2025-09-13,2025-09-16,23,
1252,22,1,Field sales,1,2025-09-23,2025-09-28,8,2025-10-07
1253,32,1,Social / ads,0,2025-06-12,2025-06-13,3,2025-06-19
1254,24,2,Organic,0,2025-03-25,2025-03-26,63,2025-03-30
1255,15,3,Referral,1,2025-06-17,2025-06-17,53,2025-06-23
1256,28,1,Organic,1,2025-09-27,2025-10-01,7,2025-10-18
1257,21,9,Social / ads,0,2025-08-05,2025-08-21,8,2025-08-25
1258,11,2,Field sales,0,2025-09-03,2025-09-03,18,2025-09-17
1259,10,2,Referral,1,2025-10-23,2025-10-28,8,2025-11-13
1260,15,4,Social / ads,0,2025-03-25,2025-03-25,14,2025-03-27
1261,14,7,Referral,1,2025-04-28,2025-05-02,9,2025-05-08
1262,12,3,Organic,1,2025-07-18,2025-07-20,11,
1263,8,1,Referral,0,2025-06-04,,0,
1264,26,4,Organic,1,2025-09-12,2025-09-16,31,2025-09-28
1265,21,3,Social / ads,0,2025-11-19,2025-12-03,43,
1266,13,3,Field sales,0,2025-05-17,2025-05-21,15,
1267,10,9,Social / ads,1,2025-09-25,2025-10-01,15,
1268,6,9,Social / ads,1,2025-03-11,2025-03-11,27,
1269,5,4,Social / ads,1,2025-05-03,2025-05-11,16,2025-05-13
1270,19,1,Referral,1,2025-02-23,2025-03-11,65,2025-03-18
1271,5,4,Organic,0,2025-06-12,2025-06-22,5,
1272,31,9,Organic,1,2025-09-27,2025-09-28,32,2025-10-13
1273,11,8,Social / ads,0,2025-03-05,,0,
1274,2,1,Social / ads,1,2025-05-16,2025-05-29,6,2025-06-06
1275,27,1,Social / ads,1,2025-04-04,2025-04-09,99,2025-04-17
1276,14,1,Organic,0,2025-08-16,2025-08-20,110,2025-08-27
1277,13,7,Organic,1,2025-11-10,2025-11-15,13,2025-11-22
1278,6,3,Social / ads,0,2025-03-31,2025-03-31,23,2025-04-09
1279,19,2,Organic,0,2025-08-04,,0,
1280,13,2,Referral,0,2025-09-14,2025-09-20,12,2025-09-29
1281,25,2,Organic,1,2025-06-09,2025-06-12,6,2025-06-25
1282,19,8,Organic,1,2025-08-29,2025-08-31,5,
1283,28,2,Field sales,0,2025-06-26,2025-06-29,71,2025-07-04
1284,18,1,Social / ads,1,2025-11-04,2025-11-06,15,2025-11-14
1285,24,6,Social / ads,0,2025-03-02,2025-03-11,17,2025-03-16
1286,20,5,Referral,0,2025-11-18,2025-11-18,8,2025-11-24
1287,14,6,Referral,0,2025-02-14,2025-02-16,19,2025-02-19
1288,20,7,Social / ads,0,2025-08-07,2025-08-07,4,2025-08-26
1289,20,1,Referral,0,2025-07-29,2025-07-30,8,
1290,1,1,Referral,1,2025-09-23,2025-09-23,6,2025-09-27
1291,21,1,Field sales,0,2025-08-10,2025-08-15,46,2025-08-27
1292,11,5,Organic,0,2025-04-14,2025-04-16,4,2025-05-06
1293,16,8,Organic,1,2025-05-23,2025-06-01,6,
1294,5,2,Social / ads,0,2025-04-17,2025-04-27,3,
1295,2,6,Field sales,1,2025-08-06,2025-08-13,8,2025-09-03
1296,1,6,Organic,1,2025-06-30,2025-07-06,11,
1297,7,9,Organic,0,2025-06-29,,0,
1298,1,3,Social / ads,0,2025-07-28,2025-07-30,13,
1299,6,1,Field sales,1,2025-06-24,2025-06-30,11,
1300,17,6,Field sales,0,2025-04-17,2025-04-18,20,
1301,14,7,Organic,1,2025-06-29,2025-07-03,11,2025-07-08
1302,32,5,Social / ads,1,2025-09-21,2025-09-21,113,2025-09-30
1303,25,7,Social / ads,1,2025-10-10,2025-10-13,10,2025-10-31
1304,7,2,Referral,0,2025-06-21,2025-06-22,22,2025-07-10
1305,14,5,Organic,1,2025-08-30,,0,
1306,14,2,Field sales,1,2025-09-27,2025-10-01,10,2025-10-06
1307,13,3,Social / ads,0,2025-11-25,2025-11-28,18,2025-12-04
1308,15,1,Social / ads,1,2025-10-18,2025-10-20,11,2025-10-21
1309,20,1,Social / ads,1,2025-09-22,,0,
1310,19,1,Field sales,1,2025-09-08,2025-09-11,17,2025-09-18
1311,13,5,Organic,0,2025-05-12,,0,
1312,21,7,Referral,0,2025-11-17,2025-11-19,6,2025-12-14
1313,11,2,Social / ads,0,2025-02-15,2025-02-17,73,2025-03-01
1314,26,3,Organic,1,2025-10-29,2025-10-29,26,2025-11-13
1315,31,1,Organic,1,2025-09-05,2025-09-06,4,
1316,12,2,Field sales,0,2025-08-27,2025-09-03,11,2025-09-21
1317,24,2,Referral,1,2025-08-30,2025-09-08,4,2025-09-15
1318,25,4,Social / ads,1,2025-03-22,2025-03-24,30,
1319,15,8,Organic,1,2025-11-09,2025-11-26,16,2025-12-08
1320,4,4,Organic,1,2025-05-31,,0,
1321,24,5,Organic,1,2025-04-07,2025-04-11,8,2025-04-13
1322,14,5,Field sales,0,2025-06-17,2025-06-17,12,2025-07-02
1323,9,1,Social / ads,1,2025-08-19,2025-09-04,30,2025-09-13
1324,19,2,Referral,0,2025-05-16,2025-05-19,38,
1325,14,1,Referral,1,2025-07-17,2025-07-19,32,2025-07-28
1326,4,3,Organic,0,2025-01-20,2025-01-23,4,2025-02-02
1327,32,8,Field sales,0,2025-07-04,2025-07-15,14,
1328,10,3,Social / ads,0,2025-10-23,,0,
1329,15,3,Social / ads,1,2025-11-02,2025-11-03,9,2025-11-13
1330,20,1,Organic,0,2025-08-13,2025-08-14,4,
1331,6,2,Field sales,1,2025-06-28,2025-06-28,5,2025-07-09
1332,22,8,Organic,0,2025-10-22,2025-10-30,54,2025-11-07
1333,19,2,Organic,0,2025-05-16,,0,
1334,15,6,Organic,0,2025-07-30,2025-07-31,17,
1335,16,1,Organic,0,2025-07-26,2025-07-27,14,
1336,31,1,Organic,0,2025-10-30,2025-10-30,14,
1337,29,2,Social / ads,0,2025-06-25,2025-06-26,12,2025-07-05
1338,5,8,Organic,1,2025-08-09,2025-08-14,30,2025-08-22
1339,14,1,Social / ads,1,2025-11-13,2025-11-17,16,2025-11-18
1340,16,6,Social / ads,0,2025-06-22,2025-06-24,9,
1341,29,1,Referral,0,2025-02-18,2025-02-22,17,2025-02-27
1342,25,4,Referral,1,2025-07-01,2025-07-07,5,2025-07-12
1343,14,4,Social / ads,1,2025-07-27,2025-07-27,24,2025-07-30
1344,28,4,Organic,1,2025-10-04,2025-10-06,9,2025-10-13
1345,14,2,Referral,1,2025-10-10,2025-10-12,9,2025-10-17
1346,11,1,Referral,1,2025-11-18,2025-11-22,24,
1347,18,8,Social / ads,1,2025-02-06,2025-02-06,11,2025-02-08
1348,13,4,Social / ads,1,2025-10-23,2025-10-29,12,2025-11-01
1349,18,1,Social / ads,0,2025-11-14,2025-11-15,41,2025-11-18
1350,14,2,Field sales,1,2025-10-22,2025-10-23,7,2025-10-31
1351,24,1,Referral,1,2025-06-28,2025-06-29,24,2025-07-15
1352,31,3,Social / ads,1,2025-10-12,2025-10-14,35,2025-10-24
1353,11,3,Social / ads,1,2025-07-13,,0,
1354,15,1,Referral,1,2025-09-15,2025-09-15,93,2025-09-20
1355,22,3,Social / ads,1,2025-08-26,2025-08-26,9,2025-08-30
1356,7,5,Social / ads,1,2025-05-14,2025-05-23,8,2025-06-02
1357,24,8,Referral,0,2025-10-26,2025-11-04,31,2025-11-09
1358,17,5,Organic,1,2025-06-04,2025-06-10,34,2025-06-12
1359,7,4,Organic,1,2025-04-13,2025-04-13,8,2025-04-24
1360,27,6,Social / ads,1,2025-04-10,2025-04-12,24,2025-04-29
1361,14,2,Organic,1,2025-09-30,2025-10-01,145,2025-10-07
1362,8,5,Referral,1,2025-07-14,2025-07-14,17,2025-07-22
1363,9,1,Field sales,1,2025-09-14,2025-09-15,34,
1364,24,1,Social / ads,1,2025-01-31,2025-02-20,58,
1365,30,4,Social / ads,1,2025-11-16,,0,
1366,14,1,Social / ads,0,2025-10-19,2025-10-20,20,2025-10-27
1367,4,5,Referral,1,2025-06-13,2025-06-13,44,2025-06-18
1368,5,5,Organic,1,2025-11-21,2025-11-21,8,2025-12-01
1369,19,1,Field sales,1,2025-03-07,2025-03-07,16,2025-03-13
1370,14,2,Organic,1,2025-03-15,2025-03-15,11,2025-03-29
1371,14,4,Referral,0,2025-06-09,,0,
1372,13,6,Social / ads,1,2025-05-18,2025-05-19,4,
1373,14,7,Referral,1,2025-06-28,2025-07-02,23,2025-07-05
1374,19,2,Field sales,0,2025-05-13,2025-05-24,23,2025-05-25
1375,16,7,Field sales,1,2025-06-30,2025-07-02,7,
1376,8,2,Social / ads,1,2025-11-13,2025-11-14,57,
1377,15,1,Referral,0,2025-04-10,,0,
1378,14,4,Referral,0,2025-05-25,2025-05-30,20,2025-06-07
1379,16,1,Organic,1,2025-09-11,2025-09-11,11,2025-09-13
1380,5,1,Field sales,0,2025-11-11,2025-11-11,17,2025-11-19
1381,7,1,Organic,1,2025-11-14,2025-11-17,33,2025-11-22
1382,16,7,Referral,0,2025-01-28,2025-02-01,30,2025-02-15
1383,11,8,Social / ads,1,2025-04-05,2025-04-13,28,2025-04-26
1384,19,9,Organic,0,2025-11-22,2025-11-29,26,2025-12-14
1385,14,2,Referral,1,2025-06-24,2025-06-24,5,
1386,10,3,Organic,1,2025-04-20,2025-04-21,40,2025-04-25
1387,19,6,Organic,1,2025-09-19,2025-09-19,7,2025-09-22
1388,14,2,Organic,0,2025-05-08,2025-05-08,15,2025-05-13
1389,7,2,Organic,0,2025-08-31,2025-09-02,12,
1390,25,1,Social / ads,0,2025-10-02,,0,
1391,14,4,Social / ads,0,2025-08-25,2025-08-26,11,2025-09-03
1392,29,5,Field sales,1,2025-09-05,2025-09-07,14,2025-09-28
1393,9,2,Field sales,0,2025-07-13,,0,
1394,28,1,Social / ads,1,2025-04-08,2025-04-10,5,
1395,25,6,Social / ads,0,2025-11-22,,0,
1396,5,4,Referral,0,2025-10-19,2025-10-19,6,2025-10-24
1397,16,1,Organic,1,2025-05-16,,0,
1398,19,2,Field sales,1,2025-10-21,2025-10-23,9,2025-11-02
1399,15,9,Social / ads,0,2025-11-02,2025-11-05,16,
1400,14,5,Organic,0,2025-04-18,,0,
1401,30,4,Referral,0,2025-11-03,2025-11-14,46,
1402,21,5,Organic,1,2025-09-08,2025-09-15,17,2025-09-19
1403,31,9,Organic,1,2025-11-18,2025-11-20,18,2025-12-08
1404,26,2,Field sales,0,2025-11-09,2025-11-10,31,
1405,25,2,Organic,0,2025-11-05,2025-11-08,6,2025-12-04
1406,22,2,Social / ads,1,2025-05-17,2025-05-24,10,
1407,19,6,Social / ads,0,2025-10-23,2025-11-08,18,2025-11-13
1408,28,1,Organic,0,2025-03-29,,0,
1409,18,1,Social / ads,0,2025-06-03,,0,
1410,4,1,Social / ads,0,2025-05-30,,0,
1411,17,5,Referral,0,2025-02-16,2025-02-22,6,2025-02-25
1412,5,5,Referral,0,2025-06-11,2025-06-11,12,2025-06-18
1413,30,2,Social / ads,1,2025-03-23,2025-04-05,24,2025-04-12
1414,19,2,Referral,1,2025-06-05,2025-06-21,29,2025-06-25
1415,17,6,Organic,0,2025-10-08,2025-10-17,69,2025-10-29
1416,9,1,Organic,0,2025-08-09,,0,
1417,16,6,Organic,1,2025-11-19,2025-11-22,18,2025-11-24
1418,13,1,Field sales,0,2025-10-19,2025-10-19,16,2025-10-21
1419,20,8,Organic,1,2025-05-22,2025-05-30,21,2025-06-23
1420,18,2,Field sales,1,2025-11-25,2025-12-02,22,2025-12-07
1421,15,5,Referral,0,2025-07-18,2025-07-19,34,2025-07-24
1422,10,1,Social / ads,0,2025-03-21,2025-03-31,34,2025-04-03
1423,16,1,Referral,1,2025-11-18,2025-11-18,24,2025-12-07
1424,14,5,Social / ads,1,2025-06-23,2025-06-23,55,2025-06-25
1425,27,4,Social / ads,1,2025-06-12,2025-06-18,16,
1426,28,6,Organic,1,2025-08-28,2025-09-01,10,
1427,23,4,Field sales,1,2025-09-14,2025-09-15,11,2025-09-22
1428,12,4,Organic,1,2025-06-01,,0,
1429,2,7,Social / ads,1,2025-07-30,2025-08-05,6,2025-08-09
1430,30,3,Field sales,0,2025-07-10,2025-07-11,10,2025-08-01
1431,32,8,Organic,0,2025-05-07,2025-05-14,6,2025-05-18
1432,6,2,Organic,0,2025-10-02,,0,
1433,20,2,Referral,1,2025-05-06,,0,
1434,14,6,Social / ads,1,2025-04-10,2025-04-16,3,2025-04-20
1435,7,1,Social / ads,1,2025-05-13,2025-05-13,9,2025-05-16
1436,32,1,Organic,0,2025-08-22,2025-08-22,70,
1437,30,1,Organic,1,2025-07-18,2025-07-21,27,2025-07-24
1438,32,4,Referral,0,2025-07-02,2025-07-05,23,2025-07-11
1439,7,4,Referral,1,2025-09-16,2025-09-19,9,2025-09-22
1440,15,1,Organic,0,2025-03-28,2025-03-29,20,2025-04-01
1441,28,1,Organic,1,2025-01-05,2025-01-07,16,
1442,20,2,Social / ads,1,2025-04-08,2025-04-16,8,2025-05-08
1443,14,2,Referral,0,2025-10-13,2025-10-14,11,2025-10-31
1444,16,1,Field sales,1,2025-10-06,2025-10-07,11,2025-10-09
1445,2,1,Referral,0,2025-10-08,2025-10-09,4,2025-10-11
1446,18,7,Referral,1,2025-07-03,2025-07-07,5,2025-08-05
1447,27,5,Field sales,0,2025-04-20,2025-04-21,14,
1448,1,2,Organic,0,2025-07-15,,0,
1449,7,2,Organic,1,2025-03-08,2025-03-08,12,2025-03-23
1450,16,1,Social / ads,0,2025-02-16,2025-02-17,4,
1451,17,2,Social / ads,0,2025-08-04,2025-08-06,31,
1452,13,2,Field sales,0,2025-10-04,2025-10-21,86,2025-10-22
1453,2,8,Organic,1,2025-07-11,2025-07-30,37,2025-08-04
1454,22,6,Organic,1,2025-11-14,2025-11-24,40,2025-12-08
1455,10,3,Organic,0,2025-07-22,2025-07-31,27,
1456,19,1,Social / ads,1,2025-08-28,2025-08-30,20,2025-09-16
1457,17,5,Social / ads,0,2025-08-19,,0,
1458,14,8,Referral,1,2025-09-11,2025-09-17,7,
1459,18,1,Social / ads,0,2025-05-26,2025-06-07,28,2025-06-30
1460,20,7,Organic,1,2025-11-01,2025-11-04,27,2025-11-07
1461,17,1,Referral,0,2025-11-23,2025-11-26,11,2025-12-04
1462,17,5,Organic,1,2025-10-26,,0,
1463,14,1,Organic,1,2025-08-23,2025-08-25,9,2025-09-01
1464,14,4,Social / ads,1,2025-06-19,2025-06-23,9,
1465,15,1,Social / ads,0,2025-08-06,2025-08-06,30,2025-08-10
1466,14,4,Organic,1,2025-06-17,2025-06-26,23,2025-07-04
1467,14,4,Organic,0,2025-07-29,2025-07-29,13,
1468,9,4,Referral,1,2025-10-28,2025-11-04,12,2025-11-06
1469,22,5,Organic,0,2025-09-06,,0,
1470,6,1,Referral,0,2025-07-11,2025-07-12,3,
1471,29,5,Referral,1,2025-07-07,2025-07-16,8,2025-07-18
1472,19,1,Organic,1,2025-04-14,,0,
1473,3,5,Organic,1,2025-11-06,,0,
1474,19,1,Organic,0,2025-08-08,2025-08-09,39,2025-08-15
1475,13,3,Social / ads,0,2025-06-03,2025-06-05,24,2025-06-08
1476,30,2,Organic,1,2025-06-01,,0,
1477,30,9,Referral,0,2025-10-31,2025-11-17,9,
1478,26,5,Organic,0,2025-10-18,2025-10-18,8,2025-10-25
1479,17,1,Field sales,0,2025-05-26,2025-05-26,81,2025-05-28
1480,29,5,Organic,1,2025-09-06,,0,
1481,19,1,Organic,0,2025-03-05,2025-03-05,19,2025-03-13
1482,28,2,Field sales,1,2025-02-19,2025-02-24,3,2025-02-25
1483,7,2,Field sales,0,2025-10-11,2025-10-18,6,
1484,29,6,Organic,1,2025-09-11,2025-09-13,15,
1485,20,8,Organic,0,2025-09-01,2025-09-03,11,2025-09-11
1486,12,8,Social / ads,0,2025-10-11,2025-10-23,18,2025-11-25
1487,32,1,Organic,0,2025-08-30,2025-09-06,18,2025-09-09
1488,20,1,Organic,1,2025-05-12,2025-05-14,26,2025-05-27
1489,29,7,Referral,0,2025-11-25,,0,
1490,1,2,Organic,1,2025-08-23,2025-08-31,6,
1491,17,4,Field sales,0,2025-10-31,2025-11-02,15,2025-11-24
1492,21,9,Field sales,1,2025-11-01,2025-11-05,9,2025-12-08
1493,1,1,Referral,0,2025-11-26,2025-12-04,12,
1494,23,2,Field sales,1,2025-10-04,2025-10-09,17,2025-10-18
1495,19,7,Referral,1,2025-07-12,2025-07-13,9,2025-07-20
1496,11,5,Social / ads,1,2025-07-02,,0,
1497,20,8,Organic,1,2025-10-25,2025-10-30,25,2025-11-08
1498,6,5,Organic,1,2025-03-15,2025-03-18,17,2025-03-29
1499,26,2,Field sales,0,2025-09-12,2025-09-19,29,2025-10-12
1500,27,6,Organic,0,2025-08-15,,0,
1501,15,6,Organic,0,2025-09-06,2025-09-12,10,2025-09-20
1502,15,8,Organic,0,2025-05-06,,0,
1503,14,3,Field sales,1,2025-08-05,2025-08-13,8,2025-08-28
1504,13,4,Organic,1,2025-06-30,2025-07-03,7,2025-08-11
1505,27,2,Field sales,1,2025-11-08,2025-11-08,14,
1506,12,2,Social / ads,1,2025-08-29,2025-08-30,16,
1507,14,9,Field sales,0,2025-10-03,2025-10-13,10,
1508,12,9,Organic,0,2025-06-14,2025-06-14,71,
1509,19,4,Social / ads,0,2025-09-22,2025-09-29,20,
1510,25,9,Organic,0,2025-06-29,2025-07-01,7,
1511,8,2,Social / ads,1,2025-07-19,2025-07-20,5,2025-07-31
1512,10,7,Field sales,0,2025-04-25,2025-04-25,22,2025-04-26
1513,5,5,Organic,1,2025-10-19,2025-10-27,7,2025-11-10
1514,7,6,Social / ads,0,2025-11-12,,0,
1515,14,6,Referral,1,2025-06-26,2025-06-29,23,2025-07-04
1516,24,5,Referral,1,2025-08-26,2025-08-29,25,2025-08-30
1517,16,7,Referral,1,2025-09-14,2025-09-18,20,2025-09-25
1518,3,2,Field sales,1,2025-10-05,2025-10-12,40,2025-10-20
1519,19,7,Field sales,1,2025-09-13,2025-09-15,2,2025-09-22
1520,24,1,Social / ads,1,2025-11-07,2025-11-11,6,2025-11-15
1521,14,1,Organic,0,2025-05-14,2025-05-14,37,2025-05-17
1522,10,6,Field sales,0,2025-10-15,2025-10-18,54,2025-10-25
1523,23,6,Field sales,1,2025-03-30,2025-03-31,6,2025-04-04
1524,2,8,Field sales,1,2025-08-02,2025-08-03,3,2025-08-16
1525,25,2,Referral,0,2025-10-02,2025-10-07,18,2025-10-13
1526,25,1,Organic,1,2025-09-09,,0,
1527,28,4,Social / ads,0,2025-08-10,,0,
1528,4,7,Organic,1,2025-05-21,,0,
1529,5,9,Organic,1,2025-03-29,2025-03-31,3,
1530,27,7,Referral,1,2025-05-10,2025-05-11,12,
1531,14,3,Organic,1,2025-06-01,2025-06-01,13,
1532,14,7,Organic,0,2025-07-24,2025-08-01,10,2025-08-21
1533,17,1,Organic,0,2025-07-01,2025-07-06,3,2025-07-08
1534,3,8,Field sales,1,2025-02-28,2025-03-03,26,2025-03-10
1535,19,4,Social / ads,0,2025-11-22,,0,
1536,30,2,Referral,1,2025-08-30,,0,
1537,20,4,Organic,1,2025-05-07,2025-05-07,14,
1538,14,6,Social / ads,0,2025-06-14,,0,
1539,31,1,Organic,0,2025-09-05,,0,
1540,20,1,Social / ads,1,2025-11-11,2025-11-11,24,
1541,3,6,Referral,1,2025-11-19,2025-11-19,24,2025-11-27
1542,20,9,Organic,1,2025-04-06,2025-04-13,38,2025-04-17
1543,3,5,Referral,1,2025-09-01,2025-09-02,38,2025-09-08
1544,12,1,Organic,0,2025-04-13,,0,
1545,18,5,Social / ads,1,2025-04-18,2025-04-23,159,2025-05-04
1546,9,1,Organic,0,2025-10-31,2025-11-01,56,2025-12-02
1547,2,2,Social / ads,1,2025-10-24,,0,
1548,18,1,Social / ads,1,2025-08-24,2025-08-24,18,2025-08-29
1549,11,3,Social / ads,1,2025-07-13,2025-07-14,3,2025-07-23
1550,16,2,Social / ads,1,2025-09-01,2025-09-02,16,2025-09-14
1551,11,1,Organic,0,2025-07-28,2025-07-28,62,2025-08-03
1552,20,2,Referral,0,2025-10-19,2025-10-20,152,2025-11-01
1553,28,5,Social / ads,0,2025-02-22,2025-02-23,14,
1554,4,2,Organic,0,2025-11-26,,0,
1555,24,1,Organic,1,2025-01-01,2025-01-04,26,2025-01-16
1556,7,4,Organic,0,2025-04-27,2025-05-08,80,2025-05-23
1557,12,6,Organic,0,2025-07-29,2025-07-31,7,2025-08-09
1558,13,7,Social / ads,0,2025-07-15,2025-07-15,137,
1559,9,3,Referral,1,2025-08-03,2025-08-09,12,
1560,4,6,Field sales,1,2025-05-11,2025-05-14,6,2025-05-24
1561,23,7,Social / ads,0,2025-11-13,2025-11-13,12,2025-11-17
1562,24,5,Organic,1,2025-08-02,2025-08-06,8,2025-08-20
1563,32,4,Social / ads,1,2025-05-18,2025-05-22,22,2025-06-03
1564,30,1,Organic,1,2025-04-16,2025-04-16,4,2025-04-24
1565,14,2,Organic,0,2025-10-06,2025-10-07,18,2025-10-14
1566,6,2,Organic,1,2025-01-28,2025-01-30,27,
1567,1,2,Organic,0,2025-09-25,2025-09-26,53,2025-10-03
1568,16,9,Referral,0,2025-06-04,2025-06-04,28,
1569,27,1,Referral,1,2025-07-10,2025-07-18,51,2025-07-23
1570,11,4,Organic,1,2025-10-07,2025-10-07,10,
1571,9,9,Organic,0,2025-02-14,2025-02-14,22,
1572,14,4,Field sales,1,2025-06-13,2025-06-16,2,2025-06-27
1573,28,1,Organic,1,2025-02-28,2025-03-13,15,2025-04-02
1574,14,9,Social / ads,1,2025-08-18,2025-08-23,22,2025-08-25
1575,22,2,Social / ads,1,2025-03-10,2025-03-12,24,2025-03-17
1576,14,1,Field sales,0,2025-02-03,2025-02-05,4,2025-03-08
1577,14,3,Referral,1,2025-11-14,2025-11-17,12,
1578,14,1,Field sales,0,2025-08-17,2025-08-24,13,
1579,23,7,Field sales,1,2025-07-07,2025-07-19,11,
1580,23,1,Social / ads,0,2025-06-26,2025-06-26,29,2025-07-26
1581,14,7,Social / ads,0,2025-06-06,2025-06-06,13,2025-06-10
1582,11,1,Referral,1,2025-10-01,,0,
1583,7,8,Field sales,0,2025-10-30,2025-11-02,11,2025-11-11
1584,1,1,Social / ads,1,2025-08-06,2025-08-11,38,2025-08-12
1585,5,8,Organic,0,2025-08-30,2025-09-01,40,2025-09-08
1586,8,1,Referral,0,2025-04-20,,0,
1587,20,7,Field sales,1,2025-03-05,2025-03-13,160,2025-03-24
1588,25,7,Field sales,1,2025-04-20,2025-04-27,8,2025-05-21
1589,22,4,Organic,0,2025-06-02,2025-06-08,36,2025-06-13
1590,22,1,Organic,0,2025-02-10,2025-02-10,7,
1591,32,4,Organic,1,2025-06-10,2025-06-17,30,2025-07-30
1592,31,4,Referral,1,2025-08-15,2025-08-17,28,2025-08-21
1593,11,4,Social / ads,1,2025-10-30,2025-10-30,7,2025-11-01
1594,7,5,Social / ads,0,2025-08-17,2025-08-17,14,2025-09-05
1595,7,9,Organic,0,2025-10-23,2025-10-24,73,2025-10-31
1596,28,9,Organic,0,2025-07-24,2025-07-25,8,2025-08-03
1597,5,4,Social / ads,0,2025-05-28,,0,
1598,13,1,Field sales,0,2025-02-26,2025-03-18,21,
1599,16,1,Referral,1,2025-03-10,2025-03-11,15,2025-03-17
1600,18,6,Organic,0,2025-06-18,2025-06-23,4,2025-06-26
1601,18,9,Organic,1,2025-07-17,2025-07-22,31,2025-07-31
1602,24,3,Social / ads,0,2025-06-16,2025-06-25,16,
1603,17,1,Field sales,1,2025-09-26,2025-09-27,39,2025-09-30
1604,27,2,Organic,0,2025-04-23,2025-04-27,19,
1605,4,2,Social / ads,0,2025-05-20,2025-05-21,17,
1606,27,9,Field sales,0,2025-08-09,2025-08-10,22,
1607,18,5,Social / ads,1,2025-05-27,2025-05-28,7,2025-05-31
1608,10,1,Referral,0,2025-05-22,2025-05-27,57,2025-06-04
1609,32,2,Referral,1,2025-08-29,2025-09-07,12,
1610,30,1,Social / ads,1,2025-11-07,2025-11-10,12,
1611,26,5,Social / ads,0,2025-07-03,2025-07-03,46,
1612,29,5,Social / ads,0,2025-05-02,2025-05-08,20,
1613,14,1,Social / ads,1,2025-08-07,2025-08-12,13,2025-08-16
1614,10,2,Referral,0,2025-07-22,2025-07-22,22,2025-07-30
1615,8,8,Organic,1,2025-11-20,,0,
1616,27,7,Organic,0,2025-11-01,,0,
1617,26,4,Social / ads,0,2025-04-21,,0,
1618,32,3,Organic,0,2025-03-02,,0,
1619,26,9,Social / ads,0,2025-09-23,,0,
1620,19,6,Social / ads,0,2025-11-03,2025-11-14,31,2025-11-15
1621,7,9,Social / ads,0,2025-04-28,2025-04-28,27,2025-05-01
1622,8,1,Social / ads,1,2025-08-20,2025-08-23,2,2025-08-26
1623,14,1,Referral,1,2025-10-24,2025-10-30,14,2025-11-04
1624,23,1,Referral,0,2025-05-19,2025-05-19,6,2025-06-06
1625,8,7,Social / ads,1,2025-11-05,,0,
1626,29,5,Organic,0,2025-03-24,2025-03-31,12,2025-04-07
1627,20,1,Organic,1,2025-08-17,2025-08-17,42,2025-08-24
1628,12,9,Social / ads,0,2025-11-19,2025-11-30,6,2025-12-07
1629,28,9,Field sales,1,2025-10-24,2025-10-25,22,2025-11-13
1630,18,1,Referral,0,2025-01-28,2025-02-04,16,2025-02-06
1631,22,5,Organic,0,2025-11-07,2025-11-17,150,
1632,14,5,Referral,1,2025-10-03,2025-10-06,42,2025-10-11
1633,14,1,Social / ads,0,2025-06-11,2025-06-11,40,
1634,1,5,Field sales,1,2025-08-09,2025-08-17,83,2025-08-27
1635,16,1,Referral,0,2025-09-08,2025-09-24,20,2025-10-06
1636,23,8,Referral,0,2025-10-31,2025-11-02,15,
1637,31,7,Social / ads,1,2025-09-20,2025-09-21,13,2025-09-23
1638,28,8,Social / ads,1,2025-09-07,2025-09-07,21,2025-09-21
1639,4,6,Referral,1,2025-09-03,2025-09-09,1,2025-09-16
1640,32,1,Field sales,1,2025-05-11,2025-05-14,16,2025-05-19
1641,7,2,Organic,0,2025-11-08,2025-11-08,19,2025-12-08
1642,2,5,Referral,1,2025-03-07,2025-03-08,14,2025-03-20
1643,23,2,Organic,0,2025-06-05,2025-06-06,4,2025-06-11
1644,29,6,Referral,0,2025-07-24,2025-07-24,14,2025-08-07
1645,31,2,Referral,0,2025-04-17,2025-04-20,4,
1646,26,1,Organic,0,2025-10-02,,0,
1647,9,4,Organic,1,2025-04-27,2025-05-01,13,
1648,7,5,Organic,0,2025-06-02,,0,
1649,3,4,Organic,0,2025-03-10,2025-03-11,13,2025-03-15
1650,17,5,Field sales,0,2025-10-17,2025-10-19,33,2025-10-27
1651,15,3,Organic,1,2025-02-16,,0,
1652,5,6,Organic,1,2025-05-22,2025-05-22,7,2025-05-29
1653,14,5,Social / ads,0,2025-06-11,2025-06-11,9,2025-07-10
1654,17,4,Organic,0,2025-07-29,2025-08-06,13,2025-08-13
1655,22,3,Social / ads,1,2025-11-13,2025-11-20,11,2025-12-08
1656,14,4,Field sales,0,2025-05-21,2025-05-22,6,2025-06-05
1657,12,1,Field sales,1,2025-11-22,2025-11-22,15,2025-12-13
1658,20,5,Referral,0,2025-05-23,2025-05-28,5,2025-06-26
1659,20,1,Organic,1,2025-06-20,2025-06-22,35,2025-06-24
1660,11,7,Social / ads,1,2025-11-07,,0,
1661,1,7,Social / ads,1,2025-11-25,2025-11-25,7,2025-12-01
1662,30,4,Organic,1,2025-05-21,2025-05-22,9,
1663,23,7,Social / ads,1,2025-08-09,,0,
1664,9,5,Referral,1,2025-11-22,2025-11-25,16,2025-11-30
1665,17,1,Social / ads,1,2025-05-01,2025-05-03,20,2025-05-06
1666,18,6,Social / ads,0,2025-10-30,,0,
1667,6,9,Organic,0,2025-03-29,2025-03-29,23,2025-04-12
1668,9,1,Social / ads,0,2025-04-03,2025-04-10,57,2025-04-15
1669,31,1,Social / ads,1,2025-10-01,2025-10-03,17,2025-10-08
1670,15,4,Field sales,1,2025-05-16,2025-05-22,5,2025-05-26
1671,9,2,Organic,0,2025-09-13,,0,
1672,24,5,Social / ads,0,2025-10-28,,0,
1673,14,4,Field sales,0,2025-09-19,2025-09-21,24,2025-09-30
1674,19,6,Organic,0,2025-09-05,2025-09-05,19,2025-09-22
1675,12,1,Social / ads,0,2025-10-09,,0,
1676,3,3,Referral,0,2025-04-04,2025-04-04,18,2025-04-11
1677,8,7,Social / ads,1,2025-11-26,2025-12-10,23,
1678,31,2,Field sales,0,2025-04-13,2025-04-15,12,
1679,18,4,Organic,0,2025-09-15,2025-09-20,38,
1680,26,1,Social / ads,0,2025-11-01,2025-11-05,10,2025-11-10
1681,1,1,Referral,1,2025-11-09,2025-11-11,7,
1682,23,3,Referral,1,2025-09-02,2025-09-08,4,2025-09-14
1683,15,2,Referral,1,2025-07-14,2025-07-20,13,2025-07-30
1684,20,6,Organic,1,2025-11-13,2025-11-17,45,2025-12-09
1685,13,4,Field sales,0,2025-11-26,2025-11-26,11,2025-12-02
1686,18,8,Referral,0,2025-06-14,2025-06-16,5,2025-06-30
1687,2,7,Social / ads,1,2025-05-31,2025-06-01,20,2025-06-09
1688,2,1,Social / ads,0,2025-09-27,2025-10-10,9,
1689,25,1,Social / ads,1,2025-07-31,2025-07-31,56,2025-08-06
1690,6,7,Organic,0,2025-04-27,2025-05-01,38,2025-05-07
1691,1,2,Field sales,1,2025-08-06,2025-08-12,5,2025-08-14
1692,29,2,Organic,1,2025-06-27,2025-06-28,14,2025-07-08
1693,11,1,Social / ads,0,2025-07-19,,0,
1694,17,5,Referral,0,2025-05-21,2025-05-22,6,2025-06-04
1695,26,2,Social / ads,0,2025-05-17,2025-05-19,15,2025-06-08
1696,22,1,Organic,1,2025-11-12,,0,
1697,3,4,Organic,0,2025-06-15,,0,
1698,17,6,Social / ads,1,2025-01-19,2025-01-23,10,
1699,16,2,Referral,1,2025-08-06,2025-08-12,2,2025-08-25
1700,13,6,Social / ads,0,2025-06-08,2025-06-08,9,2025-06-17
1701,23,3,Social / ads,0,2025-09-05,2025-09-09,25,2025-09-16
1702,31,2,Referral,0,2025-03-08,,0,
1703,7,2,Referral,1,2025-08-18,2025-08-21,45,2025-08-26
1704,7,1,Referral,0,2025-08-29,2025-08-30,10,2025-09-10
1705,22,2,Social / ads,1,2025-07-17,2025-07-30,19,2025-07-31
1706,14,7,Social / ads,0,2025-04-21,2025-04-21,11,2025-04-22
1707,24,1,Organic,0,2025-10-18,2025-10-19,6,
1708,7,9,Field sales,0,2025-11-18,2025-11-19,23,
1709,2,1,Organic,0,2025-06-30,,0,
1710,21,2,Field sales,0,2025-04-17,2025-04-29,8,
1711,32,4,Social / ads,1,2025-08-31,,0,
1712,5,7,Social / ads,0,2025-08-16,2025-08-18,46,2025-08-20
1713,27,1,Referral,0,2025-07-01,2025-07-06,16,
1714,14,1,Organic,1,2025-11-20,,0,
1715,1,4,Organic,1,2025-09-10,2025-09-12,27,2025-09-19
1716,15,2,Organic,1,2025-09-06,2025-09-13,39,2025-09-23
1717,11,5,Organic,0,2025-07-27,,0,
1718,20,7,Social / ads,0,2025-07-23,,0,
1719,11,1,Referral,0,2025-06-08,,0,
1720,15,7,Organic,1,2025-06-29,2025-06-29,18,2025-07-10
1721,9,1,Field sales,1,2025-10-04,2025-10-04,11,2025-10-10
1722,26,8,Organic,1,2025-02-22,2025-02-23,29,2025-03-06
1723,30,9,Organic,1,2025-03-03,2025-03-03,21,2025-03-05
1724,14,5,Social / ads,1,2025-07-06,2025-07-08,27,
1725,14,9,Organic,1,2025-05-26,,0,
1726,32,7,Referral,1,2025-07-14,2025-07-27,35,2025-07-30
1727,7,1,Referral,1,2025-08-09,2025-08-09,16,2025-08-14
1728,25,1,Organic,0,2025-07-23,,0,
1729,17,1,Organic,1,2025-10-14,2025-10-18,35,2025-10-22
1730,28,3,Organic,1,2025-09-18,2025-09-19,28,2025-09-28
1731,11,4,Organic,0,2025-08-23,2025-09-01,15,2025-09-14
1732,12,3,Social / ads,0,2025-08-15,2025-08-24,29,
1733,12,5,Referral,0,2025-11-21,2025-11-23,39,2025-11-27
1734,1,3,Referral,0,2025-07-08,2025-07-08,26,2025-07-15
1735,8,1,Organic,0,2025-04-19,2025-04-28,19,
1736,32,1,Social / ads,0,2025-06-20,,0,
1737,10,9,Organic,0,2025-08-28,,0,
1738,1,2,Social / ads,1,2025-08-17,2025-08-18,55,2025-08-25
1739,11,2,Organic,0,2025-08-07,2025-08-18,4,2025-08-21
1740,14,1,Social / ads,1,2025-09-19,2025-09-22,16,2025-09-29
1741,16,9,Organic,1,2025-11-26,,0,
1742,3,1,Organic,1,2025-09-02,,0,
1743,24,5,Referral,1,2025-04-12,,0,
1744,26,1,Organic,1,2025-09-11,2025-09-17,6,2025-09-21
1745,9,1,Social / ads,0,2025-10-25,2025-10-25,91,2025-11-07
1746,25,6,Field sales,1,2025-08-25,2025-08-25,5,
1747,13,5,Field sales,1,2025-09-23,2025-09-27,7,2025-10-01
1748,14,5,Organic,1,2025-10-30,2025-10-30,7,
1749,30,1,Field sales,1,2025-05-15,2025-05-21,19,2025-05-28
1750,28,9,Organic,0,2025-05-10,2025-05-19,37,2025-05-21
1751,14,4,Social / ads,1,2025-08-03,2025-08-05,25,2025-08-15
1752,15,9,Field sales,1,2025-10-06,2025-10-06,53,2025-10-21
1753,11,1,Referral,1,2025-05-11,2025-05-13,8,2025-05-18
1754,16,2,Social / ads,1,2025-03-13,2025-03-17,27,2025-03-19
1755,20,2,Referral,1,2025-11-16,2025-11-28,12,2025-12-17
1756,5,6,Referral,1,2025-07-14,2025-07-14,19,2025-07-22
1757,29,6,Organic,0,2025-07-12,2025-07-12,39,
1758,21,3,Field sales,0,2025-08-18,2025-08-18,4,
1759,5,1,Organic,0,2025-05-16,2025-05-18,80,
1760,27,1,Organic,1,2025-05-04,2025-05-04,14,
1761,22,1,Social / ads,1,2025-04-16,,0,
1762,12,7,Organic,0,2025-05-26,,0,
1763,16,2,Field sales,1,2025-09-03,2025-09-03,17,2025-09-09
1764,27,1,Organic,0,2025-07-16,2025-07-18,9,
1765,31,2,Referral,1,2025-11-24,2025-11-25,3,
1766,11,1,Social / ads,1,2025-06-28,2025-06-28,17,
1767,19,9,Organic,1,2025-05-23,2025-05-25,9,2025-06-04
1768,27,2,Field sales,0,2025-11-01,2025-11-05,27,
1769,32,8,Field sales,0,2025-11-01,2025-11-05,6,2025-11-23
1770,4,5,Social / ads,0,2025-09-10,2025-09-13,100,2025-09-19
1771,15,4,Organic,1,2025-11-15,2025-11-25,24,2025-12-13
1772,27,3,Social / ads,0,2025-05-02,2025-05-02,19,2025-05-14
1773,1,5,Referral,1,2025-05-09,2025-05-10,27,2025-05-23
1774,14,5,Referral,1,2025-03-11,2025-03-11,3,
1775,17,1,Organic,0,2025-05-09,2025-05-17,11,2025-05-21
1776,16,8,Organic,0,2025-06-25,2025-07-01,68,
1777,22,2,Referral,1,2025-04-07,2025-04-15,12,2025-04-18
1778,3,2,Organic,1,2025-10-10,2025-10-12,15,2025-10-18
1779,24,2,Referral,1,2025-01-22,2025-01-23,11,2025-02-04
1780,11,5,Field sales,1,2025-10-19,2025-10-20,53,2025-11-05
1781,26,2,Referral,1,2025-07-21,,0,
1782,14,2,Organic,0,2025-09-08,,0,
1783,2,1,Organic,1,2025-06-14,2025-06-19,129,2025-06-26
1784,31,2,Referral,0,2025-09-02,2025-09-03,5,2025-09-07
1785,24,1,Field sales,1,2025-07-18,2025-07-25,15,2025-07-29
1786,13,7,Social / ads,1,2025-11-16,,0,
1787,11,2,Referral,1,2025-10-11,2025-10-12,9,2025-10-22
1788,18,9,Field sales,1,2025-06-12,2025-06-14,7,2025-06-27
1789,32,5,Organic,1,2025-11-23,2025-11-27,10,2025-12-02
1790,11,6,Social / ads,0,2025-09-13,2025-09-15,36,
1791,30,8,Organic,0,2025-08-09,2025-08-27,3,2025-09-03
1792,13,1,Organic,1,2025-02-19,2025-02-26,45,2025-03-04
1793,21,4,Organic,0,2025-04-16,2025-04-17,39,
1794,14,1,Organic,0,2025-04-12,2025-04-13,24,2025-04-14
1795,4,1,Social / ads,1,2025-09-08,2025-09-09,18,
1796,30,2,Organic,0,2025-09-20,,0,
1797,8,5,Organic,0,2025-10-13,,0,
1798,30,7,Organic,0,2025-09-20,2025-09-26,4,
1799,5,1,Social / ads,0,2025-06-24,2025-06-24,29,2025-06-29
1800,11,6,Social / ads,0,2025-11-16,2025-11-16,9,2025-11-24
1801,29,1,Social / ads,1,2025-02-20,2025-02-28,31,2025-03-09
1802,19,1,Social / ads,0,2025-09-23,2025-09-25,10,2025-10-02
1803,9,1,Social / ads,0,2025-10-16,2025-10-22,28,2025-10-29
1804,18,4,Referral,1,2025-09-06,2025-09-09,4,2025-09-14
1805,8,3,Organic,0,2025-07-02,2025-07-02,4,
1806,28,2,Organic,1,2025-11-23,2025-11-24,15,2025-11-30
1807,3,1,Organic,1,2025-05-17,2025-05-19,51,2025-05-26
1808,16,4,Field sales,0,2025-07-03,2025-07-08,25,2025-07-23
1809,3,7,Organic,0,2025-09-13,2025-09-13,25,2025-09-25
1810,20,1,Organic,0,2025-04-16,,0,
1811,30,6,Field sales,0,2025-05-28,2025-05-29,11,2025-06-03
1812,26,5,Organic,1,2025-06-09,2025-06-13,26,
1813,14,3,Organic,0,2025-11-03,,0,
1814,10,1,Organic,0,2025-05-05,2025-05-13,12,2025-05-28
1815,6,8,Field sales,0,2025-09-08,2025-09-09,14,2025-09-13
1816,27,3,Organic,1,2025-08-20,2025-08-23,10,2025-09-05
1817,4,2,Organic,1,2025-07-03,,0,
1818,19,7,Organic,0,2025-07-07,2025-07-10,13,2025-07-29
1819,14,7,Social / ads,1,2025-09-02,,0,
1820,32,6,Organic,1,2025-09-12,2025-09-15,14,2025-09-28
1821,15,7,Organic,0,2025-08-09,,0,
1822,16,1,Social / ads,0,2025-07-04,2025-07-17,6,
1823,29,6,Social / ads,0,2025-01-31,2025-02-01,22,2025-02-09
1824,31,2,Organic,0,2025-06-18,2025-06-20,11,2025-06-21
1825,17,7,Organic,0,2025-09-20,2025-09-22,19,
1826,24,2,Organic,1,2025-10-20,2025-10-25,9,2025-10-28
1827,19,1,Field sales,0,2025-10-19,2025-10-21,38,2025-10-25
1828,14,2,Organic,0,2025-06-20,2025-06-23,35,2025-07-04
1829,3,6,Social / ads,0,2025-08-28,2025-08-29,7,2025-09-08
1830,21,4,Social / ads,1,2025-10-23,2025-10-27,25,
1831,21,6,Referral,1,2025-07-31,2025-08-02,52,2025-08-11
1832,6,1,Organic,0,2025-09-02,2025-09-05,7,2025-09-10
1833,10,1,Social / ads,0,2025-08-09,2025-08-09,8,2025-09-18
1834,22,4,Field sales,1,2025-02-11,2025-02-14,29,2025-02-23
1835,7,2,Social / ads,0,2025-03-18,,0,
1836,20,5,Organic,0,2025-06-03,2025-06-11,8,2025-06-24
1837,21,9,Field sales,1,2025-11-14,2025-11-14,7,
1838,13,5,Social / ads,0,2025-08-27,,0,
1839,11,2,Social / ads,0,2025-07-28,2025-07-28,9,
1840,14,4,Referral,1,2025-08-10,2025-08-10,13,
1841,13,8,Referral,1,2025-08-06,,0,
1842,18,5,Referral,1,2025-03-26,2025-03-26,41,
1843,22,6,Field sales,0,2025-07-02,2025-07-02,8,2025-07-04
1844,27,2,Social / ads,1,2025-08-12,,0,
1845,2,6,Referral,1,2025-03-28,2025-03-30,5,2025-04-05
1846,22,1,Organic,1,2025-10-15,2025-10-16,28,2025-10-25
1847,12,6,Organic,0,2025-04-20,2025-04-22,30,
1848,26,8,Field sales,0,2025-06-29,2025-07-01,44,
1849,4,8,Social / ads,1,2025-09-28,,0,
1850,17,1,Organic,0,2025-11-24,2025-12-01,13,
1851,16,7,Organic,1,2025-09-13,2025-09-18,114,2025-09-26
1852,12,1,Social / ads,1,2025-06-05,2025-06-10,12,2025-06-13
1853,31,3,Referral,1,2025-05-01,2025-05-05,10,
1854,5,5,Organic,0,2025-01-05,2025-01-08,16,2025-01-10
1855,6,3,Organic,0,2025-09-21,,0,
1856,19,2,Referral,1,2025-11-07,2025-11-12,24,2025-11-21
1857,16,5,Organic,0,2025-09-04,2025-09-05,10,2025-09-18
1858,11,5,Field sales,0,2025-08-09,2025-08-09,10,2025-08-17
1859,12,4,Referral,0,2025-03-16,2025-03-16,12,2025-03-31
1860,7,4,Field sales,0,2025-07-23,2025-07-23,9,2025-08-07
1861,27,5,Field sales,0,2025-05-29,2025-05-29,6,2025-06-01
1862,17,2,Organic,1,2025-03-08,2025-03-08,69,2025-03-13
1863,10,1,Organic,1,2025-05-16,2025-05-21,11,
1864,14,4,Organic,0,2025-09-14,,0,
1865,29,6,Organic,0,2025-07-28,2025-07-28,12,2025-08-03
1866,28,2,Field sales,1,2025-10-28,2025-10-30,15,2025-11-08
1867,4,1,Organic,0,2025-10-22,2025-10-22,23,2025-10-28
1868,19,8,Field sales,0,2025-04-15,2025-04-21,11,2025-04-28
1869,7,7,Organic,0,2025-10-29,2025-10-31,40,2025-11-03
1870,9,4,Organic,0,2025-04-04,,0,
1871,27,6,Organic,1,2025-05-18,2025-05-18,14,
1872,28,9,Referral,0,2025-11-10,2025-11-12,9,2025-11-16
1873,4,4,Field sales,0,2025-04-28,2025-04-30,39,2025-05-02
1874,28,1,Social / ads,1,2025-10-16,,0,
1875,22,5,Organic,1,2025-08-27,,0,
1876,24,8,Field sales,0,2025-04-14,2025-04-22,37,2025-04-30
1877,24,5,Social / ads,1,2025-09-24,2025-10-06,9,2025-10-11
1878,15,1,Organic,1,2025-03-27,2025-03-29,32,2025-04-13
1879,30,8,Organic,1,2025-04-06,2025-04-19,2,
1880,9,6,Organic,1,2025-10-26,2025-11-03,12,2025-11-09
1881,15,2,Organic,1,2025-10-25,,0,
1882,12,9,Social / ads,0,2025-07-29,2025-08-02,16,2025-08-06
1883,25,6,Organic,0,2025-07-12,,0,
1884,4,7,Referral,0,2025-08-13,,0,
1885,14,8,Social / ads,1,2025-06-08,2025-06-08,21,
1886,24,1,Organic,1,2025-02-02,2025-02-04,16,2025-02-15
1887,12,6,Field sales,1,2025-08-09,2025-08-09,19,2025-08-26
1888,10,2,Organic,0,2025-08-18,2025-09-01,84,2025-09-03
1889,11,7,Referral,0,2025-07-06,2025-07-15,46,
1890,21,7,Organic,1,2025-11-23,2025-11-23,30,2025-12-20
1891,11,7,Organic,0,2025-09-10,2025-09-10,31,2025-09-14
1892,14,6,Organic,1,2025-10-26,2025-10-28,7,
1893,16,6,Field sales,1,2025-06-02,2025-06-06,11,
1894,30,2,Field sales,0,2025-05-27,2025-05-30,4,2025-06-06
1895,24,2,Field sales,1,2025-10-24,2025-10-25,5,2025-11-05
1896,9,1,Organic,0,2025-11-22,2025-11-23,8,2025-12-04
1897,28,7,Social / ads,1,2025-11-10,2025-11-10,16,
1898,26,5,Organic,0,2025-06-09,,0,
1899,22,4,Social / ads,1,2025-09-21,2025-09-22,15,2025-09-30
1900,16,1,Field sales,1,2025-10-22,2025-11-01,14,2025-11-08
1901,4,4,Referral,1,2025-10-05,2025-10-13,6,
1902,21,3,Referral,0,2025-10-09,2025-10-13,55,2025-10-20
1903,16,9,Social / ads,0,2025-02-17,2025-02-21,5,2025-02-25
1904,12,7,Field sales,0,2025-08-09,2025-08-10,40,
1905,1,4,Organic,1,2025-02-13,2025-02-13,2,
1906,10,6,Social / ads,1,2025-11-23,,0,
1907,18,1,Organic,1,2025-10-06,2025-10-06,6,2025-10-17
1908,5,1,Referral,0,2025-10-30,2025-10-30,9,2025-11-04
1909,19,5,Field sales,1,2025-03-31,2025-03-31,69,2025-04-11
1910,25,6,Social / ads,1,2025-11-09,2025-11-12,12,2025-11-27
1911,12,1,Referral,0,2025-08-13,,0,
1912,4,1,Organic,0,2025-07-17,,0,
1913,7,4,Referral,1,2025-08-12,2025-08-17,12,2025-08-26
1914,13,1,Organic,1,2025-08-05,2025-08-05,18,2025-08-07
1915,25,3,Referral,1,2025-11-02,2025-11-03,7,2025-11-09
1916,19,3,Referral,0,2025-11-16,2025-11-21,8,
1917,27,8,Social / ads,1,2025-11-03,,0,
1918,32,2,Organic,0,2025-09-18,2025-09-24,31,2025-10-23
1919,9,1,Organic,1,2025-04-21,2025-04-21,13,2025-04-24
1920,20,1,Referral,0,2025-05-18,2025-06-03,7,2025-06-04
1921,14,1,Organic,0,2025-05-05,2025-05-14,18,
1922,15,6,Organic,1,2025-04-26,2025-05-02,17,
1923,12,3,Organic,1,2025-10-04,,0,
1924,13,1,Referral,1,2025-11-20,2025-11-20,11,
1925,20,8,Organic,0,2025-08-16,2025-08-17,15,2025-08-22
1926,18,6,Referral,1,2025-07-17,2025-07-21,23,2025-08-07
1927,12,1,Social / ads,0,2025-08-31,2025-09-02,7,
1928,6,2,Referral,1,2025-06-24,2025-06-24,33,2025-06-30
1929,17,7,Organic,1,2025-11-06,2025-11-06,16,2025-11-15
1930,22,5,Organic,0,2025-10-05,2025-10-12,6,2025-10-16
1931,17,8,Organic,0,2025-01-26,2025-01-27,6,2025-02-04
1932,1,1,Referral,0,2025-09-26,2025-09-27,15,2025-10-04
1933,11,6,Field sales,0,2025-10-01,2025-10-03,10,2025-10-13
1934,24,1,Organic,0,2025-06-19,2025-07-01,30,2025-07-27
1935,22,2,Organic,1,2025-07-06,,0,
1936,1,6,Organic,0,2025-11-07,2025-11-21,20,2025-12-01
1937,14,6,Organic,0,2025-04-06,,0,
1938,14,1,Social / ads,0,2025-09-10,,0,
1939,19,1,Organic,0,2025-05-02,,0,
1940,6,6,Organic,1,2025-10-23,2025-10-26,14,2025-10-28
1941,18,1,Organic,0,2025-10-25,2025-10-27,10,
1942,30,2,Organic,0,2025-09-23,,0,
1943,14,1,Organic,1,2025-06-15,2025-06-19,16,2025-06-21
1944,13,1,Referral,0,2025-06-25,2025-07-01,50,2025-07-04
1945,2,7,Organic,1,2025-11-19,2025-11-21,5,2025-11-25
1946,3,1,Organic,1,2025-11-09,2025-11-14,15,2025-11-23
1947,30,4,Field sales,1,2025-08-12,2025-08-14,4,
1948,32,5,Referral,0,2025-06-21,2025-07-04,11,
1949,1,1,Organic,0,2025-09-17,,0,
1950,29,5,Social / ads,1,2025-06-03,2025-06-07,4,2025-06-14
1951,8,2,Organic,1,2025-11-25,2025-11-27,11,
1952,17,7,Social / ads,0,2025-08-23,2025-08-23,20,2025-08-30
1953,20,6,Social / ads,1,2025-09-06,2025-09-06,18,2025-09-11
1954,13,6,Referral,1,2025-10-27,2025-10-27,21,2025-12-16
1955,16,2,Organic,1,2025-09-22,2025-09-30,7,2025-10-12
1956,19,7,Social / ads,0,2025-10-20,2025-10-20,20,2025-10-25
1957,9,4,Organic,1,2025-08-02,2025-08-10,10,
1958,32,2,Organic,0,2025-05-15,,0,
1959,9,1,Referral,0,2025-11-19,2025-11-25,2,
1960,1,1,Referral,1,2025-10-15,2025-10-18,13,
1961,30,1,Social / ads,0,2025-05-05,,0,
1962,14,2,Field sales,1,2025-05-08,2025-05-13,48,
1963,14,8,Social / ads,1,2025-10-24,2025-10-25,17,2025-10-27
1964,11,9,Field sales,1,2025-08-03,2025-08-03,19,2025-08-12
1965,2,1,Field sales,0,2025-07-27,,0,
1966,11,8,Referral,0,2025-09-30,2025-10-01,44,2025-10-14
1967,14,5,Social / ads,0,2025-11-19,,0,
1968,16,3,Social / ads,0,2025-08-18,2025-08-22,5,
1969,14,9,Social / ads,1,2025-09-16,2025-09-17,4,
1970,28,6,Social / ads,0,2025-10-28,2025-10-30,27,2025-11-05
1971,29,4,Referral,1,2025-05-18,2025-05-19,19,2025-06-01
1972,12,1,Organic,1,2025-08-15,2025-08-15,13,2025-08-22
1973,31,1,Social / ads,0,2025-09-17,2025-09-19,10,
1974,27,8,Organic,1,2025-11-07,,0,
1975,30,1,Organic,1,2025-08-29,2025-08-29,19,2025-09-07
1976,21,1,Referral,1,2025-07-15,2025-07-17,24,2025-07-29
1977,9,2,Referral,1,2025-05-30,2025-05-31,6,
1978,9,3,Referral,0,2025-08-15,2025-08-18,4,2025-08-20
1979,29,2,Organic,1,2025-11-04,2025-11-04,7,
1980,15,8,Organic,0,2025-06-10,,0,
1981,28,2,Organic,1,2025-04-14,2025-04-18,5,2025-04-19
1982,21,8,Organic,0,2025-10-16,2025-10-18,57,2025-10-28
1983,9,4,Organic,0,2025-04-11,2025-04-13,2,
1984,14,4,Field sales,0,2025-11-07,2025-11-10,23,2025-11-17
1985,31,1,Organic,1,2025-10-09,2025-10-09,33,
1986,1,2,Organic,0,2025-10-25,2025-10-29,36,
1987,21,7,Organic,0,2025-03-16,2025-03-20,20,
1988,32,6,Referral,0,2025-07-16,2025-07-18,47,
1989,5,3,Social / ads,1,2025-10-31,2025-11-03,68,
1990,11,8,Organic,1,2025-04-15,2025-04-24,12,
1991,16,7,Organic,0,2025-11-19,2025-11-27,23,2025-12-12
1992,26,1,Field sales,1,2025-07-02,,0,
1993,15,4,Organic,1,2025-06-18,2025-06-23,8,
1994,3,6,Social / ads,0,2025-06-25,2025-07-03,13,2025-07-06
1995,6,6,Social / ads,1,2025-11-17,,0,
1996,14,1,Field sales,1,2025-05-07,2025-05-11,23,2025-05-16
1997,12,1,Social / ads,0,2025-07-24,,0,
1998,9,2,Referral,1,2025-05-25,2025-05-29,51,
1999,26,1,Referral,1,2025-04-13,2025-04-16,25,2025-04-21
2000,2,1,Organic,1,2025-09-19,2025-09-21,26,
2001,26,4,Organic,1,2025-08-11,2025-08-18,2,2025-08-24
2002,29,4,Organic,1,2025-05-06,,0,
2003,19,1,Referral,0,2025-05-06,2025-05-07,54,
2004,19,4,Referral,1,2025-07-29,2025-08-04,14,
2005,7,1,Organic,1,2025-09-30,,0,
2006,17,2,Field sales,0,2025-09-13,2025-09-16,19,
2007,14,6,Organic,1,2025-08-30,2025-09-01,28,
2008,10,8,Organic,1,2025-07-01,2025-07-03,25,
2009,17,1,Organic,1,2025-06-02,2025-06-07,14,
2010,1,7,Field sales,1,2025-04-16,2025-04-16,40,2025-04-26
2011,11,8,Referral,1,2025-04-30,,0,
2012,19,4,Field sales,1,2025-11-19,2025-11-21,25,2025-12-05
2013,14,9,Organic,0,2025-11-09,,0,
2014,7,1,Referral,0,2025-03-25,2025-03-28,14,2025-04-04
2015,1,1,Social / ads,0,2025-10-22,2025-10-27,12,2025-10-30
2016,11,7,Organic,1,2025-08-04,2025-08-09,12,2025-08-13
2017,16,3,Referral,0,2025-11-09,2025-11-10,16,2025-11-11
2018,16,2,Organic,0,2025-01-28,2025-02-01,13,2025-02-11
2019,6,1,Organic,1,2025-09-07,2025-09-07,29,2025-09-19
2020,18,1,Referral,0,2025-08-04,2025-08-04,10,2025-08-19
2021,32,1,Organic,0,2025-07-20,2025-07-20,57,2025-07-23
2022,17,1,Referral,1,2025-07-07,2025-07-10,10,2025-07-20
2023,16,9,Social / ads,0,2025-10-01,2025-10-02,34,
2024,18,2,Organic,1,2025-06-15,2025-06-17,35,2025-06-29
2025,28,7,Organic,1,2025-02-06,2025-02-08,18,2025-02-12
2026,30,1,Social / ads,1,2025-04-27,2025-04-29,17,
2027,2,2,Referral,1,2025-02-19,,0,
2028,9,8,Social / ads,0,2025-11-05,,0,
2029,6,1,Organic,0,2025-08-17,,0,
2030,23,2,Field sales,1,2025-07-09,2025-07-11,15,2025-07-19
2031,2,7,Social / ads,0,2025-10-14,,0,
2032,29,1,Organic,0,2025-07-16,,0,
2033,1,1,Social / ads,0,2025-04-08,2025-04-08,11,2025-04-16
2034,18,9,Field sales,0,2025-09-13,2025-09-13,4,
2035,11,2,Social / ads,0,2025-02-11,2025-02-14,27,2025-02-18
2036,14,5,Organic,0,2025-03-06,2025-03-06,25,
2037,14,1,Referral,1,2025-01-12,2025-01-13,35,2025-01-17
2038,23,1,Organic,0,2025-05-11,2025-05-20,37,2025-05-25
2039,15,3,Social / ads,1,2025-10-22,2025-11-01,30,2025-11-04
2040,14,5,Organic,1,2025-09-17,2025-09-17,31,2025-09-20
2041,22,2,Organic,1,2025-08-31,2025-09-02,26,2025-09-07
2042,30,8,Social / ads,1,2025-06-19,,0,
2043,24,6,Organic,0,2025-06-10,2025-06-18,3,2025-06-22
2044,22,4,Referral,0,2025-04-06,2025-04-13,6,2025-04-16
2045,15,3,Organic,1,2025-08-29,2025-08-31,5,2025-09-08
2046,29,4,Field sales,0,2025-02-28,2025-03-02,45,2025-03-09
2047,15,6,Organic,1,2025-03-14,,0,
2048,30,1,Referral,0,2025-10-19,2025-10-23,9,2025-10-31
2049,25,7,Referral,1,2025-06-01,2025-06-03,16,
2050,7,3,Organic,1,2025-07-02,,0,
2051,3,8,Organic,0,2025-07-05,2025-07-07,22,
2052,22,9,Organic,1,2025-06-02,2025-06-03,2,2025-06-09
2053,20,1,Field sales,1,2025-04-24,2025-05-03,6,2025-05-14
2054,18,2,Organic,1,2025-08-07,2025-08-08,19,2025-08-25
2055,32,4,Organic,1,2025-07-30,,0,
2056,16,4,Organic,0,2025-05-06,2025-05-18,46,2025-05-20
2057,13,7,Referral,1,2025-10-11,2025-10-20,17,2025-10-26
2058,17,1,Field sales,1,2025-06-14,2025-06-15,40,2025-06-30
2059,2,4,Referral,0,2025-05-08,2025-05-09,21,
2060,17,8,Social / ads,0,2025-09-05,2025-09-06,16,
2061,29,9,Field sales,1,2025-10-27,2025-11-02,7,2025-11-04
2062,1,1,Social / ads,0,2025-07-26,2025-08-01,34,2025-08-05
2063,26,9,Field sales,1,2025-03-05,2025-03-05,23,2025-03-12
2064,25,1,Organic,1,2025-11-07,2025-11-11,87,2025-11-13
2065,5,4,Social / ads,0,2025-10-07,2025-10-07,31,2025-10-19
2066,26,1,Social / ads,1,2025-08-04,2025-08-06,11,2025-08-12
2067,23,4,Referral,1,2025-04-30,,0,
2068,15,1,Organic,0,2025-09-08,2025-09-08,23,2025-09-12
2069,10,1,Organic,0,2025-06-30,,0,
2070,11,2,Field sales,0,2025-02-18,2025-02-24,47,
2071,18,8,Referral,0,2025-08-20,2025-08-22,14,2025-09-10
2072,10,4,Field sales,1,2025-03-18,2025-03-23,6,2025-04-03
2073,12,5,Organic,0,2025-07-01,2025-07-04,3,2025-07-06
2074,30,5,Referral,1,2025-01-19,2025-01-22,6,2025-01-24
2075,22,2,Organic,0,2025-10-21,,0,
2076,22,1,Organic,1,2025-06-22,,0,
2077,31,1,Organic,1,2025-05-18,2025-05-28,55,2025-06-11
2078,1,3,Social / ads,1,2025-10-24,2025-10-26,35,2025-11-19
2079,10,8,Referral,0,2025-09-30,2025-10-02,44,2025-10-27
2080,19,1,Social / ads,1,2025-09-08,2025-09-08,9,
2081,14,5,Field sales,0,2025-11-07,2025-11-08,4,
2082,5,7,Social / ads,0,2025-01-29,2025-02-06,7,
2083,24,8,Referral,0,2025-04-29,2025-05-06,3,2025-05-09
2084,3,2,Social / ads,1,2025-09-21,2025-09-23,6,2025-09-24
2085,16,8,Social / ads,1,2025-07-27,2025-07-27,10,2025-08-04
2086,17,4,Field sales,0,2025-10-11,2025-10-20,18,
2087,19,4,Organic,0,2025-02-02,2025-02-03,18,2025-02-07
2088,12,6,Field sales,1,2025-07-13,2025-07-13,9,2025-07-17
2089,2,1,Organic,0,2025-11-09,2025-11-22,25,
2090,28,7,Organic,1,2025-09-28,,0,
2091,30,5,Field sales,1,2025-10-02,2025-10-08,16,
2092,15,6,Social / ads,1,2025-09-23,2025-09-29,6,2025-10-04
2093,1,7,Organic,1,2025-02-02,2025-02-11,39,2025-02-12
2094,17,4,Organic,1,2025-09-19,2025-09-19,16,
2095,12,1,Social / ads,0,2025-08-23,2025-08-24,28,2025-08-31
2096,8,2,Organic,1,2025-08-03,2025-08-03,6,2025-08-08
2097,8,7,Organic,0,2025-11-06,2025-11-09,18,2025-11-25
2098,8,4,Field sales,0,2025-11-21,,0,
2099,13,8,Social / ads,0,2025-07-24,2025-07-27,3,2025-07-31
2100,11,2,Referral,1,2025-07-02,2025-07-05,41,2025-07-11
2101,26,4,Referral,0,2025-07-12,2025-07-18,6,2025-07-22
2102,15,7,Organic,1,2025-02-10,2025-02-12,19,2025-02-22
2103,14,6,Organic,0,2025-10-14,2025-10-16,68,2025-10-26
2104,7,2,Social / ads,1,2025-03-30,2025-04-02,35,2025-04-17
2105,28,1,Social / ads,0,2025-09-17,2025-09-18,4,
2106,3,8,Organic,1,2025-05-17,2025-05-18,14,2025-05-24
2107,10,6,Organic,0,2025-09-18,2025-09-20,44,2025-09-25
2108,18,3,Organic,1,2025-08-24,,0,
2109,21,4,Organic,1,2025-08-08,2025-08-13,12,2025-08-19
2110,25,1,Organic,0,2025-09-29,2025-10-01,12,2025-10-08
2111,14,2,Organic,1,2025-02-15,2025-02-24,25,
2112,13,1,Social / ads,0,2025-06-22,2025-06-26,4,2025-07-04
2113,11,1,Organic,0,2025-08-09,2025-08-15,27,
2114,17,7,Field sales,0,2025-08-11,2025-08-12,9,2025-08-16
2115,13,2,Referral,0,2025-04-04,2025-04-07,16,
2116,12,7,Social / ads,0,2025-05-25,2025-06-07,13,
2117,1,3,Social / ads,0,2025-05-07,2025-05-07,26,
2118,30,1,Organic,1,2025-11-08,2025-11-11,16,2025-11-16
2119,3,2,Organic,0,2025-11-13,,0,
2120,11,1,Field sales,0,2025-06-16,2025-06-16,36,2025-06-29
2121,29,5,Organic,1,2025-11-26,2025-11-26,8,2025-12-03
2122,22,8,Organic,1,2025-05-16,2025-05-19,49,2025-06-09
2123,17,6,Organic,1,2025-09-06,2025-09-11,21,
2124,20,6,Social / ads,0,2025-08-13,2025-08-22,18,2025-09-04
2125,5,7,Organic,1,2025-09-30,,0,
2126,25,6,Referral,0,2025-08-15,2025-08-28,7,
2127,10,4,Referral,0,2025-08-02,,0,
2128,31,6,Field sales,0,2025-03-22,2025-04-05,16,
2129,10,2,Organic,1,2025-04-30,2025-05-03,10,
2130,19,1,Social / ads,0,2025-08-26,2025-08-29,86,2025-09-11
2131,16,5,Field sales,0,2025-08-13,2025-08-14,8,2025-08-18
2132,7,6,Referral,1,2025-03-01,2025-03-05,16,
2133,13,1,Organic,1,2025-08-31,,0,
2134,24,9,Social / ads,1,2025-03-28,2025-04-01,44,
2135,9,1,Social / ads,0,2025-10-01,2025-10-02,7,2025-10-11
2136,31,6,Organic,1,2025-07-09,2025-07-13,4,2025-07-23
2137,12,9,Organic,1,2025-08-01,2025-08-03,50,2025-08-08
2138,19,2,Organic,1,2025-07-10,,0,
2139,18,8,Organic,1,2025-03-29,,0,
2140,14,7,Organic,1,2025-08-27,2025-08-29,32,2025-09-25
2141,19,6,Organic,0,2025-10-11,2025-10-12,37,2025-10-16
2142,22,9,Organic,1,2025-06-04,2025-06-04,12,2025-06-10
2143,18,5,Social / ads,0,2025-04-06,2025-04-06,9,
2144,17,3,Social / ads,1,2025-05-29,2025-06-05,3,2025-06-09
2145,18,5,Social / ads,1,2025-04-17,,0,
2146,14,2,Field sales,0,2025-02-05,2025-02-06,17,2025-02-17
2147,4,2,Field sales,0,2025-11-07,2025-11-10,9,2025-11-14
2148,7,1,Organic,0,2025-07-25,,0,
2149,18,2,Field sales,1,2025-10-24,2025-10-27,17,
2150,30,6,Organic,1,2025-10-18,2025-10-19,48,2025-10-28
2151,2,8,Referral,0,2025-04-13,2025-05-02,15,
2152,16,9,Social / ads,1,2025-01-28,2025-01-29,6,
2153,10,1,Social / ads,0,2025-02-12,2025-02-13,45,2025-02-17
2154,17,4,Organic,1,2025-03-17,2025-03-19,8,2025-03-29
2155,23,4,Field sales,1,2025-09-09,2025-09-18,53,2025-09-22
2156,22,1,Organic,0,2025-05-01,,0,
2157,22,4,Organic,0,2025-05-03,2025-05-03,17,2025-05-09
2158,24,2,Organic,0,2025-07-12,2025-07-13,57,2025-07-15
2159,4,8,Organic,0,2025-07-03,,0,
2160,15,1,Field sales,1,2025-03-12,2025-03-14,7,2025-03-25
2161,11,7,Organic,0,2025-02-12,2025-02-13,12,2025-02-21
2162,29,8,Organic,0,2025-11-23,2025-11-23,14,2025-12-02
2163,24,6,Social / ads,1,2025-05-28,2025-05-29,136,2025-06-29
2164,5,1,Referral,1,2025-04-17,2025-04-21,8,2025-05-07
2165,10,2,Organic,0,2025-11-20,2025-11-27,5,2025-12-06
2166,14,9,Referral,1,2025-09-19,2025-09-20,7,2025-09-24
2167,31,1,Referral,0,2025-06-28,2025-06-30,19,2025-07-05
2168,5,1,Referral,1,2025-04-16,2025-04-22,24,
2169,17,9,Field sales,0,2025-10-29,2025-11-02,9,2025-11-07
2170,13,6,Social / ads,0,2025-05-28,,0,
2171,19,6,Organic,0,2025-10-12,,0,
2172,19,1,Referral,0,2025-09-11,2025-09-11,16,2025-09-22
2173,10,3,Organic,1,2025-10-07,2025-10-07,21,2025-10-12
2174,24,7,Social / ads,0,2025-10-16,2025-10-18,74,
2175,4,2,Organic,0,2025-08-02,,0,
2176,25,1,Organic,0,2025-07-20,,0,
2177,9,1,Social / ads,0,2025-05-02,2025-05-03,11,2025-05-12
2178,18,4,Referral,0,2025-04-29,2025-04-29,10,
2179,13,2,Organic,0,2025-09-02,2025-09-09,3,2025-09-15
2180,18,7,Organic,0,2025-07-15,2025-07-19,18,2025-07-20
2181,11,2,Organic,0,2025-04-03,2025-04-03,19,
2182,17,1,Social / ads,0,2025-07-25,2025-07-27,14,2025-07-29
2183,1,9,Referral,1,2025-09-25,2025-09-28,20,
2184,14,9,Organic,1,2025-03-25,2025-04-02,20,2025-04-05
2185,26,5,Referral,0,2025-06-12,2025-06-12,5,
2186,14,8,Referral,1,2025-05-12,2025-05-19,20,2025-05-31
2187,15,1,Organic,1,2025-07-13,2025-07-13,25,2025-07-22
2188,18,3,Social / ads,1,2025-06-27,2025-06-28,4,2025-07-15
2189,14,1,Organic,0,2025-07-13,2025-07-18,53,2025-07-22
2190,27,3,Social / ads,0,2025-08-16,,0,
2191,14,6,Social / ads,0,2025-06-15,2025-06-15,6,2025-07-19
2192,30,7,Organic,0,2025-06-23,,0,
2193,28,1,Field sales,0,2025-09-11,2025-09-12,25,2025-09-23
2194,14,2,Social / ads,1,2025-02-15,2025-02-19,30,2025-02-23
2195,13,9,Field sales,1,2025-05-27,2025-05-28,25,
2196,20,4,Referral,1,2025-07-27,2025-07-30,10,2025-08-02
2197,23,2,Organic,1,2025-08-18,,0,
2198,9,2,Organic,0,2025-07-06,2025-07-11,12,
2199,10,2,Field sales,1,2025-04-04,2025-04-04,18,2025-04-18
2200,7,3,Organic,0,2025-04-21,,0,
2201,23,3,Organic,0,2025-04-01,,0,
2202,21,4,Referral,1,2025-09-09,2025-09-11,12,2025-09-27
2203,9,3,Organic,0,2025-10-30,2025-11-10,3,
2204,16,4,Social / ads,0,2025-01-29,,0,
2205,23,1,Social / ads,0,2025-10-29,2025-10-31,20,2025-11-09
2206,30,1,Social / ads,0,2025-07-20,,0,
2207,8,2,Organic,0,2025-09-17,2025-09-24,31,2025-09-30
2208,12,8,Referral,0,2025-08-23,2025-09-01,15,2025-09-06
2209,13,6,Social / ads,0,2025-11-09,,0,
2210,19,1,Organic,1,2025-10-18,,0,
2211,6,3,Field sales,0,2025-05-11,2025-05-15,9,2025-05-27
2212,9,4,Referral,1,2025-03-01,2025-03-03,7,2025-03-12
2213,24,3,Organic,1,2025-07-30,2025-07-30,8,2025-08-07
2214,16,5,Organic,1,2025-09-14,2025-09-18,64,2025-09-23
2215,7,9,Field sales,1,2025-06-20,2025-06-20,22,2025-06-27
2216,14,1,Organic,1,2025-07-26,2025-07-26,83,
2217,6,4,Social / ads,1,2025-06-10,,0,
2218,13,4,Referral,1,2025-10-17,2025-10-20,26,2025-11-13
2219,14,4,Organic,0,2025-01-18,2025-01-20,8,2025-02-02
2220,5,1,Field sales,0,2025-06-09,2025-06-10,14,2025-06-14
2221,3,5,Referral,0,2025-09-02,,0,
2222,28,1,Organic,1,2025-05-10,2025-05-13,27,2025-05-15
2223,28,6,Social / ads,0,2025-09-27,2025-09-30,15,
2224,1,5,Field sales,1,2025-10-04,2025-10-04,21,2025-10-11
2225,19,2,Referral,1,2025-07-21,2025-08-03,21,
2226,5,9,Social / ads,1,2025-09-23,2025-09-27,12,
2227,25,7,Referral,0,2025-04-07,2025-04-07,11,2025-04-16
2228,28,4,Referral,0,2025-06-20,2025-06-22,9,
2229,18,9,Organic,0,2025-10-18,2025-10-26,39,2025-11-16
2230,18,7,Organic,0,2025-09-29,,0,
2231,14,1,Referral,1,2025-02-23,2025-02-25,21,2025-03-06
2232,10,4,Referral,0,2025-03-23,2025-04-06,14,2025-04-10
2233,15,4,Field sales,1,2025-08-30,2025-09-02,38,2025-09-11
2234,6,5,Referral,1,2025-09-23,2025-09-25,3,2025-10-26
2235,20,8,Referral,0,2025-02-04,2025-02-04,20,
2236,14,3,Social / ads,0,2025-03-24,,0,
2237,8,1,Social / ads,1,2025-05-03,,0,
2238,18,3,Organic,1,2025-11-08,2025-11-17,14,
2239,24,6,Social / ads,1,2025-11-11,2025-11-20,5,2025-11-25
2240,18,2,Social / ads,1,2025-07-27,2025-07-27,21,2025-07-30
2241,16,1,Organic,1,2025-11-02,,0,
2242,26,2,Organic,0,2025-05-30,2025-06-07,13,
2243,1,5,Organic,1,2025-11-25,2025-12-04,15,2025-12-10
2244,18,1,Field sales,1,2025-05-24,2025-05-27,18,2025-06-02
2245,14,2,Referral,1,2025-03-17,2025-03-21,42,2025-03-30
2246,9,1,Referral,0,2025-09-29,2025-09-29,12,
2247,32,3,Social / ads,1,2025-07-17,2025-07-24,36,2025-08-12
2248,14,1,Organic,1,2025-06-21,2025-06-27,15,2025-07-05
2249,13,1,Organic,0,2025-06-20,2025-06-27,46,2025-07-04
2250,8,5,Social / ads,0,2025-07-26,2025-07-26,13,2025-07-29
2251,32,1,Social / ads,1,2025-11-20,2025-12-04,9,2025-12-16
2252,27,1,Social / ads,0,2025-08-26,2025-08-27,6,
2253,4,4,Organic,1,2025-11-22,2025-11-24,16,2025-11-28
2254,17,1,Organic,0,2025-04-26,2025-04-29,8,
2255,7,1,Organic,1,2025-11-10,2025-11-14,50,
2256,21,3,Referral,0,2025-07-10,2025-07-14,8,2025-07-26
2257,15,2,Organic,0,2025-11-24,2025-11-25,9,2025-12-02
2258,5,4,Social / ads,0,2025-06-07,2025-06-14,26,2025-06-17
2259,17,9,Field sales,0,2025-10-17,2025-10-18,42,2025-11-08
2260,29,3,Referral,1,2025-10-14,2025-10-14,29,2025-10-21
2261,13,4,Organic,0,2025-08-21,2025-08-23,38,2025-08-29
2262,3,8,Organic,1,2025-10-06,2025-10-06,15,
2263,30,3,Referral,1,2025-09-30,2025-10-13,15,
2264,7,6,Field sales,1,2025-06-28,2025-07-02,82,2025-07-06
2265,14,4,Organic,0,2025-06-11,2025-06-12,63,
2266,16,5,Social / ads,0,2025-05-25,,0,
2267,10,8,Organic,0,2025-11-11,2025-11-18,39,2025-11-21
2268,8,1,Organic,0,2025-06-18,2025-06-19,32,2025-06-22
2269,5,8,Social / ads,0,2025-09-27,2025-09-30,6,
2270,4,3,Organic,0,2025-01-28,2025-02-05,15,
2271,15,4,Organic,0,2025-06-25,2025-06-27,54,2025-07-01
2272,26,3,Field sales,1,2025-07-20,2025-07-22,29,2025-08-04
2273,6,2,Organic,1,2025-03-11,2025-03-12,15,2025-03-21
2274,21,1,Organic,0,2025-08-01,2025-08-04,54,2025-08-09
2275,14,8,Organic,0,2025-08-19,,0,
2276,2,4,Organic,1,2025-11-19,,0,
2277,16,7,Referral,1,2025-07-10,2025-07-16,22,2025-08-12
2278,10,2,Organic,1,2025-04-22,,0,
2279,18,2,Social / ads,1,2025-10-03,,0,
2280,13,2,Social / ads,0,2025-02-25,,0,
2281,20,1,Organic,1,2025-08-27,2025-08-27,51,2025-09-10
2282,29,3,Organic,1,2025-04-17,2025-04-21,11,2025-04-27
2283,10,8,Organic,0,2025-04-25,,0,
2284,30,7,Organic,1,2025-04-24,2025-04-24,45,2025-04-28
2285,9,3,Organic,1,2025-03-12,2025-03-20,14,2025-03-28
2286,4,2,Social / ads,0,2025-05-23,2025-05-25,5,2025-06-09
2287,9,4,Organic,1,2025-11-20,2025-11-23,7,
2288,25,4,Referral,0,2025-11-10,2025-11-17,8,2025-11-24
2289,20,5,Field sales,0,2025-08-13,2025-08-19,11,2025-08-23
2290,31,4,Social / ads,0,2025-10-08,2025-10-12,9,2025-11-03
2291,21,1,Organic,1,2025-07-27,,0,
2292,14,1,Organic,0,2025-10-08,2025-10-11,13,2025-10-15
2293,28,9,Social / ads,0,2025-05-12,2025-05-18,45,
2294,31,6,Organic,0,2025-04-06,2025-04-17,6,
2295,24,8,Field sales,1,2025-09-23,2025-09-28,12,2025-10-09
2296,17,2,Field sales,1,2025-09-30,2025-09-30,17,2025-10-08
2297,26,4,Referral,1,2025-07-04,2025-07-13,31,2025-07-17
2298,8,2,Organic,0,2025-04-14,,0,
2299,29,8,Organic,0,2025-04-15,2025-04-22,10,2025-04-25
2300,32,2,Referral,1,2025-07-03,2025-07-06,36,2025-07-18
2301,20,5,Referral,0,2025-11-18,2025-11-23,4,2025-11-28
2302,9,1,Social / ads,0,2025-07-20,2025-07-20,33,2025-07-23
2303,7,1,Field sales,0,2025-11-26,2025-11-28,5,2025-12-03
2304,31,1,Social / ads,1,2025-03-22,2025-03-24,23,2025-03-29
2305,27,4,Social / ads,0,2025-04-25,,0,
2306,23,7,Field sales,0,2025-09-28,2025-09-30,33,2025-10-16
2307,30,9,Organic,0,2025-04-08,,0,
2308,15,4,Referral,0,2025-07-14,,0,
2309,28,4,Field sales,0,2025-06-04,2025-06-05,29,2025-06-11
2310,8,6,Referral,1,2025-09-23,2025-09-25,28,2025-09-29
2311,8,1,Organic,0,2025-08-30,2025-09-02,20,2025-09-04
2312,15,6,Referral,1,2025-10-06,2025-10-07,2,
2313,13,6,Organic,0,2025-07-15,,0,
2314,14,4,Organic,0,2025-09-16,2025-09-17,49,2025-10-04
2315,25,1,Social / ads,0,2025-09-20,2025-09-22,18,2025-09-28
2316,3,1,Referral,0,2025-02-10,2025-02-17,19,2025-03-01
2317,21,2,Referral,1,2025-10-14,2025-10-31,24,2025-11-05
2318,4,8,Referral,1,2025-11-23,2025-11-25,52,
2319,26,5,Referral,0,2025-11-25,2025-11-27,20,2025-12-08
2320,9,4,Organic,1,2025-08-16,2025-08-23,14,2025-08-31
2321,22,3,Referral,1,2025-10-02,2025-10-02,22,2025-10-11
2322,18,6,Organic,0,2025-02-12,2025-02-12,16,
2323,14,2,Field sales,1,2025-11-14,2025-11-21,16,2025-12-03
2324,11,1,Organic,1,2025-04-24,2025-04-25,4,2025-05-06
2325,3,5,Social / ads,1,2025-09-01,2025-09-04,24,2025-09-05
2326,13,2,Social / ads,0,2025-07-20,,0,
2327,9,2,Referral,1,2025-06-03,2025-06-03,37,2025-06-18
2328,6,3,Organic,0,2025-02-16,2025-02-17,35,
2329,22,1,Organic,1,2025-04-24,2025-05-07,15,2025-05-09
2330,9,8,Field sales,1,2025-10-25,2025-11-03,18,2025-11-09
2331,10,7,Field sales,1,2025-08-01,2025-08-03,42,2025-08-13
2332,13,9,Field sales,1,2025-07-07,2025-07-09,32,
2333,14,9,Social / ads,0,2025-02-13,2025-02-13,54,2025-03-03
2334,15,2,Referral,1,2025-08-27,2025-09-01,9,2025-09-27
2335,20,2,Field sales,1,2025-06-05,2025-06-05,9,2025-06-06
2336,18,5,Referral,1,2025-06-09,2025-06-21,12,2025-06-26
2337,15,1,Field sales,1,2025-10-07,2025-10-09,7,2025-10-10
2338,14,9,Referral,1,2025-06-21,2025-06-21,5,2025-07-02
2339,11,1,Social / ads,1,2025-09-24,,0,
2340,21,4,Organic,0,2025-10-25,2025-10-31,22,2025-11-05
2341,12,5,Organic,1,2025-01-30,2025-02-01,20,2025-02-17
2342,27,8,Organic,0,2025-08-24,2025-08-28,21,
2343,17,5,Social / ads,0,2025-07-24,2025-07-27,5,
2344,19,4,Referral,1,2025-07-01,2025-07-09,11,
2345,15,2,Organic,0,2025-11-06,2025-11-08,13,2025-11-25
2346,30,4,Referral,0,2025-07-28,,0,
2347,14,6,Referral,0,2025-09-06,2025-09-12,5,
2348,14,4,Social / ads,0,2025-11-20,2025-11-23,7,2025-11-26
2349,28,6,Social / ads,0,2025-05-23,2025-05-24,11,2025-06-06
2350,18,1,Social / ads,1,2025-05-14,2025-05-14,38,2025-07-03
2351,14,2,Social / ads,0,2025-09-19,2025-09-26,20,2025-10-02
2352,11,9,Organic,1,2025-08-13,,0,
2353,10,2,Organic,0,2025-09-24,2025-09-26,14,2025-10-13
2354,25,4,Referral,0,2025-08-24,,0,
2355,11,4,Field sales,0,2025-09-24,2025-09-26,24,2025-10-01
2356,1,8,Organic,0,2025-09-30,2025-09-30,14,
2357,1,1,Field sales,1,2025-08-12,2025-08-12,9,2025-08-17
2358,32,2,Organic,0,2025-07-12,2025-07-16,4,2025-07-19
2359,17,7,Organic,1,2025-11-18,2025-11-23,10,
2360,15,5,Organic,0,2025-03-29,2025-04-07,32,2025-04-10
2361,29,4,Social / ads,0,2025-06-03,2025-06-04,45,2025-06-16
2362,13,2,Field sales,1,2025-06-18,2025-06-18,8,2025-06-24
2363,24,2,Referral,0,2025-05-27,2025-05-27,4,
2364,21,8,Social / ads,1,2025-11-11,2025-11-13,34,2025-11-23
2365,15,5,Social / ads,1,2025-02-24,2025-02-24,17,
2366,24,8,Organic,0,2025-03-16,2025-03-18,5,
2367,31,9,Social / ads,0,2025-05-17,2025-05-23,1,2025-05-27
2368,9,4,Organic,0,2025-03-26,2025-04-02,7,2025-04-12
2369,1,4,Referral,1,2025-09-20,2025-09-24,11,2025-09-25
2370,25,5,Organic,1,2025-09-26,2025-09-29,6,2025-10-22
2371,14,7,Referral,1,2025-10-17,2025-10-19,28,2025-10-27
2372,16,5,Referral,1,2025-09-18,2025-09-21,8,2025-09-26
2373,10,1,Organic,1,2025-08-31,2025-09-02,16,2025-09-10
2374,26,8,Referral,1,2025-01-26,2025-01-26,109,2025-01-30
2375,21,5,Field sales,0,2025-09-21,2025-09-23,18,2025-09-29
2376,31,7,Field sales,1,2025-06-06,2025-06-07,14,
2377,14,3,Organic,0,2025-05-09,2025-05-09,15,2025-05-18
2378,32,3,Organic,0,2025-11-15,2025-11-16,28,
2379,15,5,Organic,1,2025-10-31,,0,
2380,18,6,Social / ads,0,2025-07-23,2025-07-23,7,
2381,20,1,Social / ads,1,2025-09-25,2025-09-25,11,2025-09-29
2382,15,2,Organic,1,2025-08-03,2025-08-04,9,2025-08-10
2383,17,6,Field sales,0,2025-06-15,2025-06-18,13,2025-06-20
2384,10,9,Referral,1,2025-10-27,2025-10-30,70,2025-11-09
2385,13,1,Social / ads,1,2025-08-09,2025-08-11,26,
2386,21,2,Organic,0,2025-10-18,2025-10-21,15,2025-10-28
2387,2,3,Referral,1,2025-10-31,,0,
2388,21,1,Referral,0,2025-03-02,2025-03-02,19,2025-03-06
2389,12,1,Organic,0,2025-09-26,2025-10-05,4,2025-11-16
2390,11,4,Organic,1,2025-08-26,,0,
2391,20,5,Organic,0,2025-06-20,2025-06-25,14,2025-07-04
2392,9,2,Referral,1,2025-11-17,2025-11-17,2,2025-11-20
2393,31,2,Field sales,1,2025-08-16,2025-08-18,4,2025-08-31
2394,32,9,Field sales,0,2025-06-09,2025-06-11,40,2025-06-17
2395,14,3,Organic,1,2025-10-04,2025-10-08,4,2025-10-18
2396,14,6,Social / ads,0,2025-08-12,2025-08-19,48,
2397,4,2,Organic,1,2025-08-26,2025-08-28,17,2025-09-03
2398,24,7,Social / ads,1,2025-06-10,,0,
2399,8,7,Organic,0,2025-07-15,2025-07-17,13,
2400,30,2,Social / ads,0,2025-07-28,2025-07-28,24,
2401,32,5,Social / ads,1,2025-05-31,2025-06-06,21,
2402,6,5,Social / ads,0,2025-05-05,,0,
2403,20,3,Social / ads,1,2025-04-12,2025-04-12,7,
2404,14,6,Organic,1,2025-10-26,2025-10-27,21,2025-11-10
2405,16,2,Field sales,0,2025-03-17,2025-03-21,3,
2406,8,3,Referral,0,2025-03-24,,0,
2407,22,9,Referral,1,2025-09-15,2025-09-15,19,2025-09-19
2408,8,1,Social / ads,0,2025-07-07,2025-07-07,23,
2409,28,1,Organic,1,2025-04-17,2025-04-23,2,2025-04-27
2410,14,1,Referral,0,2025-09-07,2025-09-07,6,
2411,19,9,Social / ads,0,2025-11-14,2025-11-15,10,
2412,29,1,Organic,1,2025-05-20,2025-05-21,28,2025-06-03
2413,22,1,Organic,1,2025-11-17,2025-11-18,7,2025-12-09
2414,16,5,Organic,0,2025-10-09,2025-10-10,126,2025-10-16
2415,14,6,Social / ads,0,2025-05-26,2025-05-29,13,2025-05-31
2416,14,4,Social / ads,1,2025-03-09,,0,
2417,13,9,Organic,1,2025-10-16,2025-10-19,14,2025-11-02
2418,30,1,Field sales,1,2025-11-18,2025-11-20,7,
2419,10,4,Referral,0,2025-10-01,2025-10-06,6,2025-10-10
2420,14,4,Field sales,0,2025-01-30,2025-01-31,36,
2421,24,2,Field sales,0,2025-05-13,2025-05-14,24,
2422,13,8,Social / ads,1,2025-02-21,2025-02-23,24,
2423,28,4,Organic,0,2025-10-13,2025-10-20,45,2025-10-25
2424,10,1,Organic,1,2025-05-21,2025-05-21,24,2025-07-16
2425,2,1,Referral,1,2025-10-19,2025-10-19,7,2025-11-20
2426,19,1,Referral,1,2025-09-21,2025-09-23,28,2025-10-05
2427,15,8,Referral,1,2025-02-23,2025-02-23,6,
2428,30,1,Organic,0,2025-02-06,2025-02-09,11,
2429,14,8,Organic,1,2025-10-26,2025-10-26,15,2025-11-07
2430,6,1,Social / ads,1,2025-06-29,2025-06-30,14,2025-07-21
2431,12,9,Organic,0,2025-10-20,,0,
2432,14,7,Referral,1,2025-01-16,2025-01-19,7,2025-01-24
2433,17,1,Social / ads,1,2025-11-23,2025-11-27,16,
2434,11,1,Organic,1,2025-02-01,2025-02-07,10,2025-02-09
2435,16,6,Organic,1,2025-09-24,,0,
2436,29,1,Organic,1,2025-04-29,2025-05-06,46,
2437,14,2,Referral,0,2025-01-06,2025-01-10,6,2025-01-20
2438,19,6,Organic,1,2025-06-04,2025-06-04,17,2025-06-12
2439,10,8,Field sales,1,2025-06-05,2025-06-05,58,2025-06-21
2440,25,6,Organic,0,2025-03-30,2025-04-03,14,
2441,11,8,Organic,1,2025-08-25,2025-09-03,11,2025-09-05
2442,17,4,Organic,0,2025-08-22,2025-08-24,32,2025-09-03
2443,12,6,Organic,1,2025-10-16,2025-10-19,13,2025-10-23
2444,3,2,Organic,0,2025-10-16,2025-10-23,45,2025-10-27
2445,12,6,Social / ads,1,2025-08-19,2025-08-23,10,2025-09-07
2446,9,5,Organic,0,2025-01-31,2025-02-06,11,
2447,28,4,Referral,0,2025-05-20,2025-05-20,30,2025-05-25
2448,11,9,Referral,0,2025-04-02,2025-04-02,17,2025-04-08
2449,31,3,Field sales,0,2025-08-18,,0,
2450,15,4,Field sales,1,2025-11-26,2025-11-27,3,
2451,10,4,Organic,1,2025-11-23,2025-11-23,12,2025-11-26
2452,14,2,Field sales,0,2025-05-02,2025-05-02,32,2025-05-08
2453,8,2,Organic,0,2025-11-23,,0,
2454,26,9,Social / ads,1,2025-06-15,2025-06-18,28,2025-07-20
2455,6,2,Organic,0,2025-11-05,2025-11-18,20,2025-11-20
2456,27,5,Field sales,0,2025-06-03,2025-06-04,14,
2457,3,4,Field sales,0,2025-09-10,2025-09-17,48,
2458,12,8,Field sales,0,2025-07-24,2025-07-31,12,2025-08-06
2459,7,6,Organic,0,2025-07-12,2025-07-14,13,2025-07-18
2460,20,1,Field sales,1,2025-06-29,2025-07-01,13,2025-07-13
2461,15,2,Field sales,0,2025-10-07,2025-10-09,17,2025-10-21
2462,30,6,Referral,1,2025-09-08,2025-09-17,30,2025-10-30
2463,13,1,Organic,1,2025-02-25,2025-02-26,5,
2464,2,4,Organic,0,2025-05-06,2025-05-06,32,2025-05-08
2465,23,2,Organic,0,2025-07-28,2025-07-29,17,2025-08-29
2466,17,1,Social / ads,1,2025-01-16,2025-01-19,25,2025-01-26
2467,26,9,Referral,0,2025-03-27,2025-03-31,111,2025-04-05
2468,14,8,Field sales,1,2025-08-20,2025-08-26,10,2025-09-03
2469,22,6,Field sales,1,2025-06-02,2025-06-05,6,2025-06-07
2470,8,1,Field sales,0,2025-11-07,2025-11-07,19,
2471,32,9,Field sales,0,2025-06-11,2025-06-23,21,2025-06-29
2472,8,5,Field sales,1,2025-09-26,2025-10-12,33,2025-10-27
2473,26,9,Referral,1,2025-06-20,2025-06-22,10,
2474,9,1,Organic,0,2025-09-01,2025-09-02,8,2025-09-16
2475,24,1,Social / ads,1,2025-11-25,,0,
2476,27,5,Social / ads,0,2025-07-23,2025-07-23,5,2025-08-14
2477,28,8,Referral,1,2025-05-04,2025-05-04,11,2025-05-15
2478,14,1,Social / ads,0,2025-04-28,2025-05-08,14,2025-05-13
2479,14,2,Social / ads,1,2025-08-23,2025-09-04,85,2025-09-08
2480,26,4,Referral,1,2025-04-06,2025-04-06,4,
2481,17,9,Field sales,1,2025-05-31,2025-06-01,21,2025-06-12
2482,18,6,Field sales,0,2025-11-02,2025-11-06,9,2025-11-08
2483,10,8,Organic,0,2025-08-15,2025-08-17,19,2025-08-25
2484,14,5,Organic,1,2025-09-30,2025-10-15,10,2025-10-19
2485,14,7,Referral,1,2025-08-03,2025-08-06,37,2025-08-09
2486,20,4,Social / ads,1,2025-06-01,2025-06-02,37,
2487,9,1,Organic,0,2025-03-29,2025-04-09,15,2025-04-16
2488,14,5,Social / ads,1,2025-05-16,2025-05-16,52,2025-05-28
2489,27,4,Field sales,0,2025-11-23,2025-11-23,30,2025-11-27
2490,16,3,Field sales,1,2025-07-02,2025-07-03,50,2025-07-04
2491,28,2,Organic,0,2025-11-26,2025-11-29,15,
2492,10,6,Referral,0,2025-09-08,2025-09-23,35,2025-10-09
2493,14,7,Organic,1,2025-09-26,2025-09-30,8,
2494,15,2,Organic,1,2025-09-18,2025-09-18,8,2025-10-11
2495,14,8,Organic,0,2025-04-02,2025-04-08,94,2025-04-15
2496,20,2,Organic,1,2025-04-23,2025-04-24,6,2025-04-30
2497,7,1,Organic,0,2025-05-21,2025-05-23,11,
2498,16,1,Referral,0,2025-07-04,2025-07-12,3,2025-07-30
2499,7,3,Referral,1,2025-10-16,2025-10-16,8,2025-10-27
2500,19,1,Organic,0,2025-11-09,2025-11-15,7,2025-11-28
2501,26,6,Social / ads,1,2025-07-05,2025-07-08,9,2025-07-11
2502,1,6,Referral,0,2025-08-12,2025-08-15,20,
2503,14,4,Social / ads,1,2025-04-09,,0,
2504,15,8,Field sales,1,2025-05-11,2025-05-12,7,2025-05-24
2505,21,9,Organic,1,2025-09-14,2025-09-14,8,2025-09-16
2506,4,3,Social / ads,1,2025-11-09,2025-11-09,39,2025-11-14
2507,14,1,Social / ads,1,2025-11-18,2025-11-27,64,2025-12-18
2508,24,1,Field sales,1,2025-09-29,2025-10-04,44,2025-10-14
2509,16,5,Referral,0,2025-05-19,,0,
2510,23,2,Referral,1,2025-07-06,2025-07-08,42,2025-07-16
2511,13,5,Referral,1,2025-11-14,2025-11-21,72,
2512,29,5,Social / ads,1,2025-05-19,2025-05-20,4,2025-05-25
2513,4,4,Referral,1,2025-07-14,2025-07-15,39,
2514,4,1,Organic,1,2025-04-12,2025-04-16,19,2025-04-30
2515,16,2,Organic,1,2025-05-23,2025-05-24,12,
2516,14,2,Organic,0,2025-10-25,2025-10-26,17,
2517,19,7,Organic,0,2025-09-02,2025-09-13,23,2025-09-23
2518,10,5,Organic,0,2025-07-12,2025-07-13,41,2025-08-01
2519,10,5,Social / ads,1,2025-08-11,2025-08-13,39,2025-08-23
2520,23,5,Organic,0,2025-09-13,2025-09-16,4,
2521,11,4,Organic,0,2025-08-04,2025-08-04,9,2025-08-12
2522,22,1,Organic,0,2025-10-25,2025-10-30,17,2025-11-02
2523,19,1,Referral,1,2025-02-16,2025-02-16,57,
2524,4,1,Field sales,1,2025-11-26,2025-11-30,1,2025-12-11
2525,21,1,Referral,1,2025-02-27,,0,
2526,28,2,Social / ads,1,2025-05-28,2025-06-09,4,2025-06-29
2527,25,6,Social / ads,0,2025-06-08,2025-06-22,5,2025-06-27
2528,1,1,Social / ads,1,2025-07-21,,0,
2529,16,1,Social / ads,1,2025-11-11,2025-11-12,10,2025-11-18
2530,29,1,Organic,1,2025-07-27,,0,
2531,18,2,Referral,1,2025-10-28,2025-11-02,14,2025-11-11
2532,11,1,Organic,1,2025-03-13,2025-03-15,83,
2533,9,1,Social / ads,1,2025-09-25,2025-09-27,3,2025-10-04
2534,20,2,Organic,1,2025-05-07,2025-05-07,25,
2535,23,9,Organic,1,2025-06-27,2025-07-03,57,2025-07-05
2536,29,2,Organic,0,2025-03-25,2025-03-27,15,2025-03-30
2537,29,1,Field sales,0,2025-06-27,2025-07-01,76,2025-07-09
2538,13,3,Field sales,0,2025-09-26,,0,
2539,18,1,Organic,0,2025-03-16,2025-03-16,52,2025-03-24
2540,5,4,Referral,1,2025-05-02,2025-05-02,43,2025-05-16
2541,5,2,Organic,0,2025-10-04,,0,
2542,4,8,Social / ads,0,2025-04-11,,0,
2543,30,8,Organic,1,2025-06-01,,0,
2544,7,6,Organic,1,2025-11-26,2025-12-01,2,2025-12-09
2545,15,1,Field sales,0,2025-06-27,,0,
2546,14,3,Referral,1,2025-01-05,2025-01-10,24,
2547,12,2,Social / ads,0,2025-07-17,2025-07-20,17,2025-07-27
2548,16,6,Referral,1,2025-03-15,2025-03-21,14,
2549,1,1,Social / ads,1,2025-08-16,2025-08-19,48,2025-08-23
2550,14,5,Organic,0,2025-07-26,,0,
2551,15,2,Organic,0,2025-04-09,2025-04-09,10,
2552,25,3,Social / ads,0,2025-04-07,2025-04-07,18,2025-04-09
2553,21,2,Organic,0,2025-09-09,2025-09-09,84,2025-09-18
2554,27,2,Social / ads,0,2025-10-31,2025-11-05,27,2025-11-11
2555,14,5,Organic,1,2025-04-07,2025-04-14,12,2025-04-23
2556,7,4,Referral,0,2025-08-28,2025-08-28,15,2025-09-07
2557,14,1,Organic,1,2025-06-15,2025-06-15,23,2025-06-16
2558,31,1,Referral,1,2025-10-13,2025-10-25,11,2025-11-06
2559,9,7,Social / ads,0,2025-04-17,2025-04-27,10,2025-05-13
2560,8,3,Organic,1,2025-03-11,2025-03-12,16,
2561,30,4,Organic,0,2025-07-11,2025-07-12,55,
2562,31,3,Organic,1,2025-03-06,,0,
2563,7,4,Organic,1,2025-06-11,,0,
2564,23,4,Organic,1,2025-09-18,2025-09-29,32,
2565,14,1,Social / ads,0,2025-05-25,2025-05-25,16,2025-05-29
2566,15,4,Organic,0,2025-10-25,2025-10-26,21,2025-10-29
2567,15,4,Referral,1,2025-01-24,2025-01-30,20,2025-02-08
2568,31,1,Referral,1,2025-11-06,2025-11-13,3,2025-11-15
2569,9,6,Organic,1,2025-08-07,,0,
2570,24,1,Organic,1,2025-06-15,,0,
2571,1,1,Field sales,0,2025-09-02,2025-09-04,8,2025-09-16
2572,19,6,Field sales,0,2025-10-02,2025-10-04,4,
2573,19,7,Social / ads,1,2025-07-27,,0,
2574,23,1,Referral,1,2025-06-08,2025-06-08,34,
2575,30,5,Field sales,0,2025-10-10,2025-10-11,21,
2576,23,1,Social / ads,1,2025-08-28,,0,
2577,22,6,Social / ads,1,2025-06-18,,0,
2578,10,3,Social / ads,0,2025-09-29,,0,
2579,32,6,Organic,1,2025-07-06,2025-07-11,30,2025-07-19
2580,14,2,Social / ads,1,2025-07-30,2025-08-02,26,
2581,14,2,Social / ads,1,2025-06-06,,0,
2582,15,7,Social / ads,0,2025-11-11,2025-11-12,17,2025-11-26
2583,14,1,Field sales,1,2025-06-25,2025-06-25,30,2025-06-29
2584,18,1,Social / ads,0,2025-09-22,2025-09-22,9,2025-09-30
2585,13,2,Referral,1,2025-04-03,2025-04-06,39,2025-04-12
2586,10,4,Field sales,1,2025-07-15,2025-07-15,25,2025-07-17
2587,30,1,Field sales,0,2025-06-05,2025-06-12,16,2025-06-18
2588,30,4,Field sales,1,2025-10-05,2025-10-18,55,
2589,15,2,Social / ads,1,2025-08-12,2025-08-13,5,2025-08-17
2590,31,5,Organic,1,2025-09-12,2025-09-25,11,2025-10-05
2591,14,8,Organic,0,2025-05-28,2025-05-31,9,2025-06-12
2592,14,3,Organic,1,2025-07-27,2025-07-28,21,2025-08-04
2593,29,4,Field sales,0,2025-02-27,2025-02-27,42,2025-03-02
2594,19,3,Field sales,1,2025-05-29,2025-05-31,7,2025-06-04
2595,23,1,Social / ads,1,2025-07-30,2025-07-31,231,2025-08-04
2596,14,6,Social / ads,1,2025-11-05,,0,
2597,14,8,Referral,1,2025-09-26,2025-09-29,21,
2598,4,7,Organic,0,2025-08-31,2025-09-02,16,
2599,31,8,Field sales,1,2025-07-19,2025-07-20,17,2025-07-27
2600,10,3,Social / ads,0,2025-01-12,2025-01-20,8,2025-01-22
2601,15,5,Field sales,1,2025-09-30,2025-10-09,38,2025-10-12
2602,5,1,Social / ads,1,2025-01-30,2025-02-03,8,2025-02-14
2603,19,9,Social / ads,1,2025-08-08,2025-08-15,3,2025-08-22
2604,14,4,Organic,0,2025-10-05,,0,
2605,23,2,Field sales,1,2025-05-19,2025-05-23,52,2025-05-27
2606,16,6,Referral,0,2025-08-10,2025-08-16,44,2025-08-24
2607,6,4,Referral,0,2025-05-25,2025-05-27,3,2025-05-31
2608,1,8,Organic,0,2025-07-25,2025-08-11,31,2025-08-16
2609,9,6,Organic,1,2025-05-24,2025-05-26,3,2025-06-03
2610,22,7,Organic,0,2025-09-30,2025-10-01,16,2025-10-08
2611,26,4,Field sales,1,2025-07-05,2025-07-08,6,2025-07-11
2612,13,4,Organic,1,2025-11-01,2025-11-04,33,2025-11-11
2613,16,6,Referral,1,2025-08-28,2025-09-06,25,
2614,10,1,Referral,0,2025-08-16,2025-08-19,36,2025-09-12
2615,28,1,Referral,1,2025-02-07,2025-02-07,12,2025-02-13
2616,31,9,Social / ads,0,2025-08-11,2025-08-11,14,2025-08-19
2617,23,8,Referral,0,2025-02-19,2025-02-24,4,2025-03-04
2618,4,9,Organic,1,2025-10-11,2025-10-12,7,
2619,14,1,Social / ads,1,2025-09-27,,0,
2620,32,2,Social / ads,0,2025-09-05,2025-09-08,22,
2621,10,8,Field sales,1,2025-10-20,2025-10-21,17,2025-10-31
2622,20,1,Social / ads,1,2025-10-16,2025-10-16,45,2025-11-16
2623,30,3,Organic,1,2025-10-07,2025-10-07,5,2025-10-19
2624,24,2,Social / ads,0,2025-10-23,2025-10-23,29,2025-11-04
2625,18,7,Organic,1,2025-06-28,2025-07-02,6,2025-07-14
2626,15,4,Referral,1,2025-08-31,2025-09-06,53,2025-09-10
2627,30,2,Organic,1,2025-10-12,2025-10-16,25,2025-10-19
2628,14,4,Social / ads,1,2025-01-23,2025-01-24,35,2025-01-27
2629,29,1,Organic,0,2025-08-05,,0,
2630,14,6,Organic,1,2025-08-16,2025-08-17,94,2025-09-05
2631,23,4,Organic,0,2025-10-18,2025-10-20,81,
2632,29,4,Field sales,0,2025-10-02,2025-10-03,23,2025-10-09
2633,17,3,Organic,1,2025-07-26,2025-08-03,42,2025-08-26
2634,12,2,Referral,0,2025-06-02,2025-06-07,12,2025-06-12
2635,3,1,Organic,0,2025-03-08,2025-03-10,5,2025-03-13
2636,25,8,Social / ads,0,2025-08-18,,0,
2637,18,2,Organic,0,2025-03-28,2025-03-30,7,2025-04-17
2638,11,3,Social / ads,1,2025-05-15,2025-05-24,46,2025-05-28
2639,28,2,Organic,0,2025-11-08,2025-11-12,38,2025-11-14
2640,29,9,Organic,1,2025-10-20,,0,
2641,28,6,Organic,0,2025-05-06,2025-05-14,18,2025-05-26
2642,18,1,Organic,1,2025-06-05,,0,
2643,32,4,Referral,0,2025-01-19,2025-01-20,20,2025-02-03
2644,28,3,Organic,0,2025-10-10,2025-10-10,11,2025-10-12
2645,5,6,Social / ads,0,2025-11-06,,0,
2646,32,9,Referral,1,2025-03-20,2025-03-21,35,2025-03-22
2647,16,6,Organic,0,2025-11-02,2025-11-03,22,2025-11-05
2648,29,7,Referral,0,2025-05-28,2025-05-28,149,2025-06-08
2649,23,4,Organic,0,2025-09-02,,0,
2650,19,2,Organic,0,2025-05-27,,0,
2651,12,5,Organic,0,2025-06-02,2025-06-07,21,2025-07-16
2652,2,6,Organic,0,2025-10-29,,0,
2653,11,1,Organic,1,2025-04-19,2025-04-19,7,2025-04-22
2654,20,4,Social / ads,1,2025-05-31,2025-06-03,15,2025-06-08
2655,27,1,Field sales,0,2025-03-13,2025-03-18,31,2025-03-23
2656,1,1,Social / ads,0,2025-09-08,2025-09-14,12,
2657,9,8,Organic,1,2025-06-10,2025-06-12,30,
2658,20,1,Social / ads,1,2025-07-13,,0,
2659,11,7,Organic,1,2025-11-24,2025-11-28,22,2025-12-08
2660,7,2,Organic,0,2025-02-19,,0,
2661,4,5,Social / ads,0,2025-06-12,2025-06-20,13,2025-06-25
2662,19,8,Organic,0,2025-10-26,2025-10-28,5,2025-11-06
2663,18,6,Referral,1,2025-10-31,2025-11-01,13,2025-11-12
2664,27,7,Social / ads,1,2025-06-08,2025-06-08,8,2025-06-15
2665,12,2,Field sales,0,2025-04-22,2025-04-23,3,2025-04-29
2666,6,2,Referral,1,2025-08-05,2025-08-10,15,2025-08-11
2667,25,6,Organic,1,2025-06-29,2025-07-01,19,2025-07-08
2668,32,6,Organic,1,2025-10-13,2025-10-15,37,2025-10-26
2669,13,6,Social / ads,0,2025-09-12,2025-09-15,6,2025-09-22
2670,27,6,Organic,1,2025-08-21,2025-08-22,17,2025-08-26
2671,23,1,Organic,1,2025-08-01,2025-08-04,40,2025-08-06
2672,29,2,Organic,1,2025-06-28,2025-07-01,10,2025-07-11
2673,14,8,Social / ads,0,2025-03-22,,0,
2674,5,4,Social / ads,1,2025-03-11,2025-03-15,59,
2675,6,6,Referral,1,2025-09-10,2025-09-12,3,2025-09-14
2676,23,4,Social / ads,1,2025-06-01,,0,
2677,27,8,Organic,1,2025-07-15,2025-07-15,41,2025-07-17
2678,14,7,Social / ads,0,2025-06-14,,0,
2679,3,2,Organic,0,2025-10-30,2025-10-31,49,2025-11-17
2680,3,8,Organic,1,2025-06-23,2025-06-24,27,2025-07-22
2681,18,2,Organic,0,2025-05-23,,0,
2682,29,3,Social / ads,1,2025-09-16,,0,
2683,14,7,Social / ads,0,2025-08-08,2025-08-09,72,2025-08-19
2684,19,2,Referral,1,2025-02-22,2025-02-26,20,
2685,16,2,Organic,1,2025-03-24,2025-03-29,5,2025-04-05
2686,28,5,Organic,0,2025-03-23,,0,
2687,26,9,Referral,0,2025-03-31,2025-04-01,37,2025-05-04
2688,9,1,Organic,0,2025-11-20,2025-11-24,36,2025-12-02
2689,20,5,Organic,0,2025-08-03,2025-08-04,12,2025-08-11
2690,26,4,Field sales,0,2025-03-09,2025-03-09,69,
2691,30,2,Field sales,0,2025-09-27,2025-10-07,12,2025-10-13
2692,18,6,Social / ads,1,2025-11-20,2025-11-21,23,2025-11-29
2693,8,4,Referral,1,2025-10-13,2025-10-22,23,2025-10-28
2694,17,6,Organic,0,2025-03-10,2025-03-12,5,2025-03-28
2695,20,6,Referral,0,2025-08-07,2025-08-09,15,
2696,11,9,Organic,0,2025-09-24,2025-09-25,110,2025-10-28
2697,31,7,Field sales,1,2025-01-28,2025-02-08,7,2025-02-15
2698,10,1,Social / ads,1,2025-06-22,2025-06-23,27,2025-07-02
2699,29,6,Organic,1,2025-06-08,2025-06-08,6,
2700,14,5,Organic,0,2025-06-22,2025-06-22,7,2025-06-30
2701,1,1,Social / ads,1,2025-08-02,2025-08-08,5,2025-08-24
2702,16,4,Referral,0,2025-07-14,2025-07-18,34,2025-07-20
2703,19,6,Referral,1,2025-10-11,2025-10-11,8,2025-10-21
2704,27,1,Field sales,1,2025-11-22,2025-11-29,45,2025-12-28
2705,16,3,Referral,0,2025-07-14,2025-07-15,10,2025-08-03
2706,5,4,Organic,1,2025-08-17,2025-08-19,18,
2707,30,2,Social / ads,0,2025-07-21,2025-07-25,22,
2708,17,7,Social / ads,1,2025-09-02,2025-09-15,4,
2709,11,1,Organic,1,2025-11-26,2025-11-28,19,2025-12-02
2710,28,6,Organic,0,2025-05-28,,0,
2711,6,6,Field sales,0,2025-07-14,2025-07-24,40,2025-07-27
2712,5,3,Field sales,1,2025-11-01,,0,
2713,16,4,Organic,1,2025-06-16,2025-06-20,8,
2714,19,1,Referral,0,2025-05-01,2025-05-05,27,
2715,15,1,Field sales,0,2025-06-18,2025-06-24,50,
2716,30,4,Referral,0,2025-07-06,2025-07-07,10,2025-07-16
2717,11,1,Organic,0,2025-10-24,,0,
2718,32,6,Organic,1,2025-07-17,2025-07-24,12,
2719,1,4,Referral,0,2025-09-16,2025-09-16,7,
2720,6,1,Social / ads,0,2025-10-02,,0,
2721,9,2,Referral,0,2025-08-05,2025-08-07,6,2025-08-14
2722,4,7,Organic,0,2025-04-26,2025-04-26,35,2025-05-04
2723,14,2,Social / ads,0,2025-09-24,2025-09-27,19,2025-10-01
2724,27,6,Organic,0,2025-09-20,2025-09-20,36,2025-09-23
2725,25,1,Referral,1,2025-02-08,,0,
2726,22,8,Organic,1,2025-11-14,2025-11-16,4,2025-11-18
2727,1,3,Field sales,0,2025-11-22,2025-11-22,46,
2728,27,3,Field sales,1,2025-09-19,2025-09-22,9,2025-09-25
2729,14,4,Social / ads,1,2025-11-10,2025-11-15,5,2025-11-17
2730,22,2,Organic,1,2025-06-09,2025-06-20,13,2025-06-30
2731,22,6,Referral,0,2025-02-14,2025-02-15,19,2025-02-18
2732,8,1,Organic,0,2025-11-12,2025-11-15,14,
2733,16,1,Social / ads,0,2025-09-04,2025-09-04,23,2025-09-09
2734,30,1,Organic,1,2025-07-28,2025-07-29,21,
2735,11,5,Field sales,1,2025-06-10,2025-06-11,20,2025-07-01
2736,21,8,Field sales,1,2025-07-24,2025-07-24,48,
2737,31,1,Organic,0,2025-10-24,2025-10-27,16,2025-10-29
2738,13,7,Organic,1,2025-02-17,2025-02-17,15,2025-02-28
2739,14,7,Organic,0,2025-10-29,,0,
2740,14,1,Referral,0,2025-11-04,2025-11-12,25,2025-11-18
2741,25,1,Social / ads,0,2025-03-25,2025-03-26,7,2025-04-17
2742,14,2,Referral,0,2025-10-05,2025-10-05,15,
2743,15,1,Social / ads,0,2025-05-22,2025-05-24,23,
2744,10,6,Organic,0,2025-01-23,2025-01-29,10,2025-02-03
2745,32,4,Organic,1,2025-07-24,2025-08-03,10,2025-08-10
2746,28,2,Social / ads,1,2025-07-19,2025-07-19,5,2025-07-23
2747,18,6,Social / ads,1,2025-01-17,,0,
2748,31,2,Organic,1,2025-11-12,2025-11-20,12,
2749,20,7,Field sales,0,2025-08-06,2025-08-11,18,2025-08-12
2750,31,5,Social / ads,1,2025-06-23,2025-06-26,6,2025-07-05
2751,8,2,Social / ads,0,2025-04-18,2025-04-22,49,2025-04-30
2752,10,4,Field sales,1,2025-09-14,2025-09-14,7,2025-09-16
2753,28,1,Organic,0,2025-09-09,,0,
2754,14,9,Organic,1,2025-11-08,2025-11-16,22,2025-12-06
2755,14,3,Field sales,1,2025-10-25,2025-10-27,93,
2756,23,8,Referral,1,2025-10-13,2025-10-14,25,2025-10-18
2757,19,9,Organic,0,2025-07-22,,0,
2758,13,4,Organic,1,2025-07-14,2025-07-17,38,2025-07-26
2759,14,6,Organic,0,2025-05-23,2025-05-27,63,2025-06-02
2760,14,4,Referral,0,2025-10-19,2025-11-02,3,2025-11-15
2761,6,1,Organic,0,2025-07-07,,0,
2762,10,9,Organic,0,2025-07-24,,0,
2763,16,3,Organic,0,2025-10-24,2025-10-28,13,2025-11-04
2764,24,8,Social / ads,0,2025-11-10,,0,
2765,14,5,Field sales,1,2025-08-24,2025-08-27,12,
2766,14,1,Organic,0,2025-07-05,2025-07-12,10,2025-07-13
2767,19,2,Referral,1,2025-10-25,2025-10-25,55,2025-11-10
2768,7,1,Referral,0,2025-10-31,2025-10-31,15,2025-11-05
2769,14,1,Field sales,1,2025-11-15,2025-11-17,11,2025-11-27
2770,9,6,Field sales,1,2025-10-11,2025-10-17,10,2025-11-09
2771,19,1,Field sales,0,2025-10-26,2025-10-27,21,
2772,5,9,Field sales,1,2025-09-22,2025-09-23,17,2025-09-28
2773,14,3,Organic,1,2025-06-23,2025-06-28,8,2025-07-05
2774,18,3,Organic,1,2025-07-13,2025-07-14,20,
2775,26,2,Organic,0,2025-08-21,2025-08-29,10,2025-10-02
2776,22,1,Referral,1,2025-09-27,2025-10-02,2,2025-10-09
2777,30,4,Referral,1,2025-08-04,2025-08-07,28,2025-08-30
2778,20,2,Field sales,0,2025-10-02,2025-10-04,26,2025-10-09
2779,13,4,Organic,0,2025-06-09,2025-06-10,19,2025-06-17
2780,10,4,Field sales,1,2025-11-09,2025-11-11,11,2025-11-25
2781,3,1,Organic,1,2025-10-31,,0,
2782,11,3,Organic,1,2025-07-13,2025-07-13,31,2025-07-19
2783,6,2,Field sales,0,2025-08-05,2025-08-09,9,2025-08-22
2784,14,1,Organic,1,2025-09-22,2025-10-03,32,2025-10-09
2785,21,6,Organic,1,2025-04-16,,0,
2786,20,1,Organic,1,2025-04-18,2025-04-21,18,2025-05-07
2787,12,2,Field sales,0,2025-06-18,2025-06-18,16,
2788,15,4,Organic,1,2025-11-23,2025-11-24,36,2025-12-16
2789,9,3,Social / ads,0,2025-11-16,,0,
2790,15,8,Social / ads,1,2025-10-18,,0,
2791,15,7,Social / ads,0,2025-03-08,2025-03-08,5,2025-03-13
2792,12,6,Organic,0,2025-01-25,2025-01-25,10,2025-02-06
2793,11,4,Field sales,1,2025-08-24,2025-08-26,20,2025-08-29
2794,32,3,Organic,1,2025-08-13,2025-08-21,3,2025-08-24
2795,16,1,Social / ads,1,2025-11-07,2025-11-10,11,
2796,17,7,Referral,0,2025-08-28,,0,
2797,1,3,Organic,1,2025-03-18,2025-03-18,15,2025-03-31
2798,8,2,Organic,0,2025-07-23,,0,
2799,13,4,Social / ads,1,2025-04-05,2025-04-06,4,
2800,31,6,Social / ads,0,2025-03-06,,0,
2801,8,4,Referral,0,2025-03-18,2025-03-18,16,
2802,12,1,Referral,1,2025-10-15,2025-10-19,14,2025-10-24
2803,32,8,Social / ads,1,2025-09-26,,0,
2804,15,1,Social / ads,0,2025-07-11,2025-07-11,12,
2805,12,9,Social / ads,1,2025-04-26,,0,
2806,19,3,Organic,0,2025-10-21,,0,
2807,15,8,Field sales,0,2025-09-26,,0,
2808,31,8,Social / ads,1,2025-11-17,,0,
2809,4,2,Organic,1,2025-05-23,2025-05-27,18,2025-07-21
2810,24,6,Organic,1,2025-08-20,2025-08-22,70,2025-08-28
2811,11,1,Organic,1,2025-09-05,2025-09-20,39,2025-10-07
2812,25,1,Referral,0,2025-11-25,2025-11-30,24,2025-12-02
2813,26,2,Social / ads,0,2025-05-22,2025-05-29,20,2025-05-31
2814,27,4,Organic,1,2025-04-10,2025-04-22,14,
2815,27,1,Referral,0,2025-06-17,2025-06-22,7,
2816,21,4,Organic,1,2025-11-18,2025-11-19,13,
2817,7,9,Social / ads,0,2025-02-14,2025-02-22,26,2025-02-28
2818,3,7,Social / ads,0,2025-07-16,,0,
2819,13,1,Referral,1,2025-02-15,2025-02-18,30,2025-02-24
2820,15,4,Field sales,0,2025-10-11,2025-10-11,43,2025-10-15
2821,12,1,Organic,0,2025-01-14,2025-01-15,14,
2822,22,2,Social / ads,1,2025-10-11,2025-10-11,19,2025-10-14
2823,21,8,Field sales,1,2025-05-05,2025-05-06,3,
2824,31,9,Organic,0,2025-06-22,2025-06-26,99,
2825,14,1,Social / ads,1,2025-08-09,2025-08-09,11,2025-08-16
2826,24,1,Organic,1,2025-03-21,2025-03-21,27,
2827,22,2,Field sales,1,2025-09-28,2025-10-08,11,
2828,32,3,Organic,0,2025-10-06,2025-10-06,11,2025-10-14
2829,24,1,Field sales,1,2025-03-27,2025-03-28,13,2025-04-03
2830,11,1,Organic,1,2025-05-27,2025-05-27,6,2025-06-04
2831,1,3,Organic,1,2025-03-19,2025-03-22,2,
2832,31,1,Referral,1,2025-10-20,,0,
2833,21,7,Social / ads,0,2025-08-26,2025-08-28,25,2025-09-04
2834,25,6,Organic,1,2025-09-08,2025-09-08,7,2025-09-10
2835,24,4,Field sales,0,2025-05-08,2025-05-11,23,2025-05-18
2836,22,3,Referral,1,2025-10-10,2025-10-10,31,2025-10-16
2837,23,7,Social / ads,0,2025-09-27,2025-09-28,9,2025-10-05
2838,30,1,Organic,1,2025-04-25,2025-04-27,22,
2839,29,8,Referral,0,2025-07-23,2025-07-24,36,2025-08-06
2840,14,1,Social / ads,1,2025-07-11,2025-07-13,5,2025-07-28
2841,2,8,Organic,0,2025-08-25,2025-09-01,25,2025-09-06
2842,2,1,Referral,1,2025-05-13,2025-05-14,22,
2843,14,7,Social / ads,1,2025-04-09,2025-04-12,74,
2844,26,1,Organic,0,2025-05-30,,0,
2845,26,7,Organic,1,2025-08-01,2025-08-05,11,2025-08-13
2846,14,4,Organic,1,2025-08-19,,0,
2847,12,1,Social / ads,0,2025-04-08,2025-04-10,82,2025-04-29
2848,15,6,Social / ads,0,2025-10-11,2025-10-11,12,2025-10-24
2849,26,1,Field sales,0,2025-08-01,2025-08-04,26,2025-08-09
2850,19,4,Field sales,0,2025-11-17,2025-11-17,13,2025-11-22
2851,7,2,Organic,1,2025-07-11,2025-07-11,39,2025-07-25
2852,13,6,Organic,1,2025-09-24,,0,
2853,17,7,Organic,0,2025-03-01,2025-03-04,16,2025-03-13
2854,16,3,Organic,1,2025-08-17,,0,
2855,26,6,Organic,1,2025-07-11,2025-07-15,11,2025-08-02
2856,30,8,Field sales,1,2025-04-23,2025-04-23,4,2025-04-29
2857,5,5,Organic,1,2025-09-23,2025-09-26,17,2025-10-03
2858,10,2,Organic,1,2025-07-25,2025-07-30,17,2025-08-09
2859,14,3,Organic,1,2025-10-04,,0,
2860,12,1,Organic,0,2025-07-12,2025-07-14,3,2025-08-07
2861,14,3,Organic,0,2025-11-16,2025-11-21,19,2025-11-26
2862,2,1,Organic,0,2025-03-20,,0,
2863,3,6,Organic,1,2025-06-21,,0,
2864,26,4,Referral,1,2025-09-08,2025-09-09,7,2025-09-11
2865,5,5,Social / ads,0,2025-09-10,2025-09-12,22,2025-09-20
2866,26,1,Social / ads,1,2025-05-11,,0,
2867,12,1,Social / ads,1,2025-10-12,2025-10-14,32,2025-10-21
2868,12,6,Field sales,0,2025-10-31,2025-10-31,7,
2869,5,4,Social / ads,0,2025-09-21,2025-09-27,41,2025-10-02
2870,1,8,Referral,1,2025-11-19,2025-11-19,55,2025-11-26
2871,13,4,Field sales,0,2025-07-08,,0,
2872,26,1,Referral,0,2025-05-31,2025-06-03,22,2025-06-16
2873,29,5,Organic,0,2025-10-27,,0,
2874,3,5,Organic,1,2025-07-13,2025-07-14,7,
2875,2,1,Organic,0,2025-04-25,2025-04-27,11,2025-05-03
2876,7,5,Social / ads,0,2025-08-14,2025-08-15,19,
2877,23,1,Organic,1,2025-03-09,,0,
2878,9,1,Field sales,0,2025-07-06,2025-07-07,6,2025-07-11
2879,10,1,Social / ads,0,2025-09-03,2025-09-07,60,2025-09-09
2880,28,4,Referral,1,2025-01-21,2025-01-24,14,2025-02-01
2881,28,6,Organic,1,2025-05-26,2025-06-04,15,2025-06-07
2882,20,1,Referral,1,2025-05-04,2025-05-06,43,2025-05-15
2883,8,6,Organic,0,2025-02-17,2025-02-18,82,
2884,14,6,Social / ads,1,2025-11-07,2025-11-08,23,
2885,10,2,Field sales,1,2025-02-16,2025-03-02,41,2025-03-09
2886,20,1,Field sales,1,2025-05-10,2025-05-11,7,2025-05-18
2887,24,2,Referral,0,2025-08-02,2025-08-06,10,2025-08-12
2888,7,1,Field sales,0,2025-01-17,2025-01-22,5,2025-01-27
2889,28,9,Field sales,1,2025-07-03,2025-07-11,10,2025-07-17
2890,14,7,Organic,1,2025-07-30,2025-08-01,25,2025-08-17
2891,24,1,Organic,1,2025-08-05,2025-08-21,19,2025-08-23
2892,3,4,Organic,1,2025-10-24,2025-10-25,65,2025-10-29
2893,13,2,Referral,0,2025-11-26,2025-11-28,85,
2894,1,1,Social / ads,1,2025-10-29,2025-11-03,14,2025-11-16
2895,21,2,Field sales,0,2025-11-02,2025-11-12,9,
2896,4,1,Referral,0,2025-08-09,2025-08-09,41,
2897,13,1,Social / ads,0,2025-05-01,2025-05-08,45,2025-05-10
2898,24,2,Organic,1,2025-10-09,2025-10-10,23,2025-10-13
2899,23,2,Organic,1,2025-04-05,2025-04-07,28,2025-04-12
2900,19,3,Social / ads,1,2025-08-15,2025-08-18,25,2025-08-30
2901,20,4,Social / ads,0,2025-11-22,2025-12-03,7,
2902,19,2,Field sales,0,2025-02-03,2025-02-14,6,2025-02-19
2903,19,3,Organic,0,2025-05-14,,0,
2904,13,2,Social / ads,0,2025-03-19,2025-03-23,14,2025-03-30
2905,2,9,Social / ads,1,2025-06-25,2025-07-17,20,2025-07-22
2906,14,1,Field sales,0,2025-06-06,2025-06-11,14,2025-06-14
2907,2,4,Organic,0,2025-09-29,2025-10-03,4,
2908,14,1,Referral,1,2025-09-12,2025-09-14,3,2025-09-29
2909,14,2,Social / ads,0,2025-01-16,2025-01-17,29,2025-01-20
2910,8,4,Social / ads,0,2025-09-26,2025-09-27,9,
2911,24,6,Referral,0,2025-10-28,2025-11-01,13,2025-11-12
2912,21,9,Referral,0,2025-07-06,2025-07-08,10,
2913,17,3,Field sales,1,2025-05-19,2025-05-23,7,2025-06-01
2914,30,1,Referral,0,2025-03-23,2025-03-30,7,
2915,11,6,Referral,1,2025-06-19,2025-06-19,37,2025-06-22
2916,11,1,Organic,0,2025-08-31,2025-08-31,13,2025-09-25
2917,8,4,Organic,1,2025-10-02,2025-10-11,27,2025-10-16
2918,16,7,Social / ads,0,2025-10-06,2025-10-07,30,2025-10-17
2919,9,2,Organic,1,2025-11-17,2025-11-24,21,2025-11-27
2920,27,4,Organic,1,2025-11-15,2025-11-18,31,2025-12-09
2921,12,1,Social / ads,1,2025-06-22,2025-06-26,16,2025-07-24
2922,15,1,Field sales,0,2025-05-18,2025-05-23,48,2025-05-25
2923,16,9,Organic,1,2025-08-04,,0,
2924,12,1,Organic,1,2025-10-09,2025-10-10,35,2025-10-28
2925,22,2,Social / ads,1,2025-09-07,2025-09-11,7,2025-09-16
2926,20,4,Referral,1,2025-04-30,2025-05-16,20,
2927,23,2,Referral,0,2025-10-23,,0,
2928,18,1,Referral,1,2025-09-21,2025-09-21,50,
2929,14,1,Organic,1,2025-06-29,2025-06-30,9,2025-07-09
2930,14,3,Field sales,1,2025-02-24,,0,
2931,21,3,Organic,1,2025-04-06,2025-04-12,5,
2932,14,6,Referral,1,2025-03-09,2025-03-09,15,2025-03-11
2933,14,2,Organic,1,2025-01-22,2025-01-27,13,2025-02-07
2934,8,8,Organic,1,2025-11-19,2025-11-20,70,2025-11-22
2935,20,2,Organic,1,2025-07-08,2025-07-15,32,2025-08-05
2936,4,2,Social / ads,1,2025-11-14,,0,
2937,32,8,Organic,0,2025-05-26,2025-05-29,4,
2938,7,7,Organic,1,2025-04-02,2025-04-05,2,2025-04-17
2939,14,2,Organic,0,2025-08-16,2025-08-21,7,2025-08-24
2940,10,2,Field sales,0,2025-09-12,2025-09-19,5,2025-09-23
2941,11,7,Referral,0,2025-05-12,2025-05-15,21,2025-05-20
2942,12,1,Social / ads,1,2025-04-12,,0,
2943,21,2,Field sales,0,2025-08-04,2025-08-08,16,2025-08-10
2944,8,4,Referral,0,2025-10-04,,0,
2945,11,7,Field sales,0,2025-03-17,2025-04-04,18,2025-04-08
2946,5,4,Organic,0,2025-11-15,2025-11-19,5,
2947,13,3,Social / ads,1,2025-11-08,2025-11-08,15,
2948,30,9,Social / ads,0,2025-06-15,,0,
2949,14,1,Organic,0,2025-07-17,2025-07-18,12,2025-07-22
2950,24,6,Field sales,1,2025-09-27,2025-10-01,23,2025-10-16
2951,14,1,Organic,1,2025-11-10,2025-11-12,3,2025-11-23
2952,14,6,Referral,0,2025-09-15,2025-09-22,3,
2953,26,4,Social / ads,1,2025-02-01,2025-02-09,21,2025-02-14
2954,2,2,Social / ads,0,2025-02-09,,0,
2955,27,4,Organic,1,2025-08-08,2025-08-08,13,
2956,15,7,Field sales,0,2025-08-16,2025-08-19,91,
2957,13,3,Field sales,1,2025-11-09,2025-11-14,5,2025-11-17
2958,29,1,Organic,0,2025-08-15,2025-08-16,9,2025-08-28
2959,13,1,Field sales,1,2025-03-29,2025-03-31,18,2025-04-03
2960,32,5,Field sales,0,2025-06-27,2025-06-28,23,2025-07-10
2961,30,5,Social / ads,1,2025-07-09,2025-07-09,10,2025-08-06
2962,11,2,Social / ads,1,2025-11-05,2025-11-08,7,2025-11-17
2963,13,1,Organic,1,2025-05-08,,0,
2964,25,6,Organic,1,2025-08-06,2025-08-08,18,2025-08-16
2965,9,2,Organic,0,2025-02-05,,0,
2966,22,1,Organic,1,2025-03-03,2025-03-04,24,2025-03-11
2967,6,2,Referral,1,2025-06-18,2025-06-22,14,2025-07-02
2968,9,4,Social / ads,0,2025-10-17,2025-10-25,14,
2969,15,9,Referral,1,2025-06-12,2025-06-17,14,2025-06-21
2970,22,4,Field sales,1,2025-08-15,2025-08-19,8,
2971,22,1,Organic,0,2025-11-12,2025-11-13,7,2025-11-17
2972,18,7,Organic,1,2025-11-01,2025-11-01,10,2025-11-02
2973,11,2,Social / ads,0,2025-06-17,,0,
2974,14,9,Field sales,0,2025-10-18,2025-10-18,3,2025-10-27
2975,10,2,Organic,1,2025-10-10,2025-10-14,35,2025-10-29
2976,11,8,Social / ads,0,2025-05-23,2025-06-03,16,2025-06-26
2977,12,7,Referral,0,2025-10-20,,0,
2978,18,7,Organic,1,2025-07-18,2025-07-20,59,2025-07-31
2979,9,1,Referral,0,2025-04-22,2025-04-23,17,2025-05-01
2980,2,7,Field sales,1,2025-10-20,2025-10-23,5,2025-11-01
2981,20,6,Organic,1,2025-07-26,,0,
2982,1,2,Social / ads,0,2025-11-02,,0,
2983,31,3,Referral,1,2025-04-23,2025-05-06,7,2025-05-10
2984,13,5,Referral,1,2025-02-07,2025-02-11,12,2025-03-12
2985,1,8,Social / ads,1,2025-07-13,2025-07-17,11,2025-07-18
2986,28,6,Referral,0,2025-03-26,2025-04-02,3,2025-04-13
2987,18,3,Referral,0,2025-09-20,2025-09-23,21,2025-10-02
2988,25,5,Organic,1,2025-10-17,2025-10-17,32,2025-10-26
2989,14,1,Organic,1,2025-08-16,2025-08-22,27,2025-08-25
2990,13,3,Organic,0,2025-07-30,2025-07-31,16,
2991,19,6,Organic,1,2025-02-25,2025-02-27,34,2025-03-10
2992,14,4,Referral,1,2025-04-27,2025-05-01,6,2025-05-19
2993,17,6,Organic,1,2025-08-20,,0,
2994,11,4,Organic,0,2025-09-30,2025-10-07,8,2025-10-19
2995,13,2,Referral,1,2025-10-04,2025-10-19,9,2025-10-24
2996,4,6,Organic,0,2025-06-26,2025-06-26,10,2025-07-05
2997,24,1,Field sales,0,2025-09-04,,0,
2998,13,9,Field sales,1,2025-11-10,2025-11-19,14,2025-11-24
2999,32,8,Organic,0,2025-07-31,2025-07-31,13,2025-08-16
3000,11,8,Organic,1,2025-04-26,2025-04-26,18,2025-04-28
