CustomerID,CityID,AcquisitionSource,SignupDate
1,24,Paid ads,2025-12-01
2,3,Paid ads,2025-11-28
3,21,Organic,2025-10-01
7,17,Organic,2025-06-20
8,18,Organic,2025-05-26
9,15,Referral,2025-12-09
11,25,Organic,2025-11-25
13,28,Organic,2025-08-14
16,17,Organic,2025-09-29
17,25,Organic,2025-02-27
18,21,Organic,2025-04-11
19,29,Organic,2025-10-20
20,20,Paid ads,2025-11-18
21,22,Referral,2025-03-12
22,25,Organic,2025-04-26
23,32,Organic,2025-04-04
24,24,Paid ads,2025-10-15
25,10,Referral,2025-05-29
26,25,Paid ads,2025-07-24
27,15,Referral,2025-08-05
30,21,Paid ads,2025-08-18
31,30,Organic,2025-06-29
33,23,Influencer,2025-11-30
34,1,Organic,2025-07-13
35,13,Referral,2025-11-15
37,21,Organic,2025-05-25
38,31,Influencer,2025-05-10
40,22,Referral,2025-06-02
41,15,Organic,2025-04-06
42,18,Organic,2025-03-26
43,23,Paid ads,2025-12-14
44,22,Organic,2025-09-11
45,32,Referral,2025-10-07
46,16,Influencer,2025-04-23
47,30,Influencer,2025-05-31
48,28,Organic,2025-06-03
49,29,Paid ads,2025-06-30
50,21,Organic,2025-04-17
51,20,Organic,2025-09-11
52,26,Organic,2025-05-21
53,29,Paid ads,2025-12-14
54,7,Organic,2025-06-03
56,30,Organic,2025-08-27
57,31,Organic,2025-09-01
58,30,Organic,2025-06-09
60,23,Paid ads,2025-08-05
61,27,Influencer,2025-12-08
62,15,Organic,2025-05-17
63,8,Organic,2025-05-10
64,8,Referral,2025-06-04
65,27,Paid ads,2025-08-02
66,24,Influencer,2025-07-22
67,28,Paid ads,2025-06-29
69,30,Organic,2025-10-02
70,21,Influencer,2025-11-27
72,23,Influencer,2025-07-29
73,23,Organic,2025-04-05
74,10,Organic,2025-05-15
75,3,Paid ads,2025-03-08
77,23,Paid ads,2025-08-02
79,17,Paid ads,2025-08-14
80,24,Referral,2025-08-28
82,9,Referral,2025-11-10
84,18,Referral,2025-05-06
85,17,Paid ads,2025-07-09
86,31,Paid ads,2025-09-07
88,14,Paid ads,2025-03-14
89,4,Organic,2025-04-21
90,22,Organic,2025-05-10
91,30,Paid ads,2025-09-01
92,29,Organic,2025-04-14
93,32,Organic,2025-06-29
94,14,Organic,2025-11-15
95,9,Influencer,2025-10-15
96,19,Referral,2025-10-24
98,24,Organic,2025-09-29
99,29,Organic,2025-05-06
100,23,Influencer,2025-04-06
101,17,Paid ads,2025-10-07
102,28,Influencer,2025-05-28
103,32,Organic,2025-10-01
104,26,Referral,2025-06-19
106,20,Paid ads,2025-09-19
107,32,Organic,2025-07-29
108,19,Referral,2025-12-18
109,28,Paid ads,2025-02-22
110,31,Referral,2025-07-29
112,11,Organic,2025-08-01
113,21,Organic,2025-10-08
114,24,Organic,2025-09-10
116,21,Referral,2025-05-12
117,30,Organic,2025-11-12
118,2,Paid ads,2025-06-02
119,12,Organic,2025-11-17
120,29,Paid ads,2025-03-27
123,13,Referral,2025-04-05
125,31,Organic,2025-08-14
128,31,Referral,2025-07-28
129,24,Influencer,2025-06-23
130,10,Organic,2025-03-20
131,24,Paid ads,2025-08-04
132,23,Referral,2025-08-16
133,16,Organic,2025-06-15
134,10,Organic,2025-08-07
135,17,Referral,2025-11-11
137,25,Influencer,2025-06-15
140,10,Influencer,2025-08-17
141,12,Organic,2025-05-29
142,24,Organic,2025-09-02
143,23,Organic,2025-10-12
145,21,Organic,2025-11-28
146,21,Paid ads,2025-10-15
147,10,Paid ads,2025-08-23
148,18,Organic,2025-11-16
149,28,Paid ads,2025-06-29
151,32,Organic,2025-11-22
152,26,Organic,2025-09-17
154,18,Organic,2025-06-23
155,30,Organic,2025-09-10
156,22,Paid ads,2025-04-14
157,1,Organic,2025-05-24
158,23,Paid ads,2025-03-29
159,16,Organic,2025-05-31
160,30,Organic,2025-06-18
161,15,Influencer,2025-03-14
162,15,Organic,2025-06-19
164,26,Paid ads,2025-10-22
165,5,Paid ads,2025-09-25
166,11,Paid ads,2025-03-14
167,27,Paid ads,2025-04-23
170,4,Organic,2025-08-08
171,27,Organic,2025-08-27
172,29,Paid ads,2025-03-19
174,13,Organic,2025-06-08
175,13,Paid ads,2025-06-25
176,3,Organic,2025-06-24
177,30,Organic,2025-02-19
178,18,Paid ads,2025-08-29
179,21,Organic,2025-10-28
180,27,Organic,2025-11-24
181,25,Referral,2025-07-08
182,25,Referral,2025-11-23
183,23,Organic,2025-08-02
184,19,Paid ads,2025-07-10
186,29,Paid ads,2025-04-04
189,16,Influencer,2025-10-07
190,4,Paid ads,2025-10-26
191,20,Organic,2025-09-24
192,22,Organic,2025-01-24
193,22,Paid ads,2025-03-23
195,15,Paid ads,2025-09-12
196,32,Referral,2025-06-17
197,13,Paid ads,2025-10-26
198,27,Referral,2025-04-27
199,25,Organic,2025-11-09
200,30,Influencer,2025-06-30
201,21,Organic,2025-02-27
203,7,Organic,2025-08-04
204,8,Organic,2025-07-24
205,31,Paid ads,2025-06-01
206,25,Organic,2025-10-06
208,20,Organic,2025-08-07
209,3,Organic,2025-08-07
210,31,Organic,2025-09-11
214,20,Organic,2025-08-20
215,23,Referral,2025-10-16
216,27,Influencer,2025-10-11
217,23,Paid ads,2025-12-09
219,17,Paid ads,2025-05-07
221,27,Organic,2025-08-09
222,26,Paid ads,2025-07-20
223,30,Paid ads,2025-10-01
224,30,Referral,2025-11-01
225,25,Organic,2025-05-31
226,23,Paid ads,2025-03-16
227,12,Organic,2025-10-14
228,24,Referral,2025-07-10
230,3,Referral,2025-09-18
232,31,Influencer,2025-05-22
233,28,Paid ads,2025-08-05
234,18,Influencer,2025-06-10
235,30,Organic,2025-08-15
236,25,Influencer,2025-09-25
237,20,Paid ads,2025-09-22
238,32,Organic,2025-06-15
239,24,Influencer,2025-03-23
242,18,Organic,2025-10-22
243,12,Paid ads,2025-09-17
244,18,Paid ads,2025-03-21
245,32,Organic,2025-06-15
246,21,Paid ads,2025-08-20
247,29,Referral,2025-08-27
248,9,Paid ads,2025-08-25
249,26,Influencer,2025-11-17
250,28,Organic,2025-10-05
253,12,Paid ads,2025-11-11
254,24,Organic,2025-10-15
255,32,Paid ads,2025-06-17
256,10,Organic,2025-11-18
257,32,Organic,2025-11-11
259,27,Paid ads,2025-09-07
260,17,Referral,2025-04-08
261,27,Organic,2025-10-03
262,6,Influencer,2025-10-04
263,29,Paid ads,2025-04-26
265,17,Organic,2025-09-05
266,16,Referral,2025-10-01
267,25,Paid ads,2025-10-11
268,1,Organic,2025-05-15
269,6,Paid ads,2025-05-09
270,25,Organic,2025-04-25
271,2,Influencer,2025-06-19
273,25,Paid ads,2025-09-30
274,2,Organic,2025-09-23
275,10,Paid ads,2025-03-26
276,1,Organic,2025-09-10
277,32,Referral,2025-06-13
280,31,Organic,2025-07-18
281,25,Organic,2025-05-24
282,13,Organic,2025-05-08
283,20,Organic,2025-06-04
284,24,Organic,2025-06-23
285,24,Referral,2025-06-19
286,23,Referral,2025-05-29
287,6,Paid ads,2025-04-13
288,26,Organic,2025-08-29
289,6,Paid ads,2025-08-21
290,24,Influencer,2025-01-26
291,27,Paid ads,2025-11-10
292,16,Paid ads,2025-04-09
293,30,Organic,2025-10-16
294,25,Organic,2025-03-27
295,19,Paid ads,2025-09-05
296,4,Influencer,2025-08-06
297,31,Referral,2025-10-01
298,21,Referral,2025-10-12
299,8,Referral,2025-06-10
300,10,Paid ads,2025-11-13
302,12,Organic,2025-11-04
303,16,Referral,2025-05-19
304,20,Organic,2025-08-25
305,32,Paid ads,2025-11-24
307,10,Organic,2025-09-27
308,1,Organic,2025-07-30
309,8,Organic,2025-02-25
311,7,Influencer,2025-05-28
315,25,Paid ads,2025-05-17
316,17,Influencer,2025-02-14
317,22,Paid ads,2025-09-26
318,29,Organic,2025-04-23
319,26,Paid ads,2025-08-29
321,10,Paid ads,2025-11-10
322,12,Influencer,2025-11-11
324,16,Organic,2025-12-06
327,31,Organic,2025-04-26
329,25,Organic,2025-12-27
330,14,Influencer,2025-09-20
332,18,Paid ads,2025-07-03
333,5,Referral,2025-10-15
334,9,Organic,2025-07-04
335,29,Organic,2025-12-20
336,16,Organic,2025-07-22
337,16,Referral,2025-06-18
338,5,Paid ads,2025-05-07
339,25,Paid ads,2025-09-08
343,29,Influencer,2025-09-08
346,25,Paid ads,2025-09-02
347,30,Organic,2025-08-20
348,22,Influencer,2025-08-20
349,4,Organic,2025-10-30
350,27,Organic,2025-04-12
352,22,Influencer,2025-09-18
354,32,Organic,2025-08-24
355,19,Organic,2025-05-06
356,28,Organic,2025-05-15
357,31,Organic,2025-07-03
359,27,Paid ads,2025-06-02
360,31,Organic,2025-11-10
361,26,Influencer,2025-04-30
362,27,Organic,2025-06-11
363,31,Referral,2025-06-28
364,18,Influencer,2025-07-03
365,17,Organic,2025-04-04
366,21,Organic,2025-11-10
367,27,Referral,2025-05-27
368,28,Influencer,2025-11-10
370,3,Organic,2025-06-13
372,10,Referral,2025-06-07
373,31,Organic,2025-02-21
374,30,Organic,2025-08-14
375,23,Organic,2025-05-19
376,3,Paid ads,2025-03-13
378,21,Referral,2025-12-10
379,14,Organic,2025-05-27
380,23,Paid ads,2025-06-06
381,13,Influencer,2025-07-23
382,9,Influencer,2025-10-13
383,29,Organic,2025-07-14
384,23,Paid ads,2025-09-18
385,5,Influencer,2025-05-29
386,30,Referral,2025-10-13
387,18,Influencer,2025-05-23
388,16,Influencer,2025-07-09
389,12,Organic,2025-06-14
390,32,Organic,2025-04-10
391,29,Referral,2025-11-19
393,26,Organic,2025-11-04
394,9,Influencer,2025-09-05
395,24,Organic,2025-05-12
396,28,Influencer,2025-05-12
397,26,Organic,2025-07-10
398,20,Paid ads,2025-10-29
399,16,Influencer,2025-07-07
400,26,Paid ads,2025-03-18
401,28,Organic,2025-09-17
402,25,Organic,2025-07-20
403,32,Paid ads,2025-11-14
404,21,Referral,2025-06-26
405,18,Referral,2025-08-27
406,4,Paid ads,2025-05-28
407,9,Organic,2025-10-10
408,19,Organic,2025-05-25
410,29,Paid ads,2025-07-01
412,5,Influencer,2025-07-04
413,19,Paid ads,2025-05-18
414,26,Referral,2025-08-23
415,15,Paid ads,2025-12-14
416,29,Organic,2025-08-20
417,30,Influencer,2025-09-15
419,21,Paid ads,2025-07-01
420,25,Paid ads,2025-07-18
421,19,Referral,2025-11-03
422,21,Influencer,2025-09-06
423,20,Organic,2025-08-07
424,19,Influencer,2025-10-08
425,25,Organic,2025-12-05
426,23,Organic,2025-10-09
427,2,Influencer,2025-05-12
428,17,Paid ads,2025-07-15
430,24,Organic,2025-06-20
432,4,Organic,2025-07-28
434,10,Referral,2025-07-30
435,27,Organic,2025-11-13
438,26,Paid ads,2025-11-01
439,6,Organic,2025-07-20
440,17,Paid ads,2025-06-28
442,21,Influencer,2025-06-22
443,22,Referral,2025-09-02
444,30,Referral,2025-06-12
445,18,Referral,2025-08-06
446,32,Organic,2025-03-12
447,20,Organic,2025-09-29
448,14,Organic,2025-08-24
449,6,Paid ads,2025-10-06
450,12,Influencer,2025-08-03
451,17,Organic,2025-10-24
452,11,Influencer,2025-08-31
455,26,Organic,2025-08-18
457,23,Referral,2025-05-07
458,31,Organic,2025-07-24
462,26,Organic,2025-04-15
463,22,Organic,2025-07-08
464,7,Referral,2025-09-02
468,24,Influencer,2025-05-11
469,17,Paid ads,2025-12-14
470,17,Paid ads,2025-04-30
471,25,Referral,2025-07-07
472,15,Influencer,2025-09-17
473,12,Paid ads,2025-09-23
474,19,Organic,2025-05-28
475,27,Referral,2025-07-19
476,13,Organic,2025-05-28
477,6,Paid ads,2025-05-03
478,5,Paid ads,2025-05-12
480,11,Organic,2025-07-07
481,25,Paid ads,2025-08-06
482,24,Paid ads,2025-07-01
483,16,Influencer,2025-08-01
484,19,Organic,2025-04-06
485,3,Influencer,2025-09-28
486,27,Paid ads,2025-11-03
487,29,Organic,2025-07-13
489,32,Organic,2025-07-27
490,22,Paid ads,2025-06-12
492,14,Referral,2025-10-24
494,22,Organic,2025-11-20
495,23,Organic,2025-02-25
496,22,Organic,2025-10-16
497,26,Organic,2025-11-26
498,30,Referral,2025-08-09
499,29,Paid ads,2025-09-22
500,29,Organic,2025-07-22
501,13,Organic,2025-10-19
502,10,Referral,2025-05-26
503,29,Organic,2025-11-03
504,30,Organic,2025-07-20
505,30,Organic,2025-05-19
506,18,Influencer,2025-08-11
507,26,Referral,2025-07-26
509,29,Paid ads,2025-08-01
510,21,Referral,2025-04-20
511,21,Paid ads,2025-05-15
512,26,Paid ads,2025-10-16
513,26,Influencer,2025-07-31
514,16,Referral,2025-07-27
515,30,Paid ads,2025-10-16
516,11,Organic,2025-05-01
517,3,Organic,2025-05-13
518,25,Organic,2025-08-05
519,4,Paid ads,2025-09-09
520,24,Paid ads,2025-02-01
521,16,Paid ads,2025-05-21
522,7,Organic,2025-04-21
523,13,Paid ads,2025-08-11
524,2,Paid ads,2025-06-06
525,9,Influencer,2025-02-09
526,32,Organic,2025-07-06
527,29,Organic,2025-03-26
528,16,Influencer,2025-04-15
530,28,Paid ads,2025-06-30
531,24,Influencer,2025-09-05
533,29,Paid ads,2025-08-27
535,11,Referral,2025-05-20
536,17,Influencer,2025-03-31
537,22,Paid ads,2025-06-30
540,6,Referral,2025-04-16
542,11,Influencer,2025-07-27
543,30,Organic,2025-05-14
544,29,Paid ads,2025-12-22
548,21,Organic,2025-04-10
549,29,Paid ads,2025-09-16
550,24,Referral,2025-08-20
551,19,Organic,2025-08-27
552,21,Organic,2025-06-15
553,27,Organic,2025-08-19
554,29,Organic,2025-09-27
557,26,Influencer,2025-11-29
558,14,Organic,2025-07-12
559,26,Paid ads,2025-03-16
560,15,Referral,2025-04-03
561,18,Organic,2025-02-14
562,29,Organic,2025-10-08
563,6,Organic,2025-07-31
565,31,Organic,2025-08-08
566,22,Paid ads,2025-08-15
567,5,Organic,2025-12-17
568,3,Paid ads,2025-08-17
569,6,Paid ads,2025-02-27
570,7,Referral,2025-07-18
571,23,Organic,2025-04-09
572,31,Influencer,2025-09-13
574,13,Paid ads,2025-04-07
575,28,Referral,2025-04-17
577,25,Organic,2025-10-18
579,25,Organic,2025-05-13
580,24,Organic,2025-08-26
581,24,Influencer,2025-02-28
582,12,Organic,2025-09-10
586,21,Organic,2025-04-12
587,20,Influencer,2025-06-28
588,24,Referral,2025-11-26
589,29,Paid ads,2025-10-31
590,16,Paid ads,2025-06-17
591,30,Organic,2025-05-26
592,30,Paid ads,2025-11-12
595,32,Organic,2025-09-17
596,24,Paid ads,2025-07-02
597,12,Paid ads,2025-09-25
599,29,Organic,2025-07-09
600,12,Paid ads,2025-06-21
602,31,Influencer,2025-06-25
605,16,Paid ads,2025-10-07
606,26,Organic,2025-10-09
607,14,Paid ads,2025-08-20
608,17,Paid ads,2025-07-09
609,13,Influencer,2025-09-27
610,28,Organic,2025-05-28
612,19,Organic,2025-06-23
613,10,Organic,2025-06-10
614,24,Paid ads,2025-10-24
615,9,Influencer,2025-03-24
616,29,Organic,2025-06-28
617,23,Organic,2025-11-28
618,28,Organic,2025-10-22
619,26,Paid ads,2025-05-12
620,23,Influencer,2025-06-15
621,9,Paid ads,2025-05-02
622,14,Referral,2025-09-06
624,30,Influencer,2025-08-11
625,1,Paid ads,2025-05-23
627,26,Influencer,2025-05-18
628,28,Paid ads,2025-06-29
629,16,Organic,2025-08-11
630,24,Influencer,2025-06-28
631,16,Paid ads,2025-11-21
632,12,Referral,2025-12-11
633,18,Organic,2025-07-25
634,10,Influencer,2025-03-11
635,24,Referral,2025-09-10
636,28,Paid ads,2025-04-07
637,25,Referral,2025-01-29
638,17,Referral,2025-07-22
639,31,Influencer,2025-09-03
640,29,Paid ads,2025-06-16
641,30,Referral,2025-08-09
642,14,Influencer,2025-05-24
643,9,Paid ads,2025-03-20
644,31,Organic,2025-08-12
645,29,Organic,2025-03-22
646,27,Referral,2025-03-30
647,3,Organic,2025-04-03
648,19,Paid ads,2025-07-31
649,17,Influencer,2025-12-24
651,24,Organic,2025-11-07
652,24,Influencer,2025-04-26
653,24,Paid ads,2025-05-06
654,16,Organic,2025-04-24
655,12,Organic,2025-09-01
657,30,Paid ads,2025-08-31
658,32,Paid ads,2025-09-17
659,30,Organic,2025-10-06
660,24,Organic,2025-11-24
661,9,Paid ads,2025-05-16
662,31,Organic,2025-12-22
664,13,Organic,2025-06-22
665,12,Organic,2025-09-02
666,6,Organic,2025-07-10
667,32,Organic,2025-06-07
668,30,Organic,2025-04-01
669,17,Paid ads,2025-05-06
670,14,Influencer,2025-05-24
671,25,Organic,2025-11-25
672,20,Organic,2025-07-20
673,16,Organic,2025-12-07
674,27,Organic,2025-05-01
675,8,Organic,2025-09-14
677,17,Organic,2025-08-11
678,17,Organic,2025-12-22
679,1,Influencer,2025-06-04
680,1,Organic,2025-04-09
681,12,Referral,2025-08-13
682,28,Organic,2025-04-10
683,25,Paid ads,2025-06-04
684,15,Organic,2025-08-04
685,27,Organic,2025-09-06
686,19,Organic,2025-11-19
687,29,Referral,2025-04-27
688,20,Influencer,2025-03-11
689,12,Paid ads,2025-08-15
690,17,Paid ads,2025-09-06
691,9,Paid ads,2025-04-27
693,13,Paid ads,2025-05-21
696,17,Influencer,2025-07-13
697,23,Referral,2025-03-18
698,11,Referral,2025-03-18
700,27,Paid ads,2025-08-27
701,1,Organic,2025-12-10
702,30,Influencer,2025-07-09
703,17,Organic,2025-10-24
704,11,Paid ads,2025-08-07
705,32,Referral,2025-08-03
706,31,Organic,2025-11-06
707,32,Influencer,2025-10-17
708,9,Referral,2025-11-22
709,24,Organic,2025-08-23
711,24,Paid ads,2025-07-22
712,23,Organic,2025-09-20
713,21,Influencer,2025-06-08
714,31,Paid ads,2025-07-20
717,31,Organic,2025-08-21
719,27,Organic,2025-06-28
720,25,Influencer,2025-12-17
721,26,Influencer,2025-11-05
723,23,Organic,2025-05-19
724,26,Paid ads,2025-10-29
725,24,Influencer,2025-04-25
726,32,Organic,2025-06-21
727,21,Organic,2025-07-17
728,8,Organic,2025-03-14
729,31,Organic,2025-07-20
730,26,Organic,2025-05-26
732,15,Organic,2025-02-23
733,22,Paid ads,2025-06-16
734,15,Paid ads,2025-10-27
735,25,Organic,2025-09-02
737,24,Referral,2025-03-30
739,15,Paid ads,2025-02-12
741,31,Organic,2025-10-17
742,28,Organic,2025-10-21
743,8,Paid ads,2025-07-04
744,22,Organic,2025-07-20
745,31,Paid ads,2025-08-03
746,26,Organic,2025-06-29
747,32,Paid ads,2025-08-15
748,22,Influencer,2025-06-08
749,24,Influencer,2025-04-07
751,27,Influencer,2025-11-07
753,24,Organic,2025-03-27
754,20,Paid ads,2025-08-29
755,20,Influencer,2025-08-28
757,22,Referral,2025-07-15
758,15,Paid ads,2025-05-27
759,31,Organic,2025-06-21
760,16,Organic,2025-08-23
761,8,Referral,2025-08-29
763,15,Paid ads,2025-10-21
764,5,Organic,2025-11-22
765,13,Organic,2025-05-29
767,28,Organic,2025-06-01
768,10,Organic,2025-06-28
770,27,Influencer,2025-10-10
771,30,Organic,2025-10-09
773,19,Organic,2025-05-01
774,23,Paid ads,2025-04-13
775,17,Paid ads,2025-08-12
776,24,Organic,2025-07-10
777,32,Paid ads,2025-11-03
778,12,Organic,2025-09-03
779,16,Paid ads,2025-10-28
782,31,Influencer,2025-10-08
783,28,Organic,2025-08-14
784,29,Paid ads,2025-09-26
785,14,Influencer,2025-08-09
786,32,Influencer,2025-12-07
787,3,Referral,2025-06-28
788,21,Paid ads,2025-11-04
789,4,Paid ads,2025-06-04
791,31,Paid ads,2025-07-08
792,20,Organic,2025-05-15
793,26,Influencer,2025-04-29
794,21,Organic,2025-10-09
796,15,Referral,2025-08-05
797,29,Organic,2025-05-07
798,28,Paid ads,2025-05-12
799,14,Paid ads,2025-04-09
800,30,Organic,2025-09-11
801,20,Referral,2025-03-30
802,22,Organic,2025-11-21
803,31,Organic,2025-12-20
804,11,Organic,2025-08-05
805,12,Organic,2025-09-15
807,22,Referral,2025-08-18
809,21,Organic,2025-09-15
810,22,Organic,2025-07-10
812,30,Organic,2025-04-27
813,25,Referral,2025-07-12
814,17,Organic,2025-06-07
815,31,Organic,2025-06-22
816,21,Organic,2025-06-02
817,8,Referral,2025-10-27
818,23,Paid ads,2025-10-08
819,27,Referral,2025-08-27
820,26,Organic,2025-11-19
821,20,Paid ads,2025-03-11
822,26,Organic,2025-07-06
823,9,Organic,2025-12-26
824,22,Organic,2025-10-17
825,11,Paid ads,2025-03-22
826,25,Organic,2025-08-08
827,21,Influencer,2025-06-10
829,6,Influencer,2025-05-17
830,26,Paid ads,2025-08-09
831,13,Referral,2025-04-26
833,23,Referral,2025-10-14
834,26,Organic,2025-09-03
835,9,Organic,2025-08-08
836,29,Paid ads,2025-04-11
838,32,Paid ads,2025-04-13
839,27,Organic,2025-05-01
840,10,Paid ads,2025-05-05
841,26,Referral,2025-04-06
843,32,Organic,2025-06-29
844,31,Paid ads,2025-10-05
845,20,Referral,2025-08-21
846,31,Organic,2025-04-27
847,28,Organic,2025-07-06
848,26,Paid ads,2025-06-16
849,21,Organic,2025-10-03
850,21,Paid ads,2025-06-02
852,31,Paid ads,2025-09-19
854,3,Organic,2025-06-08
857,29,Influencer,2025-11-14
858,17,Paid ads,2025-07-17
859,23,Paid ads,2025-04-06
862,10,Referral,2025-03-25
863,19,Paid ads,2025-10-07
864,21,Referral,2025-04-02
865,13,Referral,2025-05-15
866,3,Organic,2025-06-09
869,21,Influencer,2025-12-16
870,31,Paid ads,2025-08-11
871,14,Referral,2025-06-29
872,1,Organic,2025-03-16
874,28,Organic,2025-09-01
875,28,Paid ads,2025-07-04
876,30,Organic,2025-07-05
877,23,Paid ads,2025-09-02
879,11,Referral,2025-07-18
880,24,Organic,2025-11-09
881,23,Organic,2025-05-08
882,29,Organic,2025-08-22
883,31,Organic,2025-08-04
884,9,Organic,2025-03-07
885,22,Organic,2025-12-22
886,12,Paid ads,2025-06-25
887,11,Referral,2025-12-14
888,3,Organic,2025-07-03
890,15,Organic,2025-05-26
893,17,Referral,2025-05-05
894,2,Influencer,2025-05-31
896,18,Paid ads,2025-03-22
897,8,Organic,2025-08-12
899,11,Organic,2025-11-07
901,26,Influencer,2025-07-17
903,27,Paid ads,2025-07-01
905,31,Paid ads,2025-04-14
906,24,Organic,2025-06-18
908,28,Referral,2025-04-01
909,18,Organic,2025-07-21
910,8,Paid ads,2025-07-02
911,12,Paid ads,2025-04-16
912,24,Organic,2025-08-09
913,12,Organic,2025-05-26
914,19,Organic,2025-03-15
915,32,Organic,2025-02-19
916,21,Influencer,2025-07-14
917,31,Paid ads,2025-07-30
918,26,Organic,2025-05-07
919,25,Paid ads,2025-10-26
920,23,Paid ads,2025-10-27
921,17,Organic,2025-07-29
922,26,Organic,2025-08-17
923,5,Paid ads,2025-06-30
924,31,Organic,2025-08-07
925,9,Organic,2025-10-29
926,16,Paid ads,2025-10-17
927,9,Referral,2025-05-29
928,32,Referral,2025-06-12
929,9,Paid ads,2025-05-02
930,24,Referral,2025-03-31
931,10,Organic,2025-06-25
932,22,Organic,2025-05-10
934,26,Organic,2025-12-03
935,9,Organic,2025-11-06
936,14,Organic,2025-07-16
937,9,Organic,2025-07-03
938,32,Paid ads,2025-07-23
939,27,Organic,2025-06-10
940,15,Organic,2025-12-31
943,25,Organic,2025-07-20
944,26,Organic,2025-08-22
945,22,Paid ads,2025-08-30
946,32,Referral,2025-11-01
947,23,Influencer,2025-07-22
948,5,Organic,2025-03-15
950,22,Paid ads,2025-08-31
952,26,Organic,2025-04-14
953,11,Influencer,2025-05-27
954,10,Referral,2025-10-20
955,27,Paid ads,2025-05-24
956,5,Paid ads,2025-03-18
957,31,Influencer,2025-09-02
958,22,Organic,2025-11-06
961,3,Influencer,2025-08-23
962,27,Organic,2025-07-27
963,28,Referral,2025-11-22
965,10,Paid ads,2025-10-14
966,15,Organic,2025-06-09
967,5,Organic,2025-08-31
969,23,Influencer,2025-10-21
971,19,Referral,2025-05-06
972,26,Organic,2025-05-19
973,28,Paid ads,2025-07-09
975,23,Influencer,2025-05-15
977,17,Influencer,2025-06-25
978,13,Influencer,2025-07-23
979,14,Organic,2025-12-01
981,21,Influencer,2025-10-27
983,21,Referral,2025-03-24
984,15,Organic,2025-05-31
985,15,Organic,2025-08-16
987,13,Organic,2025-07-30
988,8,Influencer,2025-04-18
990,29,Paid ads,2025-04-05
991,12,Influencer,2025-03-06
992,28,Referral,2025-04-21
993,31,Organic,2025-08-11
995,27,Paid ads,2025-03-17
996,27,Organic,2025-07-31
997,16,Influencer,2025-10-15
999,12,Organic,2025-01-14
1000,18,Influencer,2025-09-17
1001,12,Organic,2025-06-20
1002,24,Paid ads,2025-10-12
1003,14,Paid ads,2025-05-25
1004,26,Referral,2025-06-04
1005,23,Organic,2025-05-01
1007,24,Referral,2025-09-15
1008,8,Organic,2025-05-25
1010,20,Organic,2025-02-12
1011,23,Influencer,2025-06-17
1012,5,Influencer,2025-04-14
1013,17,Paid ads,2025-09-15
1014,24,Organic,2025-02-28
1015,14,Organic,2025-10-20
1017,28,Organic,2025-07-18
1018,7,Organic,2025-09-07
1019,22,Organic,2025-09-17
1020,15,Referral,2025-09-22
1021,14,Organic,2025-02-12
1022,32,Organic,2025-05-06
1023,3,Influencer,2025-05-12
1024,27,Influencer,2025-07-13
1025,23,Paid ads,2025-11-28
1026,32,Referral,2025-12-20
1028,9,Influencer,2025-09-27
1029,18,Influencer,2025-06-20
1030,20,Organic,2025-03-10
1031,2,Referral,2025-07-10
1032,1,Organic,2025-06-04
1033,25,Paid ads,2025-08-04
1034,4,Organic,2025-09-05
1035,19,Influencer,2025-08-26
1036,27,Paid ads,2025-09-08
1038,13,Paid ads,2025-05-07
1041,17,Organic,2025-05-19
1042,13,Paid ads,2025-09-29
1044,17,Referral,2025-05-25
1045,14,Influencer,2025-03-18
1046,32,Referral,2025-08-28
1047,26,Influencer,2025-11-14
1048,19,Organic,2025-01-29
1050,22,Referral,2025-09-06
1051,22,Organic,2025-07-30
1052,19,Paid ads,2025-09-28
1053,2,Paid ads,2025-10-19
1054,19,Organic,2025-07-12
1055,22,Organic,2025-03-15
1056,32,Referral,2025-06-06
1057,27,Organic,2025-11-15
1059,26,Influencer,2025-12-08
1060,28,Referral,2025-05-25
1061,25,Referral,2025-07-18
1062,28,Organic,2025-07-06
1063,18,Organic,2025-08-13
1064,10,Referral,2025-07-05
1065,27,Organic,2025-03-20
1066,4,Paid ads,2025-11-20
1067,30,Organic,2025-06-06
1068,28,Organic,2025-06-08
1069,23,Paid ads,2025-04-15
1071,24,Paid ads,2025-05-23
1072,4,Organic,2025-11-04
1073,26,Organic,2025-06-02
1074,32,Paid ads,2025-07-28
1076,26,Referral,2025-05-02
1078,21,Paid ads,2025-09-30
1079,29,Paid ads,2025-07-20
1080,32,Organic,2025-07-08
1081,24,Organic,2025-07-21
1082,23,Paid ads,2025-10-13
1083,5,Paid ads,2025-06-18
1084,10,Influencer,2025-06-04
1085,17,Paid ads,2025-03-19
1086,8,Organic,2025-11-15
1087,28,Referral,2025-10-17
1088,32,Organic,2025-09-13
1089,5,Referral,2025-11-28
1091,19,Organic,2025-07-17
1092,32,Organic,2025-11-06
1093,19,Organic,2025-10-01
1094,7,Organic,2025-02-02
1095,6,Organic,2025-10-29
1097,23,Paid ads,2025-09-20
1098,32,Influencer,2025-09-03
1100,23,Organic,2025-09-05
1101,21,Organic,2025-10-26
1102,26,Referral,2025-07-31
1103,17,Influencer,2025-05-27
1104,23,Organic,2025-03-22
1105,23,Influencer,2025-05-16
1107,19,Organic,2025-08-22
1108,2,Organic,2025-04-07
1109,9,Influencer,2025-07-11
1110,29,Referral,2025-06-27
1111,29,Referral,2025-10-02
1112,28,Organic,2025-10-14
1113,24,Organic,2025-10-19
1114,4,Organic,2025-07-05
1117,11,Organic,2025-08-29
1118,32,Referral,2025-07-31
1119,3,Referral,2025-09-15
1121,13,Referral,2025-07-22
1122,23,Influencer,2025-01-18
1123,31,Organic,2025-08-04
1124,19,Influencer,2025-08-26
1126,27,Paid ads,2025-03-11
1127,29,Organic,2025-12-28
1128,4,Organic,2025-11-19
1129,28,Organic,2025-05-29
1130,11,Organic,2025-08-11
1131,17,Organic,2025-08-16
1132,24,Referral,2025-10-12
1134,2,Organic,2025-07-09
1135,20,Organic,2025-05-01
1136,19,Influencer,2025-10-24
1137,22,Organic,2025-05-21
1138,27,Paid ads,2025-06-23
1139,29,Organic,2025-12-23
1140,1,Paid ads,2025-10-19
1142,31,Influencer,2025-06-18
1143,9,Organic,2025-07-21
1145,20,Organic,2025-05-09
1146,21,Influencer,2025-05-06
1147,24,Organic,2025-04-10
1148,32,Paid ads,2025-10-04
1149,5,Influencer,2025-07-22
1152,15,Organic,2025-06-23
1153,32,Paid ads,2025-10-03
1154,29,Paid ads,2025-07-22
1155,2,Referral,2025-04-18
1156,23,Paid ads,2025-09-20
1157,23,Paid ads,2025-06-28
1158,26,Organic,2025-07-31
1159,29,Referral,2025-10-01
1160,31,Paid ads,2025-05-09
1161,26,Influencer,2025-10-24
1162,20,Paid ads,2025-06-21
1163,25,Influencer,2025-08-30
1164,29,Influencer,2025-06-02
1165,29,Organic,2025-07-27
1166,29,Organic,2025-04-14
1167,22,Influencer,2025-02-23
1168,25,Paid ads,2025-06-01
1169,24,Organic,2025-08-19
1171,18,Organic,2025-10-15
1172,32,Organic,2025-07-17
1173,28,Influencer,2025-06-13
1174,29,Organic,2025-05-25
1175,26,Paid ads,2025-08-04
1176,32,Influencer,2025-08-07
1177,28,Influencer,2025-07-06
1178,28,Organic,2025-07-27
1179,27,Organic,2025-04-30
1181,14,Organic,2025-10-26
1182,32,Organic,2025-08-01
1183,10,Referral,2025-06-21
1186,22,Organic,2025-07-01
1187,12,Organic,2025-08-27
1188,23,Organic,2025-11-15
1189,28,Paid ads,2025-08-05
1190,8,Paid ads,2025-09-25
1191,4,Paid ads,2025-09-28
1192,30,Organic,2025-04-23
1193,15,Paid ads,2025-10-10
1194,26,Influencer,2025-08-18
1195,28,Referral,2025-10-06
1198,22,Organic,2025-10-17
1200,10,Paid ads,2025-08-17
1201,27,Paid ads,2025-07-09
1202,9,Referral,2025-12-11
1203,24,Organic,2025-09-16
1204,11,Organic,2025-05-31
1205,18,Paid ads,2025-10-04
1207,22,Influencer,2025-08-23
1208,31,Paid ads,2025-07-14
1209,18,Organic,2025-11-24
1210,13,Paid ads,2025-08-09
1211,27,Organic,2025-10-12
1212,1,Paid ads,2025-07-05
1213,27,Paid ads,2025-07-24
1214,28,Organic,2025-06-04
1215,24,Organic,2025-08-27
1216,22,Paid ads,2025-11-13
1217,22,Influencer,2025-08-23
1218,2,Organic,2025-10-05
1220,1,Organic,2025-04-19
1221,9,Organic,2025-06-22
1222,29,Paid ads,2025-10-14
1223,23,Influencer,2025-09-22
1224,22,Organic,2025-07-22
1225,28,Organic,2025-09-02
1226,15,Organic,2025-11-15
1227,26,Paid ads,2025-07-12
1228,26,Organic,2025-04-25
1229,22,Organic,2025-05-31
1231,22,Paid ads,2025-04-11
1232,13,Organic,2025-05-29
1233,13,Paid ads,2025-06-03
1234,28,Referral,2025-07-02
1235,16,Paid ads,2025-05-01
1237,31,Paid ads,2025-03-27
1238,1,Organic,2025-03-29
1239,14,Organic,2025-11-22
1240,23,Organic,2025-10-04
1244,16,Referral,2025-04-14
1245,19,Organic,2025-10-23
1246,10,Organic,2025-09-13
1247,27,Referral,2025-05-06
1248,19,Organic,2025-10-18
1249,24,Organic,2025-07-27
1251,23,Influencer,2025-09-21
1252,30,Paid ads,2025-08-07
1253,31,Organic,2025-06-19
1254,28,Paid ads,2025-07-05
1255,30,Organic,2025-07-08
1257,23,Paid ads,2025-07-25
1258,4,Paid ads,2025-11-11
1259,23,Influencer,2025-09-25
1260,22,Referral,2025-08-10
1261,25,Referral,2025-11-11
1262,7,Influencer,2025-07-12
1263,7,Organic,2025-12-04
1264,28,Paid ads,2025-06-24
1266,24,Paid ads,2025-09-23
1267,22,Organic,2025-05-22
1268,17,Influencer,2025-06-12
1269,29,Organic,2025-02-11
1270,6,Organic,2025-04-10
1271,21,Paid ads,2025-10-13
1274,20,Organic,2025-04-23
1275,23,Organic,2025-12-12
1276,21,Organic,2025-06-27
1277,21,Organic,2025-06-21
1278,21,Organic,2025-08-15
1279,30,Referral,2025-07-01
1280,23,Organic,2025-07-05
1281,11,Paid ads,2025-10-01
1282,21,Influencer,2025-12-28
1283,15,Organic,2025-04-08
1284,30,Influencer,2025-04-19
1285,28,Paid ads,2025-08-20
1286,5,Influencer,2025-11-10
1288,19,Paid ads,2025-06-19
1289,24,Organic,2025-10-22
1290,32,Influencer,2025-08-30
1291,10,Organic,2025-08-07
1292,3,Organic,2025-10-11
1296,21,Organic,2025-08-20
1297,19,Organic,2025-07-13
1298,6,Organic,2025-05-10
1299,22,Organic,2025-10-29
1301,29,Paid ads,2025-12-20
1302,14,Organic,2025-11-27
1303,27,Paid ads,2025-11-17
1304,14,Paid ads,2025-06-08
1305,13,Paid ads,2025-11-10
1306,17,Paid ads,2025-11-09
1307,29,Paid ads,2025-03-09
1308,10,Paid ads,2025-09-22
1309,11,Organic,2025-07-12
1311,25,Organic,2025-05-19
1312,10,Organic,2025-07-16
1313,26,Organic,2025-10-15
1314,19,Paid ads,2025-06-25
1316,7,Organic,2025-09-18
1317,25,Referral,2025-11-01
1318,21,Referral,2025-07-15
1321,4,Organic,2025-06-06
1322,24,Organic,2025-12-23
1323,32,Influencer,2025-07-27
1324,4,Referral,2025-09-05
1325,30,Organic,2025-10-03
1326,16,Paid ads,2025-07-01
1327,17,Referral,2025-02-28
1328,11,Organic,2025-09-05
1329,13,Organic,2025-08-31
1331,26,Paid ads,2025-10-10
1333,13,Organic,2025-06-05
1334,13,Organic,2025-11-03
1335,16,Influencer,2025-06-03
1336,29,Organic,2025-03-11
1337,6,Organic,2025-07-01
1338,1,Paid ads,2025-10-10
1339,31,Paid ads,2025-06-15
1340,26,Organic,2025-07-28
1342,21,Paid ads,2025-05-19
1343,11,Organic,2025-10-12
1344,28,Referral,2025-11-18
1345,26,Influencer,2025-09-28
1347,31,Organic,2025-09-28
1348,11,Organic,2025-10-03
1350,27,Referral,2025-03-31
1351,21,Referral,2025-08-20
1352,11,Influencer,2025-04-18
1355,13,Influencer,2025-05-26
1356,14,Paid ads,2025-05-18
1357,10,Organic,2025-06-20
1358,24,Influencer,2025-07-23
1359,24,Organic,2025-08-15
1360,24,Organic,2025-08-09
1361,4,Organic,2025-02-25
1362,1,Organic,2025-09-06
1363,26,Referral,2025-08-15
1365,30,Paid ads,2025-08-10
1366,7,Organic,2025-05-22
1367,29,Organic,2025-08-07
1368,25,Organic,2025-05-30
1369,14,Organic,2025-09-02
1370,29,Referral,2025-09-13
1371,1,Organic,2025-06-22
1372,10,Organic,2025-08-21
1373,31,Paid ads,2025-10-04
1374,25,Paid ads,2025-10-30
1375,2,Paid ads,2025-10-09
1376,10,Paid ads,2025-11-21
1378,26,Paid ads,2025-05-05
1379,22,Organic,2025-08-16
1380,27,Paid ads,2025-06-10
1381,23,Organic,2025-09-24
1383,21,Influencer,2025-09-17
1384,25,Influencer,2025-05-28
1385,29,Paid ads,2025-03-31
1386,23,Referral,2025-07-24
1389,10,Paid ads,2025-07-23
1390,16,Organic,2025-12-18
1391,16,Influencer,2025-10-02
1392,11,Paid ads,2025-05-02
1393,29,Paid ads,2025-05-27
1394,6,Paid ads,2025-06-14
1395,23,Paid ads,2025-08-20
1396,3,Organic,2025-09-04
1397,9,Paid ads,2025-08-01
1399,21,Organic,2025-11-19
1400,17,Organic,2025-05-26
1401,20,Organic,2025-08-26
1402,5,Paid ads,2025-10-20
1403,16,Organic,2025-08-08
1404,21,Organic,2025-12-21
1405,25,Paid ads,2025-11-22
1406,11,Organic,2025-07-13
1407,14,Organic,2025-11-19
1408,1,Paid ads,2025-09-17
1409,25,Influencer,2025-08-19
1410,19,Organic,2025-05-11
1411,31,Organic,2025-04-25
1412,11,Paid ads,2025-06-14
1413,9,Influencer,2025-05-05
1414,29,Influencer,2025-09-29
1415,25,Paid ads,2025-07-23
1417,30,Paid ads,2025-04-01
1418,22,Referral,2025-09-11
1419,24,Paid ads,2025-08-16
1421,29,Organic,2025-05-15
1422,28,Organic,2025-09-14
1424,27,Organic,2025-05-02
1426,24,Paid ads,2025-12-22
1427,27,Organic,2025-06-06
1430,22,Organic,2025-08-13
1431,20,Organic,2025-09-23
1432,27,Influencer,2025-09-01
1433,21,Paid ads,2025-12-25
1434,23,Organic,2025-08-12
1435,22,Paid ads,2025-09-08
1436,30,Organic,2025-01-15
1437,2,Organic,2025-09-21
1438,14,Influencer,2025-11-08
1439,30,Influencer,2025-07-19
1440,17,Referral,2025-07-25
1441,31,Organic,2025-03-31
1442,32,Organic,2025-10-16
1444,24,Organic,2025-10-07
1445,14,Influencer,2025-11-24
1446,22,Organic,2025-11-18
1447,24,Referral,2025-11-10
1448,31,Organic,2025-06-10
1449,17,Referral,2025-06-07
1450,17,Referral,2025-08-02
1452,5,Organic,2025-09-30
1453,29,Paid ads,2025-06-14
1454,11,Organic,2025-07-03
1455,25,Organic,2025-12-30
1456,27,Referral,2025-05-26
1458,31,Paid ads,2025-03-20
1459,26,Paid ads,2025-06-05
1460,32,Organic,2025-06-03
1461,28,Referral,2025-08-05
1462,19,Organic,2025-06-25
1463,26,Organic,2025-06-29
1464,22,Influencer,2025-08-08
1465,32,Influencer,2025-10-28
1466,29,Organic,2025-08-03
1467,13,Paid ads,2025-10-21
1468,32,Referral,2025-10-09
1469,30,Organic,2025-12-02
1470,3,Organic,2025-10-22
1471,6,Paid ads,2025-05-31
1472,25,Referral,2025-02-22
1473,14,Referral,2025-05-08
1474,32,Organic,2025-09-27
1475,23,Paid ads,2025-05-17
1476,28,Organic,2025-05-17
1477,2,Paid ads,2025-05-29
1479,25,Paid ads,2025-06-12
1480,12,Organic,2025-03-14
1481,27,Paid ads,2025-10-08
1482,21,Paid ads,2025-09-19
1483,27,Organic,2025-10-24
1484,9,Organic,2025-07-13
1486,20,Organic,2025-12-26
1487,22,Paid ads,2025-11-23
1488,14,Organic,2025-06-03
1489,24,Organic,2025-03-05
1490,24,Organic,2025-12-20
1491,10,Organic,2025-07-25
1495,16,Organic,2025-10-29
1496,30,Organic,2025-07-07
1497,16,Referral,2025-02-27
1498,31,Organic,2025-11-21
1499,22,Influencer,2025-10-05
1500,32,Paid ads,2025-10-27
1501,16,Influencer,2025-08-30
1502,27,Organic,2025-04-26
1503,29,Influencer,2025-04-28
1505,32,Organic,2025-07-27
1506,20,Influencer,2025-07-31
1507,23,Organic,2025-11-29
1508,31,Organic,2025-07-01
1509,30,Organic,2025-11-21
1510,14,Organic,2025-04-19
1511,24,Paid ads,2025-05-09
1512,27,Paid ads,2025-06-26
1513,29,Organic,2025-10-20
1515,17,Organic,2025-07-14
1517,21,Organic,2025-04-03
1518,21,Paid ads,2025-06-02
1519,1,Paid ads,2025-10-04
1520,30,Referral,2025-10-13
1522,11,Influencer,2025-08-28
1523,28,Paid ads,2025-12-15
1524,13,Organic,2025-04-02
1525,14,Influencer,2025-10-08
1527,20,Organic,2025-04-17
1530,14,Organic,2025-06-26
1531,15,Organic,2025-06-05
1532,28,Organic,2025-06-29
1534,27,Paid ads,2025-09-03
1535,2,Paid ads,2025-02-05
1536,32,Organic,2025-06-24
1537,31,Paid ads,2025-12-11
1538,10,Organic,2025-03-21
1540,23,Paid ads,2025-08-31
1541,12,Organic,2025-09-10
1542,24,Paid ads,2025-05-24
1543,19,Organic,2025-02-15
1544,7,Paid ads,2025-09-09
1545,22,Organic,2025-10-24
1547,17,Organic,2025-05-27
1549,27,Referral,2025-06-27
1551,26,Organic,2025-07-18
1552,21,Organic,2025-12-10
1553,19,Influencer,2025-10-24
1555,22,Influencer,2025-10-06
1556,29,Referral,2025-08-02
1557,8,Organic,2025-10-04
1559,23,Paid ads,2025-08-02
1560,10,Influencer,2025-09-08
1561,23,Referral,2025-08-17
1562,27,Paid ads,2025-04-19
1563,17,Paid ads,2025-09-25
1564,11,Influencer,2025-08-02
1565,23,Organic,2025-07-27
1566,27,Influencer,2025-11-11
1568,12,Organic,2025-06-26
1569,13,Organic,2025-05-03
1571,17,Paid ads,2025-08-19
1572,31,Organic,2025-09-14
1573,1,Organic,2025-06-16
1574,22,Organic,2025-11-25
1576,32,Paid ads,2025-03-04
1577,13,Organic,2025-05-21
1578,31,Influencer,2025-10-09
1579,19,Organic,2025-07-20
1580,13,Paid ads,2025-02-11
1582,31,Organic,2025-09-23
1585,22,Paid ads,2025-09-18
1587,29,Organic,2025-03-06
1588,19,Paid ads,2025-09-05
1591,9,Organic,2025-06-18
1592,31,Organic,2025-12-18
1593,26,Organic,2025-08-10
1594,30,Paid ads,2025-08-29
1596,11,Organic,2025-03-27
1597,18,Organic,2025-06-15
1598,1,Organic,2025-06-14
1599,31,Organic,2025-08-18
1600,17,Organic,2025-07-07
1601,32,Paid ads,2025-03-16
1602,21,Paid ads,2025-10-30
1604,11,Organic,2025-08-11
1606,12,Organic,2025-10-31
1607,21,Organic,2025-06-18
1608,2,Influencer,2025-06-12
1610,22,Organic,2025-09-03
1611,16,Influencer,2025-06-22
1612,13,Organic,2025-07-29
1614,13,Organic,2025-08-29
1616,16,Referral,2025-07-22
1617,5,Influencer,2025-05-25
1618,22,Influencer,2025-07-02
1619,13,Organic,2025-07-21
1620,8,Referral,2025-05-21
1621,7,Organic,2025-12-07
1622,30,Organic,2025-04-27
1623,27,Organic,2025-07-02
1625,32,Paid ads,2025-10-24
1626,26,Paid ads,2025-11-21
1627,30,Organic,2025-09-20
1628,25,Referral,2025-04-12
1629,27,Organic,2025-04-14
1632,31,Organic,2025-08-11
1633,30,Paid ads,2025-06-26
1634,19,Organic,2025-11-10
1635,16,Organic,2025-09-22
1636,12,Influencer,2025-07-26
1637,16,Organic,2025-10-21
1639,8,Referral,2025-05-22
1640,22,Referral,2025-07-08
1641,3,Organic,2025-07-16
1642,22,Referral,2025-11-28
1643,19,Paid ads,2025-08-12
1644,20,Influencer,2025-04-27
1647,12,Organic,2025-11-17
1648,28,Referral,2025-05-04
1649,31,Influencer,2025-07-03
1650,21,Organic,2025-11-10
1651,28,Organic,2025-06-23
1652,25,Referral,2025-07-15
1653,32,Paid ads,2025-04-18
1654,25,Organic,2025-04-16
1655,29,Influencer,2025-09-17
1656,32,Organic,2025-09-08
1657,25,Influencer,2025-06-22
1658,16,Organic,2025-10-05
1660,22,Organic,2025-04-11
1661,32,Paid ads,2025-10-21
1662,31,Paid ads,2025-06-01
1663,9,Organic,2025-08-11
1664,23,Organic,2025-07-24
1665,24,Referral,2025-06-08
1667,27,Organic,2025-07-20
1668,14,Organic,2025-05-26
1669,26,Paid ads,2025-05-24
1671,26,Paid ads,2025-07-19
1672,9,Referral,2025-06-04
1673,3,Organic,2025-06-27
1674,6,Paid ads,2025-03-30
1677,16,Referral,2025-08-09
1678,4,Organic,2025-04-19
1679,31,Paid ads,2025-03-30
1680,14,Influencer,2025-06-04
1682,7,Organic,2025-04-19
1683,29,Paid ads,2025-04-04
1684,29,Influencer,2025-05-23
1686,26,Paid ads,2025-07-19
1687,10,Organic,2025-04-18
1688,9,Referral,2025-05-08
1689,14,Organic,2025-06-03
1691,29,Paid ads,2025-12-19
1692,20,Organic,2025-12-14
1693,23,Referral,2025-07-27
1694,8,Paid ads,2025-10-11
1695,25,Paid ads,2025-01-22
1696,11,Paid ads,2025-09-17
1698,24,Paid ads,2025-06-03
1699,32,Referral,2025-09-23
1701,21,Referral,2025-08-27
1702,25,Referral,2025-12-23
1703,29,Influencer,2025-11-08
1704,26,Paid ads,2025-06-02
1705,10,Organic,2025-10-15
1706,4,Influencer,2025-09-23
1709,29,Referral,2025-10-07
1710,3,Paid ads,2025-09-02
1711,22,Referral,2025-05-30
1713,31,Referral,2025-11-26
1714,29,Referral,2025-03-26
1716,25,Paid ads,2025-09-12
1718,24,Influencer,2025-05-12
1719,28,Paid ads,2025-10-06
1721,11,Organic,2025-10-14
1722,27,Organic,2025-12-28
1723,5,Paid ads,2025-07-16
1724,28,Organic,2025-08-28
1725,30,Influencer,2025-06-09
1727,30,Referral,2025-06-22
1729,14,Influencer,2025-06-09
1730,11,Organic,2025-04-10
1731,10,Paid ads,2025-12-01
1732,8,Referral,2025-03-17
1733,32,Influencer,2025-07-16
1734,29,Paid ads,2025-02-11
1735,23,Organic,2025-04-02
1736,24,Organic,2025-06-23
1737,12,Organic,2025-08-15
1738,18,Referral,2025-09-28
1739,11,Influencer,2025-06-07
1740,30,Paid ads,2025-08-27
1741,22,Influencer,2025-06-04
1742,12,Paid ads,2025-07-11
1743,24,Paid ads,2025-10-18
1744,30,Organic,2025-04-28
1745,2,Paid ads,2025-07-18
1746,4,Organic,2025-06-08
1747,10,Organic,2025-08-08
1748,23,Influencer,2025-05-17
1749,29,Organic,2025-10-20
1750,29,Influencer,2025-11-12
1751,2,Organic,2025-12-25
1752,16,Organic,2025-04-24
1753,9,Referral,2025-11-02
1754,11,Influencer,2025-06-17
1755,25,Organic,2025-03-20
1756,2,Organic,2025-06-24
1757,6,Paid ads,2025-08-13
1758,24,Influencer,2025-05-11
1759,14,Organic,2025-04-15
1760,25,Paid ads,2025-08-29
1761,21,Organic,2025-06-12
1762,27,Organic,2025-08-12
1763,26,Organic,2025-06-25
1765,25,Influencer,2025-11-23
1766,22,Organic,2025-06-06
1768,16,Referral,2025-05-05
1769,18,Organic,2025-09-11
1771,28,Influencer,2025-02-23
1772,9,Organic,2025-07-23
1773,25,Organic,2025-07-18
1774,23,Organic,2025-08-25
1775,16,Paid ads,2025-12-21
1776,25,Paid ads,2025-10-25
1779,29,Organic,2025-07-20
1782,31,Referral,2025-10-06
1783,22,Paid ads,2025-10-02
1784,32,Paid ads,2025-09-10
1785,8,Organic,2025-10-01
1786,29,Paid ads,2025-01-29
1787,5,Organic,2025-05-29
1789,24,Influencer,2025-10-05
1790,31,Influencer,2025-10-05
1791,27,Organic,2025-09-14
1792,30,Organic,2025-09-03
1793,1,Paid ads,2025-10-09
1794,25,Paid ads,2025-06-03
1795,22,Paid ads,2025-10-17
1796,26,Paid ads,2025-05-08
1797,16,Organic,2025-12-18
1798,19,Organic,2025-10-03
1799,7,Paid ads,2025-12-17
1800,27,Referral,2025-09-05
1801,22,Organic,2025-10-03
1802,23,Organic,2025-05-10
1803,9,Organic,2025-09-16
1804,23,Influencer,2025-08-30
1805,25,Organic,2025-11-27
1807,19,Referral,2025-07-21
1809,29,Organic,2025-08-22
1810,22,Influencer,2025-09-30
1811,24,Paid ads,2025-08-25
1813,20,Paid ads,2025-04-04
1814,6,Paid ads,2025-10-16
1815,9,Organic,2025-06-11
1816,16,Influencer,2025-12-21
1817,32,Organic,2025-05-11
1818,12,Organic,2025-11-20
1819,30,Organic,2025-05-01
1820,9,Paid ads,2025-06-22
1821,9,Paid ads,2025-07-30
1822,3,Paid ads,2025-10-02
1824,25,Organic,2025-08-20
1825,24,Paid ads,2025-07-10
1826,28,Organic,2025-10-03
1828,13,Referral,2025-05-08
1829,26,Organic,2025-09-30
1830,11,Organic,2025-04-26
1831,9,Organic,2025-05-22
1833,27,Referral,2025-09-07
1834,27,Organic,2025-06-11
1835,14,Organic,2025-09-27
1836,13,Organic,2025-04-25
1837,28,Organic,2025-07-20
1838,28,Organic,2025-07-28
1839,24,Referral,2025-08-11
1842,22,Referral,2025-07-19
1843,8,Referral,2025-08-06
1844,28,Organic,2025-11-11
1846,23,Referral,2025-11-03
1847,28,Referral,2025-10-02
1848,5,Organic,2025-04-18
1849,12,Paid ads,2025-08-03
1850,11,Organic,2025-03-29
1851,30,Referral,2025-10-09
1853,11,Paid ads,2025-04-28
1854,2,Referral,2025-09-03
1855,30,Organic,2025-03-15
1856,27,Paid ads,2025-11-24
1857,27,Organic,2025-06-10
1858,20,Paid ads,2025-03-24
1859,5,Organic,2025-07-12
1860,30,Organic,2025-05-31
1861,32,Organic,2025-04-03
1865,7,Influencer,2025-09-17
1866,24,Paid ads,2025-08-21
1869,6,Organic,2025-06-12
1870,28,Organic,2025-04-30
1871,26,Organic,2025-08-08
1872,8,Paid ads,2025-05-07
1873,28,Paid ads,2025-11-13
1874,11,Referral,2025-05-11
1875,9,Paid ads,2025-04-28
1876,31,Organic,2025-06-03
1877,19,Organic,2025-05-02
1878,30,Referral,2025-10-11
1879,9,Paid ads,2025-03-17
1880,9,Organic,2025-03-16
1881,15,Referral,2025-11-15
1882,26,Organic,2025-07-22
1883,7,Organic,2025-06-19
1884,14,Organic,2025-06-27
1885,11,Organic,2025-06-20
1887,14,Referral,2025-04-01
1888,8,Paid ads,2025-11-05
1890,29,Organic,2025-05-13
1891,32,Organic,2025-06-18
1892,26,Paid ads,2025-07-07
1893,14,Paid ads,2025-08-28
1894,10,Paid ads,2025-05-03
1896,31,Organic,2025-10-26
1898,22,Referral,2025-09-23
1900,30,Referral,2025-10-09
1901,23,Referral,2025-03-15
1902,14,Organic,2025-09-03
1905,6,Referral,2025-08-06
1906,19,Organic,2025-09-08
1907,25,Referral,2025-11-16
1908,24,Paid ads,2025-10-10
1909,23,Organic,2025-09-09
1912,16,Paid ads,2025-06-01
1913,6,Paid ads,2025-07-14
1915,29,Paid ads,2025-06-13
1916,3,Organic,2025-12-16
1917,26,Organic,2025-06-28
1918,29,Influencer,2025-06-01
1920,28,Organic,2025-08-26
1921,22,Influencer,2025-04-08
1922,30,Organic,2025-05-08
1923,4,Paid ads,2025-09-20
1927,12,Organic,2025-12-21
1928,21,Influencer,2025-09-20
1929,10,Influencer,2025-02-12
1930,26,Organic,2025-11-29
1931,4,Influencer,2025-05-16
1932,32,Influencer,2025-05-14
1933,17,Organic,2025-08-22
1934,26,Organic,2025-10-06
1935,30,Paid ads,2025-01-17
1936,11,Organic,2025-07-10
1937,3,Paid ads,2025-11-10
1939,29,Referral,2025-09-09
1940,29,Paid ads,2025-12-08
1941,15,Paid ads,2025-08-26
1942,15,Paid ads,2025-05-07
1943,16,Influencer,2025-10-06
1944,23,Organic,2025-06-27
1945,13,Organic,2025-05-07
1946,1,Organic,2025-06-22
1947,32,Referral,2025-07-24
1949,24,Paid ads,2025-09-12
1950,23,Organic,2025-07-29
1952,14,Referral,2025-04-15
1956,10,Referral,2025-07-17
1957,18,Influencer,2025-08-05
1958,5,Organic,2025-04-17
1959,17,Organic,2025-03-30
1960,4,Organic,2025-08-23
1961,28,Influencer,2025-05-23
1962,8,Paid ads,2025-11-12
1963,26,Influencer,2025-09-20
1964,23,Influencer,2025-09-16
1965,10,Influencer,2025-04-02
1966,21,Organic,2025-04-04
1967,29,Paid ads,2025-07-05
1970,28,Organic,2025-06-15
1971,26,Influencer,2025-06-06
1972,25,Paid ads,2025-08-09
1973,18,Referral,2025-09-03
1975,28,Paid ads,2025-09-15
1976,24,Organic,2025-09-23
1977,30,Referral,2025-06-13
1978,20,Organic,2025-06-11
1979,32,Paid ads,2025-07-22
1980,18,Organic,2025-06-26
1981,25,Paid ads,2025-07-05
1982,30,Paid ads,2025-04-06
1985,27,Organic,2025-06-06
1986,26,Organic,2025-04-27
1987,17,Paid ads,2025-05-04
1988,11,Referral,2025-02-12
1989,28,Paid ads,2025-05-21
1990,32,Organic,2025-08-24
1991,18,Organic,2025-04-11
1992,22,Organic,2025-11-03
1993,11,Paid ads,2025-07-19
1994,32,Referral,2025-05-13
1995,20,Influencer,2025-12-22
1997,18,Organic,2025-07-05
1998,23,Organic,2025-05-17
1999,16,Paid ads,2025-03-12
2000,29,Referral,2025-04-10
2001,28,Referral,2025-11-26
2002,25,Organic,2025-08-23
2003,29,Referral,2025-05-01
2006,6,Influencer,2025-09-25
2008,25,Organic,2025-07-19
2010,4,Paid ads,2025-08-15
2011,10,Paid ads,2025-10-08
2012,27,Referral,2025-04-27
2013,23,Organic,2025-08-10
2014,32,Referral,2025-05-12
2015,21,Paid ads,2025-12-22
2016,28,Organic,2025-06-27
2017,24,Influencer,2025-09-27
2018,25,Influencer,2025-06-01
2022,21,Paid ads,2025-07-27
2023,19,Organic,2025-09-05
2024,4,Organic,2025-05-04
2025,28,Organic,2025-04-08
2026,30,Organic,2025-10-20
2027,13,Organic,2025-07-02
2028,22,Paid ads,2025-05-16
2029,20,Organic,2025-09-26
2030,4,Organic,2025-07-16
2031,12,Organic,2025-02-24
2032,22,Referral,2025-07-31
2033,23,Organic,2025-08-15
2034,22,Referral,2025-05-26
2035,26,Influencer,2025-10-27
2037,14,Organic,2025-10-31
2038,14,Influencer,2025-08-30
2040,26,Organic,2025-04-12
2041,28,Influencer,2025-09-20
2042,9,Influencer,2025-07-10
2043,24,Referral,2025-12-07
2046,12,Organic,2025-09-29
2047,8,Referral,2025-12-19
2048,21,Influencer,2025-02-17
2049,26,Paid ads,2025-08-03
2050,29,Organic,2025-06-30
2051,4,Organic,2025-06-10
2052,26,Influencer,2025-07-01
2055,9,Organic,2025-08-11
2056,29,Paid ads,2025-07-29
2057,15,Organic,2025-08-24
2058,28,Influencer,2025-07-30
2059,4,Paid ads,2025-05-10
2060,15,Paid ads,2025-05-01
2061,22,Influencer,2025-08-27
2063,29,Paid ads,2025-08-31
2065,22,Influencer,2025-04-15
2066,28,Influencer,2025-08-23
2067,29,Paid ads,2025-03-14
2068,4,Organic,2025-10-02
2069,30,Referral,2025-11-04
2070,8,Organic,2025-11-10
2071,15,Organic,2025-06-26
2073,7,Referral,2025-11-06
2074,9,Organic,2025-07-12
2075,22,Paid ads,2025-07-30
2077,14,Organic,2025-06-20
2078,32,Referral,2025-12-21
2079,13,Organic,2025-08-24
2080,23,Organic,2025-04-10
2081,19,Organic,2025-02-27
2082,21,Referral,2025-09-08
2083,31,Paid ads,2025-08-30
2084,19,Referral,2025-10-07
2086,6,Organic,2025-09-22
2088,26,Organic,2025-07-31
2089,11,Paid ads,2025-08-07
2090,32,Influencer,2025-05-28
2091,6,Paid ads,2025-05-12
2092,29,Paid ads,2025-10-22
2093,26,Organic,2025-08-18
2094,15,Paid ads,2025-03-25
2095,30,Paid ads,2025-05-24
2097,24,Paid ads,2025-08-15
2098,26,Influencer,2025-08-23
2102,28,Organic,2025-06-04
2103,30,Organic,2025-09-29
2104,19,Organic,2025-06-20
2107,3,Influencer,2025-09-23
2108,28,Paid ads,2025-08-11
2109,18,Referral,2025-05-20
2111,24,Organic,2025-10-25
2113,22,Organic,2025-10-15
2114,20,Referral,2025-07-04
2115,15,Paid ads,2025-09-21
2116,16,Organic,2025-06-04
2117,12,Referral,2025-10-30
2119,20,Organic,2025-07-11
2120,2,Organic,2025-08-05
2121,15,Paid ads,2025-09-01
2122,30,Organic,2025-10-25
2123,25,Influencer,2025-08-13
2125,12,Influencer,2025-07-05
2126,4,Organic,2025-10-16
2127,6,Influencer,2025-10-28
2128,10,Organic,2025-04-29
2129,29,Organic,2025-08-10
2130,26,Organic,2025-11-13
2132,25,Referral,2025-02-18
2133,26,Influencer,2025-06-24
2134,1,Organic,2025-02-19
2135,1,Organic,2025-07-13
2137,31,Influencer,2025-05-11
2138,25,Organic,2025-08-24
2139,23,Organic,2025-11-28
2140,21,Organic,2025-11-28
2141,31,Organic,2025-12-27
2143,28,Referral,2025-04-09
2144,13,Organic,2025-09-21
2146,20,Referral,2025-06-08
2147,16,Organic,2025-08-10
2148,27,Organic,2025-10-20
2149,32,Organic,2025-04-15
2150,17,Paid ads,2025-09-02
2151,1,Referral,2025-07-10
2152,29,Organic,2025-12-05
2153,32,Organic,2025-07-20
2154,27,Influencer,2025-03-31
2155,12,Organic,2025-05-16
2156,16,Organic,2025-10-19
2157,10,Organic,2025-11-30
2158,1,Influencer,2025-10-13
2159,20,Paid ads,2025-07-06
2160,4,Referral,2025-10-30
2161,22,Paid ads,2025-06-27
2162,24,Organic,2025-11-01
2163,5,Organic,2025-08-03
2164,25,Organic,2025-10-03
2165,17,Organic,2025-07-02
2166,31,Paid ads,2025-05-15
2168,28,Paid ads,2025-12-30
2170,19,Influencer,2025-12-07
2171,23,Influencer,2025-03-12
2172,1,Referral,2025-06-29
2173,22,Paid ads,2025-10-05
2174,26,Organic,2025-07-30
2175,15,Organic,2025-04-21
2177,27,Organic,2025-12-08
2178,26,Organic,2025-10-08
2179,14,Organic,2025-09-12
2180,25,Organic,2025-09-02
2181,28,Influencer,2025-04-17
2182,32,Influencer,2025-05-10
2183,31,Organic,2025-08-23
2184,5,Referral,2025-05-20
2185,23,Paid ads,2025-06-22
2186,30,Organic,2025-03-16
2187,22,Organic,2025-04-12
2190,12,Paid ads,2025-10-20
2191,13,Organic,2025-07-07
2192,10,Influencer,2025-08-22
2193,10,Referral,2025-07-18
2194,26,Organic,2025-11-06
2196,24,Organic,2025-09-20
2197,23,Influencer,2025-10-31
2198,28,Paid ads,2025-10-10
2199,16,Influencer,2025-07-08
2201,3,Referral,2025-06-14
2202,27,Referral,2025-08-29
2203,9,Paid ads,2025-07-11
2204,21,Organic,2025-10-15
2205,13,Organic,2025-05-10
2209,25,Paid ads,2025-04-07
2211,32,Paid ads,2025-10-22
2213,21,Paid ads,2025-09-19
2214,1,Paid ads,2025-07-18
2216,20,Organic,2025-06-08
2218,12,Organic,2025-02-24
2219,26,Influencer,2025-07-30
2221,21,Organic,2025-06-21
2222,13,Paid ads,2025-04-04
2223,26,Paid ads,2025-07-24
2224,27,Referral,2025-11-12
2225,26,Organic,2025-10-09
2226,21,Paid ads,2025-10-03
2228,17,Organic,2025-12-05
2229,21,Organic,2025-07-02
2230,31,Organic,2025-03-29
2231,32,Organic,2025-03-27
2232,29,Organic,2025-09-16
2233,3,Organic,2025-04-14
2235,13,Referral,2025-06-25
2237,9,Influencer,2025-10-05
2238,23,Influencer,2025-11-09
2239,15,Paid ads,2025-07-18
2240,27,Organic,2025-04-19
2242,26,Influencer,2025-10-19
2243,32,Paid ads,2025-04-20
2244,27,Referral,2025-04-02
2245,22,Organic,2025-10-17
2246,3,Influencer,2025-02-28
2247,27,Paid ads,2025-06-16
2248,13,Paid ads,2025-06-21
2250,11,Organic,2025-09-08
2251,26,Organic,2025-06-12
2252,14,Influencer,2025-11-18
2253,10,Organic,2025-04-22
2254,2,Organic,2025-04-01
2255,25,Influencer,2025-12-29
2256,16,Organic,2025-03-28
2257,28,Influencer,2025-07-02
2258,25,Influencer,2025-10-25
2260,17,Organic,2025-10-17
2261,24,Organic,2025-06-29
2262,25,Organic,2025-09-11
2263,22,Organic,2025-05-07
2264,12,Influencer,2025-09-07
2265,13,Influencer,2025-06-11
2266,16,Organic,2025-06-28
2267,21,Organic,2025-08-03
2268,25,Organic,2025-09-05
2269,19,Referral,2025-08-11
2271,17,Organic,2025-05-21
2273,29,Paid ads,2025-05-17
2274,22,Referral,2025-11-12
2277,28,Organic,2025-07-02
2278,21,Organic,2025-09-26
2279,27,Organic,2025-05-25
2280,2,Referral,2025-10-05
2281,5,Organic,2025-07-15
2282,10,Paid ads,2025-05-22
2284,22,Organic,2025-12-04
2286,12,Influencer,2025-06-28
2289,21,Influencer,2025-08-16
2290,19,Organic,2025-09-07
2291,31,Paid ads,2025-07-14
2292,11,Referral,2025-03-25
2293,17,Organic,2025-08-07
2295,31,Organic,2025-05-15
2296,6,Organic,2025-05-06
2297,25,Organic,2025-07-15
2298,7,Paid ads,2025-06-29
2299,28,Organic,2025-10-12
2301,20,Organic,2025-08-11
2302,26,Paid ads,2025-07-02
2303,21,Organic,2025-05-31
2304,4,Paid ads,2025-06-11
2310,22,Paid ads,2025-10-20
2311,8,Organic,2025-08-17
2312,4,Organic,2025-05-26
2313,21,Organic,2025-06-30
2314,21,Paid ads,2025-09-27
2316,5,Paid ads,2025-08-15
2320,18,Influencer,2025-09-30
2321,28,Organic,2025-02-14
2322,24,Referral,2025-03-24
2326,23,Organic,2025-10-24
2327,4,Referral,2025-09-19
2328,9,Influencer,2025-08-15
2330,20,Organic,2025-10-16
2331,14,Organic,2025-12-30
2332,30,Referral,2025-08-06
2333,22,Organic,2025-05-22
2334,17,Paid ads,2025-05-06
2336,24,Referral,2025-10-21
2337,26,Organic,2025-07-06
2338,28,Referral,2025-08-10
2339,20,Organic,2025-05-01
2340,6,Organic,2025-12-26
2341,21,Organic,2025-11-03
2342,28,Paid ads,2025-07-20
2343,31,Paid ads,2025-05-24
2344,31,Influencer,2025-06-25
2345,18,Organic,2025-07-22
2346,16,Paid ads,2025-07-17
2347,30,Organic,2025-05-29
2348,28,Organic,2025-07-31
2349,16,Referral,2025-09-27
2350,9,Organic,2025-06-10
2351,22,Organic,2025-04-06
2352,28,Organic,2025-08-30
2353,28,Organic,2025-07-09
2354,23,Organic,2025-04-12
2356,15,Referral,2025-04-28
2359,22,Paid ads,2025-08-28
2360,4,Organic,2025-07-07
2361,23,Organic,2025-03-12
2362,12,Influencer,2025-11-19
2363,4,Paid ads,2025-03-29
2364,26,Organic,2025-07-06
2365,31,Paid ads,2025-03-05
2367,8,Organic,2025-04-13
2368,25,Paid ads,2025-03-15
2369,31,Organic,2025-08-09
2370,15,Influencer,2025-07-07
2371,10,Organic,2025-10-19
2372,23,Paid ads,2025-08-30
2374,23,Influencer,2025-07-02
2375,18,Paid ads,2025-11-23
2376,12,Organic,2025-08-25
2377,32,Organic,2025-09-21
2379,26,Paid ads,2025-04-24
2380,16,Organic,2025-04-12
2381,23,Referral,2025-11-15
2383,28,Organic,2025-10-10
2384,22,Organic,2025-08-25
2385,32,Influencer,2025-05-03
2388,5,Organic,2025-06-01
2389,5,Organic,2025-08-13
2390,31,Organic,2025-07-13
2391,22,Referral,2025-10-20
2392,6,Organic,2025-08-09
2393,26,Paid ads,2025-09-23
2394,29,Referral,2025-06-25
2396,29,Referral,2025-10-16
2397,12,Paid ads,2025-10-08
2398,27,Organic,2025-08-12
2399,23,Paid ads,2025-05-23
2401,28,Organic,2025-05-09
2402,11,Influencer,2025-05-11
2403,26,Paid ads,2025-10-03
2404,28,Influencer,2025-05-28
2405,10,Organic,2025-06-14
2406,17,Organic,2025-06-24
2408,31,Organic,2025-09-13
2409,10,Paid ads,2025-04-23
2410,19,Organic,2025-09-05
2411,29,Paid ads,2025-09-06
2412,23,Paid ads,2025-06-13
2413,1,Influencer,2025-04-13
2414,31,Influencer,2025-10-13
2415,26,Organic,2025-08-12
2416,32,Influencer,2025-02-27
2417,16,Organic,2025-07-07
2419,18,Paid ads,2025-09-01
2420,20,Organic,2025-01-11
2422,32,Organic,2025-06-14
2426,30,Organic,2025-02-15
2427,25,Paid ads,2025-05-15
2429,29,Organic,2025-10-05
2430,28,Organic,2025-02-11
2431,13,Referral,2025-07-22
2432,9,Organic,2025-04-26
2433,24,Referral,2025-07-16
2434,4,Paid ads,2025-09-14
2435,22,Paid ads,2025-03-29
2437,30,Paid ads,2025-12-04
2439,27,Influencer,2025-02-27
2440,30,Organic,2025-08-10
2442,7,Organic,2025-07-18
2443,6,Referral,2025-07-11
2444,7,Paid ads,2025-10-18
2445,28,Organic,2025-05-30
2447,14,Paid ads,2025-07-14
2448,23,Organic,2025-05-21
2449,28,Paid ads,2025-07-22
2450,13,Organic,2025-11-30
2451,21,Influencer,2025-07-02
2452,23,Referral,2025-07-22
2454,25,Organic,2025-10-27
2455,30,Organic,2025-08-30
2456,7,Paid ads,2025-05-10
2457,26,Influencer,2025-03-09
2458,29,Referral,2025-03-27
2460,12,Organic,2025-11-09
2461,6,Organic,2025-09-11
2462,28,Referral,2025-03-20
2463,21,Organic,2025-10-13
2464,1,Influencer,2025-05-07
2466,25,Paid ads,2025-06-02
2467,10,Paid ads,2025-04-19
2468,21,Referral,2025-10-14
2469,13,Organic,2025-02-27
2470,6,Organic,2025-04-19
2471,29,Paid ads,2025-09-22
2472,5,Paid ads,2025-08-02
2474,19,Influencer,2025-07-15
2475,31,Referral,2025-03-16
2476,31,Organic,2025-11-20
2477,23,Referral,2025-10-10
2478,25,Influencer,2025-06-13
2479,27,Organic,2025-07-05
2480,19,Influencer,2025-05-05
2481,20,Paid ads,2025-03-30
2485,2,Paid ads,2025-05-11
2486,5,Paid ads,2025-10-28
2487,7,Referral,2025-07-02
2488,4,Referral,2025-10-17
2489,23,Paid ads,2025-06-22
2491,23,Organic,2025-07-06
2492,3,Influencer,2025-09-28
2494,3,Referral,2025-02-27
2495,12,Organic,2025-12-23
2496,27,Organic,2025-11-25
2497,21,Organic,2025-08-05
2498,6,Influencer,2025-08-13
2499,7,Organic,2025-06-30
2500,18,Influencer,2025-05-22
2501,30,Referral,2025-04-09
2503,31,Organic,2025-09-17
2504,10,Influencer,2025-09-05
2506,27,Organic,2025-04-21
2507,23,Paid ads,2025-03-12
2508,18,Influencer,2025-06-13
2509,7,Referral,2025-04-27
2510,3,Referral,2025-04-11
2511,12,Influencer,2025-10-31
2512,19,Influencer,2025-07-04
2513,4,Referral,2025-04-14
2515,27,Organic,2025-08-04
2516,26,Paid ads,2025-11-16
2521,5,Organic,2025-08-01
2522,25,Referral,2025-11-03
2523,16,Paid ads,2025-10-27
2524,20,Referral,2025-07-06
2525,15,Paid ads,2025-11-11
2526,18,Paid ads,2025-12-19
2527,21,Paid ads,2025-07-27
2528,27,Paid ads,2025-05-20
2529,25,Influencer,2025-07-23
2530,26,Organic,2025-06-21
2532,28,Paid ads,2025-10-16
2533,32,Organic,2025-04-25
2534,20,Organic,2025-09-14
2536,14,Referral,2025-10-18
2537,21,Organic,2025-07-30
2538,21,Organic,2025-08-26
2539,15,Paid ads,2025-05-13
2540,29,Organic,2025-05-29
2541,30,Organic,2025-03-10
2542,17,Influencer,2025-10-04
2543,27,Organic,2025-04-25
2544,25,Influencer,2025-05-27
2546,11,Organic,2025-08-02
2547,31,Paid ads,2025-05-25
2548,9,Organic,2025-05-28
2549,14,Organic,2025-10-08
2550,24,Paid ads,2025-11-01
2551,13,Paid ads,2025-07-07
2553,26,Paid ads,2025-11-28
2554,32,Referral,2025-10-06
2555,9,Referral,2025-10-16
2556,10,Organic,2025-09-25
2557,19,Organic,2025-09-12
2559,21,Referral,2025-05-09
2560,4,Referral,2025-09-13
2561,6,Influencer,2025-07-12
2562,30,Paid ads,2025-06-21
2564,26,Organic,2025-02-28
2565,15,Paid ads,2025-10-20
2566,14,Paid ads,2025-04-01
2567,32,Organic,2025-04-18
2568,23,Paid ads,2025-06-26
2569,28,Influencer,2025-04-30
2570,16,Organic,2025-09-29
2571,31,Organic,2025-07-10
2572,25,Paid ads,2025-10-14
2574,12,Organic,2025-09-03
2576,24,Organic,2025-07-24
2577,20,Organic,2025-09-19
2579,27,Influencer,2025-10-30
2580,27,Organic,2025-08-05
2581,19,Organic,2025-09-13
2583,10,Influencer,2025-08-18
2584,25,Organic,2025-03-05
2585,22,Influencer,2025-08-31
2586,31,Influencer,2025-03-18
2588,23,Organic,2025-07-04
2589,31,Organic,2025-05-02
2590,29,Paid ads,2025-08-23
2591,23,Organic,2025-04-24
2594,28,Paid ads,2025-09-13
2595,15,Organic,2025-04-30
2596,31,Organic,2025-07-22
2597,1,Paid ads,2025-04-18
2598,18,Paid ads,2025-12-17
2599,26,Organic,2025-08-08
2600,23,Paid ads,2025-05-17
2602,21,Organic,2025-12-11
2603,20,Paid ads,2025-07-06
2604,32,Paid ads,2025-11-25
2605,3,Organic,2025-06-16
2606,22,Referral,2025-04-24
2608,28,Organic,2025-04-29
2610,29,Paid ads,2025-11-24
2611,28,Paid ads,2025-06-28
2612,11,Organic,2025-08-20
2613,13,Organic,2025-06-29
2614,27,Influencer,2025-09-15
2615,18,Organic,2025-04-02
2616,10,Organic,2025-06-13
2617,29,Paid ads,2025-07-07
2618,23,Organic,2025-11-03
2621,23,Paid ads,2025-11-26
2622,8,Organic,2025-09-10
2623,18,Paid ads,2025-11-27
2624,15,Paid ads,2025-09-25
2626,29,Organic,2025-11-13
2627,25,Organic,2025-11-02
2628,16,Paid ads,2025-07-05
2629,4,Paid ads,2025-03-29
2631,17,Organic,2025-07-03
2632,13,Influencer,2025-05-23
2634,12,Organic,2025-04-15
2635,9,Organic,2025-09-18
2637,32,Organic,2025-12-30
2638,31,Organic,2025-05-21
2640,17,Influencer,2025-07-25
2641,29,Organic,2025-09-13
2642,23,Organic,2025-05-05
2643,29,Paid ads,2025-04-25
2644,21,Organic,2025-10-06
2646,21,Influencer,2025-07-28
2647,5,Influencer,2025-12-29
2649,31,Influencer,2025-07-27
2650,30,Paid ads,2025-05-13
2651,25,Organic,2025-05-02
2652,25,Referral,2025-07-22
2654,24,Organic,2025-11-30
2655,20,Paid ads,2025-08-30
2658,22,Paid ads,2025-08-03
2659,24,Organic,2025-09-28
2660,30,Organic,2025-06-17
2661,19,Referral,2025-11-01
2662,9,Organic,2025-08-22
2663,18,Organic,2025-10-06
2664,2,Influencer,2025-06-18
2665,22,Referral,2025-09-23
2666,22,Paid ads,2025-09-18
2667,10,Organic,2025-11-21
2668,23,Organic,2025-04-03
2669,27,Organic,2025-10-10
2670,12,Influencer,2025-05-03
2671,31,Paid ads,2025-10-07
2672,17,Organic,2025-04-29
2673,28,Influencer,2025-08-13
2674,24,Paid ads,2025-05-26
2676,31,Organic,2025-04-30
2677,26,Organic,2025-05-11
2678,26,Paid ads,2025-10-03
2679,32,Organic,2025-10-15
2680,29,Organic,2025-09-28
2681,27,Influencer,2025-08-22
2682,21,Paid ads,2025-08-19
2684,11,Organic,2025-09-23
2685,23,Influencer,2025-07-25
2686,27,Referral,2025-07-16
2687,28,Organic,2025-10-16
2688,26,Influencer,2025-03-17
2690,2,Influencer,2025-11-07
2691,24,Paid ads,2025-11-11
2692,21,Paid ads,2025-06-25
2693,32,Influencer,2025-03-27
2694,22,Organic,2025-07-09
2696,28,Paid ads,2025-05-28
2697,9,Organic,2025-04-25
2700,7,Organic,2025-06-02
2701,1,Referral,2025-06-20
2702,6,Influencer,2025-07-13
2703,29,Paid ads,2025-08-04
2705,22,Paid ads,2025-04-03
2706,25,Organic,2025-09-12
2707,4,Referral,2025-09-23
2709,27,Organic,2025-08-12
2710,26,Organic,2025-11-09
2711,1,Paid ads,2025-06-19
2712,23,Referral,2025-08-27
2714,21,Organic,2025-07-05
2715,2,Organic,2025-09-01
2718,30,Paid ads,2025-12-05
2719,27,Influencer,2025-11-23
2720,7,Paid ads,2025-05-13
2721,26,Organic,2025-10-17
2722,16,Organic,2025-04-09
2724,31,Organic,2025-12-31
2725,29,Influencer,2025-07-03
2726,25,Paid ads,2025-10-04
2727,25,Organic,2025-05-29
2728,17,Organic,2025-03-28
2729,28,Paid ads,2025-04-29
2731,25,Influencer,2025-07-02
2734,13,Organic,2025-10-16
2735,4,Referral,2025-10-05
2736,19,Influencer,2025-10-02
2737,5,Influencer,2025-11-06
2738,28,Organic,2025-05-15
2739,31,Paid ads,2025-11-04
2741,31,Referral,2025-10-29
2742,5,Organic,2025-05-11
2743,9,Influencer,2025-04-15
2744,26,Organic,2025-06-20
2746,12,Organic,2025-07-13
2747,23,Influencer,2025-09-06
2748,12,Influencer,2025-09-16
2749,20,Influencer,2025-07-22
2751,1,Organic,2025-04-10
2752,32,Organic,2025-08-24
2753,21,Organic,2025-09-14
2754,11,Organic,2025-08-20
2755,24,Paid ads,2025-10-15
2756,28,Influencer,2025-09-09
2758,31,Organic,2025-04-29
2759,29,Organic,2025-08-10
2760,13,Paid ads,2025-06-11
2761,31,Paid ads,2025-07-29
2762,21,Paid ads,2025-02-14
2763,17,Referral,2025-03-16
2764,8,Organic,2025-03-14
2765,27,Paid ads,2025-06-26
2766,25,Paid ads,2025-04-08
2767,13,Influencer,2025-08-10
2768,24,Organic,2025-11-06
2769,15,Organic,2025-10-26
2770,27,Paid ads,2025-07-17
2771,21,Paid ads,2025-03-01
2772,10,Organic,2025-05-15
2773,24,Paid ads,2025-07-27
2774,7,Organic,2025-06-07
2776,25,Influencer,2025-05-23
2777,31,Organic,2025-11-12
2778,28,Organic,2025-09-19
2779,20,Organic,2025-06-12
2780,10,Referral,2025-11-16
2781,5,Paid ads,2025-04-18
2782,24,Organic,2025-11-15
2784,23,Organic,2025-11-15
2785,10,Paid ads,2025-07-14
2786,32,Organic,2025-05-26
2787,14,Referral,2025-01-23
2790,14,Referral,2025-11-20
2791,31,Paid ads,2025-05-17
2794,27,Paid ads,2025-06-03
2795,12,Organic,2025-07-06
2796,11,Organic,2025-04-27
2800,18,Organic,2025-03-21
2801,10,Paid ads,2025-05-29
2802,29,Organic,2025-08-28
2803,8,Paid ads,2025-08-08
2804,15,Referral,2025-06-03
2805,8,Organic,2025-08-12
2807,31,Organic,2025-04-29
2808,13,Referral,2025-06-12
2809,24,Influencer,2025-07-17
2811,29,Organic,2025-07-04
2812,10,Influencer,2025-06-18
2813,13,Organic,2025-08-05
2817,10,Paid ads,2025-02-03
2819,28,Influencer,2025-08-25
2820,20,Paid ads,2025-06-21
2822,22,Organic,2025-08-28
2823,17,Paid ads,2025-11-20
2824,23,Organic,2025-08-31
2825,31,Influencer,2025-09-05
2827,25,Organic,2025-08-19
2828,8,Organic,2025-09-10
2829,30,Organic,2025-12-31
2830,23,Paid ads,2025-12-14
2831,21,Referral,2025-04-22
2832,26,Influencer,2025-04-06
2833,13,Paid ads,2025-07-29
2834,3,Paid ads,2025-06-05
2835,17,Organic,2025-04-03
2836,7,Organic,2025-10-06
2837,31,Organic,2025-06-21
2838,27,Organic,2025-11-20
2840,16,Organic,2025-07-18
2841,3,Referral,2025-07-11
2842,30,Organic,2025-05-29
2843,27,Referral,2025-09-01
2844,1,Paid ads,2025-04-19
2847,25,Paid ads,2025-04-26
2848,24,Referral,2025-05-26
2849,23,Referral,2025-07-13
2850,18,Organic,2025-05-17
2851,24,Paid ads,2025-06-14
2852,21,Paid ads,2025-08-21
2853,13,Referral,2025-06-13
2854,31,Organic,2025-06-25
2855,29,Organic,2025-10-10
2856,21,Organic,2025-02-22
2857,30,Paid ads,2025-10-20
2858,7,Organic,2025-11-02
2859,30,Paid ads,2025-12-01
2860,16,Organic,2025-04-06
2861,6,Organic,2025-06-03
2862,23,Organic,2025-10-01
2864,13,Organic,2025-10-17
2865,1,Organic,2025-06-22
2866,24,Organic,2025-07-14
2867,10,Referral,2025-11-20
2868,5,Organic,2025-04-26
2869,25,Organic,2025-12-10
2870,28,Organic,2025-06-07
2871,26,Organic,2025-09-28
2872,24,Organic,2025-05-03
2873,11,Organic,2025-12-08
2876,22,Organic,2025-05-29
2877,32,Referral,2025-03-24
2878,24,Organic,2025-06-28
2879,30,Paid ads,2025-10-03
2880,10,Paid ads,2025-06-10
2881,24,Paid ads,2025-11-14
2882,32,Organic,2025-07-19
2883,31,Organic,2025-05-23
2884,23,Paid ads,2025-06-25
2885,22,Organic,2025-10-27
2886,2,Paid ads,2025-08-01
2887,7,Organic,2025-07-16
2888,9,Referral,2025-10-20
2889,20,Influencer,2025-05-01
2890,2,Influencer,2025-08-13
2893,15,Organic,2025-09-27
2894,23,Organic,2025-05-04
2895,28,Referral,2025-06-17
2896,13,Paid ads,2025-09-02
2897,11,Paid ads,2025-05-20
2900,9,Influencer,2025-10-15
2903,26,Organic,2025-11-06
2904,22,Influencer,2025-08-21
2905,22,Paid ads,2025-05-27
2906,23,Organic,2025-08-17
2907,18,Paid ads,2025-08-09
2908,18,Organic,2025-08-10
2909,27,Organic,2025-07-25
2910,32,Organic,2025-05-11
2911,24,Paid ads,2025-04-09
2912,31,Paid ads,2025-10-27
2913,13,Influencer,2025-04-07
2915,16,Referral,2025-04-06
2916,22,Referral,2025-06-28
2917,28,Organic,2025-05-07
2920,27,Organic,2025-08-16
2922,31,Organic,2025-09-03
2923,31,Referral,2025-07-04
2924,6,Organic,2025-09-17
2927,1,Referral,2025-07-25
2928,25,Organic,2025-08-24
2931,26,Influencer,2025-09-19
2932,12,Organic,2025-05-17
2933,28,Organic,2025-08-22
2934,11,Paid ads,2025-04-28
2936,12,Influencer,2025-08-28
2937,31,Influencer,2025-06-07
2938,27,Paid ads,2025-06-07
2939,23,Influencer,2025-07-31
2940,20,Influencer,2025-08-15
2941,22,Influencer,2025-12-17
2942,10,Organic,2025-03-13
2943,7,Organic,2025-10-29
2944,28,Referral,2025-07-07
2945,9,Organic,2025-07-07
2946,27,Organic,2025-01-20
2947,17,Paid ads,2025-03-30
2948,23,Influencer,2025-07-11
2952,24,Organic,2025-04-02
2953,30,Organic,2025-05-21
2954,31,Organic,2025-03-23
2955,27,Paid ads,2025-10-01
2956,32,Organic,2025-05-20
2957,13,Paid ads,2025-09-16
2958,18,Paid ads,2025-07-23
2959,25,Paid ads,2025-05-03
2960,21,Organic,2025-04-01
2961,32,Organic,2025-05-26
2962,29,Paid ads,2025-06-15
2963,32,Organic,2025-06-07
2965,24,Paid ads,2025-03-09
2966,9,Paid ads,2025-10-30
2967,1,Paid ads,2025-11-01
2968,29,Influencer,2025-11-10
2969,32,Paid ads,2025-11-03
2971,26,Organic,2025-12-18
2972,32,Influencer,2025-07-16
2973,18,Influencer,2025-06-11
2975,25,Influencer,2025-10-26
2977,16,Organic,2025-04-17
2978,24,Referral,2025-06-01
2980,26,Paid ads,2025-02-28
2981,32,Influencer,2025-09-04
2982,21,Paid ads,2025-08-25
2984,21,Referral,2025-08-07
2985,9,Referral,2025-10-27
2988,5,Influencer,2025-11-11
2990,9,Paid ads,2025-04-29
2991,8,Referral,2025-07-26
2992,22,Organic,2025-09-23
2993,9,Organic,2025-05-30
2994,17,Organic,2025-12-21
2996,24,Referral,2025-05-21
2997,25,Paid ads,2025-08-16
2999,31,Influencer,2025-11-26
3000,28,Referral,2025-09-02
3001,20,Influencer,2025-06-25
3002,17,Influencer,2025-09-06
3003,10,Paid ads,2025-08-16
3005,11,Influencer,2025-04-16
3006,12,Influencer,2025-09-17
3007,24,Paid ads,2025-06-08
3008,32,Organic,2025-12-03
3009,29,Organic,2025-09-26
3010,21,Organic,2025-10-25
3013,12,Paid ads,2025-03-13
3014,21,Paid ads,2025-12-26
3015,27,Organic,2025-12-04
3016,22,Paid ads,2025-06-10
3017,31,Organic,2025-05-04
3018,30,Paid ads,2025-08-09
3019,25,Influencer,2025-09-27
3020,13,Influencer,2025-07-24
3021,17,Organic,2025-06-27
3022,24,Paid ads,2025-05-27
3023,24,Organic,2025-12-14
3024,11,Paid ads,2025-11-22
3025,32,Paid ads,2025-03-23
3027,22,Paid ads,2025-04-11
3028,28,Paid ads,2025-12-17
3029,13,Paid ads,2025-03-03
3032,19,Referral,2025-10-09
3033,18,Paid ads,2025-04-10
3034,24,Paid ads,2025-04-06
3035,12,Paid ads,2025-09-23
3036,24,Influencer,2025-06-01
3037,14,Organic,2025-09-02
3038,8,Organic,2025-10-07
3040,17,Paid ads,2025-05-29
3041,26,Paid ads,2025-08-29
3042,4,Referral,2025-12-15
3043,24,Organic,2025-10-05
3044,9,Organic,2025-06-11
3045,25,Organic,2025-06-17
3046,24,Organic,2025-05-24
3047,4,Organic,2025-09-05
3048,18,Influencer,2025-05-11
3050,21,Paid ads,2025-04-19
3051,11,Organic,2025-11-13
3052,32,Referral,2025-11-26
3053,27,Influencer,2025-05-08
3054,22,Organic,2025-09-24
3055,13,Organic,2025-12-14
3058,31,Influencer,2025-07-08
3059,12,Organic,2025-08-15
3060,24,Influencer,2025-05-12
3061,28,Organic,2025-07-08
3063,30,Organic,2025-06-09
3064,10,Referral,2025-08-13
3065,16,Organic,2025-07-19
3066,7,Paid ads,2025-08-04
3067,12,Paid ads,2025-05-22
3068,24,Organic,2025-07-02
3069,22,Paid ads,2025-02-06
3070,7,Influencer,2025-05-29
3071,17,Referral,2025-07-12
3072,26,Organic,2025-04-16
3073,1,Influencer,2025-07-14
3077,30,Paid ads,2025-04-25
3078,23,Paid ads,2025-08-06
3079,25,Organic,2025-08-01
3080,12,Influencer,2025-08-03
3081,23,Organic,2025-10-10
3082,16,Paid ads,2025-06-15
3084,20,Referral,2025-08-03
3085,31,Organic,2025-05-30
3087,27,Organic,2025-08-02
3088,9,Organic,2025-03-01
3089,23,Paid ads,2025-12-20
3091,9,Paid ads,2025-06-23
3095,23,Paid ads,2025-06-20
3096,8,Influencer,2025-04-02
3097,16,Paid ads,2025-11-16
3099,24,Organic,2025-04-20
3101,20,Organic,2025-07-18
3102,28,Organic,2025-11-29
3103,26,Organic,2025-06-11
3104,16,Influencer,2025-07-22
3106,31,Organic,2025-06-27
3107,26,Organic,2025-04-29
3108,30,Influencer,2025-07-23
3109,32,Referral,2025-07-04
3110,19,Organic,2025-05-19
3111,31,Organic,2025-06-16
3112,30,Referral,2025-07-31
3113,22,Paid ads,2025-11-21
3114,26,Paid ads,2025-10-10
3115,25,Organic,2025-09-24
3116,15,Referral,2025-05-01
3118,22,Referral,2025-08-18
3119,22,Organic,2025-09-24
3120,11,Organic,2025-11-04
3121,4,Organic,2025-07-01
3122,27,Organic,2025-08-21
3123,24,Organic,2025-09-23
3124,5,Paid ads,2025-09-22
3125,30,Paid ads,2025-05-04
3128,14,Influencer,2025-05-25
3129,32,Organic,2025-08-11
3130,28,Paid ads,2025-05-31
3132,31,Organic,2025-04-24
3133,9,Organic,2025-10-11
3134,13,Paid ads,2025-08-23
3135,15,Referral,2025-11-25
3136,14,Influencer,2025-05-30
3137,12,Paid ads,2025-10-01
3138,30,Paid ads,2025-10-14
3139,14,Influencer,2025-08-25
3140,28,Paid ads,2025-08-06
3141,13,Organic,2025-04-18
3142,28,Organic,2025-12-13
3144,21,Organic,2025-05-05
3145,17,Organic,2025-10-25
3147,16,Influencer,2025-05-31
3148,20,Paid ads,2025-07-04
3149,24,Influencer,2025-09-08
3150,25,Influencer,2025-08-04
3151,14,Paid ads,2025-05-17
3152,28,Organic,2025-08-08
3153,28,Organic,2025-12-25
3154,31,Organic,2025-05-13
3155,28,Organic,2025-06-06
3156,26,Organic,2025-10-17
3157,24,Influencer,2025-09-14
3158,31,Influencer,2025-08-20
3159,28,Referral,2025-08-06
3160,16,Paid ads,2025-05-15
3162,24,Influencer,2025-05-03
3163,14,Referral,2025-02-07
3165,30,Paid ads,2025-09-02
3166,17,Organic,2025-03-20
3167,22,Organic,2025-12-08
3168,26,Organic,2025-08-16
3170,13,Referral,2025-03-21
3171,18,Paid ads,2025-05-12
3172,18,Organic,2025-10-28
3173,11,Paid ads,2025-04-05
3176,21,Organic,2025-04-29
3177,32,Paid ads,2025-05-14
3178,24,Paid ads,2025-06-25
3179,32,Organic,2025-04-18
3180,8,Organic,2025-04-29
3181,14,Organic,2025-08-04
3182,6,Referral,2025-10-06
3183,23,Referral,2025-04-16
3184,30,Organic,2025-10-29
3185,7,Influencer,2025-05-08
3186,24,Paid ads,2025-11-18
3188,18,Paid ads,2025-09-09
3189,25,Influencer,2025-09-27
3190,16,Organic,2025-03-27
3191,16,Organic,2025-08-03
3192,26,Paid ads,2025-06-15
3193,10,Paid ads,2025-07-01
3194,19,Referral,2025-06-09
3195,30,Paid ads,2025-09-08
3196,27,Organic,2025-09-29
3197,21,Organic,2025-02-21
3198,30,Referral,2025-07-06
3200,9,Influencer,2025-06-07
3201,22,Organic,2025-02-16
3202,9,Organic,2025-06-16
3204,1,Organic,2025-06-07
3207,2,Organic,2025-08-22
3208,24,Organic,2025-07-15
3209,26,Paid ads,2025-09-25
3210,29,Influencer,2025-09-04
3211,29,Paid ads,2025-07-17
3212,11,Paid ads,2025-06-07
3213,28,Organic,2025-11-28
3214,21,Organic,2025-05-14
3215,18,Organic,2025-03-12
3216,31,Paid ads,2025-05-08
3217,17,Referral,2025-05-08
3218,22,Referral,2025-09-18
3220,28,Organic,2025-06-04
3221,12,Paid ads,2025-10-12
3222,30,Influencer,2025-04-23
3223,29,Referral,2025-06-18
3224,32,Paid ads,2025-09-25
3225,22,Influencer,2025-11-14
3226,6,Influencer,2025-04-07
3227,23,Referral,2025-06-24
3228,17,Influencer,2025-08-30
3229,11,Influencer,2025-02-24
3230,23,Paid ads,2025-04-25
3231,1,Organic,2025-07-26
3232,15,Referral,2025-03-28
3233,32,Organic,2025-06-01
3234,32,Organic,2025-10-25
3235,18,Organic,2025-07-03
3236,31,Referral,2025-04-07
3237,29,Organic,2025-07-26
3238,22,Paid ads,2025-03-15
3240,26,Organic,2025-11-07
3242,20,Paid ads,2025-04-07
3243,22,Paid ads,2025-05-04
3244,4,Influencer,2025-05-15
3247,26,Paid ads,2025-12-01
3248,30,Organic,2025-09-15
3249,8,Influencer,2025-11-01
3250,30,Referral,2025-05-06
3251,4,Organic,2025-06-04
3252,15,Organic,2025-10-20
3253,28,Organic,2025-07-29
3255,26,Organic,2025-04-25
3258,32,Paid ads,2025-04-06
3259,13,Referral,2025-10-30
3262,30,Referral,2025-07-15
3264,21,Organic,2025-07-12
3265,9,Organic,2025-03-14
3266,9,Paid ads,2025-10-05
3268,10,Organic,2025-08-25
3269,31,Influencer,2025-09-26
3270,18,Organic,2025-08-22
3271,29,Influencer,2025-05-12
3272,24,Organic,2025-08-18
3273,15,Organic,2025-08-26
3274,4,Paid ads,2025-10-10
3275,27,Organic,2025-05-25
3276,17,Organic,2025-07-08
3277,11,Paid ads,2025-10-06
3278,10,Organic,2025-06-24
3280,13,Influencer,2025-07-28
3282,2,Organic,2025-06-14
3284,14,Paid ads,2025-09-30
3285,25,Paid ads,2025-04-03
3286,27,Organic,2025-10-17
3287,31,Paid ads,2025-05-30
3288,29,Paid ads,2025-07-19
3290,9,Organic,2025-10-30
3291,22,Organic,2025-07-14
3292,10,Paid ads,2025-10-23
3294,21,Organic,2025-07-17
3295,25,Organic,2025-08-22
3296,32,Organic,2025-07-26
3297,31,Organic,2025-04-01
3298,21,Paid ads,2025-08-24
3299,8,Organic,2025-06-18
3300,12,Organic,2025-09-20
3302,10,Referral,2025-04-07
3303,11,Influencer,2025-06-11
3304,21,Influencer,2025-04-16
3305,25,Paid ads,2025-06-30
3306,20,Organic,2025-07-28
3307,21,Referral,2025-02-12
3308,26,Organic,2025-09-13
3309,29,Organic,2025-09-19
3310,16,Organic,2025-08-06
3312,32,Organic,2025-12-28
3313,23,Referral,2025-10-23
3314,30,Organic,2025-10-28
3315,20,Organic,2025-06-27
3316,15,Organic,2025-11-10
3318,15,Paid ads,2025-06-03
3319,23,Organic,2025-06-12
3321,6,Paid ads,2025-05-10
3323,32,Organic,2025-05-06
3324,30,Influencer,2025-10-01
3325,22,Organic,2025-09-13
3326,24,Influencer,2025-06-05
3327,14,Influencer,2025-04-20
3330,30,Referral,2025-05-24
3331,25,Organic,2025-11-20
3332,24,Organic,2025-10-24
3333,12,Paid ads,2025-08-28
3334,20,Organic,2025-06-23
3336,9,Paid ads,2025-03-20
3339,17,Paid ads,2025-05-24
3340,19,Paid ads,2025-03-27
3341,10,Paid ads,2025-10-29
3342,21,Referral,2025-10-20
3343,20,Organic,2025-01-29
3345,26,Organic,2025-05-28
3346,26,Organic,2025-09-08
3348,23,Paid ads,2025-07-25
3349,29,Organic,2025-06-05
3351,23,Organic,2025-10-03
3352,25,Organic,2025-08-25
3353,30,Influencer,2025-06-11
3354,32,Organic,2025-10-18
3355,23,Organic,2025-07-18
3356,23,Organic,2025-04-30
3357,20,Organic,2025-08-28
3358,28,Organic,2025-07-12
3359,16,Referral,2025-07-16
3360,14,Referral,2025-08-24
3361,8,Organic,2025-07-03
3362,20,Referral,2025-07-31
3363,25,Organic,2025-07-21
3364,11,Organic,2025-08-10
3366,26,Organic,2025-05-06
3367,4,Influencer,2025-06-20
3368,12,Organic,2025-09-05
3369,16,Influencer,2025-08-15
3370,30,Organic,2025-08-02
3373,18,Organic,2025-10-25
3374,10,Organic,2025-10-12
3375,21,Organic,2025-06-09
3376,28,Organic,2025-12-17
3377,11,Organic,2025-07-28
3379,32,Organic,2025-05-05
3380,27,Organic,2025-08-25
3381,23,Paid ads,2025-05-01
3382,31,Influencer,2025-06-27
3383,22,Paid ads,2025-07-21
3384,10,Organic,2025-09-23
3385,8,Paid ads,2025-06-07
3386,31,Organic,2025-07-17
3387,16,Organic,2025-06-24
3389,28,Influencer,2025-12-04
3390,31,Organic,2025-06-28
3391,10,Organic,2025-09-29
3392,22,Organic,2025-12-21
3393,15,Influencer,2025-08-19
3394,7,Referral,2025-02-23
3395,13,Paid ads,2025-08-08
3396,6,Paid ads,2025-10-26
3397,23,Paid ads,2025-07-13
3398,14,Influencer,2025-06-29
3399,30,Organic,2025-07-31
3400,29,Referral,2025-08-08
3401,12,Influencer,2025-11-16
3402,9,Organic,2025-10-04
3403,28,Organic,2025-08-16
3405,28,Organic,2025-06-07
3407,32,Organic,2025-06-01
3408,31,Influencer,2025-05-28
3409,23,Paid ads,2025-02-28
3410,9,Paid ads,2025-12-15
3413,23,Influencer,2025-01-22
3414,24,Organic,2025-05-03
3415,14,Referral,2025-09-18
3416,13,Organic,2025-06-18
3419,29,Paid ads,2025-03-22
3420,16,Organic,2025-05-26
3423,19,Influencer,2025-07-22
3424,27,Organic,2025-06-12
3425,27,Organic,2025-09-03
3426,22,Organic,2025-10-14
3428,26,Organic,2025-04-09
3429,16,Referral,2025-01-13
3430,15,Paid ads,2025-12-10
3432,8,Organic,2025-06-16
3433,25,Referral,2025-04-03
3434,31,Organic,2025-06-20
3435,14,Paid ads,2025-09-01
3436,21,Referral,2025-06-14
3437,31,Organic,2025-05-05
3438,16,Organic,2025-08-24
3439,11,Influencer,2025-05-12
3440,32,Organic,2025-11-15
3441,29,Organic,2025-05-26
3442,9,Influencer,2025-02-08
3444,26,Paid ads,2025-09-18
3445,23,Paid ads,2025-07-10
3446,10,Organic,2025-06-24
3447,30,Organic,2025-06-20
3448,11,Referral,2025-09-16
3450,22,Referral,2025-08-24
3451,31,Influencer,2025-03-13
3452,2,Organic,2025-03-30
3453,10,Organic,2025-12-22
3454,13,Referral,2025-10-02
3455,27,Paid ads,2025-06-15
3456,10,Paid ads,2025-06-26
3458,27,Influencer,2025-03-30
3459,10,Referral,2025-05-28
3460,16,Paid ads,2025-11-18
3462,31,Organic,2025-06-11
3463,23,Paid ads,2025-05-18
3465,13,Organic,2025-05-23
3466,18,Organic,2025-10-11
3469,5,Referral,2025-09-09
3470,11,Organic,2025-08-12
3471,25,Paid ads,2025-06-14
3472,4,Paid ads,2025-08-20
3474,3,Paid ads,2025-07-10
3475,29,Organic,2025-10-18
3476,9,Referral,2025-10-14
3477,26,Organic,2025-07-10
3478,31,Organic,2025-02-20
3479,20,Referral,2025-05-05
3480,10,Paid ads,2025-07-13
3481,23,Paid ads,2025-05-05
3483,30,Influencer,2025-07-19
3484,25,Paid ads,2025-10-06
3485,28,Referral,2025-06-24
3486,17,Organic,2025-05-22
3487,30,Influencer,2025-03-12
3488,2,Referral,2025-08-08
3489,24,Influencer,2025-10-22
3490,26,Influencer,2025-04-20
3491,25,Organic,2025-10-03
3492,25,Influencer,2025-04-25
3493,26,Paid ads,2025-06-03
3494,16,Referral,2025-08-21
3495,25,Referral,2025-11-20
3496,18,Influencer,2025-08-25
3497,15,Referral,2025-08-30
3498,2,Referral,2025-03-02
3499,32,Influencer,2025-11-29
3500,30,Influencer,2025-06-19
3501,25,Paid ads,2025-02-18
3502,9,Referral,2025-10-03
3503,10,Organic,2025-10-30
3505,2,Influencer,2025-07-16
3506,25,Organic,2025-06-07
3507,18,Influencer,2025-09-11
3509,24,Organic,2025-06-07
3511,18,Organic,2025-07-26
3512,16,Paid ads,2025-06-03
3513,20,Paid ads,2025-06-09
3514,9,Organic,2025-05-18
3515,23,Paid ads,2025-06-26
3516,22,Paid ads,2025-07-14
3517,6,Influencer,2025-12-13
3518,9,Referral,2025-03-26
3519,17,Organic,2025-06-17
3520,9,Influencer,2025-04-24
3522,10,Paid ads,2025-09-01
3523,23,Influencer,2025-12-17
3524,31,Paid ads,2025-02-28
3525,25,Organic,2025-05-31
3526,22,Paid ads,2025-09-09
3527,17,Paid ads,2025-10-02
3528,27,Paid ads,2025-09-20
3529,26,Organic,2025-10-07
3530,23,Organic,2025-04-14
3531,3,Organic,2025-10-16
3532,18,Referral,2025-07-16
3533,1,Organic,2025-10-07
3534,19,Organic,2025-10-13
3535,21,Organic,2025-05-15
3536,23,Organic,2025-05-31
3537,28,Organic,2025-08-18
3538,26,Organic,2025-08-18
3539,24,Paid ads,2025-11-29
3540,27,Referral,2025-07-22
3541,11,Paid ads,2025-05-12
3542,25,Referral,2025-07-02
3543,17,Paid ads,2025-04-24
3544,25,Paid ads,2025-11-23
3545,2,Paid ads,2025-07-17
3546,24,Organic,2025-07-06
3547,26,Organic,2025-06-03
3549,20,Organic,2025-05-13
3550,7,Organic,2025-10-01
3551,26,Referral,2025-11-23
3552,17,Paid ads,2025-08-16
3553,22,Organic,2025-06-05
3555,25,Influencer,2025-08-10
3557,18,Organic,2025-05-23
3559,20,Influencer,2025-08-06
3560,23,Paid ads,2025-04-04
3562,27,Influencer,2025-07-04
3563,24,Organic,2025-06-16
3564,12,Paid ads,2025-07-16
3565,18,Organic,2025-03-29
3568,30,Influencer,2025-08-25
3570,20,Paid ads,2025-08-12
3571,22,Paid ads,2025-05-03
3573,8,Paid ads,2025-08-13
3574,11,Organic,2025-09-09
3575,30,Paid ads,2025-05-14
3576,23,Organic,2025-09-05
3577,13,Organic,2025-04-07
3580,29,Paid ads,2025-06-24
3582,26,Paid ads,2025-06-14
3583,17,Organic,2025-09-03
3584,22,Referral,2025-06-27
3585,11,Organic,2025-04-12
3586,3,Organic,2025-03-04
3587,31,Referral,2025-09-27
3588,31,Referral,2025-09-21
3589,30,Referral,2025-06-16
3590,21,Referral,2025-04-23
3591,31,Organic,2025-08-07
3592,22,Referral,2025-03-05
3593,26,Organic,2025-08-15
3595,4,Organic,2025-09-04
3597,23,Paid ads,2025-03-22
3598,9,Paid ads,2025-08-11
3600,2,Organic,2025-04-03
3601,11,Paid ads,2025-04-14
3603,18,Organic,2025-05-20
3605,28,Organic,2025-04-21
3606,17,Organic,2025-07-08
3607,25,Paid ads,2025-11-21
3608,24,Organic,2025-09-03
3609,22,Influencer,2025-03-09
3615,27,Organic,2025-07-22
3616,11,Influencer,2025-04-18
3617,18,Influencer,2025-12-14
3620,22,Organic,2025-10-04
3621,9,Organic,2025-05-20
3622,32,Influencer,2025-10-01
3623,7,Paid ads,2025-10-03
3624,10,Paid ads,2025-04-02
3625,12,Organic,2025-03-20
3627,16,Referral,2025-05-29
3628,28,Organic,2025-06-20
3629,13,Influencer,2025-10-15
3630,13,Referral,2025-04-14
3631,3,Organic,2025-04-17
3632,15,Referral,2025-05-25
3634,19,Referral,2025-09-21
3635,22,Referral,2025-08-15
3636,12,Organic,2025-11-28
3637,13,Organic,2025-09-17
3638,9,Paid ads,2025-08-19
3639,20,Referral,2025-10-16
3640,27,Organic,2025-04-24
3641,19,Organic,2025-08-19
3642,22,Paid ads,2025-04-08
3643,29,Paid ads,2025-12-22
3645,32,Organic,2025-03-29
3646,19,Organic,2025-10-17
3647,26,Influencer,2025-06-07
3648,9,Organic,2025-09-17
3649,30,Paid ads,2025-11-23
3650,7,Organic,2025-04-13
3651,27,Organic,2025-05-15
3653,22,Organic,2025-08-19
3654,26,Paid ads,2025-07-16
3656,30,Influencer,2025-08-09
3657,32,Organic,2025-08-13
3658,22,Organic,2025-05-26
3660,25,Organic,2025-04-03
3661,23,Paid ads,2025-07-02
3662,15,Paid ads,2025-11-27
3663,21,Paid ads,2025-12-14
3664,26,Referral,2025-08-25
3666,32,Referral,2025-09-17
3668,15,Organic,2025-09-29
3670,22,Organic,2025-11-11
3671,7,Referral,2025-05-19
3673,15,Organic,2025-04-13
3675,30,Referral,2025-04-04
3677,2,Referral,2025-08-25
3680,26,Organic,2025-07-08
3682,28,Paid ads,2025-12-13
3683,14,Influencer,2025-04-21
3684,29,Paid ads,2025-11-21
3686,26,Paid ads,2025-06-02
3687,24,Organic,2025-08-31
3689,27,Organic,2025-07-25
3690,14,Referral,2025-06-05
3691,29,Influencer,2025-12-05
3692,22,Paid ads,2025-03-08
3693,26,Organic,2025-03-01
3695,31,Organic,2025-06-18
3696,12,Organic,2025-07-27
3697,21,Organic,2025-06-03
3699,2,Organic,2025-10-02
3700,27,Influencer,2025-06-17
3701,26,Referral,2025-06-19
3702,27,Referral,2025-04-27
3703,7,Paid ads,2025-07-09
3704,29,Organic,2025-07-18
3706,31,Referral,2025-09-18
3707,15,Paid ads,2025-10-08
3710,25,Organic,2025-03-12
3711,7,Referral,2025-07-19
3714,28,Organic,2025-03-14
3715,22,Referral,2025-07-29
3716,30,Organic,2025-12-15
3717,5,Paid ads,2025-09-20
3718,16,Paid ads,2025-07-22
3719,18,Paid ads,2025-03-02
3720,27,Organic,2025-09-05
3722,27,Referral,2025-08-15
3723,19,Referral,2025-08-02
3724,21,Organic,2025-05-23
3725,13,Organic,2025-10-28
3726,6,Paid ads,2025-07-25
3727,8,Paid ads,2025-02-08
3728,12,Referral,2025-09-17
3729,16,Referral,2025-02-18
3732,2,Paid ads,2025-02-04
3733,22,Organic,2025-08-26
3734,7,Organic,2025-12-12
3737,15,Referral,2025-07-16
3738,31,Organic,2025-06-05
3740,5,Organic,2025-07-17
3741,26,Paid ads,2025-05-03
3742,29,Organic,2025-02-17
3744,26,Organic,2025-05-01
3745,2,Organic,2025-05-02
3748,4,Organic,2025-05-26
3749,18,Organic,2025-08-24
3750,23,Influencer,2025-10-23
3751,32,Paid ads,2025-08-27
3752,16,Organic,2025-09-12
3754,15,Organic,2025-10-21
3756,23,Referral,2025-05-26
3758,11,Referral,2025-02-03
3759,24,Organic,2025-03-22
3760,10,Paid ads,2025-07-25
3762,28,Paid ads,2025-09-15
3763,22,Referral,2025-06-12
3765,21,Referral,2025-02-14
3766,23,Paid ads,2025-07-23
3767,26,Referral,2025-07-16
3768,6,Referral,2025-09-14
3769,28,Referral,2025-10-09
3770,11,Paid ads,2025-08-05
3771,8,Paid ads,2025-07-28
3772,29,Organic,2025-06-28
3774,3,Influencer,2025-05-03
3775,23,Organic,2025-09-13
3776,1,Organic,2025-07-23
3777,24,Paid ads,2025-09-04
3778,25,Organic,2025-10-08
3779,26,Organic,2025-03-13
3780,14,Influencer,2025-05-09
3782,6,Organic,2025-10-22
3783,22,Paid ads,2025-10-09
3784,9,Referral,2025-04-08
3785,31,Organic,2025-07-25
3786,18,Organic,2025-05-16
3788,16,Organic,2025-07-08
3789,12,Organic,2025-09-14
3790,15,Organic,2025-10-01
3791,29,Influencer,2025-06-16
3792,28,Referral,2025-06-26
3793,10,Paid ads,2025-11-24
3794,12,Influencer,2025-08-26
3796,28,Organic,2025-05-16
3797,32,Paid ads,2025-03-23
3798,22,Referral,2025-10-03
3800,3,Organic,2025-06-28
3801,24,Organic,2025-10-05
3802,32,Referral,2025-10-03
3804,14,Paid ads,2025-06-10
3805,24,Organic,2025-06-16
3806,27,Organic,2025-08-19
3808,2,Influencer,2025-08-13
3809,21,Paid ads,2025-06-29
3810,22,Paid ads,2025-06-28
3811,16,Organic,2025-10-10
3812,31,Organic,2025-09-04
3813,15,Organic,2025-06-29
3814,20,Organic,2025-11-15
3815,20,Paid ads,2025-09-29
3816,21,Organic,2025-09-10
3817,2,Paid ads,2025-10-05
3818,23,Referral,2025-09-19
3819,15,Organic,2025-12-17
3821,5,Paid ads,2025-07-11
3822,13,Influencer,2025-08-17
3824,18,Organic,2025-06-13
3825,25,Organic,2025-09-03
3826,25,Organic,2025-07-19
3827,29,Influencer,2025-11-07
3828,24,Organic,2025-11-08
3829,2,Paid ads,2025-08-31
3830,26,Paid ads,2025-05-23
3831,4,Organic,2025-09-03
3832,27,Paid ads,2025-08-25
3834,22,Organic,2025-09-19
3835,25,Organic,2025-08-29
3837,24,Influencer,2025-04-03
3838,19,Influencer,2025-10-12
3839,20,Organic,2025-07-09
3840,15,Referral,2025-10-15
3841,26,Referral,2025-06-18
3842,27,Influencer,2025-11-11
3843,12,Paid ads,2025-03-03
3845,12,Influencer,2025-12-25
3847,22,Organic,2025-04-13
3848,11,Paid ads,2025-04-07
3850,29,Paid ads,2025-03-26
3851,16,Paid ads,2025-09-05
3853,9,Referral,2025-11-16
3856,29,Influencer,2025-06-25
3857,22,Paid ads,2025-12-19
3858,31,Influencer,2025-06-10
3859,22,Organic,2025-07-25
3860,31,Referral,2025-06-09
3861,12,Organic,2025-04-19
3862,19,Organic,2025-06-03
3863,24,Organic,2025-03-28
3864,25,Organic,2025-12-26
3867,19,Influencer,2025-07-07
3870,9,Organic,2025-09-11
3871,25,Organic,2025-06-19
3872,1,Influencer,2025-07-17
3873,30,Organic,2025-06-16
3874,2,Referral,2025-10-10
3875,31,Influencer,2025-08-13
3877,11,Influencer,2025-12-04
3878,25,Paid ads,2025-12-29
3879,9,Paid ads,2025-04-21
3882,9,Influencer,2025-11-07
3883,11,Influencer,2025-08-05
3884,6,Organic,2025-06-29
3885,31,Referral,2025-07-27
3886,12,Organic,2025-11-19
3887,21,Organic,2025-04-23
3888,24,Organic,2025-09-02
3889,19,Organic,2025-07-10
3890,23,Paid ads,2025-07-21
3891,28,Organic,2025-05-09
3892,31,Organic,2025-05-18
3893,18,Influencer,2025-09-10
3896,27,Influencer,2025-05-26
3897,3,Paid ads,2025-07-20
3898,32,Paid ads,2025-04-21
3900,30,Organic,2025-05-20
3901,30,Organic,2025-06-29
3902,3,Paid ads,2025-07-24
3903,3,Paid ads,2025-02-03
3904,20,Paid ads,2025-05-01
3905,31,Organic,2025-07-13
3906,30,Referral,2025-10-21
3908,21,Referral,2025-06-16
3909,20,Organic,2025-12-28
3910,28,Organic,2025-10-23
3911,20,Influencer,2025-04-29
3912,22,Organic,2025-07-06
3913,22,Organic,2025-05-21
3914,11,Organic,2025-04-26
3915,32,Paid ads,2025-01-26
3916,29,Organic,2025-10-02
3918,1,Organic,2025-04-27
3919,2,Paid ads,2025-10-30
3920,14,Referral,2025-03-03
3921,28,Influencer,2025-10-01
3923,15,Paid ads,2025-04-22
3924,7,Organic,2025-07-06
3925,29,Paid ads,2025-07-18
3926,27,Organic,2025-11-16
3927,25,Paid ads,2025-09-16
3928,24,Paid ads,2025-07-29
3931,25,Referral,2025-12-13
3932,22,Referral,2025-10-22
3933,13,Paid ads,2025-10-04
3934,21,Referral,2025-08-25
3936,17,Paid ads,2025-11-23
3937,17,Organic,2025-07-03
3938,23,Referral,2025-10-27
3939,26,Organic,2025-07-14
3940,19,Influencer,2025-04-05
3941,18,Organic,2025-07-30
3942,4,Influencer,2025-03-30
3943,22,Organic,2025-04-16
3944,24,Organic,2025-10-18
3945,32,Referral,2025-11-14
3947,31,Paid ads,2025-06-24
3948,10,Organic,2025-08-05
3949,23,Organic,2025-06-14
3950,11,Referral,2025-04-29
3951,30,Paid ads,2025-06-27
3952,22,Referral,2025-11-20
3953,21,Organic,2025-06-02
3955,21,Paid ads,2025-10-01
3956,27,Organic,2025-08-21
3957,21,Paid ads,2025-06-12
3961,29,Organic,2025-06-07
3962,21,Organic,2025-10-24
3963,31,Organic,2025-11-19
3964,21,Organic,2025-09-04
3965,30,Organic,2025-03-10
3966,29,Referral,2025-06-05
3967,14,Organic,2025-05-17
3968,31,Paid ads,2025-08-13
3969,25,Organic,2025-10-11
3971,21,Paid ads,2025-11-14
3972,5,Organic,2025-08-29
3973,28,Organic,2025-05-20
3974,32,Influencer,2025-04-02
3975,30,Organic,2025-06-26
3977,28,Referral,2025-03-01
3979,23,Organic,2025-06-05
3980,22,Influencer,2025-05-15
3981,21,Organic,2025-03-16
3983,16,Organic,2025-03-27
3985,19,Organic,2025-06-12
3986,32,Influencer,2025-07-03
3988,28,Referral,2025-07-21
3989,26,Organic,2025-05-12
3990,19,Paid ads,2025-06-05
3992,9,Paid ads,2025-09-13
3994,20,Organic,2025-08-10
3995,23,Paid ads,2025-03-13
3996,32,Referral,2025-08-30
3998,14,Organic,2025-10-30
3999,29,Organic,2025-12-06
4000,21,Organic,2025-03-24
4001,26,Organic,2025-04-13
4002,25,Organic,2025-11-04
4003,20,Organic,2025-09-04
4004,30,Organic,2025-07-23
4005,20,Influencer,2025-01-25
4006,4,Paid ads,2025-10-05
4007,29,Organic,2025-10-11
4008,29,Referral,2025-06-15
4009,30,Paid ads,2025-06-29
4011,26,Paid ads,2025-07-09
4013,14,Organic,2025-09-20
4014,29,Influencer,2025-08-18
4017,19,Organic,2025-10-16
4018,27,Organic,2025-09-27
4019,30,Organic,2025-04-25
4021,25,Referral,2025-09-04
4023,15,Referral,2025-09-11
4024,28,Referral,2025-08-03
4025,22,Organic,2025-10-03
4026,30,Influencer,2025-03-20
4027,3,Referral,2025-07-08
4028,21,Paid ads,2025-05-30
4029,30,Referral,2025-08-28
4030,1,Referral,2025-06-03
4031,30,Organic,2025-05-22
4032,6,Organic,2025-05-11
4033,28,Influencer,2025-05-07
4036,28,Paid ads,2025-10-30
4037,32,Organic,2025-12-16
4038,11,Referral,2025-06-21
4039,31,Paid ads,2025-11-05
4040,21,Influencer,2025-06-07
4041,32,Referral,2025-09-26
4042,12,Paid ads,2025-06-27
4043,29,Paid ads,2025-06-03
4044,32,Organic,2025-06-05
4045,25,Organic,2025-09-20
4046,5,Referral,2025-02-11
4047,30,Referral,2025-05-17
4048,10,Organic,2025-12-22
4049,22,Paid ads,2025-07-30
4050,27,Organic,2025-10-02
4051,15,Referral,2025-03-07
4055,24,Organic,2025-07-31
4056,5,Paid ads,2025-03-14
4057,11,Referral,2025-08-09
4058,24,Organic,2025-03-11
4059,21,Organic,2025-08-14
4061,15,Referral,2025-05-13
4062,23,Paid ads,2025-08-07
4063,21,Organic,2025-07-21
4064,23,Paid ads,2025-04-13
4065,30,Organic,2025-06-30
4066,9,Influencer,2025-06-29
4068,23,Paid ads,2025-05-30
4069,28,Organic,2025-11-23
4070,13,Organic,2025-10-25
4071,13,Organic,2025-04-18
4073,32,Paid ads,2025-04-24
4075,5,Organic,2025-01-18
4076,25,Referral,2025-11-18
4079,17,Paid ads,2025-06-16
4080,17,Organic,2025-07-17
4081,32,Influencer,2025-05-02
4082,14,Organic,2025-07-13
4083,22,Organic,2025-03-06
4084,6,Paid ads,2025-09-19
4085,9,Organic,2025-09-06
4086,30,Organic,2025-02-17
4087,24,Paid ads,2025-08-06
4088,7,Organic,2025-05-22
4089,29,Influencer,2025-04-25
4090,19,Referral,2025-09-28
4091,22,Influencer,2025-11-25
4092,18,Paid ads,2025-10-26
4093,23,Paid ads,2025-08-27
4094,8,Paid ads,2025-05-07
4095,32,Paid ads,2025-10-02
4097,17,Organic,2025-09-24
4098,21,Organic,2025-08-11
4099,15,Paid ads,2025-06-13
4100,28,Organic,2025-11-18
4101,29,Influencer,2025-11-12
4102,15,Organic,2025-07-27
4105,19,Organic,2025-03-23
4107,12,Influencer,2025-10-15
4110,27,Organic,2025-05-12
4111,22,Organic,2025-05-13
4112,20,Organic,2025-03-21
4113,32,Organic,2025-10-29
4114,18,Organic,2025-11-15
4115,17,Organic,2025-05-25
4116,10,Organic,2025-05-12
4117,23,Influencer,2025-08-23
4118,23,Referral,2025-04-17
4119,14,Organic,2025-09-11
4120,29,Organic,2025-10-16
4121,19,Paid ads,2025-10-01
4122,22,Paid ads,2025-05-21
4123,8,Organic,2025-10-06
4124,22,Paid ads,2025-02-12
4125,11,Paid ads,2025-05-07
4126,29,Paid ads,2025-07-13
4127,22,Organic,2025-10-10
4129,13,Organic,2025-08-31
4130,30,Organic,2025-05-03
4131,16,Paid ads,2025-05-29
4132,8,Paid ads,2025-11-01
4134,21,Organic,2025-10-27
4135,7,Paid ads,2025-09-25
4136,21,Paid ads,2025-11-26
4138,28,Organic,2025-03-08
4139,25,Paid ads,2025-09-13
4141,14,Influencer,2025-07-03
4142,18,Organic,2025-07-02
4143,29,Referral,2025-08-05
4144,14,Organic,2025-06-06
4145,28,Paid ads,2025-07-30
4146,27,Organic,2025-11-25
4147,16,Paid ads,2025-10-28
4148,21,Organic,2025-06-02
4149,23,Organic,2025-07-07
4150,24,Paid ads,2025-08-24
4151,26,Paid ads,2025-07-20
4152,18,Organic,2025-04-21
4153,23,Paid ads,2025-09-01
4155,22,Referral,2025-08-30
4156,23,Influencer,2025-12-24
4157,19,Organic,2025-10-24
4158,31,Paid ads,2025-03-20
4159,20,Organic,2025-06-01
4160,19,Organic,2025-10-28
4161,14,Referral,2025-06-17
4163,32,Influencer,2025-06-18
4164,21,Organic,2025-06-07
4165,26,Organic,2025-10-31
4166,29,Paid ads,2025-11-09
4167,30,Referral,2025-02-21
4168,30,Paid ads,2025-08-10
4169,4,Organic,2025-07-19
4170,26,Paid ads,2025-04-19
4171,32,Paid ads,2025-10-23
4173,6,Referral,2025-10-28
4176,23,Paid ads,2025-12-14
4178,32,Organic,2025-04-08
4179,24,Influencer,2025-04-27
4180,30,Referral,2025-08-08
4181,24,Organic,2025-09-22
4183,20,Organic,2025-11-04
4184,19,Organic,2025-05-21
4185,3,Organic,2025-09-13
4186,26,Organic,2025-06-06
4188,25,Influencer,2025-04-01
4189,29,Influencer,2025-03-27
4190,23,Paid ads,2025-12-17
4192,21,Referral,2025-09-11
4193,31,Paid ads,2025-11-24
4194,32,Influencer,2025-04-05
4195,21,Organic,2025-04-08
4196,16,Organic,2025-10-30
4197,29,Organic,2025-06-16
4198,14,Referral,2025-05-19
4199,14,Paid ads,2025-05-11
4201,12,Organic,2025-07-28
4202,9,Paid ads,2025-09-10
4203,13,Paid ads,2025-09-03
4204,2,Organic,2025-06-06
4205,8,Referral,2025-10-10
4206,22,Referral,2025-12-17
4207,31,Paid ads,2025-10-19
4208,23,Organic,2025-05-15
4209,29,Paid ads,2025-09-29
4210,23,Paid ads,2025-12-19
4211,6,Influencer,2025-04-25
4212,32,Organic,2025-05-30
4213,13,Referral,2025-09-16
4214,24,Paid ads,2025-06-21
4215,30,Organic,2025-10-15
4217,11,Paid ads,2025-11-01
4218,31,Organic,2025-07-07
4219,26,Paid ads,2025-05-09
4220,19,Paid ads,2025-08-31
4221,22,Organic,2025-05-06
4222,29,Organic,2025-06-10
4224,18,Influencer,2025-03-11
4226,25,Paid ads,2025-06-22
4227,32,Organic,2025-07-01
4228,7,Paid ads,2025-04-26
4229,21,Referral,2025-09-12
4231,31,Paid ads,2025-11-10
4233,30,Paid ads,2025-07-22
4234,13,Paid ads,2025-02-25
4236,25,Influencer,2025-08-26
4237,28,Organic,2025-10-02
4238,23,Organic,2025-07-26
4240,27,Paid ads,2025-08-12
4242,28,Organic,2025-08-27
4243,23,Organic,2025-06-01
4244,2,Organic,2025-05-09
4245,18,Organic,2025-06-29
4246,29,Influencer,2025-08-24
4247,26,Paid ads,2025-07-24
4248,5,Referral,2025-05-14
4249,25,Organic,2025-03-20
4251,15,Organic,2025-11-16
4252,8,Organic,2025-05-06
4254,21,Paid ads,2025-05-24
4255,20,Organic,2025-03-11
4260,14,Paid ads,2025-04-15
4261,26,Organic,2025-06-02
4262,13,Paid ads,2025-10-08
4263,6,Paid ads,2025-06-15
4264,30,Organic,2025-11-12
4265,3,Organic,2025-03-22
4266,22,Referral,2025-05-27
4267,27,Paid ads,2025-08-17
4269,32,Organic,2025-03-30
4270,31,Paid ads,2025-06-07
4271,6,Referral,2025-09-03
4272,31,Paid ads,2025-04-09
4273,13,Paid ads,2025-08-26
4275,19,Referral,2025-12-10
4277,13,Organic,2025-08-22
4278,29,Influencer,2025-06-16
4279,30,Organic,2025-12-01
4280,27,Organic,2025-09-23
4281,29,Paid ads,2025-07-26
4282,32,Organic,2025-07-16
4283,23,Influencer,2025-05-07
4284,24,Organic,2025-05-03
4286,18,Organic,2025-04-15
4287,19,Organic,2025-10-10
4288,17,Paid ads,2025-04-29
4289,27,Organic,2025-11-09
4291,31,Influencer,2025-11-24
4292,19,Organic,2025-11-08
4293,30,Paid ads,2025-07-22
4294,4,Paid ads,2025-07-26
4295,18,Referral,2025-05-31
4297,17,Referral,2025-05-01
4299,20,Paid ads,2025-09-03
4300,21,Paid ads,2025-11-03
4301,31,Referral,2025-11-15
4302,25,Referral,2025-04-30
4305,30,Paid ads,2025-07-14
4306,32,Organic,2025-10-09
4307,21,Organic,2025-08-14
4309,30,Organic,2025-06-07
4311,8,Referral,2025-08-09
4312,27,Paid ads,2025-08-19
4315,25,Referral,2025-08-09
4316,25,Organic,2025-06-25
4318,27,Paid ads,2025-07-27
4319,13,Paid ads,2025-07-30
4320,30,Paid ads,2025-07-02
4323,17,Referral,2025-07-07
4324,5,Paid ads,2025-05-31
4325,24,Referral,2025-07-19
4328,6,Paid ads,2025-08-07
4329,26,Paid ads,2025-09-09
4332,32,Paid ads,2025-07-03
4334,27,Organic,2025-11-12
4335,24,Referral,2025-04-22
4337,21,Organic,2025-06-14
4338,24,Influencer,2025-06-27
4339,20,Organic,2025-08-18
4340,5,Organic,2025-04-20
4341,23,Paid ads,2025-04-15
4342,5,Referral,2025-03-20
4343,19,Organic,2025-04-23
4344,14,Referral,2025-05-01
4345,6,Influencer,2025-07-27
4346,28,Paid ads,2025-08-14
4347,14,Influencer,2025-11-30
4348,10,Organic,2025-06-28
4351,27,Paid ads,2025-08-07
4352,32,Referral,2025-06-22
4354,29,Organic,2025-06-12
4355,18,Influencer,2025-06-11
4356,16,Organic,2025-05-19
4357,22,Organic,2025-08-21
4359,8,Referral,2025-10-19
4360,25,Referral,2025-09-29
4362,23,Organic,2025-06-10
4363,28,Referral,2025-05-08
4364,29,Paid ads,2025-05-28
4366,11,Organic,2025-10-01
4367,31,Organic,2025-09-12
4368,22,Referral,2025-04-05
4369,26,Organic,2025-07-25
4370,12,Paid ads,2025-09-10
4371,15,Influencer,2025-04-25
4372,27,Organic,2025-08-02
4373,12,Influencer,2025-06-11
4374,29,Organic,2025-10-18
4375,19,Organic,2025-10-17
4376,22,Organic,2025-05-30
4377,18,Referral,2025-06-10
4378,29,Referral,2025-03-26
4379,18,Organic,2025-12-28
4380,22,Influencer,2025-09-01
4382,25,Paid ads,2025-12-01
4383,23,Influencer,2025-08-18
4384,6,Paid ads,2025-08-12
4385,12,Influencer,2025-09-23
4387,26,Organic,2025-02-26
4388,10,Organic,2025-11-02
4389,11,Paid ads,2025-06-07
4391,30,Influencer,2025-07-09
4392,32,Organic,2025-05-01
4393,32,Paid ads,2025-10-12
4394,10,Influencer,2025-05-26
4395,16,Organic,2025-10-02
4396,7,Paid ads,2025-08-18
4397,22,Referral,2025-07-11
4398,11,Paid ads,2025-08-06
4399,27,Organic,2025-03-24
4400,18,Organic,2025-07-10
4401,18,Paid ads,2025-08-09
4402,24,Influencer,2025-08-24
4403,32,Organic,2025-07-10
4404,30,Paid ads,2025-02-21
4405,5,Organic,2025-04-05
4406,31,Referral,2025-11-03
4407,25,Referral,2025-10-12
4408,22,Referral,2025-05-07
4409,18,Paid ads,2025-03-30
4410,29,Referral,2025-09-19
4412,29,Paid ads,2025-06-05
4413,1,Referral,2025-12-02
4415,27,Organic,2025-07-03
4416,21,Paid ads,2025-05-19
4417,12,Referral,2025-08-16
4419,28,Organic,2025-09-30
4420,18,Organic,2025-06-12
4421,29,Influencer,2025-04-30
4422,11,Organic,2025-09-04
4423,9,Organic,2025-11-04
4425,17,Organic,2025-08-19
4426,8,Influencer,2025-06-28
4427,21,Organic,2025-08-24
4428,26,Influencer,2025-04-09
4429,29,Influencer,2025-06-17
4430,17,Organic,2025-08-13
4431,22,Organic,2025-08-23
4432,2,Organic,2025-03-27
4433,7,Organic,2025-04-29
4434,18,Referral,2025-06-22
4435,27,Organic,2025-10-23
4436,32,Organic,2025-08-22
4437,16,Paid ads,2025-03-10
4438,31,Referral,2025-07-19
4439,23,Organic,2025-08-07
4440,6,Organic,2025-03-14
4441,29,Paid ads,2025-06-30
4442,24,Organic,2025-06-09
4445,30,Paid ads,2025-10-14
4447,25,Organic,2025-10-20
4448,13,Organic,2025-12-30
4452,31,Organic,2025-07-30
4453,25,Organic,2025-11-14
4454,20,Referral,2025-05-27
4455,26,Organic,2025-10-30
4456,14,Paid ads,2025-06-11
4457,27,Organic,2025-07-20
4458,14,Referral,2025-07-11
4459,11,Influencer,2025-05-03
4462,9,Organic,2025-11-29
4463,17,Organic,2025-08-10
4464,32,Influencer,2025-06-24
4465,9,Influencer,2025-05-27
4466,23,Organic,2025-07-03
4467,7,Referral,2025-09-23
4469,14,Referral,2025-05-17
4470,16,Organic,2025-08-09
4471,29,Referral,2025-07-11
4472,29,Organic,2025-08-05
4473,4,Referral,2025-06-27
4476,25,Organic,2025-08-13
4478,7,Organic,2025-05-29
4479,26,Organic,2025-07-11
4480,23,Organic,2025-02-17
4481,26,Referral,2025-09-18
4482,25,Organic,2025-07-26
4483,20,Organic,2025-12-02
4484,5,Paid ads,2025-10-17
4485,26,Referral,2025-05-27
4486,7,Paid ads,2025-06-15
4488,23,Referral,2025-07-17
4489,32,Organic,2025-07-19
4490,26,Organic,2025-08-19
4491,27,Influencer,2025-05-19
4492,13,Referral,2025-10-03
4494,25,Influencer,2025-06-22
4496,2,Paid ads,2025-06-18
4498,14,Paid ads,2025-04-29
4499,23,Organic,2025-12-02
4504,15,Organic,2025-04-02
4505,16,Organic,2025-11-23
4506,28,Organic,2025-07-21
4507,19,Paid ads,2025-07-06
4508,25,Organic,2025-05-11
4509,28,Organic,2025-06-18
4510,32,Referral,2025-11-16
4511,2,Organic,2025-10-24
4512,6,Organic,2025-12-02
4513,22,Referral,2025-07-21
4514,24,Referral,2025-04-19
4515,1,Referral,2025-10-02
4516,23,Paid ads,2025-05-01
4517,28,Paid ads,2025-10-21
4519,26,Paid ads,2025-04-13
4521,13,Organic,2025-09-18
4522,17,Referral,2025-03-22
4523,31,Paid ads,2025-06-22
4524,32,Referral,2025-08-02
4525,26,Paid ads,2025-10-22
4526,27,Paid ads,2025-07-19
4528,21,Organic,2025-10-15
4529,2,Organic,2025-08-01
4531,24,Influencer,2025-05-10
4532,25,Organic,2025-05-03
4533,24,Referral,2025-06-07
4536,2,Organic,2025-08-09
4537,25,Organic,2025-12-16
4538,19,Influencer,2025-05-24
4539,30,Influencer,2025-09-08
4540,10,Paid ads,2025-03-31
4541,3,Paid ads,2025-08-15
4544,16,Referral,2025-10-07
4547,22,Paid ads,2025-09-05
4548,22,Organic,2025-11-06
4550,20,Organic,2025-12-18
4551,19,Influencer,2025-07-16
4552,21,Organic,2025-07-12
4554,16,Paid ads,2025-05-09
4555,14,Organic,2025-05-10
4556,32,Organic,2025-04-29
4557,10,Referral,2025-10-14
4558,23,Organic,2025-04-27
4559,20,Paid ads,2025-10-23
4560,31,Paid ads,2025-11-07
4561,26,Organic,2025-06-26
4562,13,Organic,2025-06-12
4563,24,Organic,2025-09-01
4564,27,Organic,2025-06-28
4565,1,Organic,2025-07-31
4566,32,Organic,2025-05-22
4567,26,Referral,2025-09-22
4568,21,Organic,2025-05-31
4569,30,Influencer,2025-04-18
4570,29,Organic,2025-05-13
4571,10,Referral,2025-09-07
4572,27,Organic,2025-04-04
4573,7,Paid ads,2025-10-28
4574,24,Paid ads,2025-07-26
4576,29,Organic,2025-06-20
4579,32,Organic,2025-07-09
4580,24,Paid ads,2025-06-11
4581,8,Organic,2025-10-23
4583,14,Paid ads,2025-05-04
4584,12,Organic,2025-04-14
4585,28,Organic,2025-09-04
4586,12,Organic,2025-06-30
4587,27,Organic,2025-09-01
4588,2,Referral,2025-07-03
4589,3,Paid ads,2025-08-03
4591,14,Organic,2025-05-26
4592,22,Paid ads,2025-05-31
4594,30,Paid ads,2025-10-07
4596,27,Organic,2025-03-19
4597,25,Paid ads,2025-07-08
4598,10,Referral,2025-03-14
4600,30,Organic,2025-11-22
4601,28,Organic,2025-05-04
4602,11,Paid ads,2025-07-27
4603,12,Paid ads,2025-07-11
4604,13,Referral,2025-05-08
4605,9,Influencer,2025-07-10
4606,12,Organic,2025-07-17
4607,4,Influencer,2025-12-02
4608,2,Paid ads,2025-06-04
4609,5,Organic,2025-05-27
4610,2,Organic,2025-02-06
4611,28,Paid ads,2025-10-30
4612,31,Paid ads,2025-04-12
4613,13,Influencer,2025-11-23
4614,20,Organic,2025-04-05
4615,19,Paid ads,2025-10-17
4616,29,Paid ads,2025-08-29
4617,26,Referral,2025-05-30
4619,1,Referral,2025-07-22
4620,11,Organic,2025-08-30
4622,2,Paid ads,2025-12-27
4623,25,Influencer,2025-07-25
4624,9,Paid ads,2025-09-19
4625,8,Organic,2025-09-06
4626,23,Referral,2025-07-29
4627,29,Organic,2025-07-06
4628,10,Paid ads,2025-08-13
4630,9,Influencer,2025-11-30
4632,12,Organic,2025-06-16
4633,10,Organic,2025-08-18
4634,6,Influencer,2025-04-11
4635,23,Organic,2025-07-28
4636,23,Organic,2025-08-23
4637,7,Influencer,2025-06-14
4639,9,Organic,2025-06-26
4640,10,Paid ads,2025-02-20
4641,26,Organic,2025-11-20
4642,8,Organic,2025-05-10
4643,32,Paid ads,2025-05-02
4644,27,Influencer,2025-09-04
4645,31,Organic,2025-10-16
4646,9,Organic,2025-05-13
4647,2,Referral,2025-10-12
4648,16,Organic,2025-11-08
4649,24,Influencer,2025-07-25
4650,25,Organic,2025-07-18
4651,26,Paid ads,2025-03-13
4652,12,Organic,2025-11-08
4653,5,Organic,2025-02-07
4654,31,Paid ads,2025-10-06
4656,31,Organic,2025-10-27
4657,31,Influencer,2025-10-26
4658,20,Organic,2025-04-12
4660,10,Referral,2025-07-15
4661,25,Referral,2025-07-01
4662,30,Organic,2025-03-26
4663,11,Organic,2025-04-29
4664,31,Referral,2025-08-28
4665,3,Organic,2025-06-07
4666,11,Paid ads,2025-10-17
4667,13,Influencer,2025-12-21
4668,12,Paid ads,2025-10-09
4671,29,Organic,2025-11-26
4672,21,Organic,2025-08-11
4673,2,Organic,2025-10-16
4674,24,Referral,2025-07-11
4675,30,Influencer,2025-05-27
4676,26,Organic,2025-09-30
4678,32,Organic,2025-08-25
4679,31,Organic,2025-03-09
4680,28,Organic,2025-10-16
4681,20,Referral,2025-08-09
4682,5,Influencer,2025-02-20
4683,30,Organic,2025-09-08
4684,28,Influencer,2025-06-27
4685,25,Referral,2025-04-02
4686,29,Organic,2025-11-02
4687,26,Paid ads,2025-12-01
4688,29,Paid ads,2025-10-01
4690,26,Organic,2025-07-05
4691,19,Paid ads,2025-05-31
4692,1,Organic,2025-03-26
4693,25,Referral,2025-11-21
4695,31,Paid ads,2025-07-18
4696,26,Paid ads,2025-05-03
4697,10,Paid ads,2025-07-11
4698,28,Influencer,2025-05-29
4699,30,Paid ads,2025-06-24
4700,32,Organic,2025-06-29
4701,19,Referral,2025-05-28
4702,30,Organic,2025-04-27
4703,20,Influencer,2025-06-20
4704,19,Organic,2025-07-01
4705,27,Organic,2025-07-19
4706,24,Organic,2025-06-16
4708,2,Paid ads,2025-05-29
4710,28,Influencer,2025-06-23
4711,18,Paid ads,2025-09-18
4714,5,Organic,2025-08-03
4715,29,Organic,2025-10-08
4716,12,Paid ads,2025-04-06
4717,28,Paid ads,2025-10-18
4719,27,Referral,2025-10-25
4720,31,Paid ads,2025-06-19
4721,7,Organic,2025-09-22
4722,31,Influencer,2025-04-10
4723,8,Organic,2025-03-06
4725,31,Referral,2025-11-26
4726,31,Referral,2025-10-15
4727,29,Paid ads,2025-10-27
4728,25,Organic,2025-05-31
4729,8,Organic,2025-11-01
4730,31,Paid ads,2025-07-14
4731,32,Organic,2025-10-14
4733,16,Organic,2025-10-09
4735,31,Paid ads,2025-07-04
4736,3,Organic,2025-05-29
4737,28,Organic,2025-06-02
4739,21,Paid ads,2025-07-24
4741,31,Referral,2025-06-16
4742,25,Referral,2025-07-10
4743,27,Organic,2025-05-28
4744,28,Influencer,2025-10-21
4745,20,Paid ads,2025-11-16
4747,30,Referral,2025-05-15
4748,1,Paid ads,2025-05-25
4749,12,Influencer,2025-10-17
4751,10,Paid ads,2025-08-22
4752,21,Paid ads,2025-04-20
4753,24,Organic,2025-05-09
4754,17,Referral,2025-10-26
4755,16,Referral,2025-08-27
4756,9,Influencer,2025-09-16
4757,26,Organic,2025-06-03
4758,7,Paid ads,2025-10-01
4760,16,Referral,2025-09-06
4762,22,Organic,2025-11-23
4764,32,Paid ads,2025-11-11
4765,30,Referral,2025-10-20
4766,16,Organic,2025-04-12
4767,31,Paid ads,2025-06-01
4768,25,Influencer,2025-04-15
4769,2,Paid ads,2025-05-18
4770,21,Organic,2025-02-11
4771,9,Organic,2025-08-26
4773,3,Organic,2025-08-03
4774,6,Organic,2025-09-13
4775,19,Paid ads,2025-08-18
4776,30,Influencer,2025-07-11
4777,7,Influencer,2025-05-24
4778,21,Organic,2025-08-16
4779,9,Organic,2025-07-17
4781,26,Organic,2025-06-16
4782,32,Paid ads,2025-07-27
4783,22,Organic,2025-08-18
4785,31,Organic,2025-09-25
4786,19,Paid ads,2025-09-03
4787,22,Influencer,2025-08-02
4788,32,Organic,2025-11-12
4790,26,Referral,2025-09-09
4791,22,Organic,2025-10-28
4793,9,Organic,2025-08-24
4794,13,Paid ads,2025-08-22
4795,30,Paid ads,2025-03-31
4797,23,Paid ads,2025-09-30
4798,25,Influencer,2025-11-19
4799,21,Influencer,2025-06-21
4800,25,Referral,2025-07-25
4801,19,Organic,2025-07-19
4803,19,Paid ads,2025-11-20
4804,6,Organic,2025-09-18
4805,2,Influencer,2025-06-06
4806,2,Paid ads,2025-09-19
4807,13,Organic,2025-12-15
4808,15,Influencer,2025-04-07
4811,23,Paid ads,2025-06-11
4814,31,Influencer,2025-06-29
4815,27,Influencer,2025-11-29
4816,5,Paid ads,2025-10-13
4817,25,Influencer,2025-08-13
4818,10,Organic,2025-05-16
4819,12,Organic,2025-07-27
4820,14,Paid ads,2025-06-23
4821,30,Organic,2025-10-01
4822,30,Organic,2025-05-06
4824,24,Organic,2025-08-11
4825,18,Organic,2025-12-23
4827,18,Paid ads,2025-07-23
4828,24,Paid ads,2025-06-09
4829,22,Organic,2025-07-01
4830,8,Referral,2025-04-30
4832,18,Referral,2025-06-24
4833,31,Organic,2025-06-27
4834,2,Organic,2025-05-03
4835,17,Organic,2025-07-10
4836,19,Influencer,2025-06-25
4837,30,Referral,2025-04-21
4839,28,Organic,2025-08-02
4840,5,Organic,2025-07-28
4841,10,Paid ads,2025-10-04
4842,31,Paid ads,2025-06-14
4843,9,Organic,2025-09-02
4844,14,Influencer,2025-07-12
4845,26,Influencer,2025-05-07
4846,30,Organic,2025-10-07
4847,22,Organic,2025-07-12
4848,12,Influencer,2025-04-22
4851,21,Influencer,2025-04-06
4852,28,Paid ads,2025-07-09
4853,24,Paid ads,2025-05-30
4854,21,Referral,2025-05-23
4855,18,Organic,2025-08-19
4856,12,Organic,2025-07-21
4857,25,Organic,2025-04-28
4858,28,Organic,2025-05-22
4859,14,Organic,2025-05-01
4860,22,Organic,2025-06-24
4861,32,Organic,2025-06-27
4862,12,Paid ads,2025-06-21
4863,22,Influencer,2025-07-27
4864,23,Referral,2025-12-16
4865,22,Organic,2025-11-12
4866,23,Paid ads,2025-03-01
4867,8,Paid ads,2025-12-23
4868,23,Influencer,2025-03-26
4869,18,Influencer,2025-04-14
4870,26,Referral,2025-06-08
4871,32,Organic,2025-05-20
4872,29,Organic,2025-11-11
4873,32,Organic,2025-08-22
4875,14,Organic,2025-05-03
4877,22,Paid ads,2025-08-11
4878,16,Organic,2025-06-20
4880,24,Organic,2025-12-25
4881,29,Influencer,2025-08-28
4882,23,Organic,2025-05-10
4883,27,Organic,2025-08-12
4884,32,Referral,2025-07-11
4885,30,Paid ads,2025-03-03
4886,27,Organic,2025-10-07
4887,17,Influencer,2025-08-10
4888,13,Paid ads,2025-10-12
4889,24,Paid ads,2025-03-07
4890,25,Referral,2025-09-03
4891,19,Paid ads,2025-11-18
4892,32,Organic,2025-04-20
4893,26,Influencer,2025-07-19
4894,14,Referral,2025-02-14
4895,22,Paid ads,2025-07-27
4896,25,Paid ads,2025-09-22
4897,5,Referral,2025-04-30
4898,32,Organic,2025-08-10
4900,25,Influencer,2025-06-07
4901,12,Organic,2025-08-25
4902,22,Paid ads,2025-03-10
4903,18,Paid ads,2025-10-27
4904,30,Referral,2025-03-16
4905,20,Referral,2025-04-25
4906,3,Referral,2025-08-31
4907,24,Referral,2025-04-17
4908,15,Organic,2025-06-28
4909,15,Paid ads,2025-11-10
4910,7,Influencer,2025-09-05
4911,27,Paid ads,2025-06-01
4912,20,Referral,2025-05-21
4913,22,Paid ads,2025-11-25
4914,26,Paid ads,2025-05-25
4915,2,Organic,2025-08-22
4916,14,Paid ads,2025-12-29
4917,19,Paid ads,2025-05-27
4920,22,Paid ads,2025-08-25
4921,29,Paid ads,2025-10-28
4922,2,Influencer,2025-08-02
4923,11,Paid ads,2025-10-20
4924,21,Paid ads,2025-08-19
4926,10,Influencer,2025-06-10
4927,31,Paid ads,2025-02-15
4930,24,Paid ads,2025-08-02
4931,23,Paid ads,2025-05-09
4932,24,Organic,2025-08-05
4933,25,Organic,2025-06-18
4934,25,Paid ads,2025-08-04
4935,21,Organic,2025-09-08
4936,10,Paid ads,2025-09-16
4937,26,Influencer,2025-09-20
4940,22,Paid ads,2025-11-12
4942,22,Referral,2025-02-09
4944,23,Organic,2025-11-12
4945,10,Paid ads,2025-06-10
4946,13,Organic,2025-04-06
4949,25,Paid ads,2025-04-21
4950,23,Paid ads,2025-09-19
4951,32,Organic,2025-10-08
4952,18,Influencer,2025-10-12
4953,1,Organic,2025-11-02
4955,27,Organic,2025-10-22
4956,12,Paid ads,2025-07-06
4958,19,Paid ads,2025-12-08
4959,24,Organic,2025-09-01
4960,24,Paid ads,2025-05-24
4961,5,Organic,2025-08-22
4962,21,Referral,2025-06-29
4963,25,Paid ads,2025-05-27
4964,1,Referral,2025-02-08
4965,2,Influencer,2025-09-17
4966,29,Organic,2025-07-27
4967,23,Organic,2025-11-07
4968,23,Organic,2025-08-07
4971,23,Referral,2025-09-03
4972,21,Paid ads,2025-08-31
4973,4,Organic,2025-10-04
4974,27,Paid ads,2025-03-12
4977,6,Paid ads,2025-09-20
4979,17,Organic,2025-05-13
4980,30,Organic,2025-04-25
4981,30,Paid ads,2025-06-07
4982,26,Organic,2025-06-25
4983,20,Organic,2025-10-25
4984,30,Organic,2025-11-25
4985,27,Organic,2025-04-17
4987,12,Organic,2025-08-18
4988,28,Organic,2025-04-01
4989,31,Paid ads,2025-10-25
4991,24,Influencer,2025-11-08
4992,17,Organic,2025-02-28
4994,28,Referral,2025-06-02
4995,11,Paid ads,2025-05-21
4996,1,Organic,2025-05-21
4997,32,Referral,2025-05-02
4998,30,Influencer,2025-03-13
4999,16,Organic,2025-10-09
5001,23,Paid ads,2025-03-28
5002,22,Paid ads,2025-05-23
5003,32,Paid ads,2025-06-25
5004,17,Influencer,2025-06-06
5005,20,Organic,2025-06-13
5006,19,Influencer,2025-10-24
5007,11,Paid ads,2025-05-03
5009,28,Referral,2025-05-25
5010,30,Paid ads,2025-08-12
5012,28,Paid ads,2025-08-30
5013,27,Organic,2025-06-23
5015,26,Organic,2025-05-18
5016,13,Influencer,2025-01-28
5017,29,Influencer,2025-09-25
5018,19,Referral,2025-09-02
5019,29,Organic,2025-10-18
5021,25,Organic,2025-07-03
5022,14,Influencer,2025-08-24
5023,12,Organic,2025-05-22
5024,10,Paid ads,2025-10-30
5026,14,Organic,2025-06-27
5028,3,Organic,2025-07-16
5030,17,Organic,2025-03-07
5032,12,Influencer,2025-10-05
5033,24,Organic,2025-07-24
5034,29,Paid ads,2025-06-07
5035,6,Organic,2025-04-09
5036,22,Organic,2025-08-03
5037,4,Paid ads,2025-10-23
5039,15,Paid ads,2025-07-25
5040,7,Influencer,2025-09-13
5041,28,Organic,2025-05-07
5042,24,Paid ads,2025-06-08
5043,25,Organic,2025-10-14
5044,15,Paid ads,2025-07-30
5045,26,Paid ads,2025-06-12
5046,15,Referral,2025-11-05
5049,7,Referral,2025-04-07
5052,26,Paid ads,2025-08-11
5053,17,Paid ads,2025-09-05
5054,18,Paid ads,2025-04-22
5055,23,Paid ads,2025-07-09
5056,28,Paid ads,2025-11-09
5059,23,Organic,2025-06-26
5060,14,Organic,2025-06-05
5061,21,Influencer,2025-08-23
5062,15,Influencer,2025-08-27
5063,1,Paid ads,2025-05-11
5064,26,Organic,2025-06-07
5065,6,Organic,2025-09-12
5066,1,Organic,2025-09-20
5068,26,Paid ads,2025-06-10
5069,24,Influencer,2025-04-24
5070,1,Organic,2025-07-06
5072,14,Organic,2025-10-24
5073,23,Paid ads,2025-08-01
5075,16,Referral,2025-11-08
5077,17,Referral,2025-09-09
5078,21,Influencer,2025-04-20
5079,16,Referral,2025-10-16
5080,27,Referral,2025-07-15
5081,23,Paid ads,2025-07-30
5082,20,Organic,2025-12-06
5083,21,Organic,2025-07-12
5084,21,Influencer,2025-04-30
5085,26,Organic,2025-08-18
5086,5,Paid ads,2025-03-13
5088,8,Organic,2025-07-31
5090,20,Paid ads,2025-10-19
5091,32,Influencer,2025-04-16
5092,11,Organic,2025-10-31
5094,26,Influencer,2025-09-16
5096,16,Organic,2025-05-22
5098,24,Organic,2025-04-02
5099,30,Paid ads,2025-03-22
5100,16,Influencer,2025-05-15
5101,31,Organic,2025-12-11
5103,25,Organic,2025-12-17
5104,13,Organic,2025-08-11
5105,31,Organic,2025-05-17
5106,28,Influencer,2025-07-30
5107,32,Organic,2025-07-08
5108,8,Organic,2025-10-23
5109,26,Organic,2025-11-19
5110,22,Organic,2025-08-07
5111,32,Paid ads,2025-10-05
5112,7,Organic,2025-05-30
5114,5,Referral,2025-07-05
5115,15,Paid ads,2025-06-19
5116,13,Organic,2025-12-05
5117,9,Influencer,2025-12-06
5118,6,Organic,2025-05-20
5120,26,Organic,2025-10-05
5121,13,Referral,2025-11-06
5122,27,Referral,2025-06-29
5123,32,Paid ads,2025-08-30
5124,25,Organic,2025-05-02
5125,32,Organic,2025-06-16
5126,30,Organic,2025-06-03
5128,32,Organic,2025-05-31
5129,8,Paid ads,2025-07-21
5130,28,Organic,2025-04-26
5131,24,Organic,2025-08-18
5132,9,Organic,2025-10-01
5133,19,Influencer,2025-09-16
5134,28,Paid ads,2025-05-03
5136,22,Referral,2025-03-17
5137,16,Organic,2025-05-08
5138,16,Paid ads,2025-07-20
5139,8,Influencer,2025-05-23
5140,31,Referral,2025-04-08
5141,32,Referral,2025-10-22
5142,32,Paid ads,2025-12-12
5143,13,Organic,2025-07-19
5145,18,Organic,2025-06-10
5148,14,Organic,2025-11-11
5150,21,Influencer,2025-04-03
5151,6,Organic,2025-05-06
5154,12,Organic,2025-11-21
5155,23,Referral,2025-11-09
5156,32,Organic,2025-11-17
5157,30,Organic,2025-05-16
5158,14,Referral,2025-06-07
5160,29,Paid ads,2025-05-20
5161,31,Referral,2025-05-31
5162,22,Organic,2025-08-19
5163,2,Paid ads,2025-06-09
5165,21,Organic,2025-10-01
5166,22,Paid ads,2025-05-20
5167,22,Organic,2025-10-14
5168,21,Organic,2025-04-10
5169,22,Influencer,2025-02-19
5170,27,Organic,2025-02-09
5172,32,Organic,2025-04-09
5173,21,Referral,2025-08-09
5174,32,Organic,2025-02-07
5175,13,Organic,2025-08-20
5176,20,Influencer,2025-03-20
5177,23,Paid ads,2025-07-14
5178,28,Paid ads,2025-11-02
5179,13,Referral,2025-09-08
5182,25,Organic,2025-05-31
5183,25,Organic,2025-05-03
5184,27,Organic,2025-06-16
5185,24,Organic,2025-07-19
5186,28,Referral,2025-09-16
5187,29,Organic,2025-06-13
5188,31,Organic,2025-09-26
5190,13,Organic,2025-07-22
5192,13,Organic,2025-09-19
5193,29,Organic,2025-06-24
5194,13,Organic,2025-04-20
5195,22,Organic,2025-08-21
5196,2,Influencer,2025-07-24
5197,17,Paid ads,2025-08-29
5198,11,Paid ads,2025-07-09
5199,29,Influencer,2025-06-20
5200,8,Organic,2025-03-04
5201,15,Paid ads,2025-05-31
5204,29,Organic,2025-11-07
5205,22,Organic,2025-06-14
5206,29,Organic,2025-10-03
5207,15,Organic,2025-12-10
5208,15,Paid ads,2025-08-06
5209,5,Referral,2025-06-03
5210,10,Paid ads,2025-12-21
5213,32,Organic,2025-08-24
5214,19,Paid ads,2025-10-11
5215,27,Referral,2025-06-26
5216,12,Organic,2025-05-15
5218,4,Referral,2025-10-09
5219,23,Paid ads,2025-03-08
5220,21,Organic,2025-06-22
5222,23,Organic,2025-08-20
5223,25,Organic,2025-06-29
5224,12,Organic,2025-05-31
5225,26,Organic,2025-04-22
5227,20,Influencer,2025-10-14
5228,31,Influencer,2025-12-22
5229,3,Organic,2025-11-11
5230,25,Influencer,2025-10-16
5232,15,Organic,2025-10-11
5234,29,Organic,2025-07-19
5235,19,Paid ads,2025-03-06
5237,18,Paid ads,2025-06-19
5239,2,Organic,2025-02-01
5240,29,Influencer,2025-07-03
5242,16,Organic,2025-07-22
5243,15,Organic,2025-08-10
5244,28,Referral,2025-09-28
5245,17,Referral,2025-06-29
5246,14,Organic,2025-07-04
5247,30,Organic,2025-08-15
5248,26,Paid ads,2025-06-20
5249,13,Paid ads,2025-03-22
5250,16,Organic,2025-11-18
5251,19,Paid ads,2025-04-19
5253,23,Referral,2025-12-06
5254,9,Paid ads,2025-07-10
5256,20,Organic,2025-02-20
5257,6,Paid ads,2025-05-19
5259,4,Paid ads,2025-10-11
5260,17,Organic,2025-08-09
5261,21,Organic,2025-10-09
5265,32,Organic,2025-08-20
5268,5,Organic,2025-10-06
5269,30,Paid ads,2025-08-28
5270,27,Organic,2025-05-22
5271,23,Referral,2025-07-20
5272,26,Organic,2025-02-26
5273,15,Organic,2025-04-24
5274,24,Organic,2025-04-07
5275,28,Organic,2025-08-26
5276,27,Referral,2025-05-29
5277,22,Organic,2025-03-29
5278,28,Paid ads,2025-11-13
5279,20,Paid ads,2025-07-05
5281,15,Paid ads,2025-03-08
5282,27,Organic,2025-03-04
5283,21,Referral,2025-11-06
5284,29,Influencer,2025-05-04
5286,21,Organic,2025-07-05
5287,25,Paid ads,2025-11-20
5288,28,Influencer,2025-11-10
5290,14,Influencer,2025-08-23
5291,28,Referral,2025-07-28
5292,12,Organic,2025-05-29
5293,18,Referral,2025-08-22
5294,15,Organic,2025-09-20
5295,28,Paid ads,2025-06-15
5296,1,Paid ads,2025-03-24
5297,12,Paid ads,2025-12-01
5298,27,Organic,2025-09-06
5299,14,Referral,2025-05-06
5301,24,Influencer,2025-07-16
5303,17,Organic,2025-10-24
5304,8,Organic,2025-05-01
5307,2,Paid ads,2025-10-29
5308,29,Referral,2025-04-23
5309,28,Influencer,2025-07-12
5310,28,Paid ads,2025-07-16
5311,14,Influencer,2025-08-06
5312,23,Organic,2025-08-17
5313,9,Referral,2025-02-20
5314,28,Paid ads,2025-04-19
5315,11,Influencer,2025-10-08
5316,21,Influencer,2025-06-06
5317,8,Influencer,2025-05-24
5319,13,Paid ads,2025-08-13
5322,6,Referral,2025-02-27
5323,13,Organic,2025-10-11
5325,1,Organic,2025-07-14
5326,26,Referral,2025-10-01
5327,2,Organic,2025-04-01
5328,29,Organic,2025-10-24
5331,23,Organic,2025-11-15
5332,27,Organic,2025-07-29
5333,25,Paid ads,2025-02-11
5335,27,Organic,2025-05-08
5336,24,Paid ads,2025-08-21
5337,16,Influencer,2025-04-28
5338,1,Paid ads,2025-03-07
5342,26,Organic,2025-11-07
5343,30,Referral,2025-06-11
5344,9,Influencer,2025-08-22
5345,17,Organic,2025-08-30
5346,23,Paid ads,2025-10-22
5350,30,Organic,2025-08-16
5351,25,Referral,2025-07-29
5352,11,Influencer,2025-02-18
5353,32,Influencer,2025-06-04
5354,28,Referral,2025-05-14
5355,28,Influencer,2025-05-12
5356,32,Organic,2025-11-06
5357,11,Organic,2025-09-18
5358,19,Organic,2025-05-17
5359,29,Paid ads,2025-02-26
5360,9,Paid ads,2025-12-25
5361,12,Influencer,2025-11-10
5362,29,Organic,2025-12-23
5363,16,Organic,2025-05-01
5364,32,Organic,2025-08-13
5365,21,Organic,2025-05-11
5366,23,Organic,2025-07-05
5369,21,Paid ads,2025-11-18
5371,27,Organic,2025-10-24
5372,22,Organic,2025-07-18
5373,4,Influencer,2025-08-15
5374,31,Influencer,2025-08-01
5375,3,Organic,2025-04-10
5377,1,Paid ads,2025-08-02
5378,3,Influencer,2025-08-03
5380,29,Paid ads,2025-04-30
5381,23,Paid ads,2025-02-25
5382,26,Paid ads,2025-07-04
5383,30,Influencer,2025-09-30
5384,26,Paid ads,2025-10-13
5385,5,Organic,2025-08-25
5386,5,Influencer,2025-04-27
5387,27,Organic,2025-06-19
5388,6,Organic,2025-10-07
5390,32,Influencer,2025-08-11
5391,32,Paid ads,2025-10-20
5393,25,Paid ads,2025-07-21
5394,24,Referral,2025-03-22
5395,24,Organic,2025-08-19
5396,23,Organic,2025-08-15
5397,27,Influencer,2025-03-21
5398,19,Organic,2025-07-31
5399,16,Organic,2025-11-26
5402,12,Influencer,2025-04-05
5403,11,Referral,2025-10-11
5404,32,Paid ads,2025-09-12
5405,27,Paid ads,2025-10-29
5406,28,Referral,2025-08-05
5407,15,Referral,2025-10-22
5408,16,Paid ads,2025-04-14
5409,16,Paid ads,2025-08-31
5410,22,Influencer,2025-12-01
5411,25,Organic,2025-11-26
5412,20,Organic,2025-10-21
5413,17,Organic,2025-10-07
5415,30,Organic,2025-07-07
5416,27,Paid ads,2025-09-10
5417,28,Organic,2025-11-13
5418,28,Organic,2025-09-23
5420,30,Paid ads,2025-08-04
5421,27,Organic,2025-11-07
5422,16,Referral,2025-06-11
5423,28,Paid ads,2025-06-18
5424,22,Organic,2025-05-13
5425,31,Referral,2025-07-10
5428,18,Influencer,2025-08-25
5429,19,Influencer,2025-04-17
5430,28,Referral,2025-08-06
5431,13,Referral,2025-05-26
5432,29,Paid ads,2025-08-13
5433,26,Organic,2025-07-30
5434,2,Paid ads,2025-05-28
5436,21,Paid ads,2025-10-22
5437,11,Referral,2025-12-16
5438,24,Referral,2025-07-17
5439,13,Organic,2025-03-01
5440,23,Paid ads,2025-07-29
5441,21,Influencer,2025-10-04
5442,26,Influencer,2025-10-13
5443,21,Organic,2025-11-04
5444,25,Referral,2025-04-16
5445,23,Influencer,2025-06-14
5448,20,Organic,2025-04-23
5449,26,Referral,2025-11-14
5450,5,Organic,2025-12-02
5452,26,Organic,2025-11-02
5453,13,Organic,2025-04-28
5454,29,Paid ads,2025-11-15
5458,21,Paid ads,2025-09-04
5460,18,Organic,2025-10-18
5461,23,Organic,2025-10-25
5462,16,Organic,2025-07-12
5464,22,Referral,2025-07-19
5466,31,Influencer,2025-09-23
5468,26,Influencer,2025-09-23
5470,16,Referral,2025-08-28
5471,27,Paid ads,2025-11-08
5472,27,Organic,2025-08-04
5473,32,Paid ads,2025-05-03
5474,31,Referral,2025-04-24
5477,24,Organic,2025-06-02
5478,12,Referral,2025-05-27
5480,25,Paid ads,2025-09-03
5481,32,Organic,2025-10-05
5482,30,Paid ads,2025-06-30
5483,22,Organic,2025-11-06
5484,11,Organic,2025-04-24
5485,28,Organic,2025-09-12
5486,31,Organic,2025-10-17
5487,13,Organic,2025-05-15
5489,23,Influencer,2025-04-27
5491,25,Referral,2025-04-07
5493,19,Organic,2025-07-13
5495,30,Paid ads,2025-07-04
5496,20,Organic,2025-10-27
5498,30,Organic,2025-11-15
5499,14,Referral,2025-07-25
5500,12,Organic,2025-08-11
5501,24,Paid ads,2025-06-30
5502,19,Organic,2025-07-21
5504,20,Organic,2025-05-28
5505,13,Paid ads,2025-05-30
5506,12,Referral,2025-04-26
5507,20,Referral,2025-08-11
5508,25,Paid ads,2025-09-22
5509,21,Organic,2025-05-20
5511,25,Paid ads,2025-11-23
5512,9,Organic,2025-11-12
5513,25,Influencer,2025-08-29
5514,24,Paid ads,2025-07-30
5515,25,Influencer,2025-04-06
5516,26,Organic,2025-07-30
5517,23,Paid ads,2025-05-12
5518,22,Organic,2025-06-05
5519,2,Organic,2025-08-15
5520,6,Organic,2025-08-30
5521,14,Referral,2025-07-30
5522,21,Organic,2025-08-04
5523,1,Organic,2025-05-16
5524,11,Influencer,2025-09-14
5525,24,Influencer,2025-04-13
5526,28,Paid ads,2025-11-17
5527,16,Organic,2025-04-09
5528,5,Organic,2025-06-14
5530,21,Referral,2025-10-05
5531,30,Referral,2025-04-05
5532,2,Influencer,2025-08-22
5533,30,Organic,2025-03-14
5534,20,Influencer,2025-10-17
5535,32,Paid ads,2025-06-07
5536,25,Referral,2025-08-19
5537,24,Paid ads,2025-11-21
5538,9,Organic,2025-07-11
5540,26,Organic,2025-07-02
5541,32,Organic,2025-07-13
5542,12,Influencer,2025-10-24
5543,27,Organic,2025-05-03
5544,9,Influencer,2025-07-05
5545,24,Influencer,2025-03-29
5546,24,Paid ads,2025-07-29
5547,8,Influencer,2025-05-27
5548,32,Referral,2025-04-24
5549,19,Paid ads,2025-08-20
5550,24,Paid ads,2025-10-03
5551,29,Referral,2025-10-10
5553,10,Paid ads,2025-03-17
5554,25,Organic,2025-03-10
5555,22,Influencer,2025-11-27
5556,32,Referral,2025-06-11
5557,19,Organic,2025-07-25
5560,21,Paid ads,2025-08-04
5561,29,Organic,2025-08-09
5562,13,Influencer,2025-05-21
5563,30,Influencer,2025-08-19
5564,9,Organic,2025-02-26
5565,14,Paid ads,2025-09-25
5566,3,Influencer,2025-02-10
5567,32,Referral,2025-11-30
5568,17,Influencer,2025-12-30
5569,29,Referral,2025-10-11
5570,22,Organic,2025-11-12
5571,5,Referral,2025-06-29
5572,22,Organic,2025-04-07
5573,21,Referral,2025-11-25
5574,24,Paid ads,2025-04-27
5575,11,Influencer,2025-09-10
5577,29,Organic,2025-09-07
5578,8,Organic,2025-11-18
5579,26,Referral,2025-03-14
5580,13,Influencer,2025-05-14
5581,23,Influencer,2025-12-02
5582,16,Influencer,2025-05-11
5583,11,Organic,2025-08-04
5584,23,Paid ads,2025-08-04
5586,28,Organic,2025-09-03
5587,32,Organic,2025-07-08
5588,24,Referral,2025-03-30
5589,6,Influencer,2025-05-04
5590,22,Organic,2025-05-02
5591,14,Referral,2025-09-16
5592,19,Organic,2025-10-25
5593,10,Organic,2025-03-26
5594,23,Organic,2025-10-10
5596,10,Organic,2025-05-24
5597,13,Referral,2025-03-12
5598,9,Organic,2025-03-04
5599,27,Organic,2025-10-18
5600,30,Referral,2025-09-29
5601,27,Paid ads,2025-10-14
5602,9,Organic,2025-10-08
5604,12,Paid ads,2025-04-05
5605,17,Organic,2025-04-01
5606,16,Paid ads,2025-07-22
5607,27,Paid ads,2025-10-23
5608,24,Influencer,2025-05-31
5609,6,Organic,2025-06-30
5610,15,Paid ads,2025-04-16
5611,22,Organic,2025-07-13
5612,12,Organic,2025-08-24
5613,21,Referral,2025-06-17
5614,20,Influencer,2025-04-01
5615,13,Organic,2025-07-24
5617,27,Paid ads,2025-08-12
5618,5,Paid ads,2025-07-12
5622,23,Organic,2025-07-15
5623,23,Referral,2025-10-10
5624,1,Paid ads,2025-04-26
5627,19,Organic,2025-10-05
5628,21,Organic,2025-12-24
5629,4,Organic,2025-05-18
5630,22,Organic,2025-04-19
5631,16,Organic,2025-07-29
5632,32,Organic,2025-04-18
5633,21,Organic,2025-05-15
5634,32,Paid ads,2025-06-02
5635,14,Organic,2025-05-08
5636,29,Organic,2025-04-11
5637,27,Referral,2025-10-29
5638,22,Influencer,2025-05-08
5639,31,Organic,2025-05-18
5640,19,Paid ads,2025-08-03
5641,30,Organic,2025-07-11
5642,32,Organic,2025-06-12
5643,16,Organic,2025-10-04
5644,13,Organic,2025-10-09
5646,24,Paid ads,2025-08-08
5647,23,Paid ads,2025-12-06
5649,23,Organic,2025-04-08
5650,17,Organic,2025-04-17
5651,22,Organic,2025-07-04
5652,18,Organic,2025-04-30
5653,13,Paid ads,2025-08-06
5654,16,Organic,2025-10-27
5656,17,Organic,2025-06-27
5657,21,Paid ads,2025-02-21
5658,29,Influencer,2025-03-25
5659,18,Organic,2025-06-04
5661,30,Organic,2025-09-05
5662,29,Organic,2025-06-17
5663,5,Organic,2025-07-26
5664,20,Paid ads,2025-08-24
5665,26,Organic,2025-05-25
5666,30,Paid ads,2025-08-29
5667,21,Influencer,2025-11-02
5668,16,Organic,2025-09-30
5669,32,Paid ads,2025-08-15
5670,21,Organic,2025-07-06
5672,13,Referral,2025-11-29
5673,14,Organic,2025-04-12
5678,27,Organic,2025-11-02
5679,11,Organic,2025-06-23
5680,24,Paid ads,2025-08-22
5681,21,Paid ads,2025-09-17
5682,28,Paid ads,2025-12-07
5683,7,Organic,2025-07-12
5684,29,Organic,2025-11-03
5685,26,Influencer,2025-10-25
5686,11,Paid ads,2025-05-18
5687,1,Influencer,2025-05-25
5689,4,Paid ads,2025-10-04
5690,15,Influencer,2025-07-18
5691,25,Paid ads,2025-02-24
5692,26,Referral,2025-04-08
5693,14,Organic,2025-07-22
5694,24,Organic,2025-10-10
5695,31,Paid ads,2025-05-10
5696,29,Organic,2025-07-09
5698,3,Organic,2025-04-02
5699,27,Paid ads,2025-09-03
5700,30,Paid ads,2025-11-18
5701,15,Organic,2025-06-24
5702,6,Influencer,2025-06-23
5703,22,Paid ads,2025-07-26
5704,9,Organic,2025-10-16
5705,24,Organic,2025-11-28
5706,18,Influencer,2025-06-07
5707,26,Organic,2025-08-30
5708,5,Organic,2025-02-27
5709,27,Organic,2025-06-20
5710,23,Organic,2025-04-07
5711,19,Referral,2025-03-13
5712,32,Paid ads,2025-06-12
5713,23,Organic,2025-04-20
5714,28,Organic,2025-05-03
5715,18,Influencer,2025-10-29
5717,27,Referral,2025-09-15
5719,30,Influencer,2025-06-08
5720,13,Referral,2025-04-17
5721,27,Organic,2025-11-27
5723,10,Organic,2025-04-26
5724,29,Organic,2025-06-28
5725,11,Organic,2025-12-26
5726,28,Referral,2025-09-16
5728,27,Paid ads,2025-09-09
5729,12,Paid ads,2025-04-18
5731,27,Organic,2025-04-13
5732,30,Organic,2025-06-21
5733,12,Referral,2025-07-15
5734,22,Organic,2025-10-03
5736,25,Influencer,2025-07-08
5740,10,Referral,2025-07-24
5741,22,Organic,2025-11-11
5743,24,Organic,2025-10-30
5744,4,Organic,2025-03-04
5745,6,Referral,2025-03-06
5746,17,Organic,2025-09-23
5747,25,Paid ads,2025-11-14
5750,12,Paid ads,2025-09-21
5751,27,Referral,2025-08-26
5752,28,Paid ads,2025-03-03
5755,7,Paid ads,2025-07-04
5756,6,Organic,2025-10-28
5758,29,Organic,2025-05-31
5759,20,Paid ads,2025-11-13
5760,27,Influencer,2025-04-23
5762,7,Paid ads,2025-09-08
5764,7,Organic,2025-04-23
5765,21,Organic,2025-03-20
5766,9,Paid ads,2025-05-11
5767,14,Paid ads,2025-08-12
5768,25,Organic,2025-09-16
5769,18,Paid ads,2025-08-05
5770,17,Referral,2025-08-15
5771,13,Paid ads,2025-09-23
5772,10,Influencer,2025-09-09
5773,6,Organic,2025-05-17
5774,27,Paid ads,2025-09-22
5775,14,Organic,2025-06-22
5776,20,Organic,2025-10-29
5777,27,Organic,2025-05-04
5778,6,Organic,2025-05-28
5779,12,Organic,2025-05-20
5780,10,Influencer,2025-08-03
5781,4,Paid ads,2025-09-07
5783,18,Paid ads,2025-06-29
5784,5,Influencer,2025-03-31
5785,21,Organic,2025-03-26
5786,32,Organic,2025-11-02
5787,27,Referral,2025-04-17
5788,6,Referral,2025-07-12
5789,19,Organic,2025-07-10
5790,18,Paid ads,2025-08-27
5791,14,Organic,2025-07-20
5792,14,Influencer,2025-07-11
5793,25,Paid ads,2025-05-27
5794,27,Influencer,2025-06-29
5795,30,Organic,2025-09-03
5796,17,Organic,2025-07-01
5797,28,Referral,2025-04-24
5799,26,Organic,2025-05-13
5800,31,Organic,2025-03-21
5801,23,Organic,2025-09-18
5802,12,Paid ads,2025-04-08
5803,27,Organic,2025-06-12
5805,27,Paid ads,2025-10-10
5806,26,Paid ads,2025-12-09
5807,7,Paid ads,2025-06-28
5808,29,Referral,2025-11-17
5809,6,Organic,2025-03-16
5810,10,Paid ads,2025-09-18
5811,29,Influencer,2025-03-26
5812,15,Organic,2025-07-17
5813,4,Organic,2025-07-15
5814,20,Organic,2025-10-12
5815,32,Paid ads,2025-11-18
5816,31,Referral,2025-07-15
5817,29,Paid ads,2025-08-04
5818,21,Paid ads,2025-05-15
5819,16,Paid ads,2025-11-12
5823,23,Referral,2025-05-25
5824,16,Paid ads,2025-10-24
5825,14,Influencer,2025-08-31
5826,32,Organic,2025-04-27
5827,26,Organic,2025-07-16
5829,14,Organic,2025-04-01
5830,22,Influencer,2025-09-24
5831,20,Paid ads,2025-10-12
5832,11,Paid ads,2025-07-17
5833,21,Referral,2025-07-09
5834,21,Organic,2025-04-20
5836,30,Organic,2025-05-20
5837,21,Influencer,2025-04-27
5838,14,Organic,2025-05-21
5840,32,Influencer,2025-05-19
5841,13,Referral,2025-10-30
5843,24,Organic,2025-08-03
5845,30,Organic,2025-04-19
5846,26,Referral,2025-09-11
5847,27,Influencer,2025-12-21
5849,23,Influencer,2025-06-24
5850,24,Paid ads,2025-09-03
5852,8,Referral,2025-09-20
5853,21,Influencer,2025-06-11
5854,19,Influencer,2025-04-08
5855,12,Organic,2025-04-23
5857,12,Organic,2025-08-19
5859,7,Paid ads,2025-07-02
5860,29,Organic,2025-04-10
5861,32,Paid ads,2025-05-08
5862,23,Paid ads,2025-11-05
5863,30,Influencer,2025-04-09
5864,19,Influencer,2025-04-24
5865,12,Organic,2025-07-06
5866,21,Organic,2025-08-21
5867,26,Organic,2025-04-26
5868,29,Organic,2025-04-07
5869,25,Paid ads,2025-04-06
5870,14,Paid ads,2025-03-07
5871,32,Organic,2025-06-19
5872,21,Organic,2025-07-05
5873,22,Referral,2025-12-03
5875,12,Referral,2025-06-15
5876,26,Organic,2025-08-04
5877,1,Paid ads,2025-05-26
5878,3,Influencer,2025-08-04
5879,21,Influencer,2025-04-22
5880,1,Influencer,2025-10-03
5881,12,Influencer,2025-10-07
5882,4,Paid ads,2025-09-16
5883,1,Influencer,2025-04-26
5885,23,Paid ads,2025-03-18
5886,12,Organic,2025-09-10
5887,29,Organic,2025-07-07
5888,21,Paid ads,2025-07-08
5890,26,Organic,2025-06-15
5891,4,Organic,2025-08-09
5892,25,Organic,2025-05-30
5894,30,Organic,2025-11-07
5895,22,Referral,2025-09-08
5896,24,Paid ads,2025-04-23
5897,14,Organic,2025-08-02
5898,24,Organic,2025-12-12
5899,3,Referral,2025-06-15
5900,22,Paid ads,2025-05-22
5901,29,Influencer,2025-06-05
5904,18,Referral,2025-09-23
5905,13,Organic,2025-06-06
5907,22,Paid ads,2025-09-23
5908,3,Organic,2025-06-29
5909,25,Referral,2025-10-02
5910,21,Organic,2025-11-03
5911,12,Referral,2025-05-14
5913,26,Referral,2025-07-23
5914,11,Organic,2025-05-06
5915,22,Organic,2025-06-17
5917,23,Organic,2025-11-12
5918,13,Influencer,2025-10-22
5919,32,Influencer,2025-10-27
5920,2,Influencer,2025-06-05
5921,13,Paid ads,2025-04-03
5922,32,Influencer,2025-10-22
5924,32,Paid ads,2025-04-11
5925,1,Influencer,2025-05-01
5926,1,Organic,2025-12-13
5927,13,Referral,2025-10-16
5928,7,Paid ads,2025-05-27
5929,15,Organic,2025-09-01
5931,25,Organic,2025-10-20
5932,3,Referral,2025-04-24
5933,14,Referral,2025-07-25
5934,30,Influencer,2025-07-02
5935,22,Referral,2025-10-30
5937,3,Organic,2025-05-28
5938,27,Organic,2025-07-05
5939,11,Organic,2025-06-30
5940,24,Organic,2025-03-19
5941,25,Referral,2025-08-14
5943,25,Referral,2025-04-12
5944,16,Influencer,2025-04-24
5945,15,Organic,2025-05-08
5946,17,Organic,2025-04-29
5947,2,Organic,2025-06-17
5948,3,Referral,2025-07-02
5949,22,Organic,2025-06-06
5952,22,Organic,2025-12-19
5953,26,Organic,2025-07-03
5954,29,Paid ads,2025-07-25
5955,18,Organic,2025-05-03
5956,32,Paid ads,2025-03-14
5957,23,Organic,2025-06-22
5959,28,Organic,2025-07-05
5960,21,Paid ads,2025-07-23
5961,23,Referral,2025-09-06
5962,18,Organic,2025-07-11
5963,3,Organic,2025-04-25
5964,17,Paid ads,2025-05-29
5965,21,Paid ads,2025-09-14
5966,7,Influencer,2025-08-23
5967,24,Referral,2025-08-29
5968,12,Organic,2025-07-26
5969,32,Organic,2025-09-19
5970,25,Organic,2025-07-04
5971,30,Organic,2025-04-20
5972,10,Organic,2025-06-19
5973,28,Organic,2025-10-11
5974,16,Referral,2025-06-10
5975,21,Paid ads,2025-06-12
5976,22,Organic,2025-10-18
5977,31,Organic,2025-05-26
5978,27,Organic,2025-08-29
5982,29,Paid ads,2025-09-14
5983,23,Paid ads,2025-03-25
5984,28,Paid ads,2025-11-29
5986,11,Paid ads,2025-06-10
5987,27,Paid ads,2025-06-30
5988,29,Organic,2025-05-03
5989,32,Organic,2025-06-26
5990,16,Paid ads,2025-07-14
5991,24,Organic,2025-11-24
5992,32,Organic,2025-06-21
5994,27,Organic,2025-08-17
5995,23,Influencer,2025-11-06
5996,23,Paid ads,2025-06-23
5998,30,Paid ads,2025-09-13
5999,20,Organic,2025-08-22
6000,25,Influencer,2025-07-24
6002,22,Paid ads,2025-08-26
6004,28,Influencer,2025-04-05
6005,10,Organic,2025-08-31
6006,23,Organic,2025-10-23
6008,19,Referral,2025-12-18
6011,4,Influencer,2025-03-11
6012,18,Referral,2025-03-13
6013,24,Organic,2025-10-11
6014,27,Organic,2025-11-12
6015,16,Influencer,2025-05-31
6016,22,Paid ads,2025-06-08
6017,13,Influencer,2025-06-03
6018,12,Organic,2025-08-05
6020,2,Organic,2025-08-30
6021,15,Organic,2025-04-08
6024,6,Referral,2025-10-19
6025,18,Paid ads,2025-12-25
6026,4,Paid ads,2025-05-15
6027,28,Paid ads,2025-11-09
6031,15,Organic,2025-04-20
6032,13,Organic,2025-09-03
6033,26,Paid ads,2025-03-04
6034,25,Organic,2025-11-19
6035,28,Organic,2025-05-04
6036,10,Paid ads,2025-11-09
6037,17,Referral,2025-06-30
6038,17,Paid ads,2025-06-29
6039,10,Paid ads,2025-10-18
6040,26,Paid ads,2025-05-26
6041,2,Organic,2025-07-26
6043,6,Organic,2025-08-23
6044,30,Referral,2025-04-12
6046,9,Referral,2025-12-18
6047,13,Paid ads,2025-07-15
6048,4,Organic,2025-05-31
6049,4,Organic,2025-07-16
6050,22,Organic,2025-06-03
6051,31,Paid ads,2025-06-04
6052,32,Organic,2025-07-18
6053,25,Organic,2025-07-12
6054,28,Organic,2025-07-10
6055,29,Influencer,2025-05-25
6056,1,Organic,2025-04-08
6057,27,Paid ads,2025-10-04
6058,32,Influencer,2025-09-25
6059,17,Organic,2025-07-28
6060,15,Organic,2025-04-29
6061,31,Paid ads,2025-07-17
6062,22,Referral,2025-04-14
6064,16,Paid ads,2025-09-17
6065,26,Organic,2025-08-11
6066,29,Organic,2025-03-30
6068,21,Organic,2025-08-03
6070,16,Referral,2025-05-30
6071,13,Referral,2025-11-26
6072,3,Organic,2025-03-25
6073,32,Paid ads,2025-11-01
6074,26,Influencer,2025-06-29
6076,21,Referral,2025-06-14
6080,28,Organic,2025-10-09
6081,24,Paid ads,2025-12-22
6082,23,Organic,2025-07-13
6085,21,Organic,2025-08-25
6086,3,Referral,2025-04-14
6087,24,Organic,2025-09-01
6089,31,Organic,2025-06-10
6091,31,Paid ads,2025-05-26
6093,31,Paid ads,2025-07-19
6094,24,Influencer,2025-10-08
6097,31,Referral,2025-07-07
6098,28,Organic,2025-03-26
6099,21,Organic,2025-05-14
6100,14,Paid ads,2025-10-28
6103,6,Influencer,2025-07-25
6105,23,Paid ads,2025-04-12
6106,5,Organic,2025-05-10
6107,13,Organic,2025-09-10
6110,2,Organic,2025-09-14
6111,19,Referral,2025-07-21
6112,22,Organic,2025-11-19
6113,1,Paid ads,2025-06-28
6114,4,Organic,2025-05-13
6116,32,Paid ads,2025-11-27
6117,10,Referral,2025-08-28
6118,28,Organic,2025-12-25
6119,24,Organic,2025-04-21
6120,23,Organic,2025-04-22
6121,31,Paid ads,2025-07-26
6122,26,Organic,2025-04-27
6123,17,Influencer,2025-07-13
6124,15,Organic,2025-09-09
6126,21,Organic,2025-02-21
6127,25,Organic,2025-08-09
6128,30,Paid ads,2025-10-03
6129,11,Influencer,2025-12-26
6130,28,Paid ads,2025-08-20
6131,30,Referral,2025-09-29
6133,29,Organic,2025-06-12
6134,9,Influencer,2025-05-19
6135,24,Organic,2025-08-22
6136,27,Paid ads,2025-07-03
6137,27,Referral,2025-06-10
6138,32,Paid ads,2025-08-11
6140,24,Organic,2025-06-11
6141,15,Influencer,2025-10-21
6142,24,Organic,2025-06-15
6143,23,Paid ads,2025-04-08
6144,18,Organic,2025-03-15
6146,3,Organic,2025-08-28
6147,28,Referral,2025-12-12
6148,18,Organic,2025-10-25
6149,26,Paid ads,2025-06-30
6150,17,Influencer,2025-04-21
6151,12,Organic,2025-02-10
6152,29,Referral,2025-06-23
6153,14,Organic,2025-03-28
6155,29,Organic,2025-10-31
6156,9,Referral,2025-11-16
6158,31,Referral,2025-08-16
6159,31,Organic,2025-06-04
6160,18,Referral,2025-06-10
6162,26,Paid ads,2025-10-19
6163,29,Organic,2025-04-07
6164,30,Referral,2025-10-16
6165,8,Influencer,2025-06-07
6168,13,Organic,2025-10-04
6170,1,Organic,2025-06-12
6172,30,Organic,2025-08-03
6173,32,Referral,2025-09-09
6175,2,Paid ads,2025-06-18
6177,26,Organic,2025-06-27
6178,25,Paid ads,2025-05-25
6180,9,Paid ads,2025-08-31
6181,17,Paid ads,2025-09-26
6183,32,Organic,2025-12-25
6185,29,Organic,2025-05-20
6186,9,Organic,2025-04-05
6187,29,Referral,2025-09-11
6188,14,Paid ads,2025-06-14
6189,30,Organic,2025-08-28
6190,16,Paid ads,2025-07-08
6191,14,Influencer,2025-05-03
6192,22,Influencer,2025-07-08
6193,22,Organic,2025-05-03
6194,24,Influencer,2025-10-29
6195,24,Referral,2025-07-05
6196,26,Organic,2025-05-15
6197,22,Organic,2025-10-18
6198,27,Organic,2025-11-03
6199,4,Organic,2025-08-26
6201,16,Paid ads,2025-11-27
6202,22,Organic,2025-05-16
6203,17,Paid ads,2025-07-25
6204,9,Organic,2025-10-14
6205,8,Organic,2025-12-16
6206,4,Organic,2025-10-19
6208,4,Paid ads,2025-06-15
6209,30,Organic,2025-02-22
6211,23,Influencer,2025-05-28
6212,13,Organic,2025-02-11
6213,21,Referral,2025-05-15
6214,25,Paid ads,2025-05-11
6217,16,Paid ads,2025-07-07
6218,29,Influencer,2025-11-03
6219,13,Organic,2025-06-18
6220,26,Influencer,2025-04-26
6221,23,Paid ads,2025-10-24
6223,12,Paid ads,2025-07-01
6224,21,Organic,2025-06-18
6225,18,Paid ads,2025-06-07
6226,8,Organic,2025-08-08
6227,22,Organic,2025-09-10
6228,16,Organic,2025-08-26
6229,18,Influencer,2025-08-08
6230,31,Organic,2025-05-13
6231,30,Paid ads,2025-12-03
6236,21,Organic,2025-09-04
6238,28,Paid ads,2025-05-07
6240,18,Organic,2025-10-02
6241,28,Organic,2025-05-29
6242,28,Paid ads,2025-12-15
6245,32,Organic,2025-06-25
6246,3,Referral,2025-07-22
6247,24,Paid ads,2025-07-08
6248,24,Influencer,2025-04-09
6249,17,Referral,2025-04-26
6250,15,Organic,2025-08-20
6251,14,Organic,2025-02-21
6253,20,Paid ads,2025-08-22
6254,2,Influencer,2025-02-18
6255,23,Organic,2025-05-10
6256,28,Paid ads,2025-07-07
6257,16,Influencer,2025-08-27
6258,22,Organic,2025-09-22
6259,14,Organic,2025-07-01
6260,28,Organic,2025-04-25
6261,29,Organic,2025-04-20
6262,24,Organic,2025-05-22
6263,26,Paid ads,2025-05-06
6266,12,Organic,2025-04-17
6268,28,Paid ads,2025-07-08
6270,27,Organic,2025-08-10
6271,27,Organic,2025-06-22
6272,28,Organic,2025-07-13
6273,31,Referral,2025-07-13
6275,24,Organic,2025-04-20
6276,23,Organic,2025-10-19
6277,26,Referral,2025-06-08
6278,3,Referral,2025-07-04
6281,2,Paid ads,2025-07-30
6282,25,Influencer,2025-08-24
6283,24,Organic,2025-09-21
6284,29,Paid ads,2025-05-07
6287,15,Influencer,2025-03-02
6288,9,Referral,2025-04-11
6289,8,Paid ads,2025-12-01
6290,2,Organic,2025-07-31
6292,13,Organic,2025-08-31
6294,21,Organic,2025-11-12
6295,31,Paid ads,2025-07-04
6296,30,Organic,2025-04-19
6297,15,Paid ads,2025-06-14
6299,22,Referral,2025-06-17
6301,27,Paid ads,2025-08-25
6302,30,Paid ads,2025-09-16
6303,30,Paid ads,2025-09-08
6304,25,Referral,2025-05-08
6305,30,Paid ads,2025-08-05
6306,8,Paid ads,2025-10-30
6307,16,Organic,2025-06-22
6308,30,Organic,2025-08-30
6309,15,Referral,2025-08-01
6310,12,Referral,2025-08-28
6311,29,Organic,2025-11-05
6313,23,Referral,2025-07-19
6314,17,Influencer,2025-03-25
6315,24,Referral,2025-10-16
6317,24,Paid ads,2025-09-11
6318,16,Influencer,2025-02-26
6320,30,Organic,2025-05-11
6321,9,Influencer,2025-08-30
6322,29,Paid ads,2025-05-14
6323,25,Paid ads,2025-10-13
6324,13,Organic,2025-05-28
6325,23,Referral,2025-09-04
6327,29,Organic,2025-08-28
6328,13,Paid ads,2025-12-08
6329,21,Influencer,2025-06-13
6330,27,Influencer,2025-06-21
6331,19,Organic,2025-11-14
6332,2,Organic,2025-04-29
6334,18,Paid ads,2025-08-03
6336,26,Paid ads,2025-08-20
6337,17,Referral,2025-10-27
6338,21,Referral,2025-08-01
6339,24,Organic,2025-11-25
6341,6,Paid ads,2025-09-06
6342,29,Paid ads,2025-07-04
6343,12,Organic,2025-07-16
6344,32,Organic,2025-10-29
6345,13,Organic,2025-02-27
6346,13,Organic,2025-08-16
6349,16,Paid ads,2025-11-16
6351,29,Organic,2025-03-06
6353,21,Paid ads,2025-03-20
6354,13,Referral,2025-05-14
6356,22,Organic,2025-10-27
6358,23,Organic,2025-08-23
6359,16,Organic,2025-06-02
6360,13,Organic,2025-03-17
6362,24,Referral,2025-10-24
6363,10,Organic,2025-11-04
6364,23,Organic,2025-08-18
6365,20,Organic,2025-11-28
6366,15,Influencer,2025-05-23
6367,5,Paid ads,2025-11-13
6369,7,Organic,2025-06-14
6370,2,Paid ads,2025-04-18
6371,20,Organic,2025-04-15
6373,7,Paid ads,2025-08-23
6374,1,Paid ads,2025-04-04
6375,23,Influencer,2025-06-18
6377,4,Organic,2025-10-07
6379,27,Organic,2025-05-07
6380,24,Paid ads,2025-04-04
6381,30,Organic,2025-08-23
6382,30,Organic,2025-08-05
6383,2,Organic,2025-04-05
6384,21,Paid ads,2025-09-04
6385,1,Paid ads,2025-04-28
6386,24,Organic,2025-06-16
6387,20,Organic,2025-07-01
6390,29,Influencer,2025-12-07
6391,19,Paid ads,2025-03-12
6392,21,Referral,2025-09-05
6393,32,Organic,2025-07-26
6394,15,Organic,2025-12-24
6395,18,Referral,2025-08-27
6396,25,Influencer,2025-04-20
6397,27,Organic,2025-07-17
6398,20,Referral,2025-07-09
6399,3,Organic,2025-04-26
6400,31,Organic,2025-10-13
6401,27,Referral,2025-04-22
6402,14,Paid ads,2025-05-25
6403,28,Referral,2025-08-21
6404,32,Organic,2025-10-02
6405,8,Paid ads,2025-03-21
6406,20,Referral,2025-03-14
6408,29,Organic,2025-08-02
6409,25,Organic,2025-05-03
6410,25,Organic,2025-08-10
6411,28,Organic,2025-12-05
6412,16,Paid ads,2025-08-08
6413,19,Organic,2025-06-01
6415,24,Influencer,2025-08-29
6416,21,Paid ads,2025-03-12
6418,28,Influencer,2025-10-01
6420,27,Organic,2025-04-02
6421,24,Influencer,2025-08-23
6422,21,Organic,2025-09-09
6423,23,Organic,2025-08-25
6424,27,Paid ads,2025-11-04
6426,28,Organic,2025-04-24
6428,25,Organic,2025-08-22
6429,8,Influencer,2025-09-05
6430,32,Influencer,2025-06-22
6431,25,Paid ads,2025-07-22
6432,25,Organic,2025-08-30
6433,20,Organic,2025-09-09
6434,2,Paid ads,2025-08-16
6435,5,Organic,2025-03-13
6436,30,Organic,2025-03-24
6437,14,Organic,2025-06-21
6441,26,Organic,2025-06-01
6442,24,Organic,2025-04-29
6444,19,Organic,2025-05-13
6445,2,Paid ads,2025-05-28
6446,30,Paid ads,2025-09-11
6447,21,Organic,2025-04-28
6448,10,Organic,2025-09-04
6449,18,Organic,2025-06-06
6450,32,Organic,2025-05-02
6451,23,Organic,2025-06-06
6452,23,Referral,2025-03-31
6453,8,Referral,2025-06-15
6454,29,Paid ads,2025-10-29
6455,25,Organic,2025-03-30
6456,21,Organic,2025-05-20
6457,2,Referral,2025-09-15
6458,8,Paid ads,2025-06-04
6459,17,Organic,2025-09-24
6460,19,Paid ads,2025-11-22
6461,21,Organic,2025-04-08
6462,29,Influencer,2025-07-22
6463,26,Organic,2025-05-25
6464,26,Organic,2025-10-07
6466,24,Referral,2025-05-20
6467,23,Referral,2025-05-28
6469,26,Paid ads,2025-05-28
6470,11,Paid ads,2025-07-25
6471,31,Referral,2025-04-16
6472,27,Paid ads,2025-09-09
6473,22,Organic,2025-08-03
6474,2,Organic,2025-06-02
6475,20,Paid ads,2025-09-01
6476,26,Organic,2025-07-14
6477,10,Influencer,2025-05-27
6479,12,Organic,2025-04-12
6480,15,Organic,2025-09-14
6481,16,Organic,2025-10-21
6482,19,Referral,2025-02-15
6483,10,Referral,2025-03-09
6484,21,Organic,2025-05-19
6485,20,Influencer,2025-08-14
6486,15,Paid ads,2025-07-10
6489,17,Influencer,2025-05-14
6490,24,Paid ads,2025-04-27
6491,9,Organic,2025-08-08
6492,28,Paid ads,2025-11-20
6493,8,Organic,2025-06-14
6494,11,Organic,2025-10-07
6495,14,Organic,2025-12-27
6496,31,Organic,2025-07-08
6497,2,Referral,2025-05-20
6498,29,Paid ads,2025-08-11
6499,25,Paid ads,2025-05-29
6500,15,Organic,2025-12-10
6501,15,Organic,2025-10-26
6502,10,Organic,2025-06-19
6503,17,Influencer,2025-08-29
6504,30,Paid ads,2025-11-26
6505,6,Organic,2025-09-12
6506,21,Organic,2025-09-25
6507,11,Organic,2025-08-03
6509,11,Paid ads,2025-07-19
6511,6,Organic,2025-02-16
6512,21,Paid ads,2025-06-19
6514,3,Organic,2025-08-17
6515,25,Influencer,2025-06-12
6516,22,Referral,2025-05-05
6517,31,Referral,2025-04-29
6518,28,Organic,2025-08-23
6519,19,Influencer,2025-09-05
6520,22,Paid ads,2025-07-28
6521,29,Organic,2025-11-19
6522,23,Organic,2025-06-16
6523,29,Organic,2025-09-28
6524,6,Organic,2025-07-15
6525,17,Organic,2025-07-10
6526,9,Organic,2025-08-23
6527,32,Organic,2025-10-09
6528,10,Organic,2025-07-21
6531,16,Organic,2025-05-28
6532,16,Referral,2025-07-05
6533,25,Referral,2025-10-18
6534,19,Paid ads,2025-07-17
6535,5,Organic,2025-05-20
6536,7,Organic,2025-06-25
6538,31,Influencer,2025-11-09
6539,20,Referral,2025-07-19
6540,19,Influencer,2025-02-19
6541,19,Referral,2025-09-10
6542,3,Referral,2025-03-28
6543,28,Organic,2025-05-23
6545,15,Organic,2025-11-01
6546,21,Referral,2025-08-26
6548,2,Referral,2025-05-20
6549,27,Organic,2025-06-25
6551,10,Influencer,2025-03-20
6554,18,Paid ads,2025-04-30
6555,32,Organic,2025-10-15
6556,27,Organic,2025-07-02
6557,17,Organic,2025-06-12
6558,32,Influencer,2025-09-02
6559,27,Referral,2025-05-17
6560,20,Referral,2025-10-24
6562,10,Paid ads,2025-08-17
6563,21,Organic,2025-07-09
6564,29,Paid ads,2025-06-07
6565,23,Paid ads,2025-12-03
6566,17,Referral,2025-10-08
6567,26,Influencer,2025-06-30
6568,29,Referral,2025-10-30
6569,22,Influencer,2025-07-25
6570,22,Influencer,2025-05-02
6572,4,Organic,2025-04-12
6574,24,Organic,2025-06-20
6576,27,Paid ads,2025-11-24
6577,25,Organic,2025-07-15
6578,22,Paid ads,2025-07-05
6579,27,Paid ads,2025-05-26
6580,1,Organic,2025-05-06
6581,32,Organic,2025-07-11
6582,23,Organic,2025-06-21
6583,2,Organic,2025-10-11
6584,23,Organic,2025-10-11
6585,21,Referral,2025-04-02
6586,10,Influencer,2025-09-26
6587,14,Organic,2025-08-17
6588,1,Influencer,2025-03-19
6590,20,Referral,2025-11-16
6591,11,Paid ads,2025-06-13
6592,22,Referral,2025-07-31
6593,3,Organic,2025-07-07
6594,12,Organic,2025-11-21
6595,18,Organic,2025-08-01
6596,20,Organic,2025-06-09
6597,15,Paid ads,2025-09-01
6598,29,Paid ads,2025-05-04
6599,13,Paid ads,2025-11-14
6600,3,Influencer,2025-06-28
6601,19,Organic,2025-02-15
6602,1,Organic,2025-09-23
6603,15,Organic,2025-06-30
6604,6,Referral,2025-10-10
6605,13,Organic,2025-07-16
6606,27,Organic,2025-04-20
6608,11,Organic,2025-06-06
6610,4,Influencer,2025-10-05
6611,20,Referral,2025-04-22
6612,14,Paid ads,2025-10-09
6613,3,Paid ads,2025-08-31
6614,25,Organic,2025-11-06
6615,20,Referral,2025-05-28
6616,27,Organic,2025-07-16
6618,32,Organic,2025-12-21
6619,11,Referral,2025-11-07
6620,15,Paid ads,2025-12-13
6621,23,Organic,2025-04-26
6622,31,Organic,2025-05-30
6623,26,Organic,2025-03-25
6624,14,Influencer,2025-06-12
6625,26,Organic,2025-09-16
6626,32,Paid ads,2025-03-31
6627,11,Organic,2025-08-24
6629,30,Referral,2025-06-22
6630,2,Influencer,2025-05-03
6631,4,Paid ads,2025-08-10
6633,25,Organic,2025-12-02
6634,24,Referral,2025-08-02
6636,20,Organic,2025-06-30
6637,7,Referral,2025-05-06
6638,30,Referral,2025-05-30
6639,31,Referral,2025-07-01
6640,30,Paid ads,2025-10-16
6641,24,Organic,2025-06-14
6642,31,Paid ads,2025-03-18
6643,32,Organic,2025-06-28
6644,30,Influencer,2025-05-05
6645,26,Organic,2025-04-25
6646,27,Organic,2025-05-27
6648,25,Paid ads,2025-04-07
6649,9,Organic,2025-07-16
6650,27,Paid ads,2025-10-18
6651,31,Paid ads,2025-07-16
6653,20,Paid ads,2025-03-23
6654,12,Organic,2025-08-04
6655,22,Influencer,2025-08-23
6656,15,Influencer,2025-10-19
6659,11,Referral,2025-05-26
6660,27,Influencer,2025-10-14
6661,22,Organic,2025-06-22
6662,19,Paid ads,2025-06-06
6663,31,Organic,2025-09-22
6664,13,Organic,2025-09-19
6667,21,Organic,2025-08-01
6669,30,Paid ads,2025-05-16
6670,19,Organic,2025-05-30
6671,20,Organic,2025-12-04
6672,20,Influencer,2025-06-26
6673,20,Organic,2025-06-25
6674,14,Organic,2025-12-07
6675,32,Paid ads,2025-08-28
6676,3,Organic,2025-05-01
6677,11,Organic,2025-12-03
6678,18,Paid ads,2025-02-11
6679,15,Organic,2025-12-10
6680,24,Influencer,2025-03-10
6681,28,Organic,2025-07-29
6682,21,Organic,2025-10-01
6683,22,Referral,2025-11-08
6684,28,Influencer,2025-10-13
6685,10,Organic,2025-03-11
6686,23,Paid ads,2025-11-17
6687,18,Referral,2025-05-23
6688,19,Influencer,2025-08-25
6690,29,Influencer,2025-07-28
6692,4,Referral,2025-12-13
6693,29,Organic,2025-04-30
6694,23,Paid ads,2025-08-27
6695,26,Organic,2025-05-19
6696,29,Organic,2025-06-30
6697,26,Organic,2025-08-27
6698,17,Referral,2025-08-01
6699,6,Organic,2025-09-02
6701,22,Organic,2025-08-01
6702,29,Organic,2025-05-28
6704,16,Influencer,2025-04-29
6705,10,Paid ads,2025-12-12
6708,32,Paid ads,2025-05-26
6709,31,Organic,2025-09-12
6710,24,Organic,2025-11-25
6711,21,Organic,2025-09-08
6712,31,Paid ads,2025-07-13
6713,29,Organic,2025-08-08
6714,25,Influencer,2025-07-12
6717,7,Referral,2025-07-28
6718,6,Paid ads,2025-06-10
6719,23,Referral,2025-08-24
6720,32,Referral,2025-09-21
6721,14,Organic,2025-05-25
6722,16,Referral,2025-08-11
6723,9,Influencer,2025-06-24
6724,25,Referral,2025-07-24
6725,14,Paid ads,2025-09-04
6726,5,Referral,2025-09-09
6727,26,Organic,2025-05-16
6728,30,Organic,2025-06-09
6729,7,Paid ads,2025-09-26
6731,16,Paid ads,2025-08-31
6732,25,Referral,2025-02-10
6733,32,Organic,2025-05-12
6734,6,Paid ads,2025-11-11
6735,18,Organic,2025-05-08
6736,26,Organic,2025-04-12
6737,19,Organic,2025-04-18
6738,4,Organic,2025-07-27
6739,18,Influencer,2025-07-18
6740,10,Paid ads,2025-07-04
6742,23,Influencer,2025-07-31
6744,21,Paid ads,2025-09-26
6745,26,Referral,2025-03-10
6747,6,Paid ads,2025-10-28
6748,19,Paid ads,2025-05-07
6749,4,Organic,2025-03-21
6750,32,Organic,2025-08-27
6751,15,Organic,2025-06-03
6754,18,Organic,2025-08-24
6756,27,Organic,2025-11-28
6757,16,Referral,2025-05-20
6758,9,Organic,2025-09-16
6759,25,Organic,2025-06-11
6760,31,Referral,2025-03-29
6761,24,Influencer,2025-11-28
6762,3,Organic,2025-09-25
6763,24,Referral,2025-02-16
6766,6,Organic,2025-10-18
6767,29,Paid ads,2025-12-11
6768,21,Organic,2025-06-29
6769,24,Organic,2025-07-08
6770,1,Paid ads,2025-07-07
6771,23,Organic,2025-08-03
6774,23,Organic,2025-05-21
6775,6,Organic,2025-05-14
6776,30,Referral,2025-06-28
6777,25,Paid ads,2025-12-13
6779,12,Referral,2025-04-05
6780,25,Organic,2025-11-26
6782,26,Organic,2025-10-17
6784,11,Organic,2025-06-28
6785,16,Organic,2025-04-02
6786,23,Organic,2025-04-23
6788,15,Organic,2025-06-06
6789,29,Organic,2025-10-16
6790,22,Organic,2025-06-23
6791,15,Organic,2025-05-07
6793,22,Influencer,2025-08-09
6794,12,Organic,2025-02-18
6795,12,Paid ads,2025-08-26
6797,5,Paid ads,2025-07-13
6798,27,Paid ads,2025-06-28
6799,14,Organic,2025-11-17
6800,26,Organic,2025-09-10
6801,2,Organic,2025-07-04
6802,29,Organic,2025-11-23
6803,22,Organic,2025-03-29
6804,31,Organic,2025-05-21
6805,14,Organic,2025-10-14
6807,24,Organic,2025-05-15
6808,9,Organic,2025-04-19
6809,19,Paid ads,2025-10-02
6811,30,Referral,2025-09-12
6813,1,Referral,2025-06-13
6814,28,Organic,2025-08-24
6815,13,Influencer,2025-06-11
6816,20,Referral,2025-08-07
6817,31,Influencer,2025-04-13
6818,6,Organic,2025-05-22
6819,17,Paid ads,2025-12-30
6820,6,Organic,2025-07-28
6821,27,Organic,2025-04-03
6822,29,Influencer,2025-06-14
6823,7,Organic,2025-02-20
6824,31,Paid ads,2025-08-18
6825,30,Paid ads,2025-07-26
6826,10,Organic,2025-06-08
6827,29,Organic,2025-10-21
6828,25,Influencer,2025-08-05
6829,17,Paid ads,2025-08-30
6832,24,Organic,2025-02-18
6833,26,Organic,2025-06-18
6835,28,Influencer,2025-07-15
6836,9,Organic,2025-12-28
6837,23,Organic,2025-06-05
6838,30,Influencer,2025-09-03
6839,13,Organic,2025-10-22
6840,31,Referral,2025-06-19
6841,21,Paid ads,2025-03-16
6842,31,Organic,2025-08-10
6843,17,Organic,2025-02-13
6845,14,Organic,2025-05-27
6846,7,Referral,2025-07-01
6847,4,Paid ads,2025-03-07
6849,23,Paid ads,2025-10-22
6850,8,Paid ads,2025-11-08
6851,18,Organic,2025-07-21
6852,20,Referral,2025-10-14
6853,29,Influencer,2025-03-18
6854,7,Referral,2025-05-25
6855,32,Organic,2025-04-27
6856,29,Organic,2025-08-15
6857,32,Influencer,2025-05-22
6858,25,Organic,2025-08-10
6859,11,Organic,2025-06-21
6860,15,Organic,2025-10-19
6861,10,Referral,2025-03-27
6862,31,Organic,2025-10-21
6863,13,Paid ads,2025-09-30
6865,14,Influencer,2025-07-29
6866,15,Paid ads,2025-09-17
6868,13,Organic,2025-04-02
6869,1,Influencer,2025-08-02
6870,31,Organic,2025-07-24
6871,3,Organic,2025-12-13
6872,31,Influencer,2025-10-05
6873,21,Paid ads,2025-11-24
6875,17,Paid ads,2025-10-29
6876,27,Referral,2025-06-17
6877,15,Paid ads,2025-06-19
6878,12,Referral,2025-10-16
6879,18,Paid ads,2025-08-05
6882,30,Paid ads,2025-06-27
6883,6,Referral,2025-06-24
6884,27,Organic,2025-09-05
6885,10,Referral,2025-09-26
6886,25,Influencer,2025-10-28
6887,6,Paid ads,2025-10-31
6889,22,Paid ads,2025-05-17
6891,7,Organic,2025-09-04
6892,30,Influencer,2025-11-06
6893,26,Organic,2025-10-04
6894,16,Paid ads,2025-06-23
6895,28,Organic,2025-03-20
6896,12,Organic,2025-08-10
6897,22,Organic,2025-08-22
6898,24,Referral,2025-02-06
6899,29,Organic,2025-07-18
6900,9,Organic,2025-06-01
6901,12,Referral,2025-10-12
6903,21,Paid ads,2025-07-03
6905,15,Organic,2025-02-27
6906,18,Referral,2025-05-31
6907,31,Organic,2025-07-05
6910,31,Influencer,2025-08-27
6911,25,Influencer,2025-08-17
6913,17,Influencer,2025-03-27
6914,32,Organic,2025-10-16
6915,31,Organic,2025-07-29
6917,21,Paid ads,2025-02-27
6919,25,Paid ads,2025-08-20
6920,18,Organic,2025-06-22
6921,30,Influencer,2025-10-31
6922,23,Paid ads,2025-08-29
6925,24,Referral,2025-11-18
6926,15,Influencer,2025-07-02
6928,32,Organic,2025-08-16
6929,10,Organic,2025-07-17
6930,23,Organic,2025-06-06
6931,29,Organic,2025-02-26
6932,15,Influencer,2025-07-05
6933,19,Paid ads,2025-07-07
6934,30,Paid ads,2025-09-16
6936,22,Influencer,2025-08-30
6938,14,Paid ads,2025-06-23
6940,16,Organic,2025-06-07
6941,16,Referral,2025-04-15
6942,31,Referral,2025-08-13
6943,19,Paid ads,2025-10-14
6944,15,Organic,2025-03-02
6945,16,Referral,2025-12-21
6946,2,Influencer,2025-08-24
6947,19,Organic,2025-11-28
6948,8,Organic,2025-07-02
6949,23,Organic,2025-10-03
6950,10,Influencer,2025-08-24
6951,4,Paid ads,2025-08-06
6952,31,Paid ads,2025-03-17
6953,27,Organic,2025-06-18
6954,10,Organic,2025-08-18
6955,27,Paid ads,2025-08-30
6956,28,Organic,2025-08-21
6958,32,Organic,2025-06-20
6960,28,Organic,2025-09-03
6961,29,Influencer,2025-03-18
6962,29,Influencer,2025-11-16
6963,7,Organic,2025-08-04
6964,21,Paid ads,2025-05-15
6965,24,Organic,2025-05-12
6966,8,Paid ads,2025-09-26
6967,15,Paid ads,2025-07-17
6968,25,Referral,2025-06-25
6969,22,Paid ads,2025-04-30
6970,26,Organic,2025-10-19
6971,28,Paid ads,2025-05-14
6972,6,Influencer,2025-12-08
6973,31,Organic,2025-06-20
6974,29,Organic,2025-03-21
6975,19,Organic,2025-06-06
6976,20,Referral,2025-11-08
6977,31,Influencer,2025-09-15
6978,29,Organic,2025-11-23
6979,27,Organic,2025-08-06
6981,22,Paid ads,2025-04-15
6982,13,Organic,2025-05-24
6983,11,Paid ads,2025-09-12
6984,30,Organic,2025-08-03
6985,28,Referral,2025-06-01
6986,29,Organic,2025-10-27
6987,17,Paid ads,2025-07-22
6991,26,Influencer,2025-05-03
6992,31,Paid ads,2025-07-26
6993,11,Organic,2025-09-16
6994,32,Organic,2025-07-25
6995,23,Organic,2025-08-05
6996,16,Referral,2025-09-07
6997,32,Organic,2025-03-29
6998,18,Organic,2025-04-28
6999,2,Influencer,2025-08-09
7000,15,Referral,2025-05-10
7003,25,Paid ads,2025-07-31
7004,11,Paid ads,2025-12-06
7006,32,Referral,2025-05-10
7007,20,Paid ads,2025-09-25
7008,10,Organic,2025-10-24
7010,5,Paid ads,2025-10-27
7011,10,Organic,2025-09-29
7012,27,Influencer,2025-06-05
7013,4,Paid ads,2025-11-15
7014,14,Organic,2025-05-07
7015,23,Organic,2025-04-28
7016,28,Organic,2025-08-24
7017,23,Paid ads,2025-08-10
7018,25,Organic,2025-10-15
7020,28,Organic,2025-05-14
7022,27,Organic,2025-06-21
7023,15,Organic,2025-04-12
7024,22,Organic,2025-10-07
7025,29,Referral,2025-06-13
7026,23,Paid ads,2025-08-04
7027,3,Organic,2025-06-30
7028,22,Paid ads,2025-06-23
7030,2,Organic,2025-07-30
7032,26,Paid ads,2025-10-21
7035,21,Paid ads,2025-08-03
7036,29,Referral,2025-06-21
7039,27,Paid ads,2025-05-16
7040,26,Organic,2025-10-17
7041,24,Referral,2025-06-30
7042,26,Organic,2025-05-30
7043,27,Organic,2025-10-29
7044,15,Influencer,2025-11-20
7045,15,Paid ads,2025-04-11
7048,8,Organic,2025-11-10
7049,28,Organic,2025-07-26
7050,11,Referral,2025-11-14
7051,1,Paid ads,2025-06-03
7053,10,Organic,2025-09-06
7056,25,Paid ads,2025-09-29
7057,19,Organic,2025-03-10
7058,17,Paid ads,2025-09-17
7059,27,Paid ads,2025-07-16
7060,29,Influencer,2025-10-09
7061,26,Influencer,2025-07-16
7062,20,Organic,2025-10-21
7063,12,Influencer,2025-12-02
7064,2,Organic,2025-07-21
7065,25,Paid ads,2025-07-13
7067,9,Paid ads,2025-05-12
7068,24,Referral,2025-07-06
7069,15,Organic,2025-07-14
7070,4,Referral,2025-07-22
7071,13,Paid ads,2025-07-01
7072,31,Organic,2025-09-01
7073,21,Paid ads,2025-07-26
7074,30,Paid ads,2025-07-28
7075,21,Organic,2025-09-01
7076,28,Paid ads,2025-06-10
7077,6,Influencer,2025-06-01
7078,19,Paid ads,2025-05-13
7079,27,Organic,2025-09-26
7080,29,Organic,2025-12-07
7081,31,Organic,2025-03-09
7082,30,Organic,2025-09-27
7083,30,Organic,2025-04-05
7084,28,Organic,2025-05-29
7085,3,Paid ads,2025-03-29
7086,27,Influencer,2025-08-18
7089,14,Paid ads,2025-08-02
7091,19,Organic,2025-10-14
7092,3,Influencer,2025-03-10
7093,13,Referral,2025-08-31
7094,28,Organic,2025-07-07
7095,27,Referral,2025-10-16
7097,3,Influencer,2025-10-07
7099,24,Influencer,2025-07-24
7100,4,Referral,2025-06-13
7101,32,Organic,2025-04-10
7102,11,Organic,2025-03-31
7103,19,Organic,2025-05-22
7104,10,Paid ads,2025-07-19
7105,29,Influencer,2025-04-21
7106,32,Organic,2025-10-11
7107,23,Organic,2025-06-11
7108,21,Referral,2025-05-09
7109,15,Organic,2025-06-20
7111,10,Organic,2025-05-03
7112,25,Organic,2025-06-01
7113,28,Organic,2025-08-09
7115,32,Organic,2025-04-20
7116,10,Organic,2025-06-05
7117,4,Organic,2025-08-16
7118,11,Influencer,2025-08-25
7119,29,Paid ads,2025-04-01
7120,3,Organic,2025-03-01
7121,2,Paid ads,2025-07-03
7122,17,Referral,2025-10-28
7123,23,Influencer,2025-05-01
7124,15,Influencer,2025-07-24
7125,22,Paid ads,2025-06-29
7126,27,Organic,2025-05-10
7127,25,Paid ads,2025-08-08
7128,5,Organic,2025-12-03
7129,17,Referral,2025-11-12
7130,17,Organic,2025-10-01
7131,25,Paid ads,2025-08-23
7132,22,Paid ads,2025-06-01
7133,17,Organic,2025-10-17
7134,16,Referral,2025-11-11
7135,15,Influencer,2025-11-24
7136,27,Paid ads,2025-04-21
7137,18,Referral,2025-03-16
7138,25,Referral,2025-06-02
7139,19,Organic,2025-04-27
7140,7,Paid ads,2025-09-23
7141,22,Influencer,2025-12-18
7144,22,Organic,2025-03-31
7145,14,Organic,2025-10-01
7146,23,Organic,2025-10-03
7147,28,Organic,2025-05-21
7148,26,Influencer,2025-05-20
7149,22,Organic,2025-04-29
7150,10,Organic,2025-10-30
7151,23,Influencer,2025-06-12
7152,3,Organic,2025-02-18
7154,20,Influencer,2025-07-22
7155,21,Influencer,2025-02-15
7156,32,Influencer,2025-04-17
7157,26,Influencer,2025-09-16
7158,23,Organic,2025-04-24
7159,3,Influencer,2025-05-24
7161,17,Organic,2025-05-29
7162,10,Influencer,2025-06-16
7163,27,Organic,2025-08-14
7164,21,Organic,2025-06-29
7165,13,Organic,2025-07-17
7166,25,Organic,2025-08-18
7167,26,Organic,2025-08-23
7168,8,Organic,2025-09-01
7169,26,Referral,2025-07-02
7170,17,Influencer,2025-09-06
7171,32,Organic,2025-12-15
7172,3,Paid ads,2025-11-20
7173,4,Influencer,2025-06-15
7174,3,Organic,2025-06-07
7175,20,Organic,2025-06-06
7176,25,Organic,2025-04-28
7177,23,Organic,2025-06-29
7178,15,Organic,2025-06-18
7180,19,Organic,2025-09-07
7182,28,Organic,2025-04-27
7183,15,Organic,2025-07-29
7185,18,Organic,2025-08-04
7186,21,Paid ads,2025-05-20
7187,28,Organic,2025-09-07
7190,18,Influencer,2025-06-18
7191,31,Paid ads,2025-07-26
7193,27,Influencer,2025-03-18
7194,22,Organic,2025-08-29
7195,22,Paid ads,2025-07-24
7196,11,Referral,2025-03-02
7197,28,Referral,2025-11-14
7198,9,Paid ads,2025-11-14
7199,26,Paid ads,2025-07-02
7200,26,Influencer,2025-07-30
7201,22,Paid ads,2025-04-03
7204,2,Paid ads,2025-06-14
7206,25,Organic,2025-09-15
7207,32,Organic,2025-06-15
7208,21,Paid ads,2025-07-25
7209,14,Organic,2025-05-22
7210,16,Organic,2025-04-21
7211,25,Organic,2025-06-02
7212,28,Organic,2025-03-27
7214,4,Referral,2025-03-30
7215,3,Referral,2025-11-07
7216,12,Organic,2025-09-27
7217,14,Paid ads,2025-06-16
7218,14,Paid ads,2025-10-20
7219,3,Organic,2025-03-28
7220,13,Paid ads,2025-10-27
7221,7,Referral,2025-03-12
7222,23,Referral,2025-07-01
7223,27,Organic,2025-07-07
7224,30,Organic,2025-12-27
7226,31,Influencer,2025-07-01
7227,29,Organic,2025-06-13
7228,18,Organic,2025-10-06
7230,11,Organic,2025-05-11
7231,23,Referral,2025-06-22
7232,28,Organic,2025-09-02
7234,24,Organic,2025-06-10
7235,19,Paid ads,2025-06-01
7236,24,Referral,2025-05-31
7237,12,Influencer,2025-09-21
7238,21,Organic,2025-03-08
7239,14,Organic,2025-05-30
7240,30,Influencer,2025-07-27
7242,26,Influencer,2025-03-08
7243,14,Referral,2025-05-03
7244,30,Paid ads,2025-10-08
7246,10,Organic,2025-06-30
7248,18,Referral,2025-03-13
7249,15,Organic,2025-10-04
7250,16,Paid ads,2025-10-13
7251,24,Organic,2025-06-29
7252,22,Organic,2025-06-27
7253,12,Organic,2025-04-14
7254,18,Organic,2025-07-24
7256,23,Referral,2025-04-14
7257,8,Influencer,2025-04-11
7258,1,Influencer,2025-12-25
7259,29,Organic,2025-11-12
7260,12,Influencer,2025-08-15
7261,12,Organic,2025-06-24
7262,13,Paid ads,2025-04-15
7263,29,Paid ads,2025-09-02
7264,29,Organic,2025-09-13
7265,16,Organic,2025-12-25
7266,9,Organic,2025-10-13
7267,16,Organic,2025-11-03
7269,28,Influencer,2025-04-28
7270,14,Organic,2025-04-02
7271,23,Referral,2025-07-01
7274,15,Paid ads,2025-03-23
7275,9,Organic,2025-09-16
7276,28,Organic,2025-08-02
7277,18,Paid ads,2025-08-29
7278,23,Organic,2025-11-13
7280,4,Influencer,2025-10-15
7283,26,Organic,2025-12-07
7284,21,Paid ads,2025-07-19
7286,21,Paid ads,2025-07-04
7287,9,Paid ads,2025-06-07
7288,24,Organic,2025-08-23
7289,5,Referral,2025-04-10
7290,26,Organic,2025-06-07
7292,20,Referral,2025-11-05
7293,22,Organic,2025-06-04
7294,17,Paid ads,2025-06-16
7295,30,Influencer,2025-09-23
7296,14,Organic,2025-09-07
7298,26,Organic,2025-08-27
7300,31,Referral,2025-05-02
7301,17,Referral,2025-07-27
7302,21,Influencer,2025-03-17
7304,25,Influencer,2025-07-10
7305,30,Organic,2025-09-27
7306,14,Referral,2025-12-19
7307,8,Paid ads,2025-10-26
7308,32,Organic,2025-06-05
7309,19,Organic,2025-06-24
7311,25,Paid ads,2025-10-24
7312,24,Paid ads,2025-07-19
7313,25,Influencer,2025-10-09
7314,20,Organic,2025-04-06
7318,32,Organic,2025-02-11
7319,23,Organic,2025-10-09
7320,27,Organic,2025-05-07
7321,31,Organic,2025-04-16
7322,7,Organic,2025-08-05
7323,21,Organic,2025-12-24
7324,9,Organic,2025-05-20
7325,28,Paid ads,2025-10-24
7326,20,Organic,2025-06-12
7327,11,Paid ads,2025-09-12
7328,30,Organic,2025-11-27
7330,15,Referral,2025-06-13
7332,18,Organic,2025-06-08
7333,1,Paid ads,2025-08-12
7334,12,Organic,2025-06-30
7335,31,Organic,2025-08-24
7336,30,Organic,2025-08-30
7337,28,Paid ads,2025-09-16
7338,22,Organic,2025-05-26
7339,23,Organic,2025-08-11
7340,18,Organic,2025-03-04
7341,6,Referral,2025-10-07
7342,15,Referral,2025-03-02
7344,29,Paid ads,2025-12-31
7345,20,Organic,2025-07-15
7346,10,Organic,2025-10-24
7347,31,Organic,2025-12-04
7348,8,Organic,2025-11-07
7349,27,Influencer,2025-04-12
7350,26,Paid ads,2025-05-13
7351,12,Paid ads,2025-07-13
7352,2,Organic,2025-04-20
7353,32,Influencer,2025-11-20
7354,17,Organic,2025-05-10
7355,3,Organic,2025-06-04
7356,19,Influencer,2025-12-15
7357,27,Paid ads,2025-07-05
7358,29,Paid ads,2025-10-29
7359,28,Influencer,2025-05-14
7360,31,Organic,2025-06-22
7361,27,Organic,2025-08-08
7362,3,Organic,2025-03-15
7364,17,Referral,2025-08-09
7366,30,Organic,2025-11-10
7367,21,Referral,2025-10-28
7368,23,Influencer,2025-08-17
7369,22,Referral,2025-09-20
7370,32,Organic,2025-10-30
7371,13,Organic,2025-11-25
7372,31,Referral,2025-06-08
7373,21,Paid ads,2025-07-03
7374,23,Organic,2025-11-09
7375,26,Influencer,2025-10-30
7376,32,Paid ads,2025-04-27
7377,32,Paid ads,2025-03-27
7378,19,Organic,2025-08-02
7379,28,Organic,2025-06-22
7380,13,Paid ads,2025-06-03
7381,2,Organic,2025-08-27
7382,4,Organic,2025-06-17
7384,20,Influencer,2025-09-21
7385,11,Influencer,2025-06-09
7386,24,Organic,2025-06-23
7387,26,Organic,2025-03-27
7388,20,Referral,2025-05-26
7389,32,Paid ads,2025-08-28
7390,32,Organic,2025-11-17
7391,27,Organic,2025-10-25
7392,21,Influencer,2025-06-17
7393,24,Organic,2025-09-11
7394,26,Referral,2025-09-12
7395,17,Organic,2025-05-15
7396,11,Organic,2025-11-16
7397,7,Referral,2025-10-24
7398,24,Influencer,2025-06-09
7400,1,Paid ads,2025-09-06
7401,27,Referral,2025-07-02
7402,12,Organic,2025-03-16
7403,29,Organic,2025-05-22
7404,30,Influencer,2025-10-19
7407,32,Paid ads,2025-06-06
7408,25,Organic,2025-10-29
7409,30,Influencer,2025-06-15
7410,27,Organic,2025-11-25
7411,32,Organic,2025-11-14
7412,9,Organic,2025-08-13
7414,10,Organic,2025-08-24
7415,29,Influencer,2025-07-01
7416,4,Organic,2025-06-16
7418,30,Referral,2025-12-01
7419,21,Organic,2025-10-18
7421,9,Paid ads,2025-12-23
7422,16,Paid ads,2025-04-14
7423,32,Paid ads,2025-11-02
7424,30,Referral,2025-10-30
7425,8,Paid ads,2025-10-16
7426,14,Organic,2025-04-19
7427,30,Paid ads,2025-11-18
7428,1,Organic,2025-04-27
7431,27,Referral,2025-10-09
7432,17,Paid ads,2025-11-05
7433,22,Organic,2025-06-15
7434,22,Referral,2025-11-22
7435,6,Organic,2025-04-29
7436,26,Organic,2025-08-31
7437,31,Organic,2025-09-04
7438,28,Paid ads,2025-09-29
7440,14,Paid ads,2025-12-24
7442,32,Organic,2025-05-02
7444,21,Organic,2025-11-10
7445,19,Paid ads,2025-10-20
7446,10,Influencer,2025-05-01
7447,2,Paid ads,2025-07-27
7449,26,Paid ads,2025-08-10
7450,12,Organic,2025-11-14
7451,23,Influencer,2025-11-11
7453,24,Referral,2025-06-01
7454,19,Organic,2025-11-22
7456,28,Paid ads,2025-05-20
7458,29,Referral,2025-05-20
7459,11,Organic,2025-02-27
7461,28,Paid ads,2025-09-22
7463,7,Organic,2025-09-09
7464,2,Organic,2025-10-26
7465,13,Paid ads,2025-10-09
7466,26,Organic,2025-10-10
7467,17,Organic,2025-10-23
7468,27,Paid ads,2025-05-29
7469,15,Organic,2025-06-05
7470,13,Paid ads,2025-10-30
7472,9,Organic,2025-08-20
7473,29,Organic,2025-09-18
7475,4,Organic,2025-06-02
7477,27,Referral,2025-10-13
7478,25,Referral,2025-03-11
7479,13,Organic,2025-07-11
7480,8,Referral,2025-05-09
7481,31,Referral,2025-09-10
7482,6,Organic,2025-09-10
7483,16,Paid ads,2025-08-22
7484,31,Organic,2025-10-01
7485,32,Paid ads,2025-08-13
7487,24,Paid ads,2025-09-28
7488,18,Influencer,2025-08-19
7489,11,Referral,2025-10-23
7490,26,Paid ads,2025-09-29
7491,11,Organic,2025-07-23
7493,18,Paid ads,2025-10-29
7494,11,Influencer,2025-07-18
7496,13,Influencer,2025-06-18
7497,22,Paid ads,2025-06-09
7498,29,Organic,2025-06-03
7499,32,Paid ads,2025-04-29
7500,31,Influencer,2025-06-15
7501,24,Organic,2025-12-27
7502,16,Influencer,2025-07-04
7503,25,Organic,2025-07-21
7504,4,Referral,2025-09-02
7505,27,Referral,2025-10-03
7506,24,Paid ads,2025-12-23
7507,25,Paid ads,2025-08-14
7509,14,Referral,2025-06-15
7511,20,Organic,2025-09-21
7513,1,Organic,2025-07-16
7514,25,Organic,2025-06-25
7516,19,Paid ads,2025-12-07
7517,14,Referral,2025-06-25
7519,23,Paid ads,2025-09-17
7520,26,Influencer,2025-06-29
7521,13,Organic,2025-04-29
7522,13,Paid ads,2025-03-30
7523,1,Organic,2025-11-02
7524,15,Referral,2025-04-02
7525,32,Organic,2025-11-27
7526,24,Paid ads,2025-07-29
7527,13,Organic,2025-08-26
7529,15,Paid ads,2025-05-28
7530,23,Organic,2025-02-12
7532,21,Paid ads,2025-07-09
7533,2,Organic,2025-05-02
7534,23,Organic,2025-09-02
7535,24,Organic,2025-07-19
7536,15,Organic,2025-11-03
7537,10,Paid ads,2025-08-22
7538,28,Influencer,2025-03-07
7539,16,Influencer,2025-04-23
7540,25,Organic,2025-11-11
7541,5,Paid ads,2025-11-17
7543,22,Organic,2025-05-18
7544,20,Referral,2025-05-02
7545,8,Organic,2025-06-08
7546,14,Influencer,2025-08-09
7547,27,Paid ads,2025-06-13
7548,14,Paid ads,2025-10-25
7550,28,Influencer,2025-07-08
7551,11,Organic,2025-06-17
7552,7,Organic,2025-09-10
7553,10,Paid ads,2025-09-11
7555,27,Influencer,2025-03-04
7556,23,Organic,2025-09-03
7558,31,Referral,2025-12-17
7559,2,Paid ads,2025-07-18
7560,21,Paid ads,2025-10-03
7561,29,Paid ads,2025-12-08
7563,24,Organic,2025-04-30
7564,13,Paid ads,2025-03-21
7566,15,Paid ads,2025-07-27
7567,27,Referral,2025-05-09
7568,12,Paid ads,2025-06-24
7569,10,Paid ads,2025-05-10
7571,7,Paid ads,2025-05-13
7574,25,Paid ads,2025-09-07
7575,20,Organic,2025-10-17
7576,8,Referral,2025-06-20
7577,16,Influencer,2025-06-18
7578,22,Organic,2025-10-23
7581,27,Organic,2025-07-23
7582,15,Organic,2025-09-30
7583,32,Referral,2025-10-03
7584,14,Organic,2025-05-15
7585,30,Organic,2025-04-20
7586,23,Organic,2025-07-29
7587,30,Influencer,2025-10-25
7588,9,Organic,2025-10-23
7589,19,Organic,2025-04-18
7590,21,Organic,2025-06-22
7591,16,Influencer,2025-11-10
7592,15,Organic,2025-04-13
7593,25,Influencer,2025-05-29
7594,26,Organic,2025-05-29
7595,20,Paid ads,2025-06-30
7596,11,Paid ads,2025-10-30
7597,25,Paid ads,2025-09-08
7598,5,Organic,2025-12-16
7599,22,Referral,2025-04-13
7600,24,Organic,2025-10-13
7601,30,Influencer,2025-09-24
7602,21,Influencer,2025-09-03
7603,31,Paid ads,2025-09-10
7605,26,Organic,2025-03-25
7607,3,Organic,2025-11-20
7608,32,Paid ads,2025-09-16
7609,3,Referral,2025-06-01
7611,32,Organic,2025-08-13
7612,2,Paid ads,2025-03-31
7614,23,Organic,2025-08-03
7615,30,Organic,2025-08-16
7616,32,Organic,2025-11-17
7617,31,Paid ads,2025-06-27
7618,24,Organic,2025-09-14
7619,28,Paid ads,2025-06-28
7620,17,Organic,2025-06-16
7621,6,Organic,2025-11-25
7622,19,Paid ads,2025-08-31
7623,31,Organic,2025-06-02
7624,6,Paid ads,2025-05-07
7625,28,Organic,2025-06-28
7626,31,Influencer,2025-12-08
7627,23,Organic,2025-05-31
7628,25,Organic,2025-06-21
7630,10,Influencer,2025-10-17
7631,32,Organic,2025-08-15
7632,21,Organic,2025-06-23
7633,19,Paid ads,2025-08-03
7635,10,Organic,2025-05-19
7637,13,Influencer,2025-07-22
7638,24,Organic,2025-04-15
7641,25,Organic,2025-05-10
7643,20,Paid ads,2025-12-24
7644,32,Paid ads,2025-03-19
7645,2,Organic,2025-12-23
7649,28,Organic,2025-10-03
7651,1,Influencer,2025-07-07
7652,28,Influencer,2025-09-29
7653,14,Organic,2025-08-19
7655,25,Organic,2025-10-06
7656,16,Organic,2025-01-29
7657,10,Organic,2025-06-29
7658,29,Organic,2025-04-27
7659,29,Organic,2025-03-02
7660,24,Paid ads,2025-05-15
7661,24,Paid ads,2025-11-15
7662,21,Influencer,2025-09-25
7663,30,Paid ads,2025-06-28
7664,21,Organic,2025-06-26
7666,28,Organic,2025-04-11
7667,13,Organic,2025-04-06
7669,10,Organic,2025-06-15
7670,29,Paid ads,2025-10-20
7671,22,Influencer,2025-07-02
7672,22,Paid ads,2025-10-18
7673,15,Paid ads,2025-04-10
7674,2,Organic,2025-12-08
7675,30,Organic,2025-11-05
7676,16,Influencer,2025-09-20
7677,4,Referral,2025-06-02
7678,16,Influencer,2025-11-18
7679,27,Referral,2025-12-28
7680,32,Paid ads,2025-07-17
7682,23,Influencer,2025-05-26
7683,13,Organic,2025-11-17
7684,21,Paid ads,2025-09-02
7686,3,Referral,2025-07-08
7687,23,Referral,2025-05-08
7688,12,Organic,2025-08-04
7689,10,Organic,2025-03-18
7690,30,Paid ads,2025-03-18
7691,27,Influencer,2025-05-30
7692,26,Organic,2025-04-15
7693,32,Paid ads,2025-06-19
7694,21,Organic,2025-10-02
7697,31,Referral,2025-10-31
7698,21,Organic,2025-07-20
7699,12,Paid ads,2025-06-10
7700,22,Organic,2025-09-18
7701,23,Organic,2025-08-19
7702,26,Referral,2025-10-11
7703,26,Paid ads,2025-08-04
7704,26,Influencer,2025-05-06
7705,20,Referral,2025-08-08
7709,4,Referral,2025-07-09
7710,32,Paid ads,2025-02-24
7711,21,Organic,2025-04-29
7712,23,Organic,2025-05-06
7713,15,Paid ads,2025-06-30
7714,20,Influencer,2025-03-11
7715,24,Referral,2025-07-16
7716,22,Referral,2025-10-09
7717,4,Organic,2025-06-18
7718,3,Organic,2025-04-02
7719,6,Influencer,2025-04-02
7720,22,Organic,2025-07-07
7721,22,Paid ads,2025-11-29
7723,22,Paid ads,2025-10-13
7724,15,Organic,2025-07-13
7725,3,Organic,2025-09-06
7726,25,Influencer,2025-09-02
7729,19,Organic,2025-12-02
7730,9,Organic,2025-03-08
7733,26,Paid ads,2025-08-16
7734,22,Organic,2025-07-19
7735,27,Organic,2025-06-14
7736,3,Organic,2025-06-22
7737,24,Paid ads,2025-05-23
7738,31,Organic,2025-06-12
7739,27,Referral,2025-10-27
7740,24,Organic,2025-08-03
7742,26,Referral,2025-04-16
7743,27,Influencer,2025-06-02
7744,21,Organic,2025-08-18
7745,26,Influencer,2025-11-11
7746,9,Paid ads,2025-09-13
7747,29,Organic,2025-06-22
7749,31,Paid ads,2025-06-20
7750,29,Organic,2025-09-08
7752,10,Organic,2025-07-20
7753,11,Influencer,2025-05-16
7754,22,Organic,2025-09-04
7756,24,Organic,2025-09-11
7757,21,Organic,2025-04-20
7759,11,Organic,2025-05-26
7760,19,Organic,2025-05-30
7761,22,Referral,2025-05-18
7762,22,Paid ads,2025-06-06
7763,7,Influencer,2025-06-10
7764,26,Paid ads,2025-04-06
7765,12,Paid ads,2025-04-26
7770,7,Organic,2025-11-05
7771,13,Organic,2025-05-14
7774,5,Organic,2025-12-02
7775,28,Organic,2025-07-13
7776,27,Organic,2025-03-13
7777,30,Organic,2025-10-26
7779,15,Paid ads,2025-07-24
7780,27,Influencer,2025-08-08
7782,8,Paid ads,2025-08-21
7785,25,Paid ads,2025-07-09
7786,28,Paid ads,2025-08-14
7787,26,Organic,2025-07-24
7788,32,Referral,2025-02-01
7789,23,Referral,2025-12-23
7790,30,Influencer,2025-12-25
7791,19,Influencer,2025-04-21
7792,31,Organic,2025-03-07
7793,32,Organic,2025-12-25
7794,24,Organic,2025-07-24
7795,10,Referral,2025-09-07
7797,25,Paid ads,2025-09-20
7798,31,Organic,2025-04-30
7799,8,Paid ads,2025-05-30
7800,3,Organic,2025-06-06
7801,15,Organic,2025-09-25
7802,29,Organic,2025-05-28
7804,16,Influencer,2025-08-24
7806,14,Organic,2025-04-20
7807,25,Organic,2025-07-06
7808,13,Organic,2025-04-07
7809,11,Organic,2025-05-31
7810,24,Organic,2025-03-19
7812,3,Paid ads,2025-11-08
7814,29,Organic,2025-12-09
7815,31,Organic,2025-05-14
7816,32,Organic,2025-07-15
7817,31,Organic,2025-05-19
7818,3,Organic,2025-07-01
7819,14,Influencer,2025-06-03
7821,28,Organic,2025-04-18
7822,11,Referral,2025-07-11
7823,11,Organic,2025-05-28
7824,12,Referral,2025-11-19
7825,21,Organic,2025-09-02
7826,18,Referral,2025-07-17
7827,31,Paid ads,2025-12-15
7828,6,Paid ads,2025-07-08
7830,18,Referral,2025-08-10
7831,26,Paid ads,2025-11-07
7832,4,Paid ads,2025-12-27
7833,6,Organic,2025-10-17
7834,1,Paid ads,2025-05-13
7836,28,Paid ads,2025-09-27
7837,20,Referral,2025-08-18
7838,20,Paid ads,2025-03-28
7839,11,Paid ads,2025-12-22
7840,2,Organic,2025-11-18
7841,28,Referral,2025-08-12
7842,11,Paid ads,2025-02-14
7843,25,Organic,2025-06-29
7845,32,Organic,2025-03-29
7846,29,Organic,2025-10-15
7847,3,Paid ads,2025-06-19
7848,20,Organic,2025-12-18
7850,8,Organic,2025-11-06
7852,27,Paid ads,2025-07-14
7853,14,Organic,2025-03-18
7855,12,Paid ads,2025-09-13
7856,3,Organic,2025-06-08
7857,3,Paid ads,2025-07-13
7858,5,Paid ads,2025-10-05
7859,10,Paid ads,2025-06-24
7860,23,Influencer,2025-05-24
7861,28,Referral,2025-05-20
7863,8,Organic,2025-10-13
7865,16,Influencer,2025-05-08
7866,9,Influencer,2025-04-07
7867,30,Referral,2025-08-04
7869,13,Organic,2025-06-13
7870,27,Influencer,2025-06-09
7871,18,Referral,2025-11-19
7873,2,Organic,2025-10-08
7874,28,Organic,2025-06-08
7875,21,Paid ads,2025-11-02
7876,3,Paid ads,2025-06-10
7877,22,Organic,2025-11-03
7879,29,Organic,2025-08-14
7880,20,Influencer,2025-10-22
7881,13,Referral,2025-07-15
7882,31,Influencer,2025-10-22
7883,18,Organic,2025-11-26
7884,15,Organic,2025-08-13
7886,32,Organic,2025-06-25
7889,30,Paid ads,2025-05-23
7891,29,Organic,2025-09-02
7892,24,Organic,2025-05-22
7894,14,Paid ads,2025-06-02
7896,21,Referral,2025-06-11
7897,13,Paid ads,2025-03-25
7899,11,Paid ads,2025-11-08
7900,24,Organic,2025-11-10
7901,23,Referral,2025-08-18
7902,28,Paid ads,2025-11-20
7903,8,Paid ads,2025-10-11
7904,29,Referral,2025-08-01
7906,21,Organic,2025-03-09
7907,23,Paid ads,2025-04-25
7910,28,Influencer,2025-08-30
7911,8,Influencer,2025-03-13
7914,21,Referral,2025-09-11
7915,14,Referral,2025-05-09
7916,3,Organic,2025-08-15
7917,15,Referral,2025-07-02
7918,26,Organic,2025-07-29
7920,27,Organic,2025-10-12
7921,16,Influencer,2025-08-31
7922,23,Organic,2025-09-30
7923,32,Organic,2025-08-06
7924,19,Organic,2025-11-07
7925,20,Organic,2025-08-25
7926,21,Organic,2025-07-05
7927,13,Paid ads,2025-11-16
7928,21,Organic,2025-04-11
7930,5,Paid ads,2025-10-12
7931,21,Influencer,2025-08-16
7933,22,Referral,2025-08-24
7936,15,Influencer,2025-06-13
7938,14,Paid ads,2025-04-09
7940,18,Organic,2025-08-21
7941,30,Referral,2025-10-06
7943,24,Paid ads,2025-08-30
7945,9,Referral,2025-06-17
7946,12,Referral,2025-04-19
7947,10,Paid ads,2025-12-11
7949,31,Organic,2025-05-14
7950,28,Paid ads,2025-10-05
7951,27,Paid ads,2025-06-12
7952,21,Paid ads,2025-06-21
7953,15,Organic,2025-10-13
7955,24,Paid ads,2025-06-07
7956,31,Paid ads,2025-06-10
7957,28,Organic,2025-02-27
7958,26,Referral,2025-12-01
7959,8,Influencer,2025-10-14
7960,32,Organic,2025-07-30
7961,28,Influencer,2025-10-06
7962,31,Organic,2025-07-04
7965,22,Influencer,2025-07-09
7967,19,Organic,2025-09-04
7968,31,Organic,2025-05-31
7969,31,Influencer,2025-08-24
7970,24,Organic,2025-07-09
7971,2,Organic,2025-04-24
7972,20,Referral,2025-04-03
7973,18,Organic,2025-11-24
7974,25,Paid ads,2025-08-04
7975,23,Influencer,2025-09-01
7976,25,Paid ads,2025-08-17
7978,21,Paid ads,2025-04-19
7979,2,Organic,2025-05-30
7980,27,Influencer,2025-07-10
7981,30,Paid ads,2025-10-14
7982,15,Referral,2025-10-03
7983,18,Influencer,2025-11-17
7984,30,Paid ads,2025-03-18
7985,13,Organic,2025-04-30
7986,27,Influencer,2025-06-15
7988,5,Organic,2025-10-30
7989,22,Organic,2025-09-01
7990,10,Influencer,2025-07-31
7991,28,Paid ads,2025-05-09
7992,18,Referral,2025-06-18
7994,23,Organic,2025-04-13
7995,14,Organic,2025-03-27
7996,26,Organic,2025-10-05
7997,24,Paid ads,2025-07-20
7999,32,Influencer,2025-11-06
8000,31,Paid ads,2025-06-22
8001,26,Paid ads,2025-11-06
8002,31,Organic,2025-06-21
8003,29,Organic,2025-06-23
8005,15,Paid ads,2025-09-01
8007,13,Organic,2025-03-19
8010,32,Referral,2025-08-02
8011,21,Organic,2025-12-21
8013,10,Influencer,2025-03-29
8015,32,Organic,2025-08-01
8016,16,Organic,2025-11-03
8019,19,Paid ads,2025-10-10
8020,30,Referral,2025-10-08
8022,30,Referral,2025-06-06
8023,10,Influencer,2025-07-20
8024,21,Organic,2025-04-26
8025,31,Influencer,2025-07-23
8026,20,Influencer,2025-06-29
8029,28,Organic,2025-04-29
8031,24,Paid ads,2025-05-20
8032,26,Paid ads,2025-05-29
8034,29,Paid ads,2025-06-16
8035,29,Influencer,2025-04-28
8036,22,Organic,2025-06-15
8038,27,Organic,2025-04-27
8039,14,Organic,2025-07-05
8040,28,Influencer,2025-06-05
8041,20,Paid ads,2025-12-14
8044,22,Paid ads,2025-10-12
8045,11,Influencer,2025-09-22
8046,29,Organic,2025-07-02
8047,28,Organic,2025-07-23
8049,15,Organic,2025-07-23
8050,13,Referral,2025-09-27
8053,23,Organic,2025-09-10
8054,11,Organic,2025-10-22
8055,20,Influencer,2025-08-04
8056,22,Organic,2025-08-12
8057,14,Organic,2025-07-24
8058,16,Referral,2025-12-21
8059,22,Organic,2025-10-19
8060,28,Paid ads,2025-07-18
8062,25,Influencer,2025-09-18
8063,32,Organic,2025-08-02
8064,11,Influencer,2025-03-11
8065,12,Paid ads,2025-11-01
8066,22,Influencer,2025-09-21
8067,22,Organic,2025-08-27
8068,27,Organic,2025-09-28
8069,29,Influencer,2025-04-08
8071,9,Paid ads,2025-08-18
8072,14,Organic,2025-07-14
8073,28,Organic,2025-06-14
8074,8,Organic,2025-10-18
8075,15,Influencer,2025-08-27
8077,24,Paid ads,2025-05-29
8078,12,Organic,2025-10-20
8080,29,Influencer,2025-10-19
8082,21,Referral,2025-11-04
8083,15,Influencer,2025-10-14
8084,29,Influencer,2025-07-12
8085,20,Paid ads,2025-12-10
8086,29,Paid ads,2025-11-21
8087,13,Organic,2025-07-12
8088,23,Paid ads,2025-06-21
8089,12,Influencer,2025-09-20
8090,22,Organic,2025-02-26
8091,22,Organic,2025-04-10
8092,11,Referral,2025-03-27
8093,14,Influencer,2025-10-02
8095,29,Organic,2025-10-15
8096,21,Organic,2025-10-15
8097,26,Influencer,2025-06-02
8098,6,Organic,2025-08-30
8100,14,Influencer,2025-07-03
8101,22,Organic,2025-07-20
8102,17,Paid ads,2025-04-24
8103,31,Organic,2025-04-05
8105,31,Paid ads,2025-03-20
8107,10,Organic,2025-04-16
8108,4,Organic,2025-06-18
8109,31,Organic,2025-04-25
8111,8,Influencer,2025-08-05
8112,5,Organic,2025-05-08
8114,31,Influencer,2025-03-27
8116,13,Organic,2025-06-05
8117,4,Influencer,2025-09-13
8119,30,Organic,2025-06-09
8120,25,Organic,2025-11-22
8121,10,Influencer,2025-07-28
8122,10,Referral,2025-09-30
8124,15,Organic,2025-08-23
8127,31,Paid ads,2025-06-28
8128,24,Organic,2025-05-31
8129,22,Organic,2025-07-06
8130,18,Paid ads,2025-11-04
8131,7,Organic,2025-10-07
8132,27,Organic,2025-09-24
8133,27,Organic,2025-09-12
8134,31,Paid ads,2025-06-30
8135,16,Paid ads,2025-10-25
8136,26,Influencer,2025-07-28
8138,15,Influencer,2025-04-14
8139,23,Paid ads,2025-09-10
8140,21,Influencer,2025-07-12
8144,30,Organic,2025-11-03
8145,12,Organic,2025-09-03
8147,29,Paid ads,2025-05-31
8148,2,Paid ads,2025-05-23
8149,16,Organic,2025-07-05
8150,11,Referral,2025-07-31
8152,16,Referral,2025-10-27
8153,7,Organic,2025-09-19
8154,21,Organic,2025-05-23
8156,21,Organic,2025-10-11
8160,16,Referral,2025-06-25
8161,25,Referral,2025-09-09
8162,25,Organic,2025-06-23
8164,21,Paid ads,2025-07-18
8165,9,Referral,2025-06-07
8166,29,Influencer,2025-11-19
8167,24,Organic,2025-05-10
8168,26,Referral,2025-06-23
8169,29,Organic,2025-10-13
8171,14,Organic,2025-07-24
8172,9,Influencer,2025-10-15
8173,22,Paid ads,2025-05-27
8174,22,Paid ads,2025-07-05
8175,12,Influencer,2025-05-06
8177,2,Referral,2025-08-09
8179,30,Paid ads,2025-08-03
8180,22,Referral,2025-06-16
8181,2,Organic,2025-11-01
8182,1,Influencer,2025-05-27
8183,5,Paid ads,2025-03-06
8184,29,Paid ads,2025-08-10
8186,10,Organic,2025-06-20
8187,2,Paid ads,2025-11-06
8189,26,Organic,2025-07-04
8190,30,Organic,2025-04-27
8191,22,Referral,2025-09-07
8192,18,Paid ads,2025-08-11
8193,19,Paid ads,2025-04-29
8194,21,Organic,2025-07-25
8195,12,Organic,2025-08-12
8196,15,Paid ads,2025-10-16
8197,16,Organic,2025-06-20
8198,30,Referral,2025-09-06
8199,22,Organic,2025-05-26
8200,14,Paid ads,2025-03-02
8201,25,Paid ads,2025-03-31
8202,19,Referral,2025-08-29
8205,19,Organic,2025-08-01
8206,29,Organic,2025-10-15
8208,29,Organic,2025-10-21
8209,25,Referral,2025-08-12
8210,32,Organic,2025-09-25
8211,17,Organic,2025-08-13
8212,20,Paid ads,2025-11-30
8213,23,Paid ads,2025-10-16
8214,21,Organic,2025-02-03
8216,19,Referral,2025-09-18
8217,28,Paid ads,2025-10-08
8218,12,Organic,2025-04-01
8219,1,Influencer,2025-06-29
8222,4,Organic,2025-06-06
8223,20,Influencer,2025-09-15
8224,15,Organic,2025-09-11
8225,30,Referral,2025-12-30
8226,29,Paid ads,2025-03-29
8227,20,Paid ads,2025-09-27
8228,24,Organic,2025-08-01
8229,15,Organic,2025-08-29
8230,20,Organic,2025-06-22
8231,11,Paid ads,2025-05-31
8232,21,Organic,2025-08-19
8233,29,Referral,2025-04-06
8234,29,Organic,2025-11-10
8235,18,Paid ads,2025-11-04
8236,24,Organic,2025-08-26
8237,25,Organic,2025-11-23
8238,28,Organic,2025-07-24
8239,21,Paid ads,2025-07-24
8240,29,Referral,2025-11-01
8241,23,Organic,2025-08-14
8242,14,Paid ads,2025-08-26
8243,10,Influencer,2025-07-21
8244,31,Organic,2025-11-22
8245,22,Paid ads,2025-10-07
8246,32,Organic,2025-09-05
8247,26,Referral,2025-04-07
8248,32,Organic,2025-05-04
8249,16,Influencer,2025-10-11
8250,15,Organic,2025-05-02
8251,10,Influencer,2025-07-23
8252,1,Referral,2025-05-20
8253,30,Organic,2025-08-02
8254,29,Paid ads,2025-06-05
8255,8,Organic,2025-08-31
8257,10,Paid ads,2025-06-02
8258,27,Paid ads,2025-09-18
8259,23,Organic,2025-10-03
8260,16,Influencer,2025-04-23
8261,29,Paid ads,2025-12-12
8262,25,Paid ads,2025-09-01
8263,20,Paid ads,2025-06-29
8264,15,Organic,2025-05-07
8265,7,Organic,2025-05-14
8266,29,Paid ads,2025-08-21
8267,24,Referral,2025-02-12
8268,13,Influencer,2025-09-02
8269,13,Organic,2025-07-30
8270,30,Referral,2025-06-24
8271,26,Organic,2025-06-03
8272,17,Organic,2025-09-02
8273,24,Organic,2025-06-01
8274,32,Influencer,2025-08-17
8275,13,Referral,2025-07-04
8277,23,Influencer,2025-07-01
8278,8,Organic,2025-10-14
8279,23,Organic,2025-10-03
8282,22,Organic,2025-05-01
8284,22,Organic,2025-05-26
8285,15,Organic,2025-04-04
8286,19,Organic,2025-02-17
8287,8,Paid ads,2025-11-06
8288,18,Organic,2025-05-25
8289,27,Referral,2025-04-04
8290,31,Organic,2025-08-21
8292,26,Organic,2025-09-03
8293,32,Organic,2025-10-04
8294,25,Influencer,2025-04-25
8296,17,Organic,2025-02-27
8298,13,Paid ads,2025-06-12
8299,24,Organic,2025-08-13
8300,25,Paid ads,2025-06-29
8302,25,Paid ads,2025-07-19
8303,22,Organic,2025-06-29
8305,14,Referral,2025-05-23
8306,2,Paid ads,2025-03-31
8307,8,Organic,2025-11-21
8308,25,Organic,2025-10-29
8309,29,Paid ads,2025-08-10
8310,26,Organic,2025-10-16
8311,26,Influencer,2025-04-16
8313,28,Referral,2025-03-30
8314,26,Influencer,2025-06-30
8315,13,Influencer,2025-04-13
8316,14,Organic,2025-11-12
8317,21,Organic,2025-08-02
8318,2,Organic,2025-10-04
8319,28,Organic,2025-04-16
8320,25,Organic,2025-06-02
8321,22,Organic,2025-06-13
8322,20,Organic,2025-09-30
8323,16,Organic,2025-08-30
8324,25,Paid ads,2025-05-08
8325,27,Influencer,2025-10-29
8327,27,Paid ads,2025-08-28
8329,11,Paid ads,2025-09-03
8330,11,Organic,2025-12-18
8331,31,Referral,2025-10-21
8332,26,Organic,2025-09-12
8333,29,Referral,2025-09-17
8334,29,Organic,2025-04-17
8335,30,Influencer,2025-06-29
8336,6,Paid ads,2025-07-28
8337,31,Influencer,2025-11-07
8338,30,Organic,2025-06-05
8339,2,Organic,2025-04-02
8340,6,Paid ads,2025-05-01
8341,32,Organic,2025-05-04
8342,23,Organic,2025-11-08
8343,13,Organic,2025-06-09
8345,29,Organic,2025-12-08
8346,10,Organic,2025-11-10
8347,17,Paid ads,2025-10-11
8348,27,Influencer,2025-07-27
8351,29,Referral,2025-09-27
8352,10,Paid ads,2025-10-11
8354,32,Organic,2025-11-12
8355,27,Influencer,2025-11-22
8356,30,Organic,2025-06-16
8357,13,Organic,2025-08-03
8358,32,Organic,2025-12-22
8360,9,Organic,2025-06-15
8361,21,Paid ads,2025-04-20
8363,32,Influencer,2025-03-05
8364,7,Referral,2025-07-18
8365,27,Organic,2025-05-17
8366,11,Referral,2025-09-11
8367,22,Referral,2025-11-03
8368,22,Influencer,2025-07-02
8369,24,Organic,2025-05-07
8370,18,Paid ads,2025-05-20
8371,21,Organic,2025-06-12
8378,21,Organic,2025-11-03
8379,20,Paid ads,2025-05-12
8380,25,Paid ads,2025-03-23
8381,13,Organic,2025-06-16
8382,10,Organic,2025-09-09
8384,10,Organic,2025-03-21
8385,19,Referral,2025-09-12
8386,22,Organic,2025-11-18
8387,18,Organic,2025-05-21
8388,29,Organic,2025-09-12
8389,17,Paid ads,2025-03-12
8390,22,Organic,2025-11-12
8392,23,Paid ads,2025-10-20
8393,18,Influencer,2025-07-11
8394,26,Paid ads,2025-11-08
8395,14,Organic,2025-04-27
8396,22,Paid ads,2025-08-06
8397,11,Organic,2025-06-11
8398,8,Organic,2025-11-13
8400,14,Organic,2025-12-17
8401,20,Organic,2025-06-25
8402,21,Organic,2025-09-02
8403,28,Organic,2025-09-11
8407,21,Organic,2025-08-10
8408,13,Organic,2025-05-25
8409,21,Paid ads,2025-11-03
8410,11,Referral,2025-08-25
8411,16,Organic,2025-06-29
8413,27,Referral,2025-06-13
8414,30,Organic,2025-04-22
8415,9,Paid ads,2025-09-20
8416,23,Paid ads,2025-11-29
8417,31,Influencer,2025-05-14
8419,31,Organic,2025-05-06
8420,8,Organic,2025-11-24
8421,15,Paid ads,2025-09-12
8422,26,Paid ads,2025-10-20
8425,28,Influencer,2025-03-06
8427,8,Influencer,2025-03-23
8429,26,Paid ads,2025-10-11
8430,26,Organic,2025-11-09
8431,9,Referral,2025-09-27
8433,17,Influencer,2025-04-12
8434,9,Organic,2025-09-30
8435,30,Paid ads,2025-12-15
8436,10,Referral,2025-03-01
8437,31,Organic,2025-05-15
8441,20,Paid ads,2025-08-03
8442,32,Paid ads,2025-03-05
8443,28,Paid ads,2025-03-19
8444,25,Paid ads,2025-04-28
8446,31,Paid ads,2025-04-05
8447,29,Organic,2025-09-25
8448,14,Organic,2025-07-22
8450,22,Influencer,2025-03-19
8452,28,Organic,2025-06-03
8453,22,Paid ads,2025-07-25
8454,24,Organic,2025-08-05
8455,27,Referral,2025-05-09
8456,12,Paid ads,2025-08-10
8457,16,Paid ads,2025-08-24
8458,31,Organic,2025-07-25
8459,24,Organic,2025-06-01
8460,30,Organic,2025-05-11
8461,21,Organic,2025-05-05
8462,1,Organic,2025-11-16
8463,29,Organic,2025-11-16
8464,3,Organic,2025-04-26
8466,28,Paid ads,2025-07-03
8467,24,Organic,2025-04-26
8469,26,Influencer,2025-05-10
8470,4,Organic,2025-07-21
8471,8,Organic,2025-06-19
8472,28,Paid ads,2025-08-10
8475,21,Organic,2025-06-25
8477,22,Organic,2025-10-20
8478,31,Organic,2025-03-24
8479,9,Referral,2025-09-03
8480,32,Paid ads,2025-12-02
8481,9,Organic,2025-07-24
8482,27,Paid ads,2025-06-29
8483,24,Organic,2025-03-20
8484,10,Organic,2025-08-05
8485,24,Organic,2025-12-18
8486,32,Paid ads,2025-07-06
8487,30,Referral,2025-10-21
8488,1,Paid ads,2025-04-27
8490,12,Organic,2025-07-19
8491,26,Organic,2025-08-07
8492,16,Influencer,2025-11-06
8493,26,Paid ads,2025-09-22
8494,29,Influencer,2025-07-16
8495,8,Organic,2025-06-08
8497,20,Referral,2025-10-27
8499,13,Organic,2025-11-03
8500,30,Influencer,2025-11-30
8501,10,Paid ads,2025-09-20
8502,24,Referral,2025-05-29
8503,8,Organic,2025-12-26
8504,30,Organic,2025-04-30
8505,16,Influencer,2025-07-28
8506,12,Referral,2025-09-21
8507,26,Influencer,2025-07-10
8508,18,Organic,2025-07-09
8509,32,Paid ads,2025-04-28
8510,23,Paid ads,2025-08-23
8511,20,Organic,2025-09-10
8512,2,Organic,2025-05-17
8513,25,Organic,2025-11-11
8515,27,Organic,2025-10-02
8516,31,Organic,2025-10-24
8517,22,Paid ads,2025-05-04
8518,25,Paid ads,2025-05-23
8519,2,Paid ads,2025-05-17
8520,32,Paid ads,2025-11-22
8521,25,Organic,2025-06-02
8522,24,Influencer,2025-08-14
8523,24,Organic,2025-08-14
8524,20,Organic,2025-11-10
8526,16,Referral,2025-05-09
8527,31,Referral,2025-06-01
8528,14,Referral,2025-07-24
8530,24,Organic,2025-03-07
8531,17,Influencer,2025-06-30
8532,22,Influencer,2025-02-28
8533,12,Organic,2025-02-21
8534,13,Organic,2025-09-03
8535,22,Paid ads,2025-06-09
8536,10,Influencer,2025-12-30
8537,11,Paid ads,2025-05-15
8538,11,Paid ads,2025-04-24
8539,32,Organic,2025-05-09
8540,13,Referral,2025-10-21
8541,10,Paid ads,2025-09-18
8542,28,Organic,2025-09-09
8543,16,Influencer,2025-04-27
8545,30,Paid ads,2025-10-03
8546,8,Referral,2025-10-09
8547,26,Paid ads,2025-10-23
8548,25,Organic,2025-04-08
8549,23,Influencer,2025-07-03
8550,27,Organic,2025-04-21
8552,20,Paid ads,2025-03-04
8553,21,Organic,2025-10-10
8554,19,Organic,2025-07-26
8555,31,Organic,2025-11-19
8557,18,Influencer,2025-08-05
8558,29,Organic,2025-10-06
8559,24,Paid ads,2025-07-02
8560,16,Organic,2025-08-30
8561,27,Organic,2025-05-21
8562,12,Organic,2025-03-07
8563,22,Influencer,2025-05-18
8564,20,Organic,2025-07-09
8565,27,Paid ads,2025-07-31
8567,21,Organic,2025-07-07
8568,27,Paid ads,2025-06-21
8569,17,Organic,2025-05-24
8570,26,Influencer,2025-05-26
8571,25,Influencer,2025-05-15
8572,9,Paid ads,2025-11-16
8573,29,Organic,2025-05-26
8574,16,Paid ads,2025-06-12
8575,28,Influencer,2025-07-27
8577,21,Organic,2025-10-01
8578,11,Organic,2025-06-15
8579,9,Organic,2025-07-30
8580,23,Paid ads,2025-10-12
8581,20,Organic,2025-11-05
8583,28,Paid ads,2025-09-17
8584,29,Paid ads,2025-06-29
8585,4,Referral,2025-06-17
8587,16,Referral,2025-04-12
8588,9,Organic,2025-10-27
8589,30,Paid ads,2025-06-11
8590,24,Organic,2025-06-05
8591,26,Influencer,2025-12-04
8592,31,Referral,2025-07-28
8593,9,Paid ads,2025-03-15
8594,18,Influencer,2025-08-06
8595,15,Organic,2025-06-09
8596,7,Referral,2025-07-15
8597,10,Influencer,2025-10-20
8598,22,Influencer,2025-05-09
8599,28,Organic,2025-05-18
8600,16,Paid ads,2025-10-31
8601,30,Organic,2025-11-11
8602,20,Paid ads,2025-09-21
8603,16,Organic,2025-04-12
8605,25,Influencer,2025-04-25
8606,32,Influencer,2025-04-27
8607,19,Influencer,2025-07-27
8608,19,Organic,2025-05-14
8609,24,Organic,2025-09-29
8610,29,Referral,2025-11-17
8611,20,Organic,2025-08-29
8612,14,Paid ads,2025-11-12
8613,23,Paid ads,2025-11-06
8614,20,Paid ads,2025-08-15
8615,24,Paid ads,2025-09-01
8616,27,Organic,2025-06-28
8618,14,Influencer,2025-11-19
8619,24,Organic,2025-08-23
8620,13,Organic,2025-10-03
8621,15,Organic,2025-05-02
8622,8,Organic,2025-09-04
8623,8,Organic,2025-04-07
8624,26,Paid ads,2025-08-13
8625,19,Paid ads,2025-09-22
8626,25,Organic,2025-03-22
8627,23,Referral,2025-04-02
8628,27,Organic,2025-04-15
8629,23,Paid ads,2025-08-22
8632,14,Organic,2025-04-25
8633,22,Paid ads,2025-07-04
8634,27,Referral,2025-10-04
8636,3,Influencer,2025-04-04
8637,12,Organic,2025-08-14
8639,28,Organic,2025-06-15
8642,13,Paid ads,2025-12-10
8643,32,Organic,2025-07-02
8644,1,Organic,2025-03-18
8645,24,Organic,2025-09-13
8646,10,Organic,2025-06-21
8647,29,Paid ads,2025-06-20
8649,1,Organic,2025-05-26
8650,19,Influencer,2025-04-19
8651,24,Paid ads,2025-07-01
8652,23,Organic,2025-03-23
8653,21,Organic,2025-06-16
8654,31,Organic,2025-05-16
8656,27,Organic,2025-09-01
8658,20,Influencer,2025-09-07
8659,32,Influencer,2025-04-23
8660,21,Paid ads,2025-10-18
8662,4,Organic,2025-06-07
8663,32,Referral,2025-07-12
8665,30,Referral,2025-04-20
8667,9,Referral,2025-09-09
8668,1,Organic,2025-07-12
8669,23,Organic,2025-04-04
8670,9,Referral,2025-07-18
8671,24,Organic,2025-11-05
8672,29,Organic,2025-12-10
8674,32,Paid ads,2025-11-22
8676,18,Organic,2025-10-02
8677,3,Organic,2025-05-13
8678,12,Influencer,2025-07-17
8679,6,Organic,2025-04-26
8681,17,Organic,2025-12-19
8682,13,Organic,2025-06-19
8683,29,Organic,2025-03-31
8685,17,Organic,2025-03-25
8687,3,Paid ads,2025-11-28
8688,32,Paid ads,2025-10-19
8691,18,Organic,2025-08-31
8693,22,Organic,2025-08-26
8694,31,Organic,2025-06-23
8695,26,Organic,2025-09-08
8698,23,Paid ads,2025-04-13
8699,4,Organic,2025-07-26
8700,22,Paid ads,2025-08-01
8703,20,Organic,2025-07-11
8705,27,Organic,2025-04-18
8706,10,Organic,2025-06-17
8707,27,Organic,2025-10-07
8708,25,Influencer,2025-06-24
8709,9,Organic,2025-11-20
8710,20,Paid ads,2025-09-05
8713,22,Paid ads,2025-09-08
8714,6,Organic,2025-05-22
8715,21,Referral,2025-09-22
8717,23,Paid ads,2025-07-23
8719,10,Organic,2025-04-19
8721,23,Organic,2025-07-31
8722,10,Organic,2025-08-27
8723,20,Paid ads,2025-09-30
8724,22,Organic,2025-05-22
8725,25,Organic,2025-07-01
8726,1,Paid ads,2025-02-26
8728,27,Influencer,2025-09-10
8729,11,Influencer,2025-06-28
8730,12,Influencer,2025-06-02
8731,12,Organic,2025-06-29
8732,23,Organic,2025-05-04
8733,27,Organic,2025-08-31
8734,29,Influencer,2025-05-17
8735,25,Influencer,2025-04-10
8737,13,Organic,2025-02-28
8738,28,Organic,2025-07-28
8739,5,Organic,2025-12-20
8741,12,Organic,2025-04-11
8742,25,Paid ads,2025-08-04
8743,23,Paid ads,2025-03-25
8744,28,Organic,2025-06-26
8745,28,Organic,2025-03-02
8748,16,Organic,2025-06-12
8749,23,Organic,2025-04-17
8750,14,Influencer,2025-02-21
8751,28,Organic,2025-03-31
8752,17,Referral,2025-07-08
8753,24,Paid ads,2025-02-23
8754,25,Paid ads,2025-09-20
8755,5,Organic,2025-04-10
8756,24,Paid ads,2025-09-27
8757,21,Paid ads,2025-09-07
8759,15,Referral,2025-10-09
8761,13,Referral,2025-06-12
8765,18,Organic,2025-08-06
8766,8,Influencer,2025-06-22
8767,10,Organic,2025-11-18
8768,2,Organic,2025-06-04
8769,29,Paid ads,2025-10-17
8770,19,Influencer,2025-06-09
8771,21,Organic,2025-09-10
8772,21,Influencer,2025-04-28
8773,29,Influencer,2025-06-19
8774,9,Organic,2025-07-30
8776,23,Paid ads,2025-04-14
8777,15,Organic,2025-08-05
8778,1,Influencer,2025-12-05
8779,26,Paid ads,2025-08-29
8780,9,Referral,2025-06-27
8781,2,Paid ads,2025-06-27
8782,16,Organic,2025-12-05
8783,24,Paid ads,2025-02-11
8784,23,Influencer,2025-06-23
8785,28,Referral,2025-03-25
8786,13,Paid ads,2025-09-03
8787,28,Paid ads,2025-05-23
8788,10,Paid ads,2025-05-30
8789,23,Organic,2025-10-15
8790,31,Organic,2025-10-11
8792,28,Influencer,2025-08-13
8793,29,Paid ads,2025-04-11
8794,6,Organic,2025-07-06
8796,27,Organic,2025-05-18
8797,2,Influencer,2025-03-01
8798,14,Organic,2025-09-09
8799,9,Paid ads,2025-05-30
8800,24,Paid ads,2025-06-17
8801,32,Referral,2025-11-23
8802,14,Organic,2025-06-11
8804,16,Organic,2025-07-12
8805,25,Organic,2025-05-02
8806,8,Organic,2025-08-09
8809,27,Paid ads,2025-08-14
8810,26,Influencer,2025-03-11
8811,11,Paid ads,2025-09-11
8812,13,Influencer,2025-03-06
8813,14,Paid ads,2025-02-13
8814,32,Paid ads,2025-08-04
8815,30,Organic,2025-03-22
8816,6,Paid ads,2025-09-18
8817,27,Referral,2025-06-02
8818,30,Organic,2025-08-18
8819,15,Paid ads,2025-12-23
8821,28,Influencer,2025-07-27
8823,3,Organic,2025-05-08
8824,27,Organic,2025-09-11
8825,31,Paid ads,2025-07-24
8826,16,Organic,2025-09-22
8827,24,Organic,2025-03-06
8828,26,Organic,2025-06-14
8829,29,Organic,2025-07-08
8830,27,Organic,2025-05-16
8832,25,Paid ads,2025-03-23
8833,17,Referral,2025-12-01
8834,28,Organic,2025-05-22
8835,13,Influencer,2025-07-21
8836,22,Referral,2025-04-26
8837,21,Influencer,2025-07-25
8838,27,Referral,2025-07-06
8839,1,Referral,2025-09-12
8840,21,Paid ads,2025-07-27
8841,19,Referral,2025-08-28
8842,21,Organic,2025-08-13
8843,32,Organic,2025-07-03
8844,25,Organic,2025-05-24
8847,18,Influencer,2025-08-28
8848,26,Paid ads,2025-05-31
8849,25,Referral,2025-02-18
8852,12,Influencer,2025-09-01
8854,22,Influencer,2025-05-14
8855,13,Referral,2025-11-29
8856,9,Paid ads,2025-05-24
8857,4,Organic,2025-04-29
8858,30,Paid ads,2025-12-21
8861,24,Organic,2025-12-12
8862,21,Organic,2025-08-17
8863,11,Referral,2025-10-24
8865,31,Influencer,2025-10-09
8866,4,Organic,2025-05-19
8867,9,Organic,2025-06-29
8869,30,Influencer,2025-10-26
8870,21,Organic,2025-06-23
8871,24,Influencer,2025-06-14
8872,32,Referral,2025-10-23
8874,20,Influencer,2025-11-29
8875,10,Paid ads,2025-10-09
8876,30,Organic,2025-08-27
8877,8,Organic,2025-07-19
8878,25,Organic,2025-10-03
8880,12,Referral,2025-07-08
8881,30,Organic,2025-12-20
8883,10,Paid ads,2025-03-17
8884,4,Paid ads,2025-11-18
8885,25,Referral,2025-10-19
8887,9,Organic,2025-10-26
8888,18,Paid ads,2025-05-02
8890,27,Referral,2025-09-16
8891,13,Referral,2025-11-18
8892,24,Influencer,2025-04-21
8893,11,Organic,2025-02-23
8895,27,Influencer,2025-11-19
8896,24,Organic,2025-10-07
8897,8,Paid ads,2025-11-10
8898,30,Influencer,2025-07-04
8899,18,Paid ads,2025-04-09
8900,13,Organic,2025-11-07
8901,31,Organic,2025-07-18
8903,30,Paid ads,2025-05-18
8904,32,Influencer,2025-10-15
8906,25,Organic,2025-02-10
8907,29,Referral,2025-10-29
8908,18,Influencer,2025-06-08
8909,22,Influencer,2025-07-02
8910,32,Referral,2025-08-29
8911,17,Organic,2025-04-16
8912,17,Organic,2025-02-27
8913,2,Paid ads,2025-08-13
8914,9,Organic,2025-04-23
8915,30,Organic,2025-08-05
8916,11,Organic,2025-05-15
8917,25,Organic,2025-03-31
8918,25,Referral,2025-04-27
8919,22,Paid ads,2025-07-23
8920,26,Organic,2025-06-28
8921,22,Influencer,2025-10-22
8922,22,Paid ads,2025-06-27
8923,25,Paid ads,2025-08-30
8925,29,Organic,2025-11-25
8928,18,Organic,2025-10-13
8929,31,Organic,2025-08-08
8931,27,Influencer,2025-05-28
8932,20,Referral,2025-08-15
8933,23,Paid ads,2025-11-30
8934,18,Paid ads,2025-03-24
8936,5,Influencer,2025-08-13
8937,22,Referral,2025-05-06
8940,3,Referral,2025-06-12
8941,21,Influencer,2025-09-11
8945,32,Referral,2025-06-29
8946,15,Referral,2025-07-08
8947,14,Influencer,2025-08-16
8948,13,Paid ads,2025-06-02
8949,15,Paid ads,2025-05-01
8950,29,Referral,2025-10-22
8951,3,Influencer,2025-12-04
8952,23,Paid ads,2025-10-31
8954,1,Organic,2025-07-30
8955,19,Referral,2025-09-17
8956,11,Paid ads,2025-02-06
8957,15,Influencer,2025-10-23
8958,24,Organic,2025-04-16
8959,9,Referral,2025-02-09
8960,21,Organic,2025-09-02
8962,15,Organic,2025-09-23
8963,23,Organic,2025-06-25
8965,9,Influencer,2025-12-03
8966,5,Influencer,2025-11-07
8967,23,Paid ads,2025-11-21
8968,19,Influencer,2025-05-04
8969,13,Influencer,2025-05-01
8970,11,Organic,2025-06-26
8971,4,Organic,2025-04-05
8972,30,Influencer,2025-09-05
8973,23,Paid ads,2025-09-12
8974,32,Referral,2025-09-14
8975,11,Paid ads,2025-09-18
8978,28,Organic,2025-09-05
8979,27,Paid ads,2025-08-20
8980,23,Organic,2025-08-31
8981,12,Organic,2025-09-18
8983,23,Referral,2025-06-25
8984,8,Paid ads,2025-04-28
8985,1,Referral,2025-08-28
8986,30,Referral,2025-06-13
8987,29,Referral,2025-07-23
8988,21,Influencer,2025-03-07
8989,24,Organic,2025-04-14
8990,22,Organic,2025-09-03
8991,15,Organic,2025-05-20
8992,29,Paid ads,2025-09-14
8996,21,Organic,2025-07-22
8997,11,Influencer,2025-05-11
8999,17,Organic,2025-12-17
9000,12,Paid ads,2025-07-03
9001,32,Organic,2025-11-10
9002,10,Referral,2025-11-04
9003,16,Influencer,2025-08-06
9004,27,Paid ads,2025-08-03
9005,9,Influencer,2025-10-18
9006,16,Organic,2025-08-01
9007,12,Organic,2025-05-29
9008,8,Paid ads,2025-05-10
9009,15,Influencer,2025-09-21
9010,17,Paid ads,2025-05-03
9011,26,Referral,2025-09-02
9012,26,Influencer,2025-07-21
9013,14,Referral,2025-11-17
9014,23,Paid ads,2025-11-09
9016,10,Organic,2025-10-01
9019,17,Organic,2025-09-07
9020,18,Referral,2025-08-16
9021,29,Referral,2025-04-22
9022,12,Organic,2025-04-16
9024,31,Organic,2025-10-09
9025,2,Organic,2025-11-02
9026,27,Paid ads,2025-02-15
9027,27,Organic,2025-10-12
9028,24,Paid ads,2025-10-15
9029,5,Organic,2025-06-18
9031,16,Referral,2025-07-19
9032,9,Paid ads,2025-08-01
9033,12,Organic,2025-09-08
9034,19,Paid ads,2025-06-06
9035,10,Organic,2025-03-27
9036,13,Organic,2025-11-21
9038,31,Referral,2025-07-06
9040,24,Organic,2025-09-24
9041,19,Organic,2025-06-15
9042,26,Organic,2025-04-23
9043,30,Referral,2025-10-06
9044,7,Paid ads,2025-07-14
9045,23,Organic,2025-11-17
9046,31,Organic,2025-03-31
9047,24,Organic,2025-11-06
9048,31,Organic,2025-07-26
9049,31,Organic,2025-06-08
9050,29,Organic,2025-09-26
9051,23,Organic,2025-05-28
9054,17,Organic,2025-06-05
9055,32,Influencer,2025-10-20
9056,16,Paid ads,2025-08-19
9057,14,Paid ads,2025-12-11
9058,17,Organic,2025-04-21
9059,30,Organic,2025-07-24
9060,31,Paid ads,2025-11-12
9061,28,Organic,2025-11-11
9062,18,Organic,2025-11-23
9064,22,Organic,2025-07-28
9065,26,Referral,2025-07-28
9066,21,Organic,2025-09-02
9067,23,Paid ads,2025-09-02
9068,21,Paid ads,2025-10-12
9069,32,Paid ads,2025-11-15
9070,22,Influencer,2025-06-11
9071,22,Paid ads,2025-04-23
9072,15,Organic,2025-07-29
9073,11,Referral,2025-05-25
9074,8,Organic,2025-05-31
9075,21,Paid ads,2025-07-09
9077,3,Organic,2025-08-31
9078,16,Paid ads,2025-04-01
9080,3,Influencer,2025-11-18
9081,18,Referral,2025-07-28
9082,29,Referral,2025-04-30
9083,12,Organic,2025-09-28
9084,30,Paid ads,2025-04-29
9085,25,Organic,2025-07-21
9086,22,Influencer,2025-05-27
9087,9,Influencer,2025-10-15
9088,16,Referral,2025-10-02
9089,4,Paid ads,2025-06-06
9090,24,Organic,2025-10-04
9091,13,Organic,2025-08-20
9093,22,Organic,2025-04-16
9094,26,Organic,2025-07-03
9096,18,Organic,2025-06-15
9097,16,Organic,2025-07-08
9098,3,Organic,2025-05-22
9099,22,Organic,2025-04-23
9100,32,Referral,2025-05-08
9101,18,Influencer,2025-05-22
9103,14,Paid ads,2025-11-22
9105,11,Organic,2025-07-14
9106,16,Referral,2025-05-24
9107,24,Referral,2025-07-31
9108,24,Organic,2025-11-17
9109,29,Influencer,2025-09-06
9110,23,Organic,2025-03-24
9111,5,Organic,2025-08-07
9112,18,Organic,2025-12-04
9113,27,Paid ads,2025-07-03
9114,11,Organic,2025-07-20
9116,21,Organic,2025-09-06
9117,17,Organic,2025-07-31
9118,20,Paid ads,2025-07-16
9119,27,Paid ads,2025-06-14
9121,23,Referral,2025-05-25
9122,5,Organic,2025-07-09
9123,14,Paid ads,2025-10-13
9125,12,Paid ads,2025-06-20
9126,30,Referral,2025-06-15
9127,14,Organic,2025-06-02
9128,7,Referral,2025-03-29
9129,24,Organic,2025-12-15
9130,28,Organic,2025-06-27
9133,8,Paid ads,2025-06-25
9134,25,Paid ads,2025-07-01
9135,28,Organic,2025-07-11
9136,22,Organic,2025-06-28
9137,22,Organic,2025-09-30
9138,29,Referral,2025-12-13
9139,30,Influencer,2025-09-18
9140,24,Organic,2025-08-06
9141,21,Influencer,2025-12-08
9142,15,Organic,2025-05-22
9143,24,Paid ads,2025-11-29
9145,25,Organic,2025-04-10
9146,25,Organic,2025-06-02
9147,17,Referral,2025-08-16
9148,18,Referral,2025-06-27
9149,17,Organic,2025-07-30
9150,31,Organic,2025-02-08
9151,29,Influencer,2025-05-25
9152,16,Organic,2025-06-10
9154,19,Organic,2025-10-04
9155,22,Organic,2025-09-25
9156,11,Paid ads,2025-07-06
9158,21,Organic,2025-10-06
9160,32,Influencer,2025-05-18
9161,27,Organic,2025-04-11
9162,18,Referral,2025-04-03
9163,23,Paid ads,2025-09-06
9164,27,Organic,2025-07-04
9165,3,Referral,2025-07-10
9166,11,Organic,2025-04-22
9167,19,Organic,2025-08-27
9168,15,Organic,2025-10-27
9169,19,Referral,2025-04-01
9170,23,Referral,2025-11-06
9172,25,Paid ads,2025-03-30
9173,25,Organic,2025-05-10
9174,26,Paid ads,2025-04-26
9175,29,Organic,2025-07-01
9176,26,Referral,2025-07-25
9177,22,Referral,2025-08-23
9178,4,Organic,2025-05-01
9179,9,Influencer,2025-08-08
9183,32,Influencer,2025-10-10
9184,3,Paid ads,2025-05-04
9185,24,Paid ads,2025-09-07
9186,29,Organic,2025-05-17
9187,13,Referral,2025-09-15
9189,25,Organic,2025-06-28
9192,10,Organic,2025-10-26
9193,15,Organic,2025-06-18
9197,28,Organic,2025-08-02
9198,30,Organic,2025-07-19
9199,11,Organic,2025-10-18
9201,8,Paid ads,2025-10-03
9202,26,Paid ads,2025-05-23
9203,16,Organic,2025-09-29
9204,26,Influencer,2025-12-01
9205,8,Organic,2025-10-19
9206,27,Organic,2025-06-08
9207,18,Organic,2025-06-23
9208,15,Referral,2025-03-28
9209,22,Organic,2025-05-12
9210,23,Influencer,2025-08-24
9211,22,Organic,2025-09-20
9213,25,Organic,2025-08-05
9214,27,Influencer,2025-12-07
9215,11,Paid ads,2025-09-06
9216,19,Organic,2025-03-09
9219,29,Organic,2025-08-11
9220,10,Organic,2025-11-16
9221,30,Organic,2025-04-03
9222,30,Paid ads,2025-03-29
9223,22,Organic,2025-12-08
9224,8,Organic,2025-07-29
9225,18,Paid ads,2025-05-18
9226,24,Organic,2025-10-08
9227,25,Paid ads,2025-11-16
9228,22,Organic,2025-07-08
9229,20,Paid ads,2025-10-12
9230,27,Paid ads,2025-07-18
9231,10,Referral,2025-03-31
9232,31,Paid ads,2025-10-05
9233,32,Organic,2025-08-03
9234,26,Influencer,2025-07-11
9235,16,Referral,2025-11-22
9236,14,Influencer,2025-06-29
9238,30,Paid ads,2025-09-02
9239,28,Influencer,2025-05-28
9240,30,Influencer,2025-06-03
9242,26,Influencer,2025-10-01
9243,2,Paid ads,2025-10-20
9246,28,Organic,2025-03-09
9247,11,Organic,2025-10-08
9248,26,Influencer,2025-10-02
9249,23,Referral,2025-05-05
9250,23,Organic,2025-06-06
9252,17,Organic,2025-05-04
9253,21,Paid ads,2025-04-11
9254,5,Organic,2025-06-01
9258,30,Paid ads,2025-05-25
9259,30,Referral,2025-03-07
9261,6,Referral,2025-05-12
9262,20,Influencer,2025-08-19
9263,9,Organic,2025-06-05
9265,26,Organic,2025-10-11
9266,4,Influencer,2025-09-19
9268,27,Organic,2025-09-11
9269,26,Referral,2025-03-19
9270,25,Paid ads,2025-11-21
9272,31,Organic,2025-12-12
9273,11,Paid ads,2025-04-01
9274,22,Paid ads,2025-07-06
9275,25,Referral,2025-06-02
9276,17,Organic,2025-04-27
9277,26,Paid ads,2025-09-24
9278,19,Organic,2025-10-01
9279,23,Organic,2025-05-06
9282,18,Organic,2025-06-29
9283,12,Referral,2025-06-17
9284,21,Organic,2025-07-10
9285,30,Organic,2025-07-12
9286,26,Paid ads,2025-04-08
9287,12,Organic,2025-10-07
9288,21,Influencer,2025-05-11
9289,22,Paid ads,2025-08-27
9290,24,Organic,2025-09-19
9291,25,Influencer,2025-11-22
9294,2,Referral,2025-08-18
9295,18,Paid ads,2025-11-09
9296,18,Organic,2025-09-02
9297,23,Organic,2025-07-19
9298,21,Influencer,2025-08-01
9299,18,Paid ads,2025-10-04
9300,20,Paid ads,2025-11-24
9301,11,Paid ads,2025-10-22
9302,32,Influencer,2025-04-02
9303,15,Organic,2025-08-30
9305,28,Referral,2025-10-17
9306,4,Influencer,2025-10-09
9309,27,Organic,2025-07-08
9311,20,Paid ads,2025-06-15
9312,11,Referral,2025-07-07
9313,28,Paid ads,2025-06-30
9314,27,Influencer,2025-11-22
9315,11,Organic,2025-06-06
9316,30,Paid ads,2025-08-29
9318,24,Influencer,2025-11-07
9319,27,Organic,2025-03-04
9320,2,Organic,2025-07-29
9322,11,Referral,2025-07-06
9323,25,Organic,2025-08-07
9324,10,Paid ads,2025-06-08
9325,30,Organic,2025-07-30
9326,25,Influencer,2025-11-29
9327,25,Organic,2025-08-13
9328,9,Organic,2025-04-19
9329,12,Organic,2025-11-03
9330,26,Organic,2025-09-12
9331,11,Influencer,2025-05-12
9332,27,Paid ads,2025-09-08
9333,23,Paid ads,2025-05-02
9334,27,Organic,2025-08-03
9335,7,Organic,2025-06-14
9337,10,Organic,2025-03-20
9338,24,Organic,2025-04-24
9339,12,Paid ads,2025-09-02
9342,27,Influencer,2025-07-24
9344,23,Organic,2025-06-18
9346,27,Paid ads,2025-06-25
9347,22,Referral,2025-10-18
9349,16,Organic,2025-05-17
9350,30,Organic,2025-08-11
9351,9,Influencer,2025-10-31
9352,27,Organic,2025-11-09
9354,31,Influencer,2025-07-20
9355,3,Organic,2025-03-29
9356,8,Organic,2025-12-09
9357,28,Referral,2025-06-09
9358,30,Paid ads,2025-11-05
9359,20,Organic,2025-12-28
9360,22,Influencer,2025-12-03
9361,28,Paid ads,2025-09-17
9363,11,Organic,2025-08-27
9364,21,Influencer,2025-06-14
9365,8,Influencer,2025-07-30
9366,22,Organic,2025-08-07
9367,27,Organic,2025-05-17
9368,30,Organic,2025-05-16
9369,20,Organic,2025-12-03
9372,28,Organic,2025-08-16
9373,31,Organic,2025-10-08
9375,7,Organic,2025-09-08
9377,12,Paid ads,2025-10-02
9378,13,Organic,2025-08-14
9379,19,Organic,2025-05-05
9380,15,Organic,2025-06-02
9381,14,Paid ads,2025-10-20
9383,22,Referral,2025-05-10
9385,19,Influencer,2025-11-23
9387,10,Organic,2025-10-04
9389,17,Organic,2025-03-18
9390,27,Organic,2025-10-07
9391,9,Organic,2025-04-23
9394,10,Organic,2025-05-03
9395,21,Referral,2025-05-31
9396,28,Influencer,2025-05-14
9397,10,Influencer,2025-06-25
9398,21,Influencer,2025-08-06
9399,17,Organic,2025-12-03
9401,19,Organic,2025-06-15
9402,23,Paid ads,2025-05-18
9403,25,Influencer,2025-12-01
9404,29,Influencer,2025-09-12
9406,3,Referral,2025-06-05
9407,28,Influencer,2025-10-24
9408,23,Organic,2025-10-16
9409,32,Paid ads,2025-11-14
9410,23,Influencer,2025-06-20
9411,23,Organic,2025-07-09
9413,22,Referral,2025-05-13
9414,13,Influencer,2025-08-13
9417,22,Organic,2025-09-19
9418,12,Organic,2025-07-27
9419,25,Organic,2025-07-04
9420,29,Organic,2025-05-31
9422,18,Referral,2025-09-25
9423,31,Paid ads,2025-08-09
9425,17,Organic,2025-08-18
9426,27,Organic,2025-06-27
9427,2,Organic,2025-11-17
9428,1,Influencer,2025-10-12
9429,30,Organic,2025-06-21
9430,29,Organic,2025-10-06
9433,23,Organic,2025-06-11
9434,4,Paid ads,2025-10-05
9435,27,Influencer,2025-02-05
9436,30,Influencer,2025-07-17
9437,16,Paid ads,2025-10-20
9438,3,Organic,2025-03-01
9439,11,Organic,2025-06-11
9441,27,Influencer,2025-10-24
9444,26,Paid ads,2025-07-06
9445,18,Paid ads,2025-06-08
9446,3,Organic,2025-05-28
9447,31,Paid ads,2025-12-20
9448,16,Referral,2025-05-05
9449,29,Organic,2025-06-07
9450,6,Influencer,2025-08-27
9451,17,Paid ads,2025-07-09
9452,9,Organic,2025-10-19
9453,30,Organic,2025-11-12
9454,30,Influencer,2025-03-19
9455,10,Organic,2025-08-06
9456,25,Paid ads,2025-03-19
9457,28,Organic,2025-10-19
9458,23,Paid ads,2025-08-17
9460,25,Paid ads,2025-08-09
9461,12,Organic,2025-08-09
9462,25,Organic,2025-06-29
9463,30,Influencer,2025-08-08
9464,22,Referral,2025-03-12
9465,30,Influencer,2025-09-09
9466,27,Paid ads,2025-09-20
9467,21,Organic,2025-07-07
9468,32,Influencer,2025-04-04
9470,31,Organic,2025-10-20
9471,31,Organic,2025-10-15
9472,20,Paid ads,2025-06-28
9473,31,Organic,2025-06-04
9474,21,Paid ads,2025-07-17
9475,8,Influencer,2025-07-20
9476,28,Influencer,2025-05-03
9477,1,Organic,2025-11-04
9478,14,Referral,2025-06-05
9479,27,Organic,2025-11-13
9481,32,Organic,2025-08-21
9482,24,Influencer,2025-06-10
9483,12,Organic,2025-10-04
9484,4,Paid ads,2025-03-20
9485,15,Paid ads,2025-12-28
9486,27,Organic,2025-06-20
9487,23,Paid ads,2025-06-15
9488,26,Paid ads,2025-09-21
9491,28,Organic,2025-07-20
9492,22,Organic,2025-11-17
9494,14,Influencer,2025-10-19
9495,5,Organic,2025-10-06
9496,28,Influencer,2025-05-18
9497,19,Organic,2025-12-18
9498,29,Paid ads,2025-08-16
9499,2,Organic,2025-07-22
9500,22,Organic,2025-07-19
9501,25,Paid ads,2025-09-03
9502,25,Organic,2025-03-06
9504,13,Organic,2025-06-28
9506,32,Referral,2025-05-30
9510,15,Influencer,2025-09-05
9512,15,Referral,2025-07-02
9514,30,Organic,2025-04-03
9515,30,Referral,2025-11-06
9516,15,Organic,2025-03-11
9519,13,Organic,2025-06-19
9520,24,Organic,2025-06-07
9521,5,Influencer,2025-08-01
9522,21,Paid ads,2025-07-12
9523,32,Paid ads,2025-10-15
9524,8,Referral,2025-10-14
9525,30,Organic,2025-05-05
9527,30,Paid ads,2025-05-23
9528,28,Paid ads,2025-06-23
9529,17,Paid ads,2025-12-10
9530,24,Organic,2025-03-11
9531,28,Paid ads,2025-07-14
9532,6,Paid ads,2025-09-12
9533,27,Organic,2025-10-08
9535,28,Paid ads,2025-10-03
9536,18,Organic,2025-11-02
9537,21,Paid ads,2025-07-25
9538,26,Organic,2025-08-27
9539,30,Organic,2025-08-25
9540,26,Referral,2025-06-25
9542,26,Organic,2025-02-14
9543,19,Organic,2025-10-27
9545,8,Organic,2025-12-26
9546,26,Paid ads,2025-12-20
9547,26,Influencer,2025-09-23
9548,22,Referral,2025-08-27
9549,13,Organic,2025-06-20
9550,26,Organic,2025-10-14
9551,21,Organic,2025-11-02
9553,3,Organic,2025-05-28
9555,27,Referral,2025-05-01
9556,29,Organic,2025-11-17
9557,16,Organic,2025-04-03
9558,12,Organic,2025-11-22
9559,28,Paid ads,2025-10-30
9560,12,Influencer,2025-08-28
9561,24,Paid ads,2025-11-05
9562,10,Paid ads,2025-08-28
9563,23,Organic,2025-04-18
9564,21,Paid ads,2025-07-07
9565,18,Influencer,2025-08-11
9566,29,Organic,2025-12-29
9568,3,Influencer,2025-05-09
9570,14,Paid ads,2025-08-06
9572,23,Paid ads,2025-05-02
9575,21,Organic,2025-05-01
9576,26,Influencer,2025-11-01
9577,21,Referral,2025-04-30
9578,28,Referral,2025-04-14
9579,16,Organic,2025-07-20
9581,32,Paid ads,2025-04-27
9582,28,Organic,2025-04-14
9583,26,Organic,2025-06-15
9584,26,Referral,2025-02-18
9585,3,Influencer,2025-07-03
9587,17,Organic,2025-07-06
9588,30,Influencer,2025-05-29
9589,25,Influencer,2025-07-23
9591,4,Referral,2025-10-28
9592,17,Organic,2025-10-10
9593,20,Referral,2025-11-08
9594,21,Influencer,2025-03-29
9595,31,Paid ads,2025-11-23
9597,31,Organic,2025-09-08
9598,25,Organic,2025-10-10
9600,13,Influencer,2025-11-06
9601,13,Organic,2025-11-13
9603,18,Organic,2025-10-09
9604,7,Paid ads,2025-06-14
9606,21,Influencer,2025-06-24
9607,17,Influencer,2025-05-20
9608,25,Organic,2025-07-24
9609,28,Influencer,2025-03-24
9611,15,Influencer,2025-10-15
9612,17,Influencer,2025-02-18
9614,29,Organic,2025-06-30
9615,16,Organic,2025-07-05
9616,18,Paid ads,2025-09-02
9621,28,Paid ads,2025-09-22
9622,29,Organic,2025-02-14
9623,15,Organic,2025-09-08
9625,23,Paid ads,2025-02-28
9626,30,Organic,2025-11-19
9627,27,Organic,2025-12-08
9628,29,Referral,2025-08-20
9630,25,Organic,2025-09-11
9631,29,Paid ads,2025-05-11
9633,3,Organic,2025-10-27
9634,10,Referral,2025-05-26
9635,23,Influencer,2025-04-29
9636,15,Organic,2025-06-26
9637,17,Referral,2025-11-09
9639,26,Referral,2025-04-05
9640,32,Referral,2025-07-11
9641,5,Influencer,2025-04-06
9643,21,Organic,2025-08-21
9644,20,Organic,2025-05-05
9645,10,Organic,2025-07-15
9646,28,Organic,2025-09-09
9647,29,Organic,2025-03-15
9648,5,Referral,2025-10-19
9651,20,Referral,2025-08-22
9652,30,Organic,2025-06-12
9653,20,Paid ads,2025-07-12
9654,10,Paid ads,2025-10-25
9655,22,Organic,2025-07-17
9656,12,Organic,2025-09-05
9658,29,Paid ads,2025-04-18
9659,21,Organic,2025-07-22
9660,20,Influencer,2025-07-16
9661,9,Organic,2025-06-15
9662,23,Organic,2025-11-20
9663,31,Paid ads,2025-07-08
9664,12,Organic,2025-07-22
9665,32,Paid ads,2025-06-19
9666,20,Referral,2025-06-29
9668,23,Paid ads,2025-06-01
9669,18,Referral,2025-07-09
9670,15,Referral,2025-07-19
9671,29,Organic,2025-10-14
9672,28,Paid ads,2025-04-23
9673,29,Influencer,2025-06-08
9674,28,Paid ads,2025-09-24
9675,23,Organic,2025-08-20
9676,21,Influencer,2025-10-04
9677,23,Organic,2025-05-09
9678,24,Referral,2025-03-14
9679,27,Organic,2025-07-14
9680,25,Paid ads,2025-07-30
9681,12,Paid ads,2025-11-22
9682,22,Organic,2025-07-30
9683,32,Organic,2025-10-22
9684,24,Organic,2025-04-09
9685,14,Paid ads,2025-06-12
9686,26,Influencer,2025-06-29
9687,31,Referral,2025-05-05
9688,28,Influencer,2025-06-13
9689,16,Paid ads,2025-06-06
9691,17,Organic,2025-11-15
9693,17,Organic,2025-06-30
9694,26,Paid ads,2025-06-13
9695,10,Influencer,2025-10-24
9696,1,Organic,2025-04-15
9697,22,Organic,2025-07-27
9698,1,Influencer,2025-07-18
9702,18,Organic,2025-09-22
9703,31,Referral,2025-07-25
9704,25,Influencer,2025-05-23
9705,29,Organic,2025-09-29
9706,23,Referral,2025-05-08
9707,26,Organic,2025-10-18
9708,2,Referral,2025-04-13
9709,18,Referral,2025-11-24
9710,18,Organic,2025-10-21
9711,27,Referral,2025-08-03
9712,30,Influencer,2025-08-13
9713,25,Paid ads,2025-05-08
9715,8,Organic,2025-10-13
9717,15,Organic,2025-08-27
9719,24,Organic,2025-08-07
9720,2,Influencer,2025-08-06
9721,22,Organic,2025-08-31
9722,6,Influencer,2025-12-03
9724,24,Organic,2025-05-28
9726,24,Referral,2025-10-04
9727,10,Influencer,2025-06-12
9728,17,Organic,2025-05-01
9729,11,Organic,2025-09-15
9732,31,Organic,2025-06-21
9733,19,Organic,2025-09-22
9734,22,Referral,2025-07-22
9735,9,Organic,2025-12-12
9737,28,Paid ads,2025-08-11
9738,13,Influencer,2025-10-03
9739,21,Organic,2025-06-27
9741,18,Influencer,2025-06-18
9742,31,Paid ads,2025-09-13
9743,10,Influencer,2025-06-16
9745,30,Paid ads,2025-10-29
9746,23,Referral,2025-10-03
9747,23,Organic,2025-12-27
9748,31,Organic,2025-12-06
9750,22,Referral,2025-07-21
9752,24,Organic,2025-10-07
9753,23,Organic,2025-10-03
9754,14,Influencer,2025-12-03
9756,10,Organic,2025-11-13
9758,20,Organic,2025-04-09
9759,11,Organic,2025-04-08
9760,25,Organic,2025-06-19
9761,24,Paid ads,2025-08-23
9762,22,Influencer,2025-10-17
9763,30,Paid ads,2025-07-01
9764,27,Paid ads,2025-05-10
9765,31,Referral,2025-08-22
9766,17,Organic,2025-07-22
9767,25,Influencer,2025-04-05
9768,21,Paid ads,2025-09-12
9769,11,Paid ads,2025-10-31
9770,26,Paid ads,2025-10-15
9771,13,Organic,2025-09-02
9772,8,Paid ads,2025-06-25
9773,25,Organic,2025-08-19
9774,19,Paid ads,2025-08-14
9775,20,Referral,2025-09-21
9776,26,Organic,2025-11-10
9777,16,Organic,2025-05-19
9779,11,Paid ads,2025-10-02
9781,9,Organic,2025-07-07
9783,30,Referral,2025-09-15
9786,18,Influencer,2025-06-19
9787,4,Organic,2025-08-18
9788,23,Paid ads,2025-10-23
9789,32,Organic,2025-08-17
9790,13,Organic,2025-04-22
9792,27,Organic,2025-10-17
9793,4,Organic,2025-07-20
9794,27,Paid ads,2025-04-11
9796,17,Influencer,2025-08-02
9797,4,Referral,2025-07-10
9798,11,Organic,2025-05-15
9799,24,Organic,2025-05-01
9800,29,Influencer,2025-10-22
9801,15,Paid ads,2025-11-03
9802,10,Influencer,2025-10-28
9803,18,Organic,2025-08-21
9805,26,Paid ads,2025-11-24
9807,18,Organic,2025-08-24
9808,9,Paid ads,2025-05-03
9809,25,Paid ads,2025-05-11
9810,32,Organic,2025-10-22
9811,3,Referral,2025-06-23
9812,32,Influencer,2025-03-10
9813,31,Paid ads,2025-07-11
9814,15,Paid ads,2025-10-27
9815,14,Influencer,2025-05-05
9816,28,Organic,2025-10-08
9817,4,Paid ads,2025-03-31
9818,17,Organic,2025-06-03
9819,18,Organic,2025-06-22
9820,21,Influencer,2025-08-10
9821,9,Organic,2025-05-02
9822,19,Paid ads,2025-10-12
9823,29,Organic,2025-09-29
9824,23,Paid ads,2025-05-04
9825,2,Referral,2025-08-05
9826,15,Paid ads,2025-09-25
9827,31,Organic,2025-10-11
9828,10,Paid ads,2025-07-28
9829,25,Paid ads,2025-05-12
9830,13,Paid ads,2025-07-31
9831,29,Organic,2025-08-26
9832,17,Paid ads,2025-08-14
9833,11,Referral,2025-12-17
9834,15,Referral,2025-05-24
9835,14,Paid ads,2025-07-06
9836,27,Organic,2025-08-16
9837,26,Paid ads,2025-04-23
9838,28,Referral,2025-07-06
9840,13,Paid ads,2025-03-29
9841,29,Paid ads,2025-06-21
9842,1,Paid ads,2025-12-02
9843,24,Referral,2025-09-08
9845,13,Organic,2025-05-10
9846,24,Organic,2025-08-19
9848,15,Paid ads,2025-07-02
9849,24,Organic,2025-04-26
9850,11,Paid ads,2025-07-27
9851,16,Referral,2025-05-02
9852,20,Organic,2025-08-25
9853,18,Organic,2025-09-06
9854,9,Organic,2025-05-03
9856,14,Influencer,2025-09-24
9857,25,Organic,2025-09-23
9859,17,Organic,2025-05-04
9860,23,Referral,2025-04-21
9861,30,Referral,2025-05-25
9863,22,Organic,2025-10-12
9865,18,Organic,2025-10-08
9866,3,Organic,2025-07-03
9867,16,Referral,2025-12-19
9869,17,Paid ads,2025-04-24
9871,2,Organic,2025-08-25
9872,25,Influencer,2025-10-27
9873,13,Referral,2025-10-01
9874,28,Influencer,2025-05-22
9876,32,Organic,2025-06-22
9877,22,Referral,2025-06-21
9878,25,Influencer,2025-11-06
9881,26,Paid ads,2025-10-08
9882,29,Referral,2025-04-09
9884,29,Referral,2025-10-07
9885,32,Influencer,2025-09-05
9886,22,Organic,2025-09-02
9887,16,Referral,2025-05-14
9888,4,Referral,2025-06-29
9890,24,Influencer,2025-10-04
9891,25,Organic,2025-08-13
9893,29,Organic,2025-06-27
9894,17,Organic,2025-04-08
9895,21,Organic,2025-11-01
9896,23,Organic,2025-03-03
9897,21,Organic,2025-07-26
9898,21,Referral,2025-07-17
9899,26,Paid ads,2025-02-07
9900,17,Referral,2025-03-24
9901,13,Influencer,2025-10-09
9902,24,Organic,2025-03-30
9903,30,Organic,2025-03-25
9904,13,Organic,2025-02-17
9906,25,Referral,2025-10-15
9908,10,Referral,2025-11-12
9909,21,Organic,2025-05-17
9910,27,Paid ads,2025-09-30
9911,28,Referral,2025-09-29
9913,16,Organic,2025-04-03
9914,17,Organic,2025-04-27
9915,11,Paid ads,2025-10-13
9916,12,Paid ads,2025-09-01
9917,22,Paid ads,2025-10-07
9918,15,Paid ads,2025-04-27
9920,31,Organic,2025-10-06
9923,5,Paid ads,2025-10-23
9924,10,Organic,2025-06-07
9925,27,Organic,2025-04-17
9926,32,Paid ads,2025-04-30
9928,14,Organic,2025-08-09
9929,27,Referral,2025-07-01
9930,17,Influencer,2025-08-26
9931,24,Organic,2025-07-15
9932,1,Paid ads,2025-06-26
9933,14,Organic,2025-08-11
9934,17,Organic,2025-09-08
9935,31,Organic,2025-08-07
9936,18,Organic,2025-08-14
9938,30,Organic,2025-01-17
9939,16,Organic,2025-11-02
9940,9,Organic,2025-10-07
9941,6,Paid ads,2025-11-07
9942,19,Influencer,2025-10-18
9943,25,Organic,2025-10-09
9944,10,Organic,2025-07-18
9945,2,Organic,2025-03-30
9947,24,Referral,2025-10-21
9948,26,Organic,2025-07-04
9949,21,Organic,2025-09-09
9951,26,Organic,2025-05-15
9952,28,Organic,2025-05-12
9954,2,Paid ads,2025-10-13
9956,13,Organic,2025-11-15
9957,13,Paid ads,2025-10-30
9962,8,Organic,2025-07-28
9963,29,Influencer,2025-04-20
9964,28,Paid ads,2025-05-02
9965,11,Organic,2025-11-13
9966,19,Referral,2025-09-12
9967,16,Paid ads,2025-09-12
9968,18,Referral,2025-06-24
9969,7,Influencer,2025-04-27
9970,25,Organic,2025-06-24
9971,31,Paid ads,2025-10-29
9972,14,Organic,2025-10-23
9975,18,Paid ads,2025-03-31
9976,24,Organic,2025-08-22
9977,5,Influencer,2025-04-03
9978,28,Influencer,2025-09-05
9979,28,Organic,2025-09-03
9980,10,Organic,2025-10-16
9981,14,Referral,2025-09-23
9982,26,Influencer,2025-10-22
9983,16,Organic,2025-10-14
9984,31,Referral,2025-03-09
9985,24,Influencer,2025-09-20
9987,17,Paid ads,2025-05-08
9988,22,Influencer,2025-08-14
9989,26,Organic,2025-11-07
9990,24,Influencer,2025-08-25
9992,29,Organic,2025-06-27
9993,8,Influencer,2025-05-05
9994,9,Referral,2025-07-29
9996,27,Organic,2025-06-29
9997,31,Paid ads,2025-06-27
9998,30,Organic,2025-06-30
10000,11,Referral,2025-08-16
10001,26,Paid ads,2025-10-27
10002,28,Influencer,2025-10-07
10003,25,Organic,2025-09-09
10005,10,Paid ads,2025-12-13
10006,14,Referral,2025-05-04
10008,18,Organic,2025-09-28
10010,29,Organic,2025-06-03
10011,23,Organic,2025-10-17
10012,19,Paid ads,2025-11-22
10013,8,Organic,2025-06-02
10014,11,Organic,2025-04-16
10016,18,Referral,2025-12-03
10017,10,Organic,2025-05-03
10018,23,Organic,2025-06-14
10019,17,Organic,2025-07-14
10020,3,Organic,2025-10-06
10022,3,Organic,2025-10-05
10023,30,Organic,2025-05-03
10024,18,Organic,2025-06-26
10025,10,Influencer,2025-10-30
10026,18,Influencer,2025-05-31
10027,1,Paid ads,2025-12-11
10028,7,Referral,2025-08-11
10029,31,Referral,2025-07-20
10030,22,Organic,2025-02-11
10031,22,Paid ads,2025-06-19
10033,8,Organic,2025-09-28
10035,32,Organic,2025-06-27
10036,16,Organic,2025-10-14
10037,22,Organic,2025-08-08
10038,22,Influencer,2025-05-31
10039,24,Referral,2025-08-01
10040,30,Referral,2025-03-29
10041,31,Paid ads,2025-06-11
10042,29,Organic,2025-04-30
10043,28,Referral,2025-05-22
10044,30,Paid ads,2025-05-03
10046,22,Organic,2025-03-20
10047,27,Organic,2025-03-30
10049,21,Paid ads,2025-06-11
10050,19,Paid ads,2025-03-15
10051,18,Influencer,2025-08-11
10052,30,Paid ads,2025-07-09
10053,26,Paid ads,2025-05-20
10054,13,Paid ads,2025-05-30
10056,19,Organic,2025-10-22
10057,28,Organic,2025-05-24
10058,29,Organic,2025-09-09
10060,19,Organic,2025-04-22
10061,24,Paid ads,2025-05-25
10062,26,Organic,2025-11-08
10063,10,Organic,2025-08-15
10064,16,Paid ads,2025-03-20
10065,31,Organic,2025-10-27
10067,29,Organic,2025-05-20
10068,18,Organic,2025-06-22
10069,26,Organic,2025-05-25
10070,10,Organic,2025-07-05
10071,9,Referral,2025-05-05
10072,18,Organic,2025-07-10
10073,28,Paid ads,2025-04-01
10074,22,Referral,2025-04-06
10075,29,Referral,2025-11-13
10076,31,Referral,2025-04-30
10077,10,Organic,2025-07-24
10078,5,Paid ads,2025-06-28
10079,25,Organic,2025-05-06
10081,12,Organic,2025-03-27
10082,25,Influencer,2025-07-01
10083,32,Organic,2025-08-13
10084,13,Referral,2025-11-18
10085,19,Organic,2025-06-01
10086,23,Organic,2025-08-13
10087,29,Referral,2025-04-14
10088,17,Referral,2025-07-25
10089,28,Organic,2025-07-12
10090,23,Organic,2025-09-23
10091,1,Influencer,2025-03-18
10093,32,Paid ads,2025-05-27
10094,3,Organic,2025-08-01
10095,14,Organic,2025-03-29
10096,32,Referral,2025-04-27
10097,31,Organic,2025-06-09
10098,28,Referral,2025-06-11
10099,24,Organic,2025-02-26
10100,21,Organic,2025-08-15
10101,29,Organic,2025-04-21
10102,29,Organic,2025-04-22
10106,32,Referral,2025-11-21
10107,22,Organic,2025-11-10
10109,11,Referral,2025-05-01
10110,24,Organic,2025-04-08
10111,14,Referral,2025-07-25
10112,16,Influencer,2025-11-02
10113,2,Organic,2025-08-21
10115,24,Influencer,2025-05-10
10116,23,Organic,2025-07-23
10118,31,Organic,2025-11-05
10119,10,Paid ads,2025-07-05
10120,26,Influencer,2025-03-20
10121,25,Paid ads,2025-06-25
10122,29,Referral,2025-09-02
10123,32,Organic,2025-07-05
10124,19,Paid ads,2025-04-20
10125,26,Organic,2025-09-25
10126,31,Influencer,2025-07-09
10127,1,Organic,2025-04-28
10128,17,Referral,2025-07-14
10129,21,Organic,2025-08-18
10131,28,Paid ads,2025-08-04
10132,28,Organic,2025-06-04
10134,26,Organic,2025-08-11
10135,26,Organic,2025-09-21
10136,22,Organic,2025-09-20
10137,24,Influencer,2025-10-11
10138,1,Organic,2025-04-26
10139,28,Organic,2025-04-23
10140,15,Organic,2025-06-14
10141,12,Organic,2025-07-16
10143,23,Paid ads,2025-07-04
10144,24,Paid ads,2025-07-23
10145,17,Paid ads,2025-06-20
10146,26,Paid ads,2025-11-11
10147,22,Organic,2025-08-02
10148,31,Organic,2025-06-16
10150,10,Referral,2025-08-25
10151,13,Organic,2025-05-17
10152,31,Organic,2025-07-06
10153,20,Organic,2025-05-23
10155,19,Organic,2025-10-11
10156,19,Organic,2025-08-27
10157,10,Organic,2025-04-08
10158,25,Organic,2025-02-18
10159,10,Paid ads,2025-06-15
10161,19,Referral,2025-12-25
10162,24,Paid ads,2025-05-04
10163,27,Paid ads,2025-09-30
10164,31,Organic,2025-03-30
10165,13,Organic,2025-07-11
10166,21,Paid ads,2025-05-04
10167,21,Paid ads,2025-11-12
10168,3,Organic,2025-07-05
10169,29,Paid ads,2025-09-19
10170,29,Referral,2025-03-22
10171,30,Paid ads,2025-07-03
10172,12,Organic,2025-09-04
10173,14,Influencer,2025-04-30
10174,28,Paid ads,2025-08-18
10175,9,Organic,2025-03-05
10176,19,Organic,2025-07-14
10177,25,Paid ads,2025-07-27
10178,19,Organic,2025-10-22
10180,17,Paid ads,2025-09-25
10181,1,Organic,2025-05-28
10182,11,Referral,2025-08-06
10183,21,Organic,2025-08-06
10184,26,Referral,2025-05-13
10185,2,Referral,2025-06-27
10186,22,Referral,2025-07-27
10187,8,Referral,2025-12-05
10188,15,Influencer,2025-10-19
10189,21,Organic,2025-07-12
10191,13,Influencer,2025-08-12
10192,32,Referral,2025-06-07
10193,17,Referral,2025-08-25
10195,27,Influencer,2025-07-28
10197,22,Organic,2025-09-02
10199,29,Organic,2025-06-23
10200,9,Influencer,2025-04-15
10201,30,Organic,2025-05-29
10202,30,Referral,2025-06-09
10203,21,Paid ads,2025-08-17
10204,23,Paid ads,2025-08-20
10205,26,Influencer,2025-11-16
10206,26,Referral,2025-10-09
10207,15,Referral,2025-07-09
10208,2,Paid ads,2025-05-07
10209,18,Organic,2025-09-26
10210,9,Influencer,2025-08-10
10211,20,Influencer,2025-03-26
10212,22,Organic,2025-07-07
10213,14,Influencer,2025-11-01
10214,6,Paid ads,2025-06-14
10215,9,Organic,2025-11-01
10217,26,Referral,2025-04-11
10218,17,Influencer,2025-04-15
10219,28,Organic,2025-07-24
10220,25,Organic,2025-09-27
10221,27,Organic,2025-02-27
10222,10,Influencer,2025-05-31
10223,31,Influencer,2025-06-03
10224,22,Organic,2025-05-16
10226,30,Organic,2025-09-06
10227,31,Paid ads,2025-03-19
10228,24,Paid ads,2025-02-27
10229,27,Organic,2025-10-18
10230,26,Organic,2025-11-14
10231,14,Organic,2025-09-02
10232,30,Influencer,2025-10-11
10234,23,Organic,2025-11-02
10235,24,Organic,2025-05-10
10236,11,Influencer,2025-09-11
10238,31,Influencer,2025-07-02
10239,26,Paid ads,2025-04-27
10240,19,Paid ads,2025-02-24
10241,11,Organic,2025-11-02
10243,15,Referral,2025-08-15
10244,19,Paid ads,2025-07-08
10245,29,Organic,2025-12-18
10246,11,Referral,2025-10-30
10247,26,Organic,2025-09-15
10249,2,Organic,2025-06-21
10250,19,Paid ads,2025-06-23
10251,11,Paid ads,2025-05-31
10252,30,Influencer,2025-07-22
10253,21,Organic,2025-03-01
10254,23,Influencer,2025-09-14
10256,24,Organic,2025-05-29
10257,21,Referral,2025-12-07
10259,3,Organic,2025-10-26
10260,23,Organic,2025-04-03
10261,31,Influencer,2025-11-16
10262,24,Paid ads,2025-07-14
10263,27,Influencer,2025-09-17
10264,20,Referral,2025-06-24
10266,5,Organic,2025-10-14
10268,23,Organic,2025-06-20
10269,25,Organic,2025-07-24
10270,25,Paid ads,2025-06-10
10271,14,Organic,2025-12-18
10272,5,Influencer,2025-06-12
10274,28,Organic,2025-02-18
10275,13,Paid ads,2025-09-23
10276,32,Organic,2025-07-09
10277,22,Paid ads,2025-09-14
10278,7,Referral,2025-06-25
10279,2,Organic,2025-10-12
10280,23,Organic,2025-11-18
10281,21,Influencer,2025-08-27
10282,21,Influencer,2025-04-30
10283,21,Organic,2025-12-08
10285,18,Organic,2025-10-15
10286,25,Referral,2025-11-04
10287,14,Organic,2025-08-05
10288,4,Referral,2025-03-31
10291,12,Organic,2025-06-21
10292,21,Paid ads,2025-05-25
10293,24,Influencer,2025-08-01
10294,28,Organic,2025-07-29
10295,28,Organic,2025-06-07
10296,13,Paid ads,2025-10-08
10297,21,Organic,2025-10-08
10298,21,Organic,2025-08-07
10299,30,Organic,2025-11-14
10300,30,Paid ads,2025-07-22
10301,29,Referral,2025-04-05
10302,2,Organic,2025-07-05
10303,12,Organic,2025-04-13
10304,22,Organic,2025-06-18
10305,8,Organic,2025-09-22
10306,32,Referral,2025-05-13
10307,14,Organic,2025-06-26
10308,15,Organic,2025-09-27
10309,29,Organic,2025-11-09
10310,17,Paid ads,2025-04-18
10311,32,Organic,2025-08-21
10312,13,Organic,2025-06-10
10314,3,Influencer,2025-07-20
10315,12,Organic,2025-12-22
10317,18,Paid ads,2025-03-09
10319,18,Paid ads,2025-08-16
10321,22,Referral,2025-02-09
10322,21,Referral,2025-03-12
10323,32,Referral,2025-05-29
10324,28,Organic,2025-06-21
10325,28,Paid ads,2025-07-06
10327,32,Paid ads,2025-07-08
10328,13,Referral,2025-06-04
10329,22,Referral,2025-06-13
10330,13,Paid ads,2025-08-15
10331,17,Referral,2025-05-24
10333,10,Referral,2025-05-18
10334,20,Referral,2025-04-18
10335,23,Referral,2025-06-24
10336,24,Organic,2025-09-27
10337,25,Organic,2025-09-11
10338,27,Organic,2025-07-24
10339,11,Paid ads,2025-04-13
10340,31,Organic,2025-05-26
10341,11,Organic,2025-05-28
10342,18,Paid ads,2025-06-08
10343,23,Organic,2025-04-11
10344,30,Paid ads,2025-07-24
10346,14,Organic,2025-02-06
10348,20,Referral,2025-05-29
10349,11,Referral,2025-09-20
10350,10,Organic,2025-06-13
10352,9,Referral,2025-07-20
10353,30,Organic,2025-06-15
10356,11,Referral,2025-12-12
10357,12,Influencer,2025-07-17
10358,13,Influencer,2025-10-23
10359,24,Influencer,2025-03-23
10361,6,Paid ads,2025-11-05
10362,30,Organic,2025-04-23
10363,19,Organic,2025-09-29
10364,30,Organic,2025-04-09
10365,27,Paid ads,2025-09-01
10366,8,Referral,2025-06-04
10367,15,Organic,2025-06-23
10368,13,Influencer,2025-08-27
10369,22,Organic,2025-11-15
10370,32,Paid ads,2025-06-21
10371,15,Organic,2025-06-13
10374,32,Referral,2025-08-29
10375,25,Organic,2025-05-07
10376,12,Organic,2025-10-25
10377,14,Referral,2025-11-02
10379,26,Organic,2025-09-01
10380,10,Organic,2025-08-27
10381,29,Organic,2025-08-27
10382,24,Referral,2025-05-22
10383,20,Paid ads,2025-10-11
10384,18,Organic,2025-05-09
10385,12,Organic,2025-07-04
10386,1,Organic,2025-06-10
10387,4,Organic,2025-05-21
10388,32,Organic,2025-06-20
10389,22,Organic,2025-07-28
10390,25,Referral,2025-07-10
10391,26,Organic,2025-07-04
10392,24,Organic,2025-04-26
10393,26,Organic,2025-05-31
10394,24,Referral,2025-06-22
10396,15,Organic,2025-10-09
10397,22,Paid ads,2025-08-11
10399,15,Influencer,2025-05-24
10401,9,Paid ads,2025-04-20
10402,16,Paid ads,2025-10-15
10404,8,Referral,2025-12-05
10405,32,Organic,2025-08-17
10406,30,Referral,2025-08-30
10407,15,Organic,2025-03-06
10408,31,Organic,2025-07-17
10410,5,Influencer,2025-07-14
10411,17,Paid ads,2025-06-22
10412,11,Influencer,2025-07-20
10413,19,Paid ads,2025-08-22
10414,32,Paid ads,2025-12-01
10415,17,Organic,2025-08-03
10416,31,Organic,2025-10-03
10419,15,Influencer,2025-04-21
10420,29,Organic,2025-10-18
10421,19,Paid ads,2025-01-20
10422,8,Organic,2025-10-30
10424,21,Organic,2025-12-12
10425,24,Referral,2025-05-10
10426,24,Organic,2025-07-01
10427,30,Organic,2025-11-07
10428,28,Referral,2025-06-26
10429,9,Influencer,2025-03-27
10430,24,Influencer,2025-08-06
10432,29,Organic,2025-06-23
10433,22,Organic,2025-06-23
10434,18,Influencer,2025-08-09
10435,9,Influencer,2025-03-23
10436,30,Paid ads,2025-11-04
10437,31,Referral,2025-07-02
10438,21,Paid ads,2025-08-17
10439,29,Influencer,2025-05-06
10440,13,Organic,2025-10-17
10441,28,Referral,2025-06-30
10442,19,Paid ads,2025-09-21
10443,23,Paid ads,2025-10-24
10444,18,Paid ads,2025-11-01
10445,12,Paid ads,2025-10-03
10446,24,Influencer,2025-10-18
10448,24,Organic,2025-02-21
10449,24,Paid ads,2025-05-22
10450,30,Referral,2025-07-30
10451,24,Paid ads,2025-11-06
10452,31,Paid ads,2025-12-10
10454,15,Referral,2025-10-06
10455,3,Referral,2025-04-06
10456,18,Influencer,2025-12-13
10457,8,Paid ads,2025-06-01
10458,13,Paid ads,2025-06-25
10459,18,Paid ads,2025-04-15
10460,6,Paid ads,2025-11-20
10461,19,Organic,2025-08-02
10463,1,Organic,2025-08-11
10464,28,Influencer,2025-11-22
10465,31,Influencer,2025-05-14
10466,21,Organic,2025-06-19
10468,17,Organic,2025-05-26
10470,11,Organic,2025-05-04
10471,30,Influencer,2025-07-04
10472,32,Organic,2025-08-21
10473,32,Paid ads,2025-06-02
10474,7,Influencer,2025-09-16
10475,19,Paid ads,2025-09-18
10476,28,Organic,2025-08-07
10477,24,Influencer,2025-11-04
10480,8,Paid ads,2025-08-14
10483,18,Organic,2025-11-01
10484,27,Referral,2025-08-15
10485,26,Organic,2025-05-26
10486,12,Organic,2025-05-04
10487,10,Paid ads,2025-03-23
10488,26,Organic,2025-10-08
10489,26,Organic,2025-08-13
10492,31,Paid ads,2025-06-12
10493,9,Influencer,2025-03-28
10494,15,Influencer,2025-12-03
10495,6,Referral,2025-04-25
10496,31,Paid ads,2025-04-18
10498,24,Organic,2025-08-28
10500,32,Organic,2025-06-04
10501,25,Organic,2025-06-02
10502,27,Referral,2025-06-22
10503,10,Influencer,2025-05-23
10506,32,Paid ads,2025-07-13
10507,10,Organic,2025-06-13
10508,32,Influencer,2025-07-04
10509,22,Organic,2025-11-25
10510,16,Paid ads,2025-07-09
10512,5,Referral,2025-12-11
10513,30,Paid ads,2025-06-19
10514,1,Organic,2025-06-03
10515,27,Referral,2025-12-09
10516,14,Referral,2025-07-23
10517,20,Paid ads,2025-07-30
10519,12,Organic,2025-06-23
10520,31,Organic,2025-10-29
10523,22,Organic,2025-08-05
10524,18,Paid ads,2025-10-08
10530,28,Referral,2025-09-29
10532,14,Paid ads,2025-10-03
10533,29,Paid ads,2025-04-02
10534,27,Organic,2025-08-07
10537,17,Paid ads,2025-03-15
10538,32,Organic,2025-06-04
10540,16,Organic,2025-11-14
10541,14,Organic,2025-02-11
10543,31,Influencer,2025-05-21
10545,20,Paid ads,2025-07-08
10546,12,Influencer,2025-09-10
10547,21,Organic,2025-04-01
10549,27,Paid ads,2025-08-13
10550,10,Organic,2025-12-15
10552,3,Organic,2025-07-17
10553,28,Organic,2025-06-22
10554,29,Influencer,2025-06-03
10555,18,Organic,2025-05-02
10556,5,Organic,2025-10-08
10557,28,Influencer,2025-04-20
10558,32,Influencer,2025-08-31
10560,27,Organic,2025-07-19
10561,23,Referral,2025-06-10
10562,29,Organic,2025-07-04
10564,28,Organic,2025-09-07
10565,22,Influencer,2025-10-24
10566,4,Referral,2025-06-06
10568,11,Influencer,2025-10-03
10569,21,Referral,2025-07-29
10570,28,Organic,2025-05-02
10571,26,Paid ads,2025-08-22
10572,27,Influencer,2025-11-08
10573,11,Organic,2025-11-14
10574,19,Organic,2025-06-04
10575,19,Referral,2025-11-16
10576,9,Paid ads,2025-03-01
10577,19,Paid ads,2025-06-29
10579,3,Referral,2025-07-18
10582,18,Paid ads,2025-06-09
10583,11,Referral,2025-04-11
10584,12,Organic,2025-07-06
10585,28,Paid ads,2025-09-12
10586,26,Influencer,2025-10-11
10587,16,Organic,2025-08-27
10588,10,Referral,2025-10-07
10589,18,Organic,2025-09-04
10590,29,Organic,2025-06-02
10592,2,Organic,2025-07-14
10593,26,Organic,2025-06-13
10594,21,Referral,2025-12-11
10595,19,Organic,2025-04-13
10596,22,Paid ads,2025-10-25
10597,27,Organic,2025-10-28
10598,6,Influencer,2025-06-27
10599,21,Influencer,2025-04-04
10601,16,Paid ads,2025-11-10
10602,20,Referral,2025-09-10
10603,23,Referral,2025-08-13
10604,32,Organic,2025-09-16
10606,14,Referral,2025-11-28
10607,30,Paid ads,2025-06-28
10608,30,Organic,2025-10-30
10612,27,Influencer,2025-11-01
10613,25,Organic,2025-09-14
10614,29,Paid ads,2025-09-11
10615,25,Organic,2025-04-21
10616,28,Organic,2025-04-03
10617,27,Influencer,2025-04-28
10618,13,Organic,2025-06-30
10619,24,Organic,2025-10-30
10620,12,Organic,2025-04-17
10621,10,Referral,2025-07-15
10623,14,Organic,2025-09-27
10624,32,Paid ads,2025-04-18
10625,16,Paid ads,2025-06-04
10626,28,Influencer,2025-07-14
10628,1,Influencer,2025-08-13
10629,25,Paid ads,2025-09-17
10630,22,Organic,2025-09-26
10631,29,Referral,2025-09-30
10632,30,Organic,2025-08-28
10633,28,Influencer,2025-03-29
10634,8,Organic,2025-09-02
10636,15,Paid ads,2025-12-14
10637,20,Organic,2025-10-03
10638,21,Paid ads,2025-05-20
10639,20,Organic,2025-08-24
10640,10,Organic,2025-03-24
10641,31,Paid ads,2025-09-17
10642,25,Paid ads,2025-05-11
10643,21,Influencer,2025-03-07
10644,25,Paid ads,2025-11-26
10645,17,Paid ads,2025-11-09
10646,16,Influencer,2025-11-13
10647,1,Organic,2025-04-25
10648,20,Influencer,2025-08-12
10649,27,Organic,2025-05-16
10650,28,Referral,2025-09-19
10653,6,Organic,2025-06-17
10654,32,Influencer,2025-04-13
10655,31,Influencer,2025-03-17
10656,11,Organic,2025-06-05
10657,23,Paid ads,2025-07-14
10658,4,Organic,2025-06-09
10659,24,Paid ads,2025-06-13
10660,17,Influencer,2025-05-23
10661,5,Paid ads,2025-04-24
10662,32,Referral,2025-06-14
10663,12,Influencer,2025-05-22
10664,4,Paid ads,2025-07-16
10665,18,Organic,2025-08-16
10667,28,Influencer,2025-10-02
10668,16,Referral,2025-12-05
10671,19,Influencer,2025-12-18
10672,16,Organic,2025-05-02
10673,24,Organic,2025-11-28
10675,30,Influencer,2025-08-15
10676,21,Paid ads,2025-04-21
10677,22,Organic,2025-10-24
10678,27,Organic,2025-07-21
10679,32,Paid ads,2025-05-14
10680,32,Influencer,2025-08-17
10681,25,Paid ads,2025-07-06
10683,16,Referral,2025-10-05
10684,25,Referral,2025-07-13
10685,10,Organic,2025-02-26
10687,19,Referral,2025-05-29
10688,29,Organic,2025-07-07
10689,3,Paid ads,2025-05-20
10690,29,Paid ads,2025-10-09
10691,28,Referral,2025-06-29
10692,32,Paid ads,2025-07-07
10693,12,Organic,2025-07-31
10695,12,Referral,2025-06-18
10696,24,Organic,2025-03-14
10698,30,Organic,2025-07-09
10699,8,Organic,2025-10-20
10700,31,Organic,2025-06-11
10701,32,Referral,2025-12-14
10702,24,Paid ads,2025-05-29
10703,10,Paid ads,2025-05-23
10704,25,Organic,2025-11-15
10705,2,Organic,2025-07-15
10706,26,Organic,2025-06-28
10707,14,Organic,2025-07-08
10708,16,Influencer,2025-05-10
10712,32,Referral,2025-06-23
10713,29,Organic,2025-06-29
10714,25,Organic,2025-08-21
10715,5,Paid ads,2025-02-19
10716,19,Paid ads,2025-04-12
10718,8,Influencer,2025-07-15
10719,22,Paid ads,2025-04-11
10720,25,Organic,2025-07-19
10721,4,Organic,2025-05-28
10722,11,Referral,2025-04-06
10723,31,Organic,2025-05-01
10724,32,Referral,2025-08-20
10726,28,Organic,2025-10-24
10727,21,Organic,2025-04-29
10728,18,Organic,2025-06-04
10729,18,Organic,2025-09-03
10730,27,Paid ads,2025-12-20
10731,21,Organic,2025-07-22
10732,15,Influencer,2025-06-18
10733,21,Organic,2025-08-07
10734,19,Paid ads,2025-08-10
10735,24,Referral,2025-02-12
10736,32,Referral,2025-05-17
10737,16,Organic,2025-11-06
10739,30,Influencer,2025-11-21
10740,12,Organic,2025-04-15
10741,16,Paid ads,2025-09-29
10742,30,Organic,2025-05-29
10743,32,Organic,2025-03-29
10744,16,Referral,2025-04-26
10746,16,Influencer,2025-04-29
10747,32,Organic,2025-10-25
10750,10,Organic,2025-06-19
10751,22,Influencer,2025-06-28
10752,17,Paid ads,2025-06-09
10753,19,Paid ads,2025-09-30
10754,27,Organic,2025-10-12
10755,14,Referral,2025-08-26
10756,29,Paid ads,2025-10-05
10757,30,Organic,2025-10-09
10758,15,Organic,2025-08-20
10759,29,Organic,2025-09-25
10761,10,Referral,2025-04-24
10762,31,Paid ads,2025-05-10
10763,12,Referral,2025-06-09
10764,28,Paid ads,2025-10-13
10765,20,Organic,2025-12-21
10766,21,Organic,2025-07-13
10767,22,Organic,2025-10-28
10768,19,Organic,2025-08-01
10769,9,Influencer,2025-02-20
10770,28,Organic,2025-04-25
10771,29,Organic,2025-03-27
10772,16,Referral,2025-08-15
10773,22,Organic,2025-11-26
10775,22,Paid ads,2025-04-27
10777,31,Organic,2025-07-23
10778,32,Organic,2025-05-14
10779,8,Influencer,2025-05-15
10780,17,Organic,2025-03-20
10782,23,Referral,2025-10-26
10784,14,Paid ads,2025-10-08
10785,6,Organic,2025-06-25
10786,12,Influencer,2025-07-24
10787,29,Paid ads,2025-02-27
10788,30,Paid ads,2025-05-15
10789,18,Referral,2025-10-28
10790,4,Organic,2025-06-20
10791,19,Organic,2025-11-14
10792,24,Organic,2025-07-11
10793,30,Referral,2025-08-09
10794,13,Organic,2025-08-07
10795,7,Organic,2025-04-25
10796,28,Referral,2025-04-11
10797,32,Organic,2025-09-20
10798,26,Influencer,2025-04-25
10800,23,Organic,2025-10-15
10801,26,Organic,2025-10-11
10802,7,Organic,2025-05-21
10803,1,Organic,2025-11-18
10804,14,Paid ads,2025-08-30
10805,25,Referral,2025-03-25
10806,11,Organic,2025-09-23
10807,17,Organic,2025-07-17
10808,21,Organic,2025-03-29
10809,22,Organic,2025-06-16
10810,16,Organic,2025-08-03
10812,18,Referral,2025-04-29
10813,2,Organic,2025-12-06
10814,19,Organic,2025-04-28
10815,28,Organic,2025-08-06
10816,28,Influencer,2025-11-12
10817,28,Paid ads,2025-07-20
10818,12,Organic,2025-11-06
10819,17,Organic,2025-05-11
10820,23,Organic,2025-04-12
10821,8,Referral,2025-10-12
10823,31,Organic,2025-04-19
10825,31,Referral,2025-09-03
10826,14,Paid ads,2025-08-08
10827,15,Paid ads,2025-07-10
10828,26,Influencer,2025-08-07
10829,26,Paid ads,2025-09-12
10831,12,Paid ads,2025-10-13
10832,29,Referral,2025-09-05
10834,18,Referral,2025-09-15
10836,8,Organic,2025-08-13
10838,30,Referral,2025-06-21
10839,15,Influencer,2025-09-15
10842,29,Referral,2025-08-25
10843,4,Organic,2025-08-07
10844,21,Organic,2025-09-24
10846,23,Organic,2025-07-18
10847,28,Organic,2025-08-06
10848,13,Influencer,2025-03-05
10849,30,Organic,2025-10-18
10850,10,Organic,2025-07-21
10851,11,Organic,2025-07-22
10853,22,Paid ads,2025-06-27
10854,28,Influencer,2025-08-13
10855,21,Organic,2025-07-10
10856,3,Influencer,2025-11-11
10857,10,Organic,2025-05-24
10859,31,Influencer,2025-07-12
10860,8,Organic,2025-11-21
10861,16,Organic,2025-09-01
10863,15,Influencer,2025-11-08
10864,20,Organic,2025-03-07
10865,19,Paid ads,2025-05-09
10866,1,Organic,2025-05-23
10867,17,Paid ads,2025-06-07
10868,15,Paid ads,2025-06-22
10871,11,Organic,2025-10-28
10873,27,Paid ads,2025-04-22
10874,17,Influencer,2025-11-26
10875,9,Referral,2025-09-16
10876,27,Referral,2025-08-17
10877,23,Organic,2025-05-06
10879,15,Influencer,2025-04-09
10880,22,Organic,2025-03-22
10881,21,Organic,2025-06-19
10882,12,Referral,2025-11-14
10883,17,Referral,2025-06-10
10886,16,Referral,2025-07-14
10888,23,Paid ads,2025-07-27
10889,30,Influencer,2025-05-21
10890,1,Influencer,2025-05-05
10891,2,Influencer,2025-10-13
10892,25,Referral,2025-07-02
10893,20,Organic,2025-09-16
10894,24,Organic,2025-05-22
10895,22,Organic,2025-06-05
10896,24,Organic,2025-11-05
10897,14,Organic,2025-05-09
10898,26,Paid ads,2025-04-21
10899,12,Organic,2025-02-21
10900,15,Organic,2025-05-12
10902,19,Paid ads,2025-09-04
10903,13,Influencer,2025-11-09
10904,22,Organic,2025-07-04
10905,11,Organic,2025-04-30
10907,22,Paid ads,2025-08-02
10908,8,Organic,2025-11-12
10909,21,Paid ads,2025-08-07
10910,32,Organic,2025-10-23
10911,32,Organic,2025-10-07
10913,24,Organic,2025-01-24
10914,1,Referral,2025-12-25
10915,12,Paid ads,2025-11-02
10916,8,Referral,2025-07-16
10917,24,Organic,2025-05-14
10918,12,Organic,2025-04-08
10919,25,Organic,2025-05-05
10920,22,Influencer,2025-05-25
10921,15,Organic,2025-06-09
10922,29,Paid ads,2025-12-05
10923,9,Referral,2025-06-15
10924,19,Organic,2025-10-07
10925,32,Organic,2025-08-22
10926,25,Organic,2025-06-06
10927,2,Organic,2025-07-21
10928,23,Organic,2025-05-03
10929,11,Organic,2025-06-24
10930,24,Paid ads,2025-06-28
10931,8,Organic,2025-11-03
10932,17,Influencer,2025-07-27
10934,22,Paid ads,2025-04-05
10935,14,Organic,2025-07-10
10936,29,Organic,2025-05-26
10937,12,Organic,2025-04-21
10938,9,Paid ads,2025-09-01
10939,12,Influencer,2025-05-01
10940,24,Influencer,2025-10-22
10941,13,Organic,2025-09-29
10942,10,Organic,2025-03-19
10943,17,Paid ads,2025-12-18
10944,27,Referral,2025-12-04
10946,15,Referral,2025-09-12
10947,32,Referral,2025-09-20
10948,25,Referral,2025-02-13
10949,11,Organic,2025-10-01
10950,22,Organic,2025-09-07
10951,23,Organic,2025-08-15
10952,32,Organic,2025-06-15
10953,15,Organic,2025-04-04
10954,29,Organic,2025-10-09
10956,27,Organic,2025-07-06
10958,29,Organic,2025-07-10
10959,22,Paid ads,2025-07-26
10960,3,Referral,2025-09-21
10961,17,Organic,2025-11-23
10962,30,Referral,2025-08-12
10964,25,Referral,2025-08-02
10965,21,Organic,2025-09-30
10966,31,Organic,2025-10-23
10967,32,Paid ads,2025-08-07
10968,10,Paid ads,2025-06-14
10969,4,Organic,2025-10-12
10970,29,Organic,2025-03-30
10971,30,Paid ads,2025-06-08
10974,30,Organic,2025-11-20
10976,23,Influencer,2025-07-17
10977,2,Paid ads,2025-04-26
10978,2,Paid ads,2025-08-28
10980,12,Organic,2025-06-30
10981,26,Organic,2025-05-10
10982,31,Organic,2025-11-27
10983,28,Paid ads,2025-11-27
10984,4,Paid ads,2025-06-26
10986,4,Paid ads,2025-10-05
10987,27,Organic,2025-10-14
10988,22,Organic,2025-08-30
10989,18,Referral,2025-05-20
10990,22,Influencer,2025-07-19
10991,21,Paid ads,2025-07-02
10992,23,Organic,2025-05-26
10993,22,Referral,2025-06-19
10994,30,Paid ads,2025-09-18
10997,26,Paid ads,2025-06-03
10998,17,Paid ads,2025-08-09
10999,12,Organic,2025-04-24
11000,11,Paid ads,2025-09-30
11004,29,Paid ads,2025-09-19
11005,31,Organic,2025-04-17
11006,27,Organic,2025-07-09
11007,8,Referral,2025-06-02
11008,1,Paid ads,2025-07-09
11010,23,Paid ads,2025-08-01
11012,32,Organic,2025-09-25
11013,17,Organic,2025-06-11
11014,29,Referral,2025-03-29
11016,5,Organic,2025-06-09
11017,30,Referral,2025-09-12
11018,24,Organic,2025-06-25
11019,30,Referral,2025-08-09
11020,29,Organic,2025-10-08
11021,27,Organic,2025-07-07
11024,23,Paid ads,2025-07-17
11025,22,Paid ads,2025-04-27
11026,22,Influencer,2025-07-06
11027,32,Organic,2025-10-01
11028,4,Paid ads,2025-10-25
11029,27,Organic,2025-07-06
11030,19,Paid ads,2025-10-29
11031,25,Organic,2025-03-04
11032,24,Influencer,2025-09-06
11033,19,Influencer,2025-06-25
11034,27,Influencer,2025-09-23
11036,10,Referral,2025-05-11
11037,21,Organic,2025-04-26
11038,5,Organic,2025-10-24
11039,29,Organic,2025-08-26
11043,12,Paid ads,2025-04-06
11046,31,Paid ads,2025-10-23
11047,11,Referral,2025-06-12
11048,29,Referral,2025-05-16
11049,26,Referral,2025-05-15
11050,31,Organic,2025-11-17
11051,25,Organic,2025-10-06
11052,24,Referral,2025-03-16
11054,19,Organic,2025-08-28
11056,9,Influencer,2025-08-05
11057,15,Organic,2025-10-29
11058,30,Paid ads,2025-03-07
11059,32,Influencer,2025-02-07
11060,24,Referral,2025-12-15
11062,29,Influencer,2025-09-07
11063,28,Organic,2025-08-07
11064,20,Referral,2025-09-15
11065,26,Organic,2025-06-17
11066,14,Organic,2025-04-22
11067,11,Organic,2025-03-12
11068,2,Paid ads,2025-10-26
11069,1,Paid ads,2025-01-28
11070,14,Referral,2025-08-14
11071,26,Organic,2025-04-05
11072,18,Influencer,2025-08-06
11075,31,Organic,2025-09-24
11076,5,Organic,2025-07-23
11077,27,Influencer,2025-10-28
11078,7,Organic,2025-06-20
11080,27,Organic,2025-10-16
11081,32,Referral,2025-04-08
11083,19,Organic,2025-12-01
11084,22,Organic,2025-10-09
11085,6,Paid ads,2025-08-28
11086,17,Influencer,2025-06-24
11087,30,Paid ads,2025-03-16
11088,25,Organic,2025-09-30
11089,21,Organic,2025-08-15
11090,3,Organic,2025-09-30
11091,27,Paid ads,2025-05-09
11092,32,Organic,2025-06-09
11093,23,Organic,2025-09-04
11094,4,Organic,2025-04-06
11096,31,Organic,2025-08-21
11097,28,Referral,2025-08-16
11098,32,Paid ads,2025-08-28
11099,20,Influencer,2025-04-16
11100,29,Organic,2025-04-18
11102,32,Organic,2025-04-21
11103,10,Organic,2025-10-25
11105,26,Organic,2025-08-22
11106,1,Referral,2025-10-03
11107,25,Paid ads,2025-10-13
11109,15,Referral,2025-12-12
11110,20,Paid ads,2025-10-06
11111,28,Organic,2025-03-01
11112,13,Referral,2025-07-04
11113,9,Paid ads,2025-02-13
11114,32,Paid ads,2025-05-14
11116,1,Paid ads,2025-06-14
11117,16,Organic,2025-09-30
11120,28,Referral,2025-05-21
11121,30,Paid ads,2025-05-05
11122,9,Referral,2025-06-01
11123,29,Paid ads,2025-10-16
11124,16,Paid ads,2025-05-15
11125,7,Paid ads,2025-11-21
11126,22,Influencer,2025-07-30
11127,30,Organic,2025-05-14
11128,27,Organic,2025-11-08
11130,6,Organic,2025-10-04
11131,23,Referral,2025-10-24
11132,23,Influencer,2025-04-14
11133,29,Organic,2025-06-20
11134,7,Influencer,2025-08-07
11136,14,Paid ads,2025-04-01
11138,31,Paid ads,2025-02-05
11139,24,Organic,2025-07-19
11140,32,Organic,2025-09-30
11141,9,Referral,2025-09-21
11142,4,Influencer,2025-07-08
11143,23,Organic,2025-08-30
11145,23,Organic,2025-07-21
11146,23,Organic,2025-07-03
11147,21,Organic,2025-05-18
11148,21,Organic,2025-02-25
11149,16,Influencer,2025-03-30
11150,12,Paid ads,2025-10-30
11152,25,Paid ads,2025-08-12
11153,11,Organic,2025-12-11
11154,21,Organic,2025-09-14
11156,24,Paid ads,2025-04-10
11157,26,Organic,2025-05-10
11158,28,Organic,2025-01-30
11161,2,Paid ads,2025-07-18
11163,14,Influencer,2025-08-22
11164,15,Organic,2025-07-21
11165,30,Referral,2025-07-02
11167,29,Influencer,2025-09-07
11168,25,Influencer,2025-06-04
11170,19,Organic,2025-08-23
11171,32,Influencer,2025-02-26
11172,27,Referral,2025-11-23
11173,9,Organic,2025-06-05
11174,12,Paid ads,2025-04-02
11175,17,Organic,2025-07-02
11177,9,Influencer,2025-10-10
11178,22,Paid ads,2025-04-18
11180,10,Organic,2025-10-21
11181,1,Organic,2025-09-26
11182,22,Organic,2025-07-27
11184,11,Organic,2025-10-13
11186,24,Paid ads,2025-03-25
11187,23,Organic,2025-10-29
11188,29,Paid ads,2025-08-20
11189,18,Organic,2025-03-05
11191,27,Paid ads,2025-08-05
11192,27,Paid ads,2025-08-11
11193,31,Referral,2025-01-27
11194,24,Organic,2025-10-01
11195,5,Referral,2025-05-24
11196,20,Influencer,2025-08-13
11197,27,Paid ads,2025-02-08
11198,25,Organic,2025-03-14
11199,32,Organic,2025-06-30
11200,5,Organic,2025-10-23
11201,9,Organic,2025-05-15
11202,19,Organic,2025-08-12
11203,30,Referral,2025-10-12
11204,13,Organic,2025-07-09
11206,28,Referral,2025-05-28
11207,30,Organic,2025-04-26
11208,30,Organic,2025-11-04
11209,18,Organic,2025-10-16
11211,27,Organic,2025-09-21
11213,6,Referral,2025-05-02
11214,24,Organic,2025-09-08
11215,20,Organic,2025-04-17
11217,4,Organic,2025-08-15
11219,2,Influencer,2025-07-04
11220,32,Influencer,2025-11-16
11222,14,Referral,2025-08-18
11224,31,Referral,2025-06-05
11225,2,Referral,2025-09-28
11226,11,Paid ads,2025-11-30
11227,20,Paid ads,2025-04-13
11230,27,Organic,2025-08-15
11231,21,Organic,2025-08-01
11233,27,Paid ads,2025-06-14
11234,19,Organic,2025-10-20
11235,23,Organic,2025-03-19
11237,29,Paid ads,2025-07-03
11238,27,Paid ads,2025-08-14
11239,26,Paid ads,2025-09-05
11240,12,Paid ads,2025-02-02
11241,9,Paid ads,2025-03-19
11242,32,Paid ads,2025-11-16
11243,32,Referral,2025-06-08
11244,16,Organic,2025-07-20
11245,8,Referral,2025-07-16
11247,5,Influencer,2025-06-17
11248,15,Influencer,2025-07-22
11249,2,Paid ads,2025-05-14
11250,9,Paid ads,2025-10-04
11251,21,Organic,2025-11-25
11252,24,Referral,2025-09-12
11253,24,Organic,2025-05-05
11254,15,Paid ads,2025-11-04
11255,17,Paid ads,2025-06-21
11256,25,Organic,2025-04-22
11258,29,Organic,2025-07-17
11259,24,Referral,2025-12-16
11261,13,Organic,2025-07-18
11262,24,Influencer,2025-08-23
11263,22,Organic,2025-06-22
11264,19,Organic,2025-05-23
11266,21,Influencer,2025-05-14
11267,13,Organic,2025-10-22
11268,24,Organic,2025-05-11
11269,17,Organic,2025-08-12
11270,16,Organic,2025-10-04
11272,4,Referral,2025-09-22
11274,13,Organic,2025-10-30
11275,25,Organic,2025-05-30
11276,23,Influencer,2025-03-18
11278,24,Organic,2025-06-08
11279,17,Organic,2025-09-12
11280,8,Influencer,2025-08-20
11281,20,Organic,2025-06-28
11282,32,Paid ads,2025-07-03
11284,32,Referral,2025-07-01
11285,15,Paid ads,2025-07-25
11286,16,Organic,2025-05-22
11287,5,Organic,2025-08-25
11288,3,Organic,2025-05-05
11289,15,Paid ads,2025-08-06
11290,13,Paid ads,2025-05-29
11291,9,Organic,2025-09-01
11293,20,Influencer,2025-08-10
11294,32,Organic,2025-09-20
11295,32,Organic,2025-06-14
11296,28,Organic,2025-05-16
11298,18,Organic,2025-07-20
11300,13,Organic,2025-08-27
11301,30,Organic,2025-10-04
11302,21,Organic,2025-10-19
11303,12,Influencer,2025-08-28
11304,2,Paid ads,2025-08-09
11306,8,Paid ads,2025-07-29
11307,21,Organic,2025-08-08
11308,29,Influencer,2025-03-31
11309,29,Referral,2025-12-27
11310,6,Organic,2025-11-24
11311,11,Organic,2025-07-25
11313,14,Referral,2025-07-27
11315,31,Paid ads,2025-08-25
11316,10,Referral,2025-06-15
11317,12,Organic,2025-05-21
11318,23,Organic,2025-03-24
11319,20,Paid ads,2025-04-28
11320,29,Organic,2025-11-09
11322,31,Paid ads,2025-07-01
11323,29,Referral,2025-06-07
11324,3,Organic,2025-07-17
11325,12,Organic,2025-12-13
11326,29,Organic,2025-06-06
11327,29,Organic,2025-09-11
11328,10,Organic,2025-08-24
11330,23,Referral,2025-07-04
11334,31,Organic,2025-06-30
11336,24,Paid ads,2025-06-28
11338,26,Influencer,2025-08-01
11339,10,Organic,2025-05-28
11340,12,Paid ads,2025-05-09
11342,24,Organic,2025-10-05
11343,31,Paid ads,2025-07-27
11344,31,Organic,2025-06-20
11345,21,Organic,2025-10-03
11346,28,Organic,2025-06-12
11348,27,Organic,2025-04-05
11350,26,Referral,2025-07-17
11352,22,Organic,2025-10-02
11353,19,Organic,2025-07-05
11354,10,Organic,2025-10-04
11356,25,Influencer,2025-06-05
11358,19,Influencer,2025-12-13
11359,24,Referral,2025-04-04
11360,31,Organic,2025-05-01
11361,13,Paid ads,2025-06-11
11362,27,Referral,2025-10-11
11363,10,Influencer,2025-08-10
11365,16,Paid ads,2025-06-30
11366,31,Organic,2025-11-08
11368,22,Organic,2025-08-26
11369,6,Influencer,2025-06-07
11371,17,Influencer,2025-09-03
11372,23,Organic,2025-04-12
11373,26,Organic,2025-09-26
11374,13,Organic,2025-08-30
11375,9,Organic,2025-07-22
11377,22,Influencer,2025-05-09
11378,19,Organic,2025-10-28
11379,31,Referral,2025-06-18
11380,29,Influencer,2025-06-27
11381,15,Organic,2025-07-31
11382,10,Referral,2025-09-28
11385,7,Organic,2025-07-12
11386,14,Paid ads,2025-11-01
11387,24,Referral,2025-12-18
11388,15,Referral,2025-12-04
11389,18,Referral,2025-05-12
11390,18,Influencer,2025-08-24
11391,20,Influencer,2025-10-01
11392,32,Organic,2025-03-16
11393,27,Influencer,2025-07-15
11394,26,Referral,2025-03-16
11396,14,Paid ads,2025-08-07
11397,17,Influencer,2025-07-21
11399,23,Referral,2025-07-03
11401,17,Organic,2025-05-27
11403,13,Referral,2025-05-14
11404,26,Referral,2025-10-31
11405,26,Paid ads,2025-11-05
11406,27,Organic,2025-07-25
11407,10,Organic,2025-05-18
11408,9,Paid ads,2025-05-07
11411,25,Organic,2025-05-25
11412,12,Organic,2025-04-22
11413,24,Organic,2025-12-18
11414,18,Paid ads,2025-04-24
11416,22,Paid ads,2025-06-30
11417,22,Organic,2025-07-14
11418,19,Influencer,2025-10-04
11419,31,Paid ads,2025-03-09
11422,31,Organic,2025-07-21
11423,30,Organic,2025-11-26
11424,16,Organic,2025-08-03
11426,4,Influencer,2025-10-31
11427,29,Influencer,2025-07-08
11428,31,Referral,2025-08-02
11429,22,Organic,2025-09-08
11430,32,Referral,2025-06-02
11432,29,Organic,2025-10-05
11434,12,Organic,2025-05-01
11436,14,Organic,2025-05-22
11437,22,Organic,2025-06-19
11438,15,Paid ads,2025-04-28
11439,31,Influencer,2025-06-29
11440,17,Organic,2025-05-01
11441,32,Organic,2025-09-09
11443,27,Referral,2025-09-21
11444,27,Organic,2025-10-06
11445,21,Referral,2025-07-31
11446,16,Paid ads,2025-12-15
11448,14,Paid ads,2025-05-11
11449,23,Organic,2025-11-27
11450,7,Organic,2025-05-19
11451,20,Paid ads,2025-09-10
11452,21,Organic,2025-07-24
11453,32,Organic,2025-05-30
11454,26,Influencer,2025-09-16
11455,30,Organic,2025-11-01
11456,20,Organic,2025-11-09
11457,25,Paid ads,2025-06-18
11458,7,Organic,2025-10-16
11460,11,Referral,2025-11-18
11461,4,Paid ads,2025-03-28
11462,5,Organic,2025-08-21
11463,4,Influencer,2025-12-15
11465,32,Influencer,2025-07-19
11468,26,Influencer,2025-03-27
11471,10,Organic,2025-11-29
11472,23,Influencer,2025-03-05
11473,11,Referral,2025-04-29
11474,4,Referral,2025-12-04
11475,17,Organic,2025-02-09
11476,24,Organic,2025-05-01
11477,24,Organic,2025-09-01
11478,12,Organic,2025-10-08
11479,14,Influencer,2025-04-02
11480,24,Paid ads,2025-07-04
11481,30,Influencer,2025-06-20
11484,26,Organic,2025-10-05
11486,13,Organic,2025-04-21
11487,5,Paid ads,2025-08-12
11489,28,Organic,2025-07-06
11490,30,Influencer,2025-06-16
11491,31,Organic,2025-11-18
11493,25,Paid ads,2025-07-10
11494,15,Organic,2025-06-27
11496,30,Organic,2025-10-24
11498,20,Referral,2025-08-09
11499,1,Referral,2025-09-23
11500,19,Organic,2025-07-05
11501,15,Organic,2025-11-02
11502,23,Influencer,2025-06-03
11503,13,Influencer,2025-05-08
11504,3,Organic,2025-06-06
11505,19,Paid ads,2025-04-11
11506,16,Organic,2025-03-28
11507,26,Organic,2025-07-23
11508,24,Paid ads,2025-09-19
11509,25,Organic,2025-04-17
11510,23,Organic,2025-04-20
11511,28,Referral,2025-12-06
11512,17,Organic,2025-08-12
11514,12,Influencer,2025-07-28
11515,20,Paid ads,2025-09-15
11516,26,Organic,2025-11-13
11517,24,Organic,2025-12-21
11518,14,Organic,2025-08-22
11519,24,Influencer,2025-08-31
11520,27,Referral,2025-10-20
11522,23,Organic,2025-02-06
11523,24,Referral,2025-11-05
11524,28,Referral,2025-08-18
11525,22,Paid ads,2025-04-11
11527,31,Paid ads,2025-08-04
11528,16,Organic,2025-05-10
11530,30,Referral,2025-05-15
11531,31,Organic,2025-11-04
11532,32,Organic,2025-08-16
11533,11,Influencer,2025-06-02
11535,12,Paid ads,2025-06-07
11536,31,Organic,2025-06-11
11537,13,Referral,2025-08-13
11538,32,Organic,2025-09-26
11539,12,Referral,2025-02-07
11541,29,Paid ads,2025-06-08
11543,29,Paid ads,2025-06-18
11544,3,Influencer,2025-06-13
11545,10,Referral,2025-08-13
11547,10,Referral,2025-05-01
11548,26,Influencer,2025-04-20
11549,19,Influencer,2025-10-05
11550,16,Influencer,2025-07-12
11551,22,Organic,2025-03-09
11553,22,Organic,2025-04-17
11554,11,Influencer,2025-05-06
11556,9,Referral,2025-07-29
11557,22,Referral,2025-08-11
11559,28,Organic,2025-07-03
11560,25,Paid ads,2025-11-21
11564,28,Organic,2025-11-17
11566,14,Influencer,2025-09-03
11567,26,Organic,2025-06-27
11568,18,Paid ads,2025-12-14
11569,28,Paid ads,2025-02-14
11570,12,Organic,2025-12-12
11571,28,Organic,2025-03-20
11572,28,Organic,2025-05-13
11573,14,Organic,2025-06-10
11574,30,Paid ads,2025-04-29
11576,20,Influencer,2025-10-09
11577,18,Organic,2025-06-17
11578,15,Organic,2025-08-06
11579,12,Paid ads,2025-06-17
11580,14,Referral,2025-10-20
11581,15,Paid ads,2025-06-15
11583,23,Referral,2025-08-15
11584,16,Influencer,2025-08-16
11585,24,Organic,2025-11-10
11587,26,Influencer,2025-05-08
11588,10,Paid ads,2025-07-24
11589,15,Organic,2025-07-07
11590,13,Organic,2025-06-27
11592,21,Paid ads,2025-07-09
11594,5,Organic,2025-07-15
11595,29,Organic,2025-02-07
11596,5,Paid ads,2025-06-05
11597,8,Referral,2025-06-05
11598,16,Organic,2025-12-26
11599,1,Organic,2025-08-21
11600,32,Organic,2025-07-23
11601,31,Organic,2025-11-18
11602,30,Organic,2025-06-24
11603,6,Organic,2025-10-31
11604,11,Organic,2025-06-03
11605,32,Paid ads,2025-08-23
11608,1,Organic,2025-07-15
11609,29,Paid ads,2025-10-15
11610,9,Referral,2025-08-04
11611,7,Influencer,2025-11-06
11612,32,Organic,2025-06-19
11613,31,Paid ads,2025-06-30
11614,18,Organic,2025-05-09
11615,13,Organic,2025-08-30
11616,27,Referral,2025-08-16
11617,30,Referral,2025-07-03
11619,10,Referral,2025-10-08
11620,15,Paid ads,2025-05-27
11621,24,Organic,2025-06-27
11624,1,Referral,2025-04-12
11625,20,Organic,2025-07-10
11627,30,Organic,2025-12-23
11628,20,Organic,2025-09-08
11629,31,Organic,2025-07-16
11630,32,Referral,2025-09-21
11631,31,Paid ads,2025-08-30
11632,16,Influencer,2025-03-25
11633,22,Organic,2025-07-13
11635,24,Organic,2025-06-19
11636,20,Influencer,2025-08-05
11638,24,Organic,2025-04-03
11639,10,Referral,2025-03-21
11640,23,Influencer,2025-05-05
11641,32,Paid ads,2025-05-26
11642,15,Influencer,2025-12-21
11643,3,Organic,2025-06-25
11644,18,Influencer,2025-05-22
11645,30,Organic,2025-03-17
11646,12,Influencer,2025-05-01
11647,27,Organic,2025-07-21
11648,14,Referral,2025-05-22
11649,22,Paid ads,2025-11-22
11650,30,Organic,2025-08-03
11651,27,Organic,2025-02-27
11652,21,Paid ads,2025-10-25
11653,29,Organic,2025-12-26
11654,27,Referral,2025-07-08
11655,28,Referral,2025-08-04
11657,27,Paid ads,2025-05-27
11658,24,Influencer,2025-05-23
11660,24,Referral,2025-05-04
11664,21,Organic,2025-12-15
11665,19,Paid ads,2025-05-19
11666,26,Influencer,2025-08-05
11667,29,Paid ads,2025-07-08
11668,29,Influencer,2025-02-28
11669,27,Referral,2025-08-18
11670,21,Referral,2025-08-20
11671,2,Influencer,2025-06-28
11672,25,Organic,2025-04-10
11673,19,Referral,2025-11-12
11674,28,Referral,2025-11-28
11675,19,Referral,2025-10-27
11676,17,Paid ads,2025-11-08
11677,31,Organic,2025-08-06
11678,28,Influencer,2025-08-30
11679,12,Organic,2025-07-03
11680,30,Organic,2025-06-13
11681,3,Organic,2025-05-29
11682,10,Organic,2025-04-28
11683,17,Organic,2025-10-29
11684,9,Paid ads,2025-08-08
11685,31,Organic,2025-10-31
11686,28,Influencer,2025-03-26
11687,27,Organic,2025-07-11
11689,20,Organic,2025-10-06
11690,25,Organic,2025-04-27
11691,31,Organic,2025-10-25
11692,22,Influencer,2025-05-08
11695,8,Organic,2025-08-19
11697,28,Paid ads,2025-06-29
11698,14,Influencer,2025-06-10
11699,29,Influencer,2025-07-04
11702,26,Paid ads,2025-08-28
11703,9,Influencer,2025-09-25
11704,30,Paid ads,2025-07-08
11706,32,Paid ads,2025-07-11
11707,19,Organic,2025-06-13
11708,24,Paid ads,2025-05-04
11709,21,Organic,2025-10-26
11710,10,Organic,2025-05-28
11711,17,Organic,2025-10-12
11712,17,Organic,2025-06-24
11713,25,Influencer,2025-09-25
11714,31,Paid ads,2025-06-24
11715,4,Organic,2025-03-30
11716,18,Paid ads,2025-07-28
11717,22,Paid ads,2025-07-23
11718,3,Organic,2025-07-23
11719,24,Organic,2025-05-05
11720,11,Organic,2025-08-18
11721,16,Paid ads,2025-07-13
11722,15,Organic,2025-08-08
11723,30,Referral,2025-11-05
11724,26,Organic,2025-03-01
11725,14,Organic,2025-08-16
11727,2,Organic,2025-11-26
11729,14,Influencer,2025-12-16
11730,30,Paid ads,2025-07-14
11731,26,Organic,2025-10-15
11732,20,Influencer,2025-06-20
11733,27,Paid ads,2025-10-02
11735,21,Organic,2025-04-05
11736,24,Organic,2025-05-06
11737,23,Paid ads,2025-09-04
11738,5,Paid ads,2025-04-21
11740,9,Paid ads,2025-08-25
11742,32,Influencer,2025-05-14
11743,24,Organic,2025-07-06
11745,24,Referral,2025-09-12
11746,25,Organic,2025-02-09
11747,30,Organic,2025-07-15
11749,23,Paid ads,2025-06-13
11750,16,Organic,2025-05-05
11752,15,Organic,2025-07-23
11753,27,Paid ads,2025-06-10
11755,24,Referral,2025-04-23
11756,15,Organic,2025-08-23
11757,26,Organic,2025-03-02
11758,19,Referral,2025-07-11
11760,26,Paid ads,2025-06-27
11761,15,Organic,2025-03-12
11762,28,Organic,2025-04-09
11763,27,Paid ads,2025-05-25
11764,23,Referral,2025-04-29
11765,29,Organic,2025-03-29
11767,27,Organic,2025-05-02
11768,27,Referral,2025-09-05
11769,21,Influencer,2025-11-26
11770,25,Organic,2025-10-31
11771,29,Organic,2025-10-15
11773,21,Paid ads,2025-03-07
11774,24,Organic,2025-05-29
11775,18,Organic,2025-07-10
11776,29,Organic,2025-10-14
11777,23,Referral,2025-06-23
11778,22,Organic,2025-05-07
11779,18,Paid ads,2025-08-05
11780,16,Paid ads,2025-04-21
11781,29,Organic,2025-05-25
11782,1,Referral,2025-12-15
11783,9,Organic,2025-07-02
11784,29,Influencer,2025-02-01
11785,1,Paid ads,2025-05-09
11786,28,Paid ads,2025-12-07
11787,7,Paid ads,2025-06-07
11788,9,Organic,2025-07-30
11789,21,Paid ads,2025-12-15
11790,24,Organic,2025-11-22
11791,24,Referral,2025-07-27
11793,29,Organic,2025-10-21
11794,6,Referral,2025-05-18
11795,15,Paid ads,2025-11-25
11796,12,Organic,2025-10-16
11797,4,Organic,2025-08-06
11798,31,Paid ads,2025-12-09
11799,28,Organic,2025-03-06
11800,22,Paid ads,2025-04-27
11801,24,Organic,2025-04-29
11802,11,Influencer,2025-04-29
11803,22,Influencer,2025-06-17
11804,26,Paid ads,2025-07-27
11805,15,Paid ads,2025-05-12
11806,23,Organic,2025-05-30
11807,6,Influencer,2025-04-09
11808,24,Influencer,2025-06-17
11809,26,Paid ads,2025-03-22
11810,21,Organic,2025-07-05
11811,28,Paid ads,2025-04-03
11813,6,Influencer,2025-09-29
11814,27,Influencer,2025-05-08
11815,26,Referral,2025-12-27
11816,32,Organic,2025-04-30
11817,25,Organic,2025-04-13
11818,27,Influencer,2025-03-13
11820,25,Paid ads,2025-09-27
11821,32,Referral,2025-10-27
11822,14,Organic,2025-05-26
11823,10,Organic,2025-07-17
11824,26,Influencer,2025-03-22
11825,32,Referral,2025-09-30
11826,29,Organic,2025-04-24
11827,2,Influencer,2025-09-15
11829,22,Organic,2025-10-31
11831,14,Referral,2025-04-14
11832,19,Paid ads,2025-12-19
11833,10,Organic,2025-07-19
11834,18,Paid ads,2025-09-27
11835,26,Organic,2025-05-13
11836,18,Organic,2025-06-25
11837,26,Paid ads,2025-12-05
11840,30,Paid ads,2025-10-10
11841,28,Organic,2025-12-24
11842,26,Organic,2025-06-16
11843,10,Paid ads,2025-03-05
11844,32,Referral,2025-10-11
11845,26,Paid ads,2025-02-22
11846,23,Paid ads,2025-08-29
11847,27,Organic,2025-11-22
11848,14,Organic,2025-12-31
11849,20,Paid ads,2025-09-17
11850,25,Organic,2025-08-17
11851,26,Organic,2025-03-13
11852,12,Referral,2025-10-24
11853,14,Paid ads,2025-10-03
11854,7,Organic,2025-05-14
11855,19,Referral,2025-04-10
11856,15,Paid ads,2025-07-25
11857,13,Referral,2025-02-10
11858,10,Paid ads,2025-11-02
11859,24,Paid ads,2025-06-13
11860,27,Referral,2025-06-25
11862,25,Paid ads,2025-11-04
11863,7,Paid ads,2025-05-28
11864,31,Referral,2025-04-26
11866,14,Referral,2025-06-14
11867,21,Influencer,2025-09-24
11868,7,Influencer,2025-03-25
11869,12,Organic,2025-08-28
11870,2,Paid ads,2025-06-25
11871,12,Paid ads,2025-09-12
11872,20,Organic,2025-09-10
11873,30,Organic,2025-04-20
11875,27,Organic,2025-08-01
11876,17,Referral,2025-08-07
11877,9,Organic,2025-07-21
11878,27,Influencer,2025-11-19
11879,22,Influencer,2025-12-14
11881,30,Influencer,2025-07-03
11882,21,Organic,2025-09-04
11885,21,Organic,2025-06-21
11886,12,Referral,2025-09-14
11887,20,Paid ads,2025-04-02
11888,20,Influencer,2025-05-17
11890,31,Influencer,2025-10-31
11891,4,Paid ads,2025-08-12
11892,11,Organic,2025-11-14
11893,27,Paid ads,2025-07-30
11894,30,Influencer,2025-07-12
11895,24,Organic,2025-10-04
11896,22,Organic,2025-02-08
11897,22,Organic,2025-06-30
11900,32,Paid ads,2025-05-31
11902,29,Organic,2025-05-18
11903,12,Referral,2025-07-20
11904,23,Organic,2025-09-21
11905,26,Organic,2025-03-08
11907,26,Organic,2025-09-30
11909,14,Paid ads,2025-10-20
11910,23,Organic,2025-07-16
11911,22,Organic,2025-03-15
11912,31,Paid ads,2025-03-24
11913,25,Organic,2025-11-04
11914,13,Organic,2025-04-25
11915,16,Influencer,2025-04-20
11916,16,Paid ads,2025-07-14
11917,25,Organic,2025-12-06
11918,14,Organic,2025-07-14
11920,27,Influencer,2025-11-22
11921,3,Influencer,2025-11-22
11922,23,Organic,2025-08-27
11923,22,Paid ads,2025-06-10
11925,9,Referral,2025-03-09
11926,5,Influencer,2025-07-11
11927,13,Organic,2025-08-13
11928,17,Organic,2025-03-16
11929,18,Referral,2025-06-19
11930,14,Paid ads,2025-12-19
11931,31,Paid ads,2025-05-02
11932,17,Organic,2025-08-09
11933,31,Organic,2025-07-26
11934,10,Organic,2025-05-08
11936,31,Organic,2025-05-19
11937,4,Organic,2025-05-22
11938,25,Influencer,2025-07-22
11940,24,Paid ads,2025-03-10
11942,26,Influencer,2025-04-20
11944,25,Organic,2025-05-12
11945,31,Paid ads,2025-04-20
11946,31,Paid ads,2025-04-24
11947,31,Influencer,2025-04-30
11948,23,Referral,2025-07-16
11949,16,Influencer,2025-08-04
11950,28,Organic,2025-08-16
11951,16,Influencer,2025-04-24
11952,15,Paid ads,2025-10-31
11953,10,Influencer,2025-08-03
11955,19,Referral,2025-10-29
11956,27,Organic,2025-11-17
11958,19,Organic,2025-06-08
11959,31,Paid ads,2025-11-09
11960,20,Referral,2025-05-25
11961,25,Organic,2025-07-06
11962,27,Influencer,2025-11-09
11963,9,Paid ads,2025-03-31
11965,14,Influencer,2025-04-06
11966,24,Paid ads,2025-09-15
11968,4,Organic,2025-08-27
11969,8,Paid ads,2025-10-08
11972,20,Organic,2025-11-11
11976,30,Influencer,2025-09-24
11977,31,Paid ads,2025-08-07
11978,24,Influencer,2025-04-09
11979,21,Influencer,2025-06-16
11980,19,Organic,2025-10-24
11981,9,Paid ads,2025-07-13
11982,23,Paid ads,2025-05-26
11983,25,Referral,2025-11-28
11985,17,Influencer,2025-11-12
11986,8,Organic,2025-10-09
11987,31,Organic,2025-06-12
11988,15,Referral,2025-05-20
11989,5,Organic,2025-10-05
11990,26,Influencer,2025-09-03
11991,27,Influencer,2025-10-23
11992,25,Organic,2025-03-28
11993,25,Organic,2025-03-30
11994,12,Referral,2025-08-24
11995,30,Paid ads,2025-07-30
11996,29,Organic,2025-06-21
11998,6,Organic,2025-12-19
11999,28,Organic,2025-10-18
12000,30,Organic,2025-06-03
12001,17,Referral,2025-04-25
12002,13,Influencer,2025-08-10
12003,27,Referral,2025-11-21
12004,32,Organic,2025-09-21
12005,23,Referral,2025-07-15
12006,28,Paid ads,2025-09-15
12007,18,Paid ads,2025-07-30
12008,3,Organic,2025-06-10
12009,32,Organic,2025-06-24
12010,23,Organic,2025-10-11
12012,9,Paid ads,2025-08-10
12013,22,Organic,2025-06-23
12015,4,Referral,2025-07-28
12016,21,Paid ads,2025-09-13
12017,29,Paid ads,2025-04-02
12018,21,Influencer,2025-10-21
12019,29,Paid ads,2025-08-23
12020,27,Paid ads,2025-08-28
12021,22,Organic,2025-06-06
12022,24,Paid ads,2025-06-02
12023,22,Paid ads,2025-05-16
12024,24,Influencer,2025-10-11
12025,18,Referral,2025-08-12
12026,25,Referral,2025-09-12
12027,30,Paid ads,2025-10-07
12028,13,Organic,2025-05-07
12029,21,Paid ads,2025-03-12
12030,16,Influencer,2025-10-05
12031,4,Organic,2025-06-30
12033,28,Organic,2025-07-06
12034,5,Referral,2025-07-18
12035,32,Organic,2025-07-23
12036,19,Influencer,2025-12-22
12037,3,Referral,2025-09-03
12038,14,Paid ads,2025-10-29
12039,24,Organic,2025-06-17
12040,17,Paid ads,2025-06-04
12041,31,Organic,2025-09-13
12042,30,Paid ads,2025-07-18
12043,32,Organic,2025-06-29
12044,24,Paid ads,2025-06-06
12045,32,Organic,2025-06-28
12046,30,Organic,2025-09-04
12047,23,Paid ads,2025-10-04
12048,7,Influencer,2025-07-30
12049,30,Influencer,2025-07-01
12050,30,Paid ads,2025-10-24
12051,22,Organic,2025-05-24
12052,26,Organic,2025-10-10
12053,31,Influencer,2025-08-05
12054,7,Paid ads,2025-06-13
12055,18,Paid ads,2025-09-03
12056,17,Organic,2025-11-10
12057,21,Influencer,2025-05-04
12058,32,Organic,2025-10-05
12059,14,Paid ads,2025-05-13
12060,11,Organic,2025-02-11
12061,27,Organic,2025-12-16
12062,25,Organic,2025-07-23
12063,21,Organic,2025-07-18
12065,28,Organic,2025-05-26
12066,32,Organic,2025-02-25
12067,9,Organic,2025-05-28
12068,14,Organic,2025-04-09
12070,30,Organic,2025-03-26
12071,14,Paid ads,2025-11-15
12072,13,Paid ads,2025-05-15
12073,16,Organic,2025-06-24
12075,30,Influencer,2025-11-08
12076,32,Organic,2025-10-13
12077,12,Organic,2025-06-25
12081,21,Organic,2025-03-25
12082,30,Organic,2025-07-03
12083,24,Referral,2025-03-19
12084,2,Organic,2025-07-20
12088,22,Paid ads,2025-10-24
12090,26,Organic,2025-03-10
12091,13,Organic,2025-05-28
12092,28,Paid ads,2025-08-26
12093,28,Paid ads,2025-08-01
12098,24,Influencer,2025-11-22
12100,32,Organic,2025-12-11
12101,12,Referral,2025-12-09
12103,13,Influencer,2025-06-06
12105,30,Paid ads,2025-10-06
12107,9,Paid ads,2025-04-26
12108,30,Organic,2025-10-10
12109,4,Paid ads,2025-11-16
12111,12,Influencer,2025-03-12
12112,22,Paid ads,2025-04-28
12113,27,Organic,2025-09-24
12114,9,Paid ads,2025-04-21
12116,26,Referral,2025-05-12
12117,30,Influencer,2025-07-03
12118,19,Paid ads,2025-05-04
12119,32,Paid ads,2025-04-02
12120,10,Organic,2025-10-27
12121,30,Organic,2025-04-02
12122,16,Influencer,2025-03-04
12123,22,Organic,2025-06-24
12124,26,Referral,2025-04-21
12125,14,Influencer,2025-11-12
12126,19,Organic,2025-06-13
12127,5,Influencer,2025-07-26
12128,15,Organic,2025-02-17
12129,32,Referral,2025-07-06
12132,17,Paid ads,2025-04-17
12133,18,Paid ads,2025-06-14
12134,30,Paid ads,2025-05-16
12135,15,Influencer,2025-05-14
12136,8,Organic,2025-07-23
12137,9,Influencer,2025-04-19
12138,16,Referral,2025-06-06
12139,13,Organic,2025-07-06
12140,10,Organic,2025-04-22
12142,14,Paid ads,2025-09-21
12143,31,Referral,2025-09-19
12145,30,Organic,2025-04-03
12147,20,Referral,2025-08-20
12148,17,Organic,2025-07-10
12149,26,Paid ads,2025-03-22
12150,30,Organic,2025-05-12
12151,18,Paid ads,2025-06-11
12152,27,Organic,2025-04-15
12153,12,Organic,2025-11-07
12154,14,Organic,2025-10-09
12155,32,Influencer,2025-09-24
12156,21,Influencer,2025-10-09
12157,24,Influencer,2025-06-03
12158,26,Paid ads,2025-10-28
12159,12,Organic,2025-05-15
12160,15,Organic,2025-07-17
12161,12,Paid ads,2025-07-22
12163,24,Paid ads,2025-07-21
12164,2,Organic,2025-07-13
12166,25,Paid ads,2025-09-29
12168,20,Paid ads,2025-07-02
12169,27,Organic,2025-08-27
12170,9,Referral,2025-08-31
12173,19,Influencer,2025-02-26
12174,12,Organic,2025-03-15
12175,4,Organic,2025-03-11
12177,27,Organic,2025-05-25
12178,32,Organic,2025-07-29
12179,12,Paid ads,2025-06-01
12181,27,Organic,2025-10-31
12182,10,Paid ads,2025-07-18
12184,32,Influencer,2025-09-02
12185,25,Organic,2025-05-23
12186,9,Paid ads,2025-07-17
12188,22,Referral,2025-07-24
12189,12,Paid ads,2025-05-03
12190,29,Organic,2025-07-02
12192,15,Influencer,2025-07-09
12194,1,Referral,2025-04-08
12195,14,Organic,2025-07-26
12196,23,Referral,2025-04-09
12197,23,Paid ads,2025-05-30
12198,10,Referral,2025-05-28
12199,22,Referral,2025-03-19
12200,3,Organic,2025-03-08
12201,27,Paid ads,2025-10-03
12203,20,Influencer,2025-11-03
12204,7,Paid ads,2025-11-24
12205,25,Organic,2025-09-20
12206,4,Paid ads,2025-04-13
12208,13,Paid ads,2025-06-24
12209,32,Influencer,2025-07-17
12210,23,Influencer,2025-03-06
12211,15,Paid ads,2025-07-07
12214,24,Organic,2025-04-20
12215,2,Referral,2025-12-19
12216,18,Organic,2025-07-10
12217,23,Organic,2025-10-01
12218,15,Paid ads,2025-07-12
12219,2,Organic,2025-08-14
12221,32,Influencer,2025-07-22
12222,29,Organic,2025-11-09
12223,26,Influencer,2025-02-15
12224,22,Paid ads,2025-07-07
12226,29,Paid ads,2025-07-25
12227,25,Influencer,2025-11-03
12228,21,Organic,2025-06-11
12229,26,Organic,2025-05-16
12231,25,Organic,2025-03-21
12232,30,Paid ads,2025-11-30
12233,5,Organic,2025-07-17
12236,21,Paid ads,2025-05-04
12238,12,Organic,2025-07-01
12239,28,Referral,2025-12-09
12240,4,Paid ads,2025-07-28
12241,3,Paid ads,2025-10-15
12242,30,Influencer,2025-05-02
12243,23,Organic,2025-07-09
12244,25,Paid ads,2025-04-20
12245,22,Influencer,2025-09-16
12246,21,Referral,2025-07-29
12247,29,Paid ads,2025-09-03
12248,30,Paid ads,2025-03-10
12249,8,Organic,2025-05-04
12250,30,Organic,2025-03-22
12251,32,Organic,2025-07-16
12252,29,Paid ads,2025-04-26
12253,11,Paid ads,2025-04-29
12254,32,Influencer,2025-11-22
12255,20,Organic,2025-06-09
12256,2,Paid ads,2025-08-17
12257,19,Organic,2025-02-13
12259,28,Referral,2025-01-22
12260,24,Organic,2025-03-14
12261,24,Paid ads,2025-08-18
12262,24,Referral,2025-08-01
12263,7,Organic,2025-05-28
12266,29,Organic,2025-12-09
12267,11,Referral,2025-06-19
12268,11,Referral,2025-07-24
12269,23,Referral,2025-08-31
12270,27,Influencer,2025-05-01
12271,29,Paid ads,2025-10-24
12272,30,Organic,2025-07-19
12273,13,Organic,2025-05-22
12274,31,Influencer,2025-05-19
12275,8,Paid ads,2025-05-05
12276,29,Paid ads,2025-09-08
12277,9,Organic,2025-10-21
12278,17,Referral,2025-08-03
12280,30,Referral,2025-04-12
12282,27,Organic,2025-09-04
12283,22,Organic,2025-10-18
12284,11,Organic,2025-11-20
12285,32,Organic,2025-06-27
12287,21,Organic,2025-06-05
12288,13,Organic,2025-09-07
12289,26,Influencer,2025-10-14
12290,21,Referral,2025-04-24
12292,30,Organic,2025-03-09
12293,16,Organic,2025-12-16
12296,14,Paid ads,2025-05-17
12297,23,Organic,2025-08-01
12298,7,Organic,2025-10-08
12299,22,Referral,2025-07-07
12300,5,Organic,2025-04-21
12301,24,Referral,2025-07-12
12302,20,Influencer,2025-06-14
12303,25,Referral,2025-09-18
12304,23,Paid ads,2025-07-17
12305,13,Referral,2025-11-06
12306,5,Organic,2025-06-06
12307,32,Paid ads,2025-08-03
12308,15,Referral,2025-07-19
12309,30,Influencer,2025-10-01
12310,31,Organic,2025-05-25
12311,28,Organic,2025-04-24
12312,14,Organic,2025-07-02
12314,25,Paid ads,2025-07-06
12316,31,Organic,2025-10-24
12317,22,Organic,2025-07-16
12318,26,Organic,2025-11-21
12319,21,Organic,2025-10-15
12321,32,Paid ads,2025-05-08
12323,7,Paid ads,2025-06-29
12324,20,Paid ads,2025-06-05
12325,11,Influencer,2025-10-17
12326,28,Influencer,2025-06-14
12327,22,Organic,2025-07-03
12328,24,Organic,2025-09-22
12329,22,Organic,2025-06-03
12330,2,Influencer,2025-12-05
12331,19,Referral,2025-10-15
12332,7,Influencer,2025-03-27
12333,28,Organic,2025-11-11
12334,18,Paid ads,2025-05-24
12336,17,Organic,2025-05-14
12338,2,Paid ads,2025-03-12
12339,18,Paid ads,2025-08-25
12341,13,Organic,2025-08-31
12342,29,Organic,2025-06-14
12344,29,Organic,2025-03-22
12345,30,Organic,2025-03-03
12346,18,Paid ads,2025-07-23
12347,23,Paid ads,2025-12-26
12348,31,Organic,2025-10-16
12350,21,Referral,2025-08-12
12351,2,Organic,2025-03-13
12352,21,Organic,2025-06-20
12353,29,Organic,2025-10-29
12355,14,Organic,2025-05-08
12356,31,Organic,2025-04-11
12357,29,Organic,2025-10-30
12358,14,Organic,2025-10-08
12360,24,Paid ads,2025-05-30
12361,23,Organic,2025-03-15
12362,20,Organic,2025-06-27
12363,1,Paid ads,2025-08-24
12364,24,Organic,2025-08-24
12365,29,Influencer,2025-07-24
12366,23,Organic,2025-03-30
12367,30,Paid ads,2025-06-13
12370,6,Organic,2025-11-16
12371,1,Organic,2025-04-14
12372,23,Organic,2025-11-18
12373,25,Paid ads,2025-10-07
12374,12,Organic,2025-07-19
12376,24,Organic,2025-08-14
12377,24,Paid ads,2025-05-25
12378,9,Organic,2025-06-15
12381,13,Organic,2025-05-31
12382,9,Paid ads,2025-10-15
12383,20,Organic,2025-12-16
12384,6,Organic,2025-05-01
12385,9,Organic,2025-04-11
12386,32,Influencer,2025-12-20
12387,18,Organic,2025-03-03
12388,1,Influencer,2025-06-22
12389,23,Paid ads,2025-08-14
12390,11,Influencer,2025-04-23
12391,26,Referral,2025-08-22
12392,17,Organic,2025-06-13
12394,22,Organic,2025-11-08
12395,10,Organic,2025-06-16
12396,23,Influencer,2025-08-22
12398,24,Organic,2025-05-10
12399,20,Paid ads,2025-12-19
12400,9,Referral,2025-06-05
12402,26,Paid ads,2025-03-31
12403,30,Referral,2025-10-22
12404,2,Organic,2025-09-28
12405,3,Influencer,2025-03-11
12407,26,Referral,2025-10-02
12408,24,Influencer,2025-08-10
12409,7,Paid ads,2025-06-19
12410,24,Organic,2025-10-02
12411,21,Influencer,2025-04-23
12412,22,Paid ads,2025-06-11
12413,23,Organic,2025-08-31
12414,31,Organic,2025-09-20
12415,26,Organic,2025-05-09
12416,32,Referral,2025-03-01
12418,21,Paid ads,2025-10-07
12420,15,Organic,2025-04-12
12422,32,Influencer,2025-03-07
12423,28,Organic,2025-05-18
12424,26,Paid ads,2025-12-02
12426,2,Organic,2025-06-30
12427,13,Organic,2025-06-23
12428,5,Organic,2025-04-26
12429,7,Organic,2025-06-05
12431,27,Influencer,2025-09-15
12432,32,Organic,2025-09-03
12434,19,Organic,2025-04-10
12435,23,Paid ads,2025-04-07
12436,24,Organic,2025-03-26
12437,30,Influencer,2025-07-28
12438,21,Organic,2025-09-25
12439,17,Paid ads,2025-08-15
12440,5,Referral,2025-10-04
12443,28,Paid ads,2025-06-21
12445,27,Paid ads,2025-07-04
12446,26,Paid ads,2025-05-27
12447,29,Organic,2025-07-30
12448,32,Influencer,2025-04-21
12449,28,Influencer,2025-09-18
12450,30,Paid ads,2025-08-28
12451,21,Paid ads,2025-10-11
12452,22,Paid ads,2025-04-27
12453,6,Organic,2025-10-30
12454,27,Paid ads,2025-06-21
12456,24,Paid ads,2025-06-07
12457,3,Organic,2025-02-10
12458,2,Organic,2025-03-06
12460,29,Referral,2025-11-09
12461,30,Organic,2025-08-07
12462,9,Referral,2025-10-14
12463,28,Influencer,2025-06-24
12464,28,Paid ads,2025-07-29
12465,23,Organic,2025-07-12
12466,18,Paid ads,2025-10-03
12467,28,Organic,2025-08-30
12468,6,Organic,2025-08-29
12469,7,Organic,2025-10-02
12470,22,Organic,2025-10-27
12472,12,Referral,2025-06-01
12474,27,Organic,2025-10-22
12475,31,Organic,2025-04-13
12476,24,Organic,2025-09-01
12479,30,Influencer,2025-06-19
12480,1,Organic,2025-08-14
12481,28,Organic,2025-03-26
12482,8,Organic,2025-10-26
12483,27,Organic,2025-04-01
12485,28,Paid ads,2025-05-20
12486,25,Paid ads,2025-11-05
12488,16,Referral,2025-10-17
12489,22,Paid ads,2025-09-02
12491,28,Referral,2025-11-06
12492,32,Organic,2025-04-13
12493,32,Organic,2025-07-06
12494,14,Organic,2025-04-02
12495,13,Organic,2025-04-02
12496,5,Organic,2025-10-31
12497,30,Organic,2025-08-13
12498,7,Paid ads,2025-10-22
12499,14,Organic,2025-11-19
12500,8,Influencer,2025-08-08
12501,19,Referral,2025-05-08
12502,10,Organic,2025-02-15
12503,5,Referral,2025-11-04
12504,15,Influencer,2025-05-29
12505,29,Organic,2025-06-26
12506,8,Organic,2025-05-22
12508,17,Organic,2025-06-12
12509,21,Referral,2025-08-31
12510,27,Organic,2025-04-08
12511,19,Organic,2025-08-13
12512,1,Paid ads,2025-05-30
12513,15,Organic,2025-08-23
12515,26,Paid ads,2025-05-07
12516,31,Influencer,2025-12-08
12517,23,Organic,2025-07-27
12518,15,Organic,2025-10-25
12519,30,Organic,2025-04-22
12520,21,Referral,2025-06-22
12521,11,Paid ads,2025-04-14
12522,23,Organic,2025-09-13
12523,26,Organic,2025-11-18
12524,26,Organic,2025-11-10
12525,16,Organic,2025-03-26
12526,2,Organic,2025-07-12
12527,20,Organic,2025-04-12
12528,12,Paid ads,2025-10-26
12529,14,Referral,2025-05-25
12530,8,Organic,2025-08-08
12531,9,Organic,2025-07-16
12533,23,Influencer,2025-11-10
12534,12,Organic,2025-12-25
12535,1,Referral,2025-06-23
12536,26,Organic,2025-03-01
12537,9,Paid ads,2025-06-02
12538,19,Paid ads,2025-05-27
12539,28,Referral,2025-06-25
12540,12,Referral,2025-04-13
12541,20,Paid ads,2025-07-11
12542,27,Influencer,2025-10-01
12543,22,Influencer,2025-06-06
12544,28,Organic,2025-12-14
12546,8,Organic,2025-10-10
12548,22,Paid ads,2025-11-17
12549,21,Organic,2025-04-15
12551,19,Referral,2025-08-19
12552,22,Organic,2025-06-19
12553,11,Organic,2025-10-25
12554,4,Organic,2025-06-07
12555,13,Organic,2025-05-07
12557,14,Organic,2025-10-15
12558,23,Organic,2025-08-20
12560,27,Organic,2025-03-12
12561,25,Referral,2025-05-11
12562,19,Paid ads,2025-04-23
12563,23,Organic,2025-05-26
12564,27,Organic,2025-09-10
12565,20,Organic,2025-10-09
12566,20,Paid ads,2025-11-29
12567,22,Organic,2025-10-07
12568,28,Organic,2025-05-24
12569,14,Paid ads,2025-10-05
12570,21,Organic,2025-09-16
12571,25,Organic,2025-05-13
12572,21,Paid ads,2025-08-01
12573,24,Influencer,2025-07-31
12575,27,Organic,2025-10-22
12576,22,Organic,2025-03-03
12577,10,Organic,2025-07-08
12578,27,Paid ads,2025-08-21
12579,24,Organic,2025-06-26
12581,24,Organic,2025-09-07
12582,11,Organic,2025-04-19
12583,19,Influencer,2025-07-26
12584,25,Influencer,2025-08-12
12585,32,Organic,2025-07-27
12586,29,Paid ads,2025-06-13
12587,8,Paid ads,2025-10-15
12588,26,Paid ads,2025-06-05
12589,13,Influencer,2025-02-09
12590,23,Organic,2025-04-27
12591,30,Paid ads,2025-05-26
12593,27,Organic,2025-07-05
12594,15,Paid ads,2025-09-04
12595,31,Organic,2025-05-13
12596,11,Organic,2025-08-14
12597,1,Paid ads,2025-09-17
12598,5,Organic,2025-10-26
12599,23,Referral,2025-06-09
12601,22,Paid ads,2025-11-01
12602,29,Paid ads,2025-06-27
12603,23,Organic,2025-06-25
12604,21,Paid ads,2025-03-23
12605,29,Organic,2025-09-23
12606,18,Influencer,2025-05-15
12607,28,Organic,2025-05-11
12608,29,Organic,2025-07-12
12610,23,Referral,2025-07-02
12611,25,Paid ads,2025-04-22
12613,1,Organic,2025-04-24
12614,32,Organic,2025-08-20
12615,31,Paid ads,2025-08-07
12616,29,Paid ads,2025-11-13
12617,17,Paid ads,2025-06-14
12618,3,Referral,2025-07-27
12619,17,Referral,2025-10-09
12620,19,Organic,2025-07-01
12622,30,Paid ads,2025-05-11
12626,25,Organic,2025-12-25
12627,32,Organic,2025-11-07
12629,10,Referral,2025-08-21
12630,9,Organic,2025-03-02
12631,24,Paid ads,2025-09-10
12632,32,Organic,2025-10-03
12633,30,Influencer,2025-09-17
12634,25,Organic,2025-10-13
12635,24,Influencer,2025-04-12
12636,31,Paid ads,2025-10-12
12637,18,Paid ads,2025-08-20
12639,20,Organic,2025-11-23
12641,10,Paid ads,2025-09-09
12646,15,Influencer,2025-09-15
12647,9,Influencer,2025-06-17
12648,24,Influencer,2025-07-13
12649,31,Referral,2025-05-22
12651,25,Organic,2025-02-06
12654,26,Organic,2025-06-25
12655,9,Organic,2025-05-05
12656,2,Referral,2025-10-28
12658,27,Referral,2025-09-17
12659,21,Organic,2025-09-13
12660,8,Paid ads,2025-04-01
12661,10,Paid ads,2025-08-02
12662,20,Organic,2025-04-20
12665,13,Influencer,2025-09-17
12667,3,Organic,2025-08-15
12668,5,Influencer,2025-08-03
12670,24,Organic,2025-03-30
12671,18,Organic,2025-08-29
12672,1,Referral,2025-09-15
12673,28,Organic,2025-06-25
12674,29,Paid ads,2025-04-30
12675,30,Organic,2025-07-01
12676,27,Paid ads,2025-08-27
12677,27,Paid ads,2025-10-24
12678,27,Organic,2025-06-12
12679,2,Paid ads,2025-10-05
12680,15,Organic,2025-10-13
12681,31,Referral,2025-01-19
12682,14,Influencer,2025-07-01
12683,11,Paid ads,2025-03-29
12684,1,Organic,2025-08-23
12685,31,Organic,2025-08-03
12686,26,Referral,2025-04-17
12688,10,Organic,2025-05-31
12689,9,Influencer,2025-10-17
12690,9,Paid ads,2025-08-13
12691,9,Paid ads,2025-06-22
12692,20,Influencer,2025-09-05
12693,32,Paid ads,2025-08-26
12694,24,Paid ads,2025-10-14
12695,6,Organic,2025-09-07
12696,12,Paid ads,2025-05-03
12698,19,Organic,2025-10-03
12699,12,Referral,2025-04-02
12700,15,Organic,2025-05-17
12701,22,Organic,2025-03-03
12702,14,Influencer,2025-08-09
12703,3,Organic,2025-04-12
12704,30,Paid ads,2025-03-28
12705,18,Paid ads,2025-08-17
12706,27,Paid ads,2025-08-22
12708,19,Organic,2025-06-10
12709,10,Organic,2025-09-21
12710,30,Referral,2025-10-17
12711,13,Organic,2025-05-14
12712,19,Paid ads,2025-05-02
12714,24,Paid ads,2025-05-11
12716,28,Paid ads,2025-03-05
12717,18,Referral,2025-08-03
12718,12,Influencer,2025-03-28
12720,7,Influencer,2025-07-24
12721,21,Influencer,2025-11-06
12722,28,Organic,2025-07-14
12723,17,Organic,2025-06-11
12725,3,Organic,2025-11-03
12726,30,Referral,2025-06-25
12727,12,Organic,2025-09-26
12728,15,Influencer,2025-08-12
12731,23,Referral,2025-06-27
12732,25,Paid ads,2025-12-21
12733,29,Organic,2025-04-14
12734,30,Influencer,2025-05-15
12736,10,Organic,2025-05-08
12737,9,Referral,2025-02-01
12738,3,Referral,2025-06-23
12739,17,Organic,2025-05-07
12741,23,Influencer,2025-05-27
12742,15,Organic,2025-05-30
12743,16,Paid ads,2025-07-25
12744,31,Organic,2025-12-08
12745,26,Referral,2025-04-13
12747,9,Paid ads,2025-04-29
12748,26,Influencer,2025-10-22
12749,28,Paid ads,2025-12-02
12750,32,Organic,2025-06-11
12751,28,Organic,2025-06-16
12752,25,Influencer,2025-12-26
12753,21,Paid ads,2025-10-16
12754,18,Influencer,2025-05-07
12755,4,Organic,2025-06-11
12757,12,Organic,2025-10-17
12758,13,Organic,2025-09-02
12759,19,Paid ads,2025-05-29
12760,19,Referral,2025-07-30
12761,25,Paid ads,2025-10-16
12762,5,Organic,2025-04-04
12763,13,Organic,2025-04-17
12764,30,Influencer,2025-09-13
12765,24,Organic,2025-10-10
12767,20,Referral,2025-03-17
12768,13,Referral,2025-06-18
12770,15,Referral,2025-07-01
12771,32,Influencer,2025-06-18
12772,22,Referral,2025-09-24
12773,7,Paid ads,2025-05-29
12774,32,Organic,2025-07-11
12777,22,Organic,2025-05-19
12778,2,Paid ads,2025-03-07
12779,30,Influencer,2025-03-22
12781,19,Paid ads,2025-10-22
12782,11,Referral,2025-04-21
12783,21,Referral,2025-06-28
12784,12,Paid ads,2025-03-08
12785,17,Paid ads,2025-12-06
12786,3,Referral,2025-05-25
12787,19,Referral,2025-07-23
12789,27,Organic,2025-08-16
12790,32,Referral,2025-10-22
12791,25,Organic,2025-06-11
12795,30,Paid ads,2025-12-15
12796,28,Paid ads,2025-10-02
12797,32,Referral,2025-11-11
12799,15,Paid ads,2025-06-26
12800,14,Organic,2025-06-30
12802,25,Paid ads,2025-07-06
12803,24,Paid ads,2025-07-13
12804,23,Organic,2025-07-08
12805,27,Influencer,2025-10-18
12806,32,Paid ads,2025-11-09
12807,28,Organic,2025-07-01
12808,10,Referral,2025-09-15
12809,13,Paid ads,2025-05-27
12810,29,Organic,2025-08-07
12811,29,Organic,2025-08-28
12812,10,Organic,2025-05-14
12813,23,Organic,2025-06-14
12814,12,Organic,2025-05-26
12816,21,Referral,2025-08-02
12817,26,Paid ads,2025-07-18
12819,14,Influencer,2025-11-24
12821,20,Paid ads,2025-08-08
12822,28,Organic,2025-09-13
12823,20,Organic,2025-04-18
12824,15,Referral,2025-07-26
12826,23,Paid ads,2025-02-21
12827,30,Organic,2025-06-20
12828,28,Referral,2025-06-07
12831,22,Organic,2025-10-14
12832,31,Organic,2025-07-20
12833,25,Organic,2025-04-22
12834,30,Organic,2025-10-06
12835,24,Organic,2025-05-22
12837,13,Referral,2025-06-16
12838,31,Paid ads,2025-05-03
12839,19,Organic,2025-05-18
12842,14,Organic,2025-12-08
12843,29,Organic,2025-07-08
12844,24,Paid ads,2025-05-29
12846,24,Organic,2025-06-14
12847,22,Organic,2025-10-01
12848,10,Organic,2025-07-01
12849,30,Referral,2025-07-21
12850,13,Influencer,2025-07-02
12851,23,Organic,2025-04-27
12852,6,Referral,2025-04-12
12853,21,Referral,2025-09-28
12854,1,Influencer,2025-07-16
12855,8,Paid ads,2025-06-18
12856,21,Influencer,2025-07-23
12857,29,Influencer,2025-04-28
12859,21,Paid ads,2025-05-18
12860,13,Organic,2025-06-25
12861,3,Referral,2025-09-14
12862,3,Organic,2025-11-23
12863,17,Influencer,2025-05-09
12864,20,Influencer,2025-08-22
12865,10,Organic,2025-05-22
12866,21,Paid ads,2025-09-20
12867,19,Organic,2025-08-02
12868,17,Organic,2025-04-20
12869,16,Paid ads,2025-05-27
12870,32,Organic,2025-04-28
12871,14,Organic,2025-10-25
12873,21,Paid ads,2025-11-13
12874,29,Paid ads,2025-06-23
12875,10,Referral,2025-06-11
12876,26,Paid ads,2025-04-16
12877,3,Paid ads,2025-08-16
12878,20,Organic,2025-10-12
12879,25,Organic,2025-07-02
12880,32,Organic,2025-04-12
12881,25,Paid ads,2025-10-07
12882,22,Paid ads,2025-06-12
12884,25,Referral,2025-04-09
12885,24,Organic,2025-11-05
12887,10,Organic,2025-10-26
12888,29,Influencer,2025-06-26
12889,22,Organic,2025-11-24
12890,17,Organic,2025-07-27
12891,31,Organic,2025-06-14
12892,31,Paid ads,2025-08-05
12893,9,Paid ads,2025-10-08
12894,26,Organic,2025-09-14
12895,12,Referral,2025-04-19
12896,11,Organic,2025-04-10
12897,25,Influencer,2025-03-12
12898,26,Organic,2025-08-11
12899,7,Paid ads,2025-06-29
12900,27,Referral,2025-02-25
12902,26,Referral,2025-04-14
12903,25,Organic,2025-05-06
12904,32,Referral,2025-11-12
12905,22,Organic,2025-08-11
12906,21,Paid ads,2025-09-07
12907,20,Organic,2025-09-09
12908,12,Organic,2025-09-25
12909,18,Referral,2025-11-19
12910,2,Influencer,2025-05-12
12911,22,Organic,2025-06-13
12912,22,Organic,2025-07-23
12913,29,Organic,2025-04-16
12914,15,Influencer,2025-06-14
12916,15,Paid ads,2025-08-24
12918,5,Paid ads,2025-07-17
12920,16,Organic,2025-07-14
12921,6,Paid ads,2025-09-02
12922,30,Referral,2025-05-22
12923,30,Organic,2025-11-30
12924,12,Influencer,2025-04-25
12925,31,Paid ads,2025-10-30
12926,28,Organic,2025-08-18
12927,30,Organic,2025-08-29
12928,21,Referral,2025-06-27
12929,20,Organic,2025-10-08
12930,24,Influencer,2025-11-09
12932,12,Influencer,2025-08-14
12933,7,Organic,2025-07-31
12935,12,Influencer,2025-04-17
12937,27,Referral,2025-08-09
12938,18,Referral,2025-04-11
12939,14,Referral,2025-06-27
12941,29,Referral,2025-11-03
12942,9,Influencer,2025-06-18
12943,22,Organic,2025-03-09
12944,5,Referral,2025-09-04
12945,30,Organic,2025-10-01
12946,32,Organic,2025-06-22
12947,25,Organic,2025-07-01
12948,30,Influencer,2025-07-30
12949,19,Referral,2025-09-19
12950,23,Influencer,2025-10-01
12952,31,Referral,2025-07-24
12953,9,Paid ads,2025-10-11
12954,29,Organic,2025-08-22
12955,12,Organic,2025-07-25
12956,28,Organic,2025-04-28
12957,28,Paid ads,2025-07-29
12958,30,Paid ads,2025-05-11
12959,24,Organic,2025-05-24
12960,23,Organic,2025-05-06
12964,18,Paid ads,2025-10-06
12965,28,Organic,2025-07-27
12966,31,Referral,2025-05-29
12967,32,Referral,2025-08-25
12968,14,Paid ads,2025-04-06
12969,32,Paid ads,2025-10-31
12970,16,Organic,2025-05-17
12971,22,Influencer,2025-06-16
12972,21,Influencer,2025-08-31
12973,23,Influencer,2025-08-16
12974,28,Referral,2025-04-21
12975,4,Paid ads,2025-08-08
12978,17,Influencer,2025-09-13
12979,25,Organic,2025-11-22
12980,1,Referral,2025-11-02
12981,28,Organic,2025-06-08
12982,12,Referral,2025-06-29
12983,15,Organic,2025-11-12
12985,10,Influencer,2025-10-13
12986,15,Paid ads,2025-06-27
12987,31,Organic,2025-06-30
12988,25,Influencer,2025-06-09
12990,23,Influencer,2025-06-14
12991,25,Organic,2025-06-07
12992,17,Paid ads,2025-07-03
12994,30,Influencer,2025-03-22
12995,22,Paid ads,2025-07-30
12996,26,Organic,2025-02-08
12997,28,Referral,2025-04-30
12999,10,Influencer,2025-08-03
13000,22,Organic,2025-05-18
13001,10,Referral,2025-08-04
13002,22,Influencer,2025-08-31
13003,10,Influencer,2025-11-11
13004,32,Influencer,2025-08-04
13005,32,Influencer,2025-06-18
13006,24,Influencer,2025-08-22
13007,19,Organic,2025-08-14
13008,19,Influencer,2025-02-17
13009,15,Referral,2025-08-05
13010,26,Organic,2025-11-17
13011,23,Paid ads,2025-07-25
13012,30,Organic,2025-08-20
13013,32,Paid ads,2025-04-10
13015,15,Organic,2025-12-22
13016,13,Referral,2025-07-28
13017,2,Referral,2025-05-23
13019,29,Paid ads,2025-11-16
13020,15,Referral,2025-08-02
13023,30,Organic,2025-06-11
13024,24,Influencer,2025-04-24
13025,11,Organic,2025-11-12
13026,31,Paid ads,2025-09-05
13027,25,Influencer,2025-11-09
13028,6,Organic,2025-07-26
13029,30,Organic,2025-11-08
13030,14,Referral,2025-06-13
13031,26,Organic,2025-06-07
13032,25,Referral,2025-09-06
13033,22,Organic,2025-12-27
13034,9,Organic,2025-08-29
13035,25,Organic,2025-10-22
13036,15,Organic,2025-10-25
13037,29,Organic,2025-06-01
13038,19,Referral,2025-10-18
13039,17,Influencer,2025-11-06
13040,27,Organic,2025-07-14
13041,16,Organic,2025-09-12
13043,28,Referral,2025-02-05
13044,26,Influencer,2025-06-16
13045,6,Organic,2025-07-05
13046,11,Organic,2025-06-30
13049,5,Paid ads,2025-05-17
13050,23,Organic,2025-05-02
13051,22,Paid ads,2025-06-19
13052,29,Organic,2025-11-20
13053,20,Paid ads,2025-02-23
13054,20,Paid ads,2025-10-16
13055,20,Paid ads,2025-08-11
13056,26,Influencer,2025-04-09
13057,21,Influencer,2025-10-03
13058,30,Organic,2025-04-26
13059,25,Organic,2025-11-11
13060,24,Paid ads,2025-07-28
13062,25,Organic,2025-08-03
13063,25,Paid ads,2025-10-09
13064,24,Organic,2025-10-06
13065,11,Organic,2025-05-23
13066,21,Paid ads,2025-05-01
13067,11,Influencer,2025-11-25
13068,28,Organic,2025-12-18
13069,29,Referral,2025-03-20
13071,9,Organic,2025-05-28
13073,19,Paid ads,2025-06-26
13074,23,Paid ads,2025-05-23
13075,14,Paid ads,2025-09-27
13076,26,Organic,2025-04-18
13077,30,Organic,2025-07-21
13078,15,Organic,2025-08-10
13079,28,Organic,2025-07-05
13080,28,Organic,2025-05-09
13081,27,Organic,2025-02-03
13082,32,Influencer,2025-06-28
13084,14,Organic,2025-08-05
13085,22,Influencer,2025-07-05
13086,26,Paid ads,2025-06-29
13088,27,Organic,2025-07-19
13089,30,Paid ads,2025-03-12
13090,17,Organic,2025-05-20
13091,29,Organic,2025-08-03
13093,9,Referral,2025-08-17
13094,28,Paid ads,2025-08-17
13096,6,Influencer,2025-09-15
13101,12,Organic,2025-07-10
13102,26,Organic,2025-05-29
13103,32,Referral,2025-07-16
13104,14,Organic,2025-10-19
13105,6,Organic,2025-11-25
13106,22,Organic,2025-05-23
13107,23,Referral,2025-12-22
13108,10,Paid ads,2025-06-07
13109,21,Referral,2025-08-15
13110,26,Organic,2025-09-02
13111,32,Paid ads,2025-10-03
13112,26,Paid ads,2025-05-23
13113,15,Referral,2025-05-24
13114,30,Organic,2025-07-22
13115,28,Organic,2025-08-25
13118,24,Organic,2025-08-11
13121,4,Organic,2025-05-09
13122,24,Organic,2025-07-29
13124,28,Referral,2025-11-19
13125,18,Organic,2025-09-02
13126,24,Paid ads,2025-03-05
13128,31,Organic,2025-04-25
13130,1,Referral,2025-05-26
13131,21,Organic,2025-07-13
13133,27,Organic,2025-04-08
13134,26,Influencer,2025-10-16
13135,27,Paid ads,2025-08-11
13136,30,Paid ads,2025-05-19
13138,17,Paid ads,2025-04-22
13139,1,Referral,2025-08-04
13140,22,Organic,2025-08-26
13141,1,Organic,2025-04-19
13142,21,Organic,2025-07-01
13143,30,Organic,2025-05-25
13144,6,Organic,2025-07-03
13145,9,Paid ads,2025-07-14
13147,21,Organic,2025-10-14
13149,13,Organic,2025-09-04
13150,25,Paid ads,2025-12-01
13154,21,Organic,2025-06-08
13156,22,Organic,2025-09-29
13157,23,Influencer,2025-06-18
13158,24,Organic,2025-07-25
13159,31,Referral,2025-05-14
13160,17,Organic,2025-08-18
13161,26,Paid ads,2025-06-08
13163,23,Organic,2025-02-09
13165,24,Paid ads,2025-06-21
13166,26,Influencer,2025-08-04
13167,15,Paid ads,2025-11-20
13168,23,Influencer,2025-04-27
13169,9,Influencer,2025-10-24
13170,28,Organic,2025-10-03
13171,22,Organic,2025-09-12
13173,25,Organic,2025-04-22
13174,26,Paid ads,2025-04-25
13175,25,Organic,2025-07-02
13176,16,Referral,2025-05-20
13177,6,Organic,2025-11-25
13179,22,Paid ads,2025-05-30
13180,28,Paid ads,2025-10-07
13181,32,Paid ads,2025-09-06
13182,23,Organic,2025-07-25
13183,22,Organic,2025-07-21
13184,12,Organic,2025-09-06
13185,13,Referral,2025-09-29
13186,23,Organic,2025-06-26
13187,9,Paid ads,2025-11-17
13190,17,Paid ads,2025-10-05
13191,12,Organic,2025-05-26
13192,5,Referral,2025-07-25
13193,16,Referral,2025-06-30
13194,14,Paid ads,2025-07-05
13195,5,Organic,2025-06-08
13196,24,Paid ads,2025-10-22
13197,22,Organic,2025-03-19
13198,9,Influencer,2025-11-16
13199,30,Paid ads,2025-08-15
13200,10,Organic,2025-08-17
13201,10,Paid ads,2025-09-06
13202,3,Paid ads,2025-07-18
13203,21,Organic,2025-08-07
13204,1,Paid ads,2025-06-28
13205,24,Paid ads,2025-11-09
13206,30,Paid ads,2025-08-05
13207,28,Influencer,2025-08-27
13208,23,Paid ads,2025-10-12
13209,7,Paid ads,2025-10-23
13210,22,Referral,2025-07-07
13211,9,Referral,2025-04-11
13212,28,Organic,2025-04-20
13213,9,Paid ads,2025-08-28
13214,9,Organic,2025-06-29
13216,19,Organic,2025-02-10
13217,20,Paid ads,2025-07-03
13218,24,Paid ads,2025-10-06
13219,13,Paid ads,2025-03-18
13220,9,Influencer,2025-11-25
13221,5,Influencer,2025-02-16
13222,31,Influencer,2025-08-09
13223,24,Paid ads,2025-04-17
13224,25,Referral,2025-05-06
13226,26,Organic,2025-04-23
13227,23,Organic,2025-06-07
13229,27,Organic,2025-10-21
13230,15,Organic,2025-04-25
13231,21,Organic,2025-07-16
13232,8,Paid ads,2025-10-19
13234,23,Influencer,2025-07-15
13236,21,Influencer,2025-09-25
13237,17,Organic,2025-12-20
13238,15,Paid ads,2025-07-20
13239,23,Influencer,2025-04-17
13241,7,Influencer,2025-05-16
13242,14,Referral,2025-06-22
13243,25,Organic,2025-09-30
13244,25,Referral,2025-08-24
13245,4,Organic,2025-05-24
13246,32,Referral,2025-07-26
13247,22,Organic,2025-10-14
13248,26,Referral,2025-06-18
13249,10,Influencer,2025-08-30
13250,13,Organic,2025-07-10
13251,10,Organic,2025-05-22
13253,4,Paid ads,2025-06-15
13254,27,Organic,2025-08-11
13255,32,Organic,2025-10-02
13256,10,Organic,2025-07-15
13257,30,Referral,2025-03-27
13258,12,Influencer,2025-04-25
13259,11,Organic,2025-03-28
13260,28,Paid ads,2025-07-26
13261,28,Referral,2025-06-23
13262,31,Organic,2025-05-22
13264,21,Organic,2025-11-23
13265,30,Influencer,2025-10-09
13267,10,Organic,2025-01-22
13268,16,Paid ads,2025-05-31
13269,12,Organic,2025-09-02
13270,1,Referral,2025-06-20
13271,24,Referral,2025-08-19
13272,28,Organic,2025-04-24
13273,26,Organic,2025-05-26
13274,17,Paid ads,2025-11-08
13276,31,Referral,2025-09-20
13277,15,Organic,2025-05-16
13278,11,Organic,2025-11-28
13280,23,Organic,2025-03-28
13281,25,Referral,2025-10-09
13282,21,Organic,2025-04-27
13284,2,Organic,2025-05-31
13285,23,Organic,2025-06-11
13287,10,Organic,2025-11-27
13288,3,Influencer,2025-11-30
13291,19,Influencer,2025-02-21
13292,18,Influencer,2025-06-10
13294,8,Influencer,2025-09-10
13295,32,Referral,2025-10-16
13296,29,Organic,2025-06-15
13298,22,Paid ads,2025-07-10
13299,15,Paid ads,2025-05-22
13300,2,Paid ads,2025-07-20
13302,30,Organic,2025-06-11
13303,29,Paid ads,2025-09-09
13304,9,Paid ads,2025-11-05
13305,31,Paid ads,2025-09-03
13307,23,Paid ads,2025-04-24
13308,27,Organic,2025-10-14
13309,15,Organic,2025-06-25
13310,15,Organic,2025-10-25
13312,30,Organic,2025-05-13
13313,20,Organic,2025-07-04
13314,25,Paid ads,2025-07-19
13315,14,Organic,2025-03-12
13316,26,Paid ads,2025-04-07
13317,30,Organic,2025-08-14
13318,10,Organic,2025-11-23
13319,17,Organic,2025-10-06
13320,14,Paid ads,2025-07-13
13322,18,Organic,2025-03-25
13323,20,Influencer,2025-05-30
13324,26,Paid ads,2025-09-19
13325,20,Referral,2025-03-01
13326,23,Organic,2025-07-09
13328,31,Paid ads,2025-08-16
13329,28,Influencer,2025-07-27
13330,26,Paid ads,2025-02-07
13331,12,Organic,2025-06-23
13332,15,Organic,2025-09-08
13333,3,Organic,2025-04-30
13335,25,Organic,2025-09-04
13336,9,Influencer,2025-08-12
13337,21,Referral,2025-04-11
13338,27,Organic,2025-09-03
13340,32,Referral,2025-07-29
13343,28,Paid ads,2025-02-18
13344,25,Organic,2025-12-07
13345,16,Organic,2025-06-03
13346,15,Referral,2025-10-17
13347,22,Organic,2025-12-10
13348,1,Paid ads,2025-04-07
13349,31,Influencer,2025-08-02
13350,19,Referral,2025-11-03
13351,21,Paid ads,2025-10-05
13352,13,Organic,2025-03-23
13353,32,Paid ads,2025-06-28
13354,23,Paid ads,2025-07-16
13355,4,Organic,2025-06-26
13357,1,Organic,2025-08-28
13358,14,Organic,2025-07-26
13359,15,Organic,2025-12-13
13360,19,Paid ads,2025-09-25
13362,13,Influencer,2025-07-21
13364,23,Influencer,2025-09-06
13365,26,Organic,2025-12-21
13366,4,Organic,2025-11-11
13371,32,Referral,2025-09-14
13372,24,Organic,2025-02-22
13374,7,Organic,2025-03-12
13375,23,Referral,2025-09-10
13377,8,Organic,2025-12-04
13378,32,Paid ads,2025-09-03
13379,15,Organic,2025-05-08
13380,8,Paid ads,2025-11-15
13381,7,Organic,2025-07-26
13382,31,Paid ads,2025-05-13
13383,9,Organic,2025-06-02
13384,10,Referral,2025-08-22
13385,15,Influencer,2025-06-06
13386,22,Referral,2025-12-28
13387,7,Organic,2025-07-05
13388,25,Paid ads,2025-07-13
13390,29,Referral,2025-11-11
13391,31,Organic,2025-10-06
13392,5,Organic,2025-06-03
13393,1,Organic,2025-10-28
13395,9,Organic,2025-06-11
13396,30,Referral,2025-12-16
13397,14,Influencer,2025-11-08
13399,3,Referral,2025-05-08
13400,8,Organic,2025-08-05
13401,29,Organic,2025-06-24
13402,31,Organic,2025-10-16
13403,1,Influencer,2025-06-08
13404,22,Organic,2025-10-12
13405,7,Paid ads,2025-03-17
13406,23,Influencer,2025-05-31
13407,18,Paid ads,2025-06-29
13408,4,Organic,2025-08-01
13409,29,Organic,2025-08-12
13410,12,Organic,2025-05-12
13411,25,Organic,2025-07-09
13412,31,Organic,2025-10-17
13413,20,Referral,2025-10-05
13414,31,Paid ads,2025-11-24
13415,25,Organic,2025-10-05
13416,14,Organic,2025-05-14
13417,8,Organic,2025-03-09
13418,17,Organic,2025-11-15
13419,11,Paid ads,2025-07-13
13421,32,Referral,2025-05-30
13422,15,Organic,2025-10-17
13424,31,Referral,2025-08-30
13425,24,Referral,2025-05-27
13426,29,Organic,2025-04-24
13427,26,Organic,2025-04-09
13428,29,Referral,2025-08-13
13429,27,Organic,2025-11-15
13431,27,Paid ads,2025-08-21
13433,27,Paid ads,2025-06-10
13435,25,Organic,2025-04-04
13436,20,Influencer,2025-04-29
13437,27,Organic,2025-07-31
13438,2,Organic,2025-07-28
13439,24,Organic,2025-09-23
13440,30,Paid ads,2025-05-11
13441,4,Organic,2025-04-27
13443,30,Referral,2025-08-11
13444,24,Organic,2025-04-28
13445,31,Paid ads,2025-05-25
13446,20,Paid ads,2025-05-17
13448,12,Paid ads,2025-08-15
13449,9,Paid ads,2025-09-04
13451,24,Organic,2025-10-31
13452,13,Referral,2025-09-13
13454,7,Organic,2025-07-10
13455,12,Organic,2025-05-31
13456,30,Organic,2025-10-29
13457,29,Referral,2025-10-19
13459,23,Referral,2025-08-26
13460,18,Paid ads,2025-03-22
13461,4,Referral,2025-11-27
13463,28,Organic,2025-09-18
13464,20,Organic,2025-04-13
13465,7,Organic,2025-09-19
13466,23,Organic,2025-10-29
13467,25,Paid ads,2025-07-16
13468,16,Referral,2025-03-07
13469,25,Influencer,2025-10-26
13470,24,Referral,2025-06-29
13471,16,Organic,2025-08-03
13472,10,Referral,2025-06-25
13473,30,Organic,2025-10-14
13474,24,Referral,2025-08-21
13475,11,Organic,2025-06-28
13476,25,Paid ads,2025-10-04
13477,24,Referral,2025-06-05
13478,32,Organic,2025-07-20
13480,17,Paid ads,2025-08-28
13484,18,Organic,2025-10-01
13485,25,Influencer,2025-07-04
13486,13,Paid ads,2025-06-24
13488,29,Paid ads,2025-06-14
13489,3,Referral,2025-05-11
13490,4,Organic,2025-07-26
13492,3,Organic,2025-10-14
13493,23,Paid ads,2025-10-12
13494,19,Paid ads,2025-08-28
13495,31,Organic,2025-05-31
13496,26,Referral,2025-09-21
13497,7,Organic,2025-04-22
13498,6,Referral,2025-09-21
13499,7,Organic,2025-10-26
13503,6,Paid ads,2025-05-13
13504,27,Organic,2025-11-11
13506,16,Influencer,2025-11-12
13508,7,Referral,2025-05-07
13509,28,Organic,2025-03-31
13511,11,Paid ads,2025-06-12
13512,10,Organic,2025-08-13
13514,12,Paid ads,2025-06-05
13515,31,Organic,2025-06-23
13517,28,Paid ads,2025-08-11
13518,15,Organic,2025-11-10
13520,18,Referral,2025-05-16
13521,21,Paid ads,2025-09-19
13522,24,Organic,2025-08-01
13523,24,Paid ads,2025-04-23
13524,5,Organic,2025-10-05
13526,24,Organic,2025-11-15
13527,18,Organic,2025-07-15
13528,21,Organic,2025-07-30
13529,32,Influencer,2025-11-25
13530,26,Organic,2025-05-27
13531,9,Referral,2025-09-29
13533,4,Organic,2025-06-18
13534,21,Organic,2025-03-07
13535,26,Influencer,2025-03-16
13536,14,Organic,2025-08-01
13537,31,Organic,2025-06-23
13538,25,Organic,2025-03-25
13539,18,Paid ads,2025-06-18
13541,26,Paid ads,2025-08-18
13543,18,Paid ads,2025-08-05
13544,22,Influencer,2025-07-04
13545,13,Referral,2025-09-20
13546,13,Paid ads,2025-07-25
13547,30,Organic,2025-12-22
13549,26,Organic,2025-11-05
13551,15,Organic,2025-06-24
13552,23,Organic,2025-07-24
13553,14,Paid ads,2025-07-26
13554,23,Paid ads,2025-10-19
13555,26,Influencer,2025-12-11
13556,27,Organic,2025-07-15
13559,4,Paid ads,2025-06-30
13560,32,Referral,2025-07-24
13561,12,Organic,2025-07-09
13565,30,Organic,2025-06-06
13566,19,Paid ads,2025-11-28
13567,21,Influencer,2025-04-10
13568,18,Influencer,2025-08-08
13569,9,Referral,2025-07-09
13570,31,Organic,2025-12-21
13571,24,Paid ads,2025-05-10
13572,23,Paid ads,2025-10-12
13573,27,Paid ads,2025-06-13
13574,32,Paid ads,2025-03-06
13575,27,Organic,2025-11-12
13576,23,Paid ads,2025-05-16
13577,16,Paid ads,2025-11-30
13579,3,Referral,2025-02-15
13581,29,Organic,2025-06-30
13582,28,Organic,2025-09-08
13583,23,Organic,2025-06-03
13584,27,Paid ads,2025-03-28
13585,17,Organic,2025-10-08
13586,32,Organic,2025-05-21
13588,18,Paid ads,2025-09-16
13589,16,Organic,2025-07-22
13590,31,Influencer,2025-06-19
13591,30,Organic,2025-05-06
13592,27,Organic,2025-09-05
13593,11,Organic,2025-08-27
13594,7,Paid ads,2025-07-26
13595,3,Organic,2025-07-15
13596,1,Organic,2025-11-25
13597,26,Organic,2025-04-06
13598,13,Referral,2025-02-25
13600,31,Organic,2025-07-28
13601,25,Paid ads,2025-10-08
13602,26,Organic,2025-06-01
13603,1,Influencer,2025-10-01
13605,20,Paid ads,2025-09-29
13606,27,Influencer,2025-08-01
13607,22,Referral,2025-06-12
13608,14,Organic,2025-06-28
13609,6,Paid ads,2025-04-22
13611,4,Influencer,2025-10-19
13612,13,Paid ads,2025-05-08
13613,20,Paid ads,2025-10-14
13614,11,Organic,2025-04-24
13615,13,Organic,2025-04-01
13616,18,Organic,2025-05-16
13618,16,Influencer,2025-10-06
13619,26,Influencer,2025-07-20
13620,19,Organic,2025-05-11
13622,30,Influencer,2025-05-08
13623,16,Organic,2025-06-01
13625,23,Organic,2025-08-22
13626,18,Paid ads,2025-09-23
13628,28,Influencer,2025-12-01
13631,19,Organic,2025-05-14
13633,18,Influencer,2025-04-02
13634,14,Organic,2025-10-10
13635,31,Organic,2025-05-09
13636,31,Paid ads,2025-10-08
13637,20,Influencer,2025-05-27
13638,32,Paid ads,2025-10-18
13639,20,Influencer,2025-05-15
13641,4,Organic,2025-08-19
13642,28,Referral,2025-06-25
13645,31,Organic,2025-05-24
13646,30,Organic,2025-10-15
13647,25,Organic,2025-04-30
13648,23,Organic,2025-09-29
13649,16,Organic,2025-12-17
13650,27,Paid ads,2025-05-01
13651,32,Organic,2025-05-06
13655,11,Organic,2025-10-11
13656,31,Organic,2025-11-13
13658,20,Paid ads,2025-11-11
13659,29,Influencer,2025-03-28
13661,25,Organic,2025-09-19
13662,27,Paid ads,2025-04-30
13665,22,Paid ads,2025-12-19
13666,21,Paid ads,2025-05-27
13667,17,Influencer,2025-07-06
13668,24,Referral,2025-08-18
13669,11,Paid ads,2025-09-25
13670,29,Organic,2025-11-25
13671,27,Influencer,2025-05-30
13672,10,Organic,2025-07-17
13674,25,Paid ads,2025-11-05
13676,21,Organic,2025-06-14
13677,11,Paid ads,2025-04-25
13678,12,Paid ads,2025-04-06
13679,28,Influencer,2025-07-24
13680,25,Influencer,2025-10-18
13681,18,Paid ads,2025-09-02
13682,25,Organic,2025-10-30
13683,29,Referral,2025-02-18
13684,27,Organic,2025-11-11
13685,13,Referral,2025-06-20
13686,23,Paid ads,2025-09-11
13687,28,Organic,2025-07-23
13690,32,Organic,2025-12-03
13692,27,Organic,2025-07-02
13695,32,Organic,2025-02-15
13697,14,Paid ads,2025-09-30
13698,31,Paid ads,2025-09-12
13699,17,Referral,2025-11-25
13700,18,Paid ads,2025-05-22
13702,29,Referral,2025-11-28
13705,23,Organic,2025-08-23
13706,9,Organic,2025-04-07
13707,7,Referral,2025-11-01
13708,23,Influencer,2025-05-02
13710,7,Paid ads,2025-11-17
13711,24,Referral,2025-06-16
13712,11,Influencer,2025-09-18
13713,10,Paid ads,2025-10-03
13714,26,Referral,2025-05-06
13715,15,Organic,2025-06-28
13716,9,Organic,2025-07-12
13717,19,Influencer,2025-05-16
13718,32,Organic,2025-02-07
13719,10,Paid ads,2025-12-02
13720,16,Organic,2025-04-02
13721,21,Organic,2025-06-11
13722,30,Organic,2025-03-12
13724,31,Paid ads,2025-12-03
13725,31,Organic,2025-02-14
13726,25,Paid ads,2025-09-18
13727,2,Influencer,2025-10-09
13728,19,Paid ads,2025-06-05
13729,1,Organic,2025-09-28
13730,24,Organic,2025-07-26
13732,17,Paid ads,2025-08-23
13733,17,Influencer,2025-08-11
13734,15,Referral,2025-10-07
13736,20,Referral,2025-07-31
13737,24,Paid ads,2025-04-07
13738,31,Influencer,2025-07-29
13740,5,Organic,2025-09-15
13741,15,Influencer,2025-06-25
13742,10,Organic,2025-04-05
13743,30,Organic,2025-08-02
13744,13,Influencer,2025-11-11
13745,30,Influencer,2025-06-01
13746,22,Organic,2025-03-30
13747,15,Organic,2025-11-17
13749,31,Organic,2025-10-21
13750,24,Organic,2025-08-12
13752,7,Organic,2025-05-28
13754,29,Organic,2025-08-26
13755,25,Organic,2025-11-16
13758,10,Organic,2025-09-26
13759,4,Paid ads,2025-05-10
13760,28,Organic,2025-09-13
13761,11,Organic,2025-06-14
13762,7,Organic,2025-06-28
13763,16,Referral,2025-09-20
13764,24,Organic,2025-05-23
13766,32,Paid ads,2025-05-03
13767,24,Organic,2025-07-14
13768,4,Referral,2025-01-31
13769,26,Influencer,2025-04-12
13770,19,Organic,2025-10-09
13771,24,Influencer,2025-06-27
13772,10,Organic,2025-06-03
13773,25,Referral,2025-06-23
13774,21,Paid ads,2025-04-01
13775,11,Paid ads,2025-10-08
13777,13,Influencer,2025-02-05
13778,6,Organic,2025-04-23
13779,25,Organic,2025-07-30
13780,27,Organic,2025-07-03
13781,12,Paid ads,2025-05-10
13782,8,Paid ads,2025-08-05
13783,28,Influencer,2025-03-14
13785,28,Paid ads,2025-07-05
13787,21,Referral,2025-07-27
13788,31,Referral,2025-08-28
13789,1,Organic,2025-10-08
13790,23,Paid ads,2025-06-16
13791,15,Referral,2025-08-16
13792,12,Organic,2025-11-13
13793,28,Paid ads,2025-06-14
13794,22,Organic,2025-06-21
13795,32,Organic,2025-05-14
13796,25,Organic,2025-11-13
13797,27,Influencer,2025-06-22
13798,25,Paid ads,2025-09-23
13799,19,Influencer,2025-10-01
13800,11,Influencer,2025-09-15
13801,16,Organic,2025-07-28
13802,26,Paid ads,2025-06-26
13803,10,Referral,2025-08-09
13804,19,Organic,2025-07-16
13805,30,Organic,2025-01-28
13806,30,Referral,2025-03-29
13808,23,Influencer,2025-08-09
13809,12,Referral,2025-06-03
13810,18,Organic,2025-04-23
13811,25,Organic,2025-03-18
13812,28,Organic,2025-10-18
13813,28,Organic,2025-08-29
13814,25,Paid ads,2025-04-04
13816,15,Influencer,2025-06-15
13817,24,Referral,2025-11-13
13818,22,Organic,2025-11-06
13820,21,Influencer,2025-07-02
13821,24,Organic,2025-04-17
13823,14,Organic,2025-04-02
13824,10,Organic,2025-04-06
13825,13,Paid ads,2025-05-29
13827,28,Organic,2025-09-14
13828,15,Influencer,2025-08-21
13829,25,Paid ads,2025-07-04
13831,32,Organic,2025-05-31
13832,32,Organic,2025-05-05
13833,27,Organic,2025-09-22
13834,11,Referral,2025-08-06
13835,27,Organic,2025-06-08
13836,25,Organic,2025-10-14
13837,30,Organic,2025-08-15
13838,31,Paid ads,2025-04-25
13839,30,Organic,2025-08-16
13840,2,Referral,2025-10-05
13841,16,Organic,2025-08-15
13843,23,Organic,2025-11-03
13844,28,Organic,2025-04-15
13847,23,Paid ads,2025-11-29
13848,7,Organic,2025-07-22
13849,1,Organic,2025-08-23
13850,24,Organic,2025-06-25
13851,21,Paid ads,2025-04-20
13852,9,Organic,2025-10-03
13853,22,Organic,2025-05-12
13854,24,Organic,2025-08-03
13855,6,Influencer,2025-10-01
13856,26,Paid ads,2025-02-22
13858,22,Paid ads,2025-05-17
13859,23,Organic,2025-07-09
13860,14,Organic,2025-08-29
13861,9,Paid ads,2025-10-09
13864,23,Paid ads,2025-09-14
13865,32,Referral,2025-08-19
13866,23,Paid ads,2025-10-11
13867,24,Organic,2025-10-02
13869,16,Referral,2025-04-09
13870,15,Organic,2025-11-28
13871,17,Influencer,2025-12-14
13873,16,Paid ads,2025-12-12
13874,12,Paid ads,2025-07-15
13875,25,Paid ads,2025-05-29
13876,16,Referral,2025-09-12
13878,27,Referral,2025-09-24
13879,25,Organic,2025-12-11
13880,19,Paid ads,2025-10-04
13881,21,Paid ads,2025-10-12
13882,28,Influencer,2025-08-15
13884,13,Organic,2025-06-19
13885,14,Organic,2025-08-20
13886,12,Organic,2025-06-22
13887,28,Referral,2025-04-23
13888,32,Organic,2025-05-02
13889,11,Paid ads,2025-09-28
13891,20,Paid ads,2025-05-17
13892,29,Referral,2025-11-29
13895,29,Influencer,2025-08-25
13896,16,Referral,2025-04-26
13897,30,Organic,2025-12-16
13898,1,Organic,2025-01-07
13899,27,Organic,2025-10-29
13900,29,Organic,2025-09-03
13902,24,Paid ads,2025-06-09
13903,8,Organic,2025-08-31
13904,20,Organic,2025-12-10
13905,28,Referral,2025-11-12
13906,26,Referral,2025-12-03
13908,32,Paid ads,2025-10-03
13911,27,Paid ads,2025-07-17
13913,13,Organic,2025-12-12
13914,17,Organic,2025-07-31
13915,18,Paid ads,2025-04-10
13916,21,Referral,2025-04-15
13917,31,Organic,2025-07-04
13918,24,Organic,2025-06-24
13919,26,Influencer,2025-04-15
13920,27,Influencer,2025-03-05
13921,24,Organic,2025-07-21
13922,17,Referral,2025-08-30
13923,15,Paid ads,2025-04-23
13925,19,Paid ads,2025-04-29
13926,13,Organic,2025-02-06
13927,23,Referral,2025-12-27
13928,22,Paid ads,2025-10-05
13929,4,Referral,2025-06-02
13933,25,Organic,2025-12-28
13936,25,Referral,2025-12-08
13937,31,Organic,2025-07-26
13938,24,Organic,2025-03-11
13939,32,Referral,2025-07-20
13940,24,Influencer,2025-07-29
13942,18,Organic,2025-03-09
13945,18,Referral,2025-08-14
13946,14,Organic,2025-07-02
13947,24,Organic,2025-08-06
13949,26,Organic,2025-08-27
13950,17,Paid ads,2025-04-15
13951,13,Organic,2025-03-03
13952,14,Paid ads,2025-07-04
13954,4,Organic,2025-10-07
13955,29,Referral,2025-10-08
13957,24,Referral,2025-05-24
13959,12,Paid ads,2025-06-30
13960,21,Referral,2025-07-14
13961,28,Influencer,2025-03-30
13962,1,Referral,2025-04-21
13963,6,Organic,2025-06-18
13965,11,Paid ads,2025-10-29
13966,11,Organic,2025-10-07
13968,29,Influencer,2025-06-29
13969,25,Referral,2025-10-28
13970,29,Paid ads,2025-10-08
13971,24,Organic,2025-08-17
13972,21,Organic,2025-08-05
13973,16,Influencer,2025-05-21
13974,25,Organic,2025-08-26
13975,22,Referral,2025-10-21
13976,15,Organic,2025-07-27
13977,21,Referral,2025-04-23
13978,20,Paid ads,2025-12-27
13979,23,Paid ads,2025-03-03
13981,22,Organic,2025-08-03
13982,5,Organic,2025-12-09
13983,17,Organic,2025-07-25
13984,12,Organic,2025-06-09
13985,22,Influencer,2025-08-25
13986,11,Organic,2025-05-20
13987,11,Referral,2025-03-12
13988,12,Referral,2025-11-20
13989,18,Organic,2025-05-11
13991,30,Referral,2025-03-11
13992,24,Paid ads,2025-05-12
13994,26,Referral,2025-09-17
13995,12,Organic,2025-06-14
13996,5,Paid ads,2025-10-09
13997,31,Organic,2025-05-20
13998,2,Influencer,2025-10-28
13999,6,Organic,2025-08-01
14000,6,Organic,2025-07-18
14001,29,Organic,2025-08-16
14002,17,Paid ads,2025-04-23
14003,26,Referral,2025-12-09
14004,11,Organic,2025-12-13
14005,10,Influencer,2025-06-12
14006,22,Organic,2025-06-04
14007,28,Referral,2025-08-15
14008,27,Organic,2025-05-15
14010,24,Organic,2025-08-09
14011,23,Organic,2025-11-22
14012,24,Influencer,2025-02-25
14013,27,Paid ads,2025-10-04
14014,9,Influencer,2025-09-11
14015,25,Organic,2025-08-30
14016,4,Organic,2025-04-15
14017,26,Organic,2025-02-28
14018,30,Referral,2025-08-24
14019,18,Organic,2025-01-26
14020,5,Paid ads,2025-11-01
14021,4,Organic,2025-09-26
14022,7,Paid ads,2025-08-01
14023,28,Paid ads,2025-04-06
14024,30,Organic,2025-06-07
14025,14,Influencer,2025-06-04
14026,16,Organic,2025-05-02
14028,19,Referral,2025-04-20
14029,29,Influencer,2025-10-09
14030,8,Organic,2025-06-21
14031,31,Organic,2025-11-28
14032,25,Organic,2025-11-09
14033,17,Organic,2025-04-28
14034,11,Organic,2025-09-03
14035,13,Influencer,2025-08-24
14036,20,Influencer,2025-02-28
14037,14,Referral,2025-06-16
14039,24,Paid ads,2025-04-30
14040,20,Organic,2025-03-29
14041,29,Organic,2025-07-25
14042,15,Referral,2025-11-22
14044,16,Paid ads,2025-05-21
14047,8,Organic,2025-07-09
14049,27,Organic,2025-08-15
14050,24,Organic,2025-07-23
14051,21,Organic,2025-07-16
14053,29,Organic,2025-08-14
14054,16,Organic,2025-05-13
14055,13,Organic,2025-07-23
14056,8,Organic,2025-07-29
14058,15,Paid ads,2025-07-24
14060,32,Organic,2025-06-23
14061,11,Organic,2025-08-31
14062,23,Organic,2025-11-21
14063,17,Organic,2025-12-18
14064,6,Organic,2025-02-26
14065,13,Organic,2025-04-28
14066,9,Paid ads,2025-05-05
14067,5,Organic,2025-10-18
14068,3,Organic,2025-03-01
14069,13,Paid ads,2025-09-23
14071,26,Paid ads,2025-09-20
14072,30,Influencer,2025-05-31
14073,6,Organic,2025-06-05
14074,2,Influencer,2025-04-25
14075,25,Organic,2025-06-14
14077,18,Organic,2025-03-11
14078,28,Paid ads,2025-06-01
14079,23,Influencer,2025-06-15
14082,3,Referral,2025-07-23
14083,24,Organic,2025-09-22
14084,20,Referral,2025-06-23
14085,27,Organic,2025-03-29
14087,30,Influencer,2025-07-15
14089,15,Organic,2025-05-02
14091,15,Referral,2025-06-07
14093,28,Organic,2025-06-25
14094,24,Paid ads,2025-03-04
14096,11,Paid ads,2025-06-29
14097,24,Organic,2025-10-14
14098,28,Influencer,2025-03-11
14099,24,Influencer,2025-06-21
14100,20,Paid ads,2025-07-12
14102,10,Organic,2025-04-12
14103,27,Organic,2025-05-12
14104,21,Referral,2025-05-03
14105,20,Referral,2025-08-01
14106,8,Organic,2025-08-31
14108,29,Organic,2025-10-23
14109,29,Influencer,2025-08-11
14110,19,Organic,2025-07-13
14111,25,Organic,2025-10-20
14112,27,Referral,2025-12-09
14113,11,Influencer,2025-08-30
14115,19,Referral,2025-03-16
14116,17,Influencer,2025-04-11
14117,25,Organic,2025-04-02
14118,27,Influencer,2025-11-18
14119,30,Paid ads,2025-07-08
14120,10,Organic,2025-11-27
14121,21,Influencer,2025-08-15
14122,20,Organic,2025-07-10
14123,23,Organic,2025-11-11
14124,28,Organic,2025-05-08
14126,29,Organic,2025-09-10
14127,5,Paid ads,2025-07-02
14128,27,Paid ads,2025-06-29
14130,20,Influencer,2025-08-10
14131,26,Paid ads,2025-06-11
14133,21,Organic,2025-09-15
14135,14,Organic,2025-07-07
14138,21,Organic,2025-10-21
14139,28,Paid ads,2025-05-27
14140,30,Paid ads,2025-04-12
14141,24,Referral,2025-03-24
14142,17,Paid ads,2025-06-15
14144,32,Organic,2025-12-23
14149,22,Referral,2025-07-23
14150,7,Paid ads,2025-08-11
14151,23,Organic,2025-04-28
14152,31,Referral,2025-07-19
14154,4,Referral,2025-09-15
14155,2,Paid ads,2025-05-30
14156,1,Paid ads,2025-08-02
14157,16,Organic,2025-04-13
14159,32,Referral,2025-05-28
14161,12,Referral,2025-05-25
14162,22,Organic,2025-05-24
14163,24,Referral,2025-07-03
14164,31,Influencer,2025-05-09
14165,31,Influencer,2025-07-29
14168,22,Organic,2025-06-21
14169,30,Organic,2025-07-09
14170,31,Influencer,2025-11-24
14171,17,Organic,2025-06-15
14172,30,Organic,2025-10-31
14173,17,Referral,2025-10-01
14174,18,Organic,2025-04-09
14175,13,Referral,2025-03-21
14176,30,Referral,2025-06-01
14177,22,Organic,2025-05-10
14178,17,Organic,2025-12-06
14179,32,Organic,2025-09-06
14180,10,Organic,2025-09-16
14182,25,Influencer,2025-06-12
14183,18,Paid ads,2025-03-24
14186,12,Organic,2025-11-25
14187,13,Organic,2025-08-05
14188,27,Influencer,2025-06-07
14190,18,Referral,2025-04-19
14191,30,Paid ads,2025-02-06
14192,24,Referral,2025-05-01
14193,24,Paid ads,2025-08-30
14194,23,Paid ads,2025-08-09
14195,32,Organic,2025-06-27
14196,22,Organic,2025-09-09
14197,16,Organic,2025-10-25
14198,21,Paid ads,2025-05-19
14200,21,Paid ads,2025-03-21
14201,27,Paid ads,2025-11-18
14202,22,Referral,2025-04-24
14203,28,Paid ads,2025-10-02
14204,24,Paid ads,2025-02-12
14206,27,Influencer,2025-11-21
14207,32,Referral,2025-10-29
14208,18,Organic,2025-05-04
14211,21,Organic,2025-06-11
14212,14,Organic,2025-10-15
14213,27,Paid ads,2025-07-14
14215,1,Referral,2025-12-15
14217,21,Paid ads,2025-07-05
14218,23,Organic,2025-04-03
14219,9,Referral,2025-08-02
14221,28,Organic,2025-06-19
14222,27,Influencer,2025-04-27
14224,29,Organic,2025-10-13
14225,16,Influencer,2025-07-03
14226,25,Paid ads,2025-07-04
14227,1,Referral,2025-08-30
14228,21,Organic,2025-08-12
14229,30,Organic,2025-10-22
14230,13,Paid ads,2025-10-03
14231,23,Organic,2025-06-25
14232,9,Organic,2025-04-18
14233,18,Organic,2025-10-26
14234,3,Paid ads,2025-05-21
14235,21,Organic,2025-06-11
14238,16,Organic,2025-08-28
14239,13,Organic,2025-10-22
14240,26,Referral,2025-08-01
14241,11,Organic,2025-07-02
14242,24,Paid ads,2025-04-07
14245,8,Organic,2025-09-02
14246,28,Paid ads,2025-04-11
14247,21,Paid ads,2025-11-07
14248,23,Influencer,2025-06-27
14249,27,Organic,2025-09-03
14250,30,Paid ads,2025-11-01
14252,12,Paid ads,2025-10-17
14253,25,Organic,2025-08-06
14254,19,Organic,2025-07-25
14256,27,Organic,2025-05-15
14257,18,Organic,2025-08-30
14258,7,Organic,2025-04-16
14259,19,Influencer,2025-07-29
14261,29,Paid ads,2025-12-11
14262,7,Referral,2025-12-08
14263,28,Organic,2025-12-14
14264,19,Organic,2025-06-29
14265,8,Organic,2025-04-14
14266,32,Paid ads,2025-02-22
14268,22,Paid ads,2025-01-18
14270,28,Influencer,2025-07-11
14271,27,Organic,2025-08-12
14272,29,Organic,2025-05-04
14273,21,Organic,2025-05-19
14274,16,Referral,2025-07-06
14275,13,Influencer,2025-03-16
14277,28,Influencer,2025-08-01
14279,13,Paid ads,2025-10-16
14280,17,Paid ads,2025-07-17
14281,1,Influencer,2025-05-23
14282,15,Influencer,2025-10-28
14283,28,Organic,2025-06-12
14284,29,Influencer,2025-05-10
14286,23,Organic,2025-05-10
14287,31,Organic,2025-08-14
14288,23,Influencer,2025-06-21
14289,19,Influencer,2025-04-30
14290,30,Paid ads,2025-03-16
14293,2,Referral,2025-06-07
14295,15,Organic,2025-12-18
14297,24,Organic,2025-11-27
14298,31,Paid ads,2025-04-16
14299,25,Influencer,2025-12-30
14300,25,Organic,2025-06-01
14301,24,Paid ads,2025-07-12
14302,24,Influencer,2025-09-19
14303,32,Paid ads,2025-03-30
14304,32,Organic,2025-06-14
14305,18,Paid ads,2025-02-25
14307,28,Organic,2025-09-27
14308,12,Paid ads,2025-08-06
14309,31,Referral,2025-11-17
14310,28,Referral,2025-06-15
14311,25,Referral,2025-08-22
14312,10,Paid ads,2025-08-10
14313,18,Referral,2025-08-05
14314,30,Organic,2025-08-15
14315,28,Referral,2025-12-15
14316,17,Organic,2025-05-09
14317,23,Organic,2025-07-18
14318,24,Paid ads,2025-03-28
14319,11,Organic,2025-06-28
14320,20,Influencer,2025-03-19
14321,16,Organic,2025-09-12
14322,21,Influencer,2025-05-24
14324,23,Referral,2025-06-09
14325,21,Organic,2025-10-01
14326,15,Organic,2025-08-26
14327,5,Paid ads,2025-06-14
14328,32,Influencer,2025-07-09
14329,24,Organic,2025-10-04
14330,28,Organic,2025-10-20
14331,32,Referral,2025-06-20
14334,22,Organic,2025-09-21
14336,15,Organic,2025-07-29
14337,25,Organic,2025-11-08
14338,2,Influencer,2025-06-07
14339,12,Influencer,2025-09-22
14340,23,Paid ads,2025-10-17
14341,24,Paid ads,2025-11-17
14342,8,Organic,2025-03-18
14343,31,Organic,2025-04-13
14344,9,Paid ads,2025-05-04
14345,9,Organic,2025-10-08
14346,24,Paid ads,2025-10-26
14347,23,Paid ads,2025-04-22
14348,11,Influencer,2025-07-11
14349,22,Organic,2025-02-19
14350,30,Organic,2025-06-13
14351,25,Organic,2025-04-19
14352,21,Influencer,2025-07-01
14353,24,Paid ads,2025-11-30
14356,4,Organic,2025-03-20
14357,31,Paid ads,2025-09-03
14358,24,Paid ads,2025-03-27
14359,9,Influencer,2025-04-30
14360,12,Organic,2025-05-27
14361,30,Paid ads,2025-10-10
14362,5,Organic,2025-09-11
14363,21,Organic,2025-07-12
14366,21,Organic,2025-05-20
14367,29,Paid ads,2025-06-22
14369,29,Paid ads,2025-04-10
14370,1,Organic,2025-12-01
14373,2,Organic,2025-11-23
14374,22,Organic,2025-11-21
14377,26,Paid ads,2025-04-02
14379,16,Organic,2025-05-22
14380,28,Influencer,2025-06-26
14381,7,Organic,2025-03-28
14383,7,Referral,2025-08-22
14384,26,Influencer,2025-11-06
14385,31,Influencer,2025-09-24
14386,30,Paid ads,2025-08-02
14387,18,Paid ads,2025-09-29
14388,32,Paid ads,2025-10-14
14390,19,Paid ads,2025-04-24
14391,31,Organic,2025-06-22
14393,11,Paid ads,2025-05-30
14394,19,Paid ads,2025-10-05
14395,22,Referral,2025-02-08
14396,13,Paid ads,2025-04-16
14397,5,Referral,2025-03-14
14398,19,Influencer,2025-02-16
14399,2,Organic,2025-06-12
14400,14,Paid ads,2025-05-01
14402,31,Organic,2025-06-03
14403,18,Paid ads,2025-09-14
14404,32,Organic,2025-01-30
14407,26,Referral,2025-10-30
14408,21,Organic,2025-09-11
14409,4,Paid ads,2025-10-27
14410,4,Paid ads,2025-09-24
14411,21,Organic,2025-06-20
14413,3,Influencer,2025-07-07
14415,24,Paid ads,2025-12-11
14416,23,Organic,2025-11-28
14417,29,Influencer,2025-08-30
14420,13,Influencer,2025-05-25
14421,14,Referral,2025-07-15
14422,25,Organic,2025-08-01
14423,32,Paid ads,2025-03-04
14424,31,Influencer,2025-07-03
14425,13,Organic,2025-10-27
14427,20,Organic,2025-12-24
14428,19,Paid ads,2025-06-24
14429,29,Organic,2025-09-13
14430,30,Organic,2025-06-19
14431,29,Referral,2025-09-19
14432,23,Paid ads,2025-08-24
14433,8,Paid ads,2025-06-26
14434,9,Organic,2025-03-14
14436,9,Organic,2025-04-25
14437,5,Organic,2025-11-12
14438,5,Organic,2025-08-25
14439,27,Organic,2025-03-29
14440,29,Organic,2025-09-11
14443,16,Referral,2025-05-03
14445,12,Influencer,2025-10-26
14446,16,Influencer,2025-08-21
14447,24,Organic,2025-08-29
14448,8,Paid ads,2025-08-11
14449,21,Influencer,2025-05-16
14451,2,Organic,2025-05-27
14452,31,Paid ads,2025-08-14
14453,14,Organic,2025-10-16
14454,9,Organic,2025-05-02
14458,5,Organic,2025-11-28
14460,31,Organic,2025-10-03
14461,22,Referral,2025-08-22
14462,23,Influencer,2025-06-19
14463,27,Paid ads,2025-07-09
14464,16,Organic,2025-04-28
14465,4,Referral,2025-07-29
14467,10,Paid ads,2025-06-20
14469,26,Organic,2025-04-19
14470,17,Influencer,2025-05-20
14472,21,Referral,2025-11-21
14473,27,Paid ads,2025-03-03
14474,11,Organic,2025-04-05
14475,29,Paid ads,2025-03-22
14477,16,Organic,2025-06-13
14478,11,Paid ads,2025-12-25
14479,29,Influencer,2025-04-21
14481,32,Influencer,2025-05-23
14482,17,Paid ads,2025-08-08
14484,24,Organic,2025-07-14
14485,2,Organic,2025-08-17
14486,22,Paid ads,2025-11-08
14487,22,Influencer,2025-04-14
14489,14,Influencer,2025-06-01
14491,2,Organic,2025-06-24
14492,20,Influencer,2025-10-16
14493,26,Paid ads,2025-05-30
14494,9,Organic,2025-10-17
14495,2,Organic,2025-12-25
14497,24,Organic,2025-05-07
14498,19,Influencer,2025-10-16
14499,19,Organic,2025-03-25
14500,6,Organic,2025-12-11
14501,24,Referral,2025-05-02
14502,20,Influencer,2025-04-22
14505,24,Organic,2025-07-07
14506,27,Paid ads,2025-04-06
14508,25,Organic,2025-05-22
14511,6,Paid ads,2025-06-23
14512,7,Influencer,2025-12-05
14514,32,Influencer,2025-06-03
14515,7,Organic,2025-11-21
14516,5,Referral,2025-04-28
14517,30,Influencer,2025-06-21
14519,23,Referral,2025-02-18
14520,24,Influencer,2025-11-30
14521,23,Referral,2025-07-17
14522,17,Organic,2025-05-08
14523,27,Referral,2025-05-23
14524,25,Organic,2025-12-21
14525,24,Influencer,2025-10-26
14526,12,Influencer,2025-08-19
14528,27,Paid ads,2025-06-13
14529,27,Influencer,2025-12-20
14530,18,Organic,2025-04-02
14531,3,Referral,2025-02-09
14532,25,Organic,2025-08-23
14534,10,Influencer,2025-08-22
14535,29,Paid ads,2025-10-17
14536,16,Organic,2025-07-23
14537,23,Paid ads,2025-05-03
14538,17,Organic,2025-08-18
14539,22,Influencer,2025-09-20
14540,5,Referral,2025-06-22
14541,20,Referral,2025-02-24
14542,21,Paid ads,2025-08-21
14543,32,Influencer,2025-02-25
14544,19,Organic,2025-04-29
14545,18,Organic,2025-10-05
14546,17,Paid ads,2025-11-02
14547,14,Paid ads,2025-09-09
14548,16,Organic,2025-03-27
14549,24,Organic,2025-03-26
14550,12,Organic,2025-08-02
14551,18,Organic,2025-12-28
14552,21,Organic,2025-09-26
14554,13,Paid ads,2025-05-18
14556,24,Organic,2025-10-04
14558,3,Organic,2025-10-10
14559,30,Paid ads,2025-08-21
14560,23,Organic,2025-09-15
14561,23,Paid ads,2025-10-21
14562,25,Organic,2025-04-05
14563,19,Organic,2025-08-28
14564,26,Influencer,2025-08-31
14565,26,Organic,2025-06-30
14567,11,Organic,2025-09-07
14568,21,Organic,2025-06-15
14570,25,Influencer,2025-02-19
14571,31,Paid ads,2025-08-09
14572,10,Paid ads,2025-06-15
14573,25,Referral,2025-08-25
14574,11,Organic,2025-08-21
14575,14,Organic,2025-09-24
14577,26,Organic,2025-06-22
14578,30,Organic,2025-07-12
14579,10,Paid ads,2025-05-18
14581,21,Organic,2025-09-29
14582,15,Organic,2025-09-08
14583,9,Paid ads,2025-05-05
14584,32,Organic,2025-07-30
14585,18,Organic,2025-11-12
14587,8,Paid ads,2025-10-22
14589,32,Organic,2025-04-12
14591,29,Influencer,2025-06-25
14592,26,Paid ads,2025-08-24
14593,32,Organic,2025-07-28
14595,18,Referral,2025-08-01
14597,18,Paid ads,2025-10-26
14598,25,Paid ads,2025-03-02
14599,24,Referral,2025-02-12
14600,22,Organic,2025-10-01
14601,19,Paid ads,2025-07-11
14602,4,Influencer,2025-11-21
14606,11,Organic,2025-08-16
14608,23,Paid ads,2025-11-15
14610,30,Paid ads,2025-10-01
14611,29,Paid ads,2025-08-05
14612,28,Organic,2025-04-14
14613,28,Organic,2025-08-29
14614,25,Paid ads,2025-06-08
14615,20,Influencer,2025-07-20
14616,23,Organic,2025-06-11
14617,24,Organic,2025-08-12
14619,8,Paid ads,2025-05-07
14620,23,Organic,2025-11-10
14621,27,Influencer,2025-07-19
14622,24,Organic,2025-03-27
14623,19,Paid ads,2025-12-20
14624,14,Influencer,2025-06-01
14625,4,Organic,2025-07-27
14626,26,Organic,2025-05-01
14627,8,Paid ads,2025-06-16
14628,20,Organic,2025-06-11
14629,26,Organic,2025-07-08
14630,28,Organic,2025-10-31
14631,25,Paid ads,2025-08-17
14632,12,Organic,2025-08-01
14633,20,Influencer,2025-04-18
14634,3,Organic,2025-07-16
14635,28,Influencer,2025-09-23
14636,16,Referral,2025-08-05
14637,29,Referral,2025-07-15
14638,27,Referral,2025-05-25
14639,9,Influencer,2025-07-04
14640,17,Referral,2025-09-18
14642,24,Referral,2025-11-13
14643,24,Influencer,2025-03-31
14644,18,Influencer,2025-12-19
14646,16,Influencer,2025-09-11
14647,29,Paid ads,2025-08-22
14648,13,Organic,2025-08-29
14649,6,Organic,2025-04-26
14650,29,Paid ads,2025-10-28
14651,27,Organic,2025-03-18
14652,20,Organic,2025-09-24
14653,20,Organic,2025-04-24
14654,15,Organic,2025-12-11
14655,25,Referral,2025-07-20
14656,21,Organic,2025-09-21
14657,8,Referral,2025-06-06
14659,9,Organic,2025-04-25
14660,20,Influencer,2025-12-26
14661,21,Referral,2025-11-01
14662,16,Paid ads,2025-08-02
14665,28,Organic,2025-08-06
14666,26,Referral,2025-04-27
14667,30,Paid ads,2025-07-11
14669,29,Paid ads,2025-06-02
14670,26,Influencer,2025-09-06
14671,23,Referral,2025-06-05
14673,7,Organic,2025-06-01
14675,30,Organic,2025-06-03
14676,30,Organic,2025-07-08
14677,25,Referral,2025-09-18
14678,21,Organic,2025-10-02
14679,13,Paid ads,2025-10-02
14680,32,Influencer,2025-07-22
14681,32,Organic,2025-07-22
14683,10,Paid ads,2025-04-12
14686,21,Influencer,2025-08-25
14687,25,Organic,2025-06-30
14688,23,Influencer,2025-05-18
14689,28,Referral,2025-07-09
14690,6,Paid ads,2025-11-09
14691,28,Paid ads,2025-12-20
14692,30,Organic,2025-08-15
14694,18,Organic,2025-10-14
14695,28,Paid ads,2025-07-17
14696,28,Paid ads,2025-05-17
14697,31,Referral,2025-03-21
14698,26,Referral,2025-08-02
14699,12,Paid ads,2025-11-15
14700,19,Organic,2025-10-26
14701,21,Referral,2025-03-14
14702,31,Organic,2025-10-20
14703,20,Referral,2025-09-03
14705,32,Organic,2025-06-13
14706,9,Organic,2025-11-12
14707,32,Paid ads,2025-07-10
14708,30,Paid ads,2025-07-19
14709,25,Organic,2025-08-25
14710,28,Organic,2025-07-09
14712,18,Organic,2025-02-18
14713,25,Influencer,2025-08-09
14714,23,Influencer,2025-04-01
14716,6,Referral,2025-03-12
14718,28,Organic,2025-12-15
14719,11,Organic,2025-06-26
14720,32,Referral,2025-10-01
14721,30,Organic,2025-07-12
14722,25,Organic,2025-05-20
14723,30,Referral,2025-08-01
14724,31,Organic,2025-08-28
14725,21,Organic,2025-06-01
14726,29,Influencer,2025-07-02
14727,29,Influencer,2025-10-28
14728,15,Paid ads,2025-11-25
14729,14,Organic,2025-07-30
14730,27,Referral,2025-04-16
14731,23,Organic,2025-06-24
14733,27,Paid ads,2025-10-10
14735,13,Paid ads,2025-12-01
14736,29,Paid ads,2025-05-29
14737,20,Influencer,2025-05-10
14739,24,Organic,2025-11-01
14740,11,Organic,2025-08-28
14741,7,Organic,2025-05-23
14742,19,Organic,2025-02-22
14743,32,Organic,2025-09-23
14744,25,Organic,2025-07-27
14745,21,Referral,2025-06-04
14746,2,Organic,2025-06-20
14747,19,Influencer,2025-08-03
14748,16,Influencer,2025-06-27
14749,21,Influencer,2025-06-21
14751,17,Paid ads,2025-08-14
14752,23,Referral,2025-03-25
14753,2,Organic,2025-12-24
14754,21,Organic,2025-05-08
14755,31,Organic,2025-08-16
14756,30,Referral,2025-12-30
14757,21,Organic,2025-06-09
14758,23,Influencer,2025-11-08
14760,17,Influencer,2025-04-21
14761,31,Referral,2025-06-29
14762,22,Organic,2025-06-30
14763,10,Paid ads,2025-09-17
14764,21,Organic,2025-04-11
14766,6,Paid ads,2025-07-02
14767,13,Organic,2025-03-07
14768,22,Paid ads,2025-05-24
14769,15,Paid ads,2025-09-17
14770,30,Organic,2025-04-08
14771,14,Organic,2025-04-05
14773,29,Organic,2025-11-29
14774,20,Organic,2025-07-20
14775,27,Organic,2025-09-20
14776,22,Paid ads,2025-05-19
14777,4,Paid ads,2025-07-03
14778,27,Organic,2025-10-06
14779,11,Organic,2025-10-11
14780,18,Paid ads,2025-09-21
14781,26,Organic,2025-07-14
14782,10,Paid ads,2025-09-22
14783,24,Organic,2025-04-02
14784,4,Organic,2025-04-09
14785,22,Referral,2025-04-23
14787,16,Organic,2025-06-04
14788,21,Organic,2025-10-10
14789,28,Paid ads,2025-08-09
14790,29,Organic,2025-08-12
14791,22,Organic,2025-03-28
14792,24,Paid ads,2025-11-24
14793,20,Paid ads,2025-06-13
14794,23,Organic,2025-10-04
14795,20,Referral,2025-12-03
14796,9,Referral,2025-08-15
14799,20,Organic,2025-08-21
14801,22,Influencer,2025-05-05
14802,8,Referral,2025-11-26
14803,20,Influencer,2025-08-16
14804,14,Influencer,2025-10-15
14808,21,Influencer,2025-06-20
14809,14,Referral,2025-10-06
14810,23,Organic,2025-10-12
14811,15,Organic,2025-10-07
14812,16,Paid ads,2025-04-21
14813,29,Referral,2025-10-07
14814,22,Organic,2025-11-17
14817,23,Organic,2025-11-16
14818,9,Paid ads,2025-04-08
14819,9,Organic,2025-06-15
14820,29,Organic,2025-10-02
14821,9,Organic,2025-08-28
14822,23,Paid ads,2025-04-16
14823,28,Paid ads,2025-06-17
14824,15,Organic,2025-03-16
14825,21,Influencer,2025-09-05
14826,32,Organic,2025-11-30
14827,15,Organic,2025-04-10
14828,16,Paid ads,2025-12-01
14829,27,Paid ads,2025-04-19
14830,11,Influencer,2025-10-14
14831,27,Influencer,2025-03-24
14832,25,Referral,2025-11-04
14833,27,Referral,2025-11-08
14835,32,Organic,2025-09-27
14837,26,Organic,2025-08-09
14839,30,Paid ads,2025-07-20
14840,10,Organic,2025-08-10
14841,12,Referral,2025-08-04
14842,21,Influencer,2025-07-19
14844,31,Organic,2025-07-13
14845,6,Referral,2025-04-28
14846,8,Organic,2025-05-22
14847,14,Paid ads,2025-06-23
14848,6,Organic,2025-03-06
14849,23,Organic,2025-09-28
14850,15,Paid ads,2025-08-29
14851,22,Organic,2025-11-30
14852,10,Paid ads,2025-10-11
14853,22,Influencer,2025-07-25
14854,23,Referral,2025-07-21
14855,19,Paid ads,2025-09-29
14856,30,Organic,2025-03-24
14857,11,Organic,2025-05-15
14858,24,Referral,2025-03-16
14859,15,Referral,2025-09-09
14860,20,Organic,2025-07-01
14861,8,Paid ads,2025-07-23
14862,12,Influencer,2025-05-13
14864,27,Organic,2025-07-23
14865,21,Organic,2025-05-05
14866,25,Paid ads,2025-03-03
14867,27,Organic,2025-11-28
14868,28,Paid ads,2025-09-10
14869,23,Organic,2025-07-30
14870,23,Organic,2025-12-01
14871,14,Organic,2025-08-28
14872,28,Paid ads,2025-04-04
14873,24,Paid ads,2025-11-15
14874,5,Referral,2025-05-05
14875,13,Organic,2025-10-26
14876,26,Organic,2025-04-06
14877,32,Referral,2025-08-02
14878,5,Organic,2025-08-19
14879,22,Organic,2025-11-29
14880,31,Influencer,2025-04-21
14881,31,Organic,2025-09-22
14882,12,Paid ads,2025-03-09
14883,20,Influencer,2025-10-13
14884,32,Organic,2025-08-20
14885,5,Organic,2025-08-06
14886,17,Influencer,2025-12-01
14887,14,Organic,2025-07-19
14888,23,Referral,2025-03-19
14889,16,Paid ads,2025-11-24
14891,21,Organic,2025-06-21
14892,25,Referral,2025-06-09
14893,15,Paid ads,2025-08-08
14894,27,Influencer,2025-11-18
14895,30,Organic,2025-08-12
14896,30,Organic,2025-03-23
14897,20,Organic,2025-03-09
14898,18,Referral,2025-08-24
14899,23,Paid ads,2025-12-31
14900,26,Paid ads,2025-05-08
14905,20,Paid ads,2025-09-10
14906,31,Influencer,2025-08-18
14908,8,Organic,2025-07-10
14909,30,Paid ads,2025-09-13
14911,21,Paid ads,2025-10-14
14912,31,Influencer,2025-06-22
14913,24,Organic,2025-09-14
14914,8,Organic,2025-05-26
14916,31,Organic,2025-10-22
14917,6,Organic,2025-10-09
14918,5,Organic,2025-11-05
14920,16,Influencer,2025-09-13
14921,28,Organic,2025-09-27
14922,2,Influencer,2025-08-09
14924,30,Paid ads,2025-11-07
14926,16,Organic,2025-06-24
14927,10,Influencer,2025-06-30
14929,30,Referral,2025-10-27
14930,28,Organic,2025-03-29
14932,28,Organic,2025-12-10
14933,30,Influencer,2025-09-27
14934,29,Paid ads,2025-10-28
14935,22,Paid ads,2025-11-27
14937,19,Organic,2025-08-09
14939,12,Organic,2025-10-27
14940,19,Organic,2025-06-09
14941,22,Referral,2025-10-07
14943,25,Organic,2025-09-04
14945,14,Influencer,2025-03-01
14947,20,Organic,2025-12-25
14948,29,Referral,2025-04-02
14950,21,Paid ads,2025-05-27
14951,26,Organic,2025-08-03
14952,11,Organic,2025-09-20
14953,15,Organic,2025-02-21
14955,27,Organic,2025-11-05
14956,31,Influencer,2025-07-08
14957,13,Referral,2025-05-05
14958,24,Organic,2025-07-27
14959,9,Organic,2025-04-27
14961,12,Organic,2025-04-19
14962,9,Paid ads,2025-09-30
14964,27,Organic,2025-09-18
14965,13,Paid ads,2025-03-05
14966,29,Paid ads,2025-07-22
14968,26,Influencer,2025-05-14
14969,15,Organic,2025-09-06
14970,1,Paid ads,2025-02-16
14972,30,Paid ads,2025-05-04
14973,12,Organic,2025-08-23
14974,17,Organic,2025-10-04
14975,17,Referral,2025-12-22
14976,24,Organic,2025-05-10
14978,25,Influencer,2025-06-04
14979,4,Organic,2025-04-05
14980,10,Paid ads,2025-02-13
14981,32,Organic,2025-09-14
14983,29,Organic,2025-04-05
14985,20,Organic,2025-11-10
14987,31,Organic,2025-06-24
14988,28,Organic,2025-09-10
14989,20,Organic,2025-07-06
14991,24,Referral,2025-08-10
14993,16,Organic,2025-08-24
14996,19,Paid ads,2025-06-08
14998,25,Paid ads,2025-07-01
14999,3,Organic,2025-09-22
15000,14,Organic,2025-03-11
15001,3,Paid ads,2025-04-26
15002,15,Influencer,2025-06-04
15003,13,Organic,2025-09-22
15005,21,Influencer,2025-08-03
15006,8,Organic,2025-04-08
15007,25,Organic,2025-07-31
15008,13,Organic,2025-08-27
15010,30,Organic,2025-07-18
15011,14,Referral,2025-09-21
15014,16,Paid ads,2025-05-12
15017,5,Organic,2025-11-06
15018,16,Referral,2025-06-17
15020,25,Organic,2025-02-22
15022,12,Paid ads,2025-06-05
15023,24,Referral,2025-04-18
15024,21,Organic,2025-09-03
15025,25,Organic,2025-06-06
15026,25,Paid ads,2025-04-05
15027,4,Organic,2025-10-28
15028,13,Organic,2025-03-30
15029,26,Paid ads,2025-01-30
15031,16,Organic,2025-07-28
15032,20,Organic,2025-08-08
15033,17,Paid ads,2025-05-16
15034,27,Organic,2025-10-06
15035,9,Referral,2025-09-22
15036,23,Paid ads,2025-05-08
15037,28,Referral,2025-07-01
15038,23,Organic,2025-06-13
15039,32,Paid ads,2025-02-04
15040,3,Influencer,2025-08-29
15041,17,Organic,2025-08-30
15042,11,Influencer,2025-06-03
15043,28,Organic,2025-11-16
15044,26,Organic,2025-03-19
15046,1,Influencer,2025-02-24
15047,17,Referral,2025-10-17
15048,9,Organic,2025-05-16
15049,28,Organic,2025-09-05
15050,22,Paid ads,2025-09-15
15051,22,Influencer,2025-03-17
15053,28,Paid ads,2025-05-15
15054,16,Organic,2025-11-27
15055,31,Paid ads,2025-07-25
15058,11,Paid ads,2025-10-26
15059,15,Organic,2025-10-09
15060,28,Organic,2025-03-15
15061,28,Paid ads,2025-09-09
15063,3,Paid ads,2025-04-30
15064,14,Paid ads,2025-08-21
15065,32,Paid ads,2025-05-15
15066,22,Paid ads,2025-05-08
15067,9,Organic,2025-08-27
15068,13,Paid ads,2025-03-06
15069,30,Organic,2025-02-25
15070,14,Influencer,2025-07-17
15071,5,Organic,2025-08-08
15072,31,Influencer,2025-08-12
15074,15,Paid ads,2025-09-03
15075,27,Referral,2025-12-08
15076,26,Paid ads,2025-08-25
15078,22,Organic,2025-08-11
15079,24,Referral,2025-08-07
15080,11,Paid ads,2025-05-22
15081,3,Influencer,2025-06-08
15082,18,Referral,2025-08-03
15083,16,Organic,2025-02-13
15084,28,Referral,2025-05-28
15085,30,Organic,2025-05-08
15087,29,Organic,2025-07-13
15089,29,Organic,2025-10-29
15090,18,Influencer,2025-09-06
15091,24,Paid ads,2025-11-16
15092,23,Organic,2025-08-08
15093,4,Organic,2025-03-19
15094,18,Referral,2025-01-30
15097,27,Referral,2025-12-27
15098,24,Organic,2025-05-31
15100,10,Referral,2025-10-18
15101,22,Organic,2025-05-23
15103,26,Organic,2025-07-27
15104,27,Paid ads,2025-06-13
15105,22,Paid ads,2025-11-23
15106,32,Organic,2025-06-10
15107,29,Organic,2025-06-24
15108,29,Referral,2025-07-24
15110,3,Paid ads,2025-05-24
15111,7,Organic,2025-06-25
15112,30,Referral,2025-03-31
15114,28,Organic,2025-04-19
15115,29,Organic,2025-06-07
15116,30,Organic,2025-06-04
15118,27,Organic,2025-11-03
15119,28,Organic,2025-08-13
15120,22,Organic,2025-05-09
15121,13,Organic,2025-05-25
15122,2,Paid ads,2025-04-24
15123,28,Organic,2025-10-07
15124,31,Referral,2025-10-11
15125,31,Organic,2025-10-31
15126,5,Organic,2025-11-22
15127,14,Organic,2025-04-20
15128,2,Paid ads,2025-09-10
15129,23,Influencer,2025-06-04
15130,32,Referral,2025-05-26
15131,13,Paid ads,2025-08-31
15132,15,Organic,2025-04-04
15133,2,Influencer,2025-05-18
15134,9,Organic,2025-04-09
15135,5,Organic,2025-08-20
15136,25,Paid ads,2025-10-01
15137,14,Referral,2025-09-02
15138,16,Influencer,2025-08-30
15139,23,Organic,2025-06-14
15140,27,Organic,2025-04-15
15141,26,Referral,2025-10-06
15142,17,Influencer,2025-04-16
15143,26,Paid ads,2025-08-16
15145,4,Paid ads,2025-10-12
15147,30,Paid ads,2025-07-18
15148,16,Organic,2025-02-18
15152,17,Organic,2025-04-02
15154,9,Paid ads,2025-05-09
15155,16,Referral,2025-10-18
15156,3,Influencer,2025-09-21
15161,31,Influencer,2025-06-01
15162,31,Paid ads,2025-05-02
15163,30,Organic,2025-11-23
15165,21,Paid ads,2025-07-08
15166,31,Organic,2025-07-11
15167,11,Organic,2025-07-24
15169,13,Paid ads,2025-09-26
15170,25,Paid ads,2025-07-19
15171,32,Organic,2025-03-28
15172,2,Influencer,2025-07-03
15173,27,Organic,2025-05-13
15174,13,Organic,2025-05-24
15175,27,Paid ads,2025-07-30
15176,1,Influencer,2025-07-15
15177,24,Organic,2025-04-10
15178,9,Organic,2025-03-31
15180,18,Organic,2025-08-14
15181,15,Organic,2025-04-17
15182,32,Paid ads,2025-06-07
15183,12,Influencer,2025-08-31
15185,3,Organic,2025-08-12
15187,30,Paid ads,2025-05-16
15188,1,Paid ads,2025-11-26
15189,6,Organic,2025-09-27
15190,20,Referral,2025-03-08
15191,20,Organic,2025-05-10
15192,9,Referral,2025-05-02
15194,12,Organic,2025-12-13
15195,32,Influencer,2025-06-05
15196,26,Organic,2025-08-01
15198,29,Organic,2025-03-23
15199,31,Paid ads,2025-04-17
15200,15,Paid ads,2025-05-23
15201,32,Influencer,2025-05-31
15202,24,Influencer,2025-04-03
15203,25,Organic,2025-05-15
15204,26,Organic,2025-06-14
15205,13,Influencer,2025-06-16
15206,16,Paid ads,2025-07-26
15208,18,Paid ads,2025-07-04
15209,30,Influencer,2025-09-02
15210,32,Paid ads,2025-09-19
15211,24,Paid ads,2025-05-14
15212,21,Organic,2025-08-20
15213,25,Organic,2025-11-24
15214,22,Influencer,2025-07-21
15215,31,Paid ads,2025-11-28
15217,30,Referral,2025-03-22
15218,11,Influencer,2025-05-08
15219,25,Paid ads,2025-05-24
15220,26,Referral,2025-11-24
15222,14,Organic,2025-06-29
15223,29,Organic,2025-06-02
15224,11,Organic,2025-05-11
15225,21,Referral,2025-03-05
15226,25,Paid ads,2025-08-09
15228,25,Paid ads,2025-09-17
15231,24,Organic,2025-07-08
15232,32,Influencer,2025-09-05
15233,28,Organic,2025-08-12
15235,10,Influencer,2025-11-10
15236,11,Paid ads,2025-05-02
15238,16,Influencer,2025-10-18
15239,30,Organic,2025-11-08
15240,23,Influencer,2025-07-26
15241,22,Influencer,2025-09-08
15242,24,Paid ads,2025-05-23
15244,24,Organic,2025-11-16
15245,1,Organic,2025-07-22
15246,21,Organic,2025-09-03
15249,14,Influencer,2025-07-19
15252,12,Organic,2025-08-27
15253,21,Organic,2025-06-01
15257,9,Referral,2025-05-09
15259,25,Organic,2025-02-28
15260,24,Influencer,2025-06-15
15261,25,Influencer,2025-09-01
15262,17,Paid ads,2025-09-26
15263,16,Influencer,2025-10-18
15265,24,Organic,2025-06-17
15267,16,Organic,2025-05-14
15268,27,Organic,2025-06-03
15270,30,Paid ads,2025-07-03
15271,31,Paid ads,2025-03-12
15272,23,Influencer,2025-04-02
15273,11,Organic,2025-04-13
15274,28,Influencer,2025-09-18
15275,2,Paid ads,2025-07-01
15277,22,Paid ads,2025-10-21
15278,30,Organic,2025-03-25
15279,25,Organic,2025-10-04
15280,25,Paid ads,2025-11-27
15282,11,Paid ads,2025-04-11
15283,20,Organic,2025-05-28
15284,1,Organic,2025-10-12
15285,31,Paid ads,2025-08-25
15287,15,Referral,2025-02-25
15288,24,Organic,2025-06-06
15289,23,Influencer,2025-05-08
15290,29,Organic,2025-06-23
15291,19,Organic,2025-09-14
15292,22,Organic,2025-05-23
15294,31,Paid ads,2025-08-21
15295,31,Referral,2025-02-09
15296,22,Organic,2025-04-20
15299,22,Organic,2025-03-18
15300,20,Organic,2025-11-03
15301,28,Organic,2025-06-23
15302,27,Organic,2025-07-18
15303,30,Organic,2025-09-13
15304,20,Paid ads,2025-11-13
15306,21,Organic,2025-05-18
15308,31,Influencer,2025-12-30
15309,2,Paid ads,2025-06-12
15310,24,Referral,2025-10-05
15311,5,Influencer,2025-09-08
15312,16,Organic,2025-06-08
15313,22,Organic,2025-09-09
15314,2,Organic,2025-09-01
15315,12,Organic,2025-03-02
15316,15,Influencer,2025-03-17
15317,25,Influencer,2025-04-30
15318,22,Organic,2025-12-05
15319,24,Paid ads,2025-10-10
15320,24,Influencer,2025-09-18
15321,16,Paid ads,2025-06-12
15323,31,Organic,2025-05-16
15325,23,Organic,2025-07-03
15327,22,Organic,2025-05-20
15328,12,Paid ads,2025-05-31
15332,17,Organic,2025-07-31
15333,25,Paid ads,2025-08-24
15335,9,Referral,2025-09-09
15336,32,Influencer,2025-09-16
15337,23,Organic,2025-10-23
15338,16,Organic,2025-10-10
15340,10,Organic,2025-03-22
15341,21,Organic,2025-10-17
15342,30,Organic,2025-04-11
15343,31,Paid ads,2025-10-27
15344,27,Paid ads,2025-04-13
15345,20,Organic,2025-09-18
15347,28,Paid ads,2025-07-23
15350,3,Paid ads,2025-07-18
15351,30,Organic,2025-08-31
15352,31,Organic,2025-06-24
15353,23,Referral,2025-10-15
15354,24,Influencer,2025-12-21
15356,30,Paid ads,2025-11-12
15357,25,Organic,2025-07-17
15358,21,Organic,2025-05-13
15359,12,Paid ads,2025-03-01
15360,32,Paid ads,2025-08-17
15361,16,Organic,2025-07-24
15362,16,Organic,2025-08-18
15363,22,Referral,2025-07-29
15364,32,Influencer,2025-10-06
15366,24,Referral,2025-12-27
15367,12,Organic,2025-06-12
15368,28,Organic,2025-10-10
15369,18,Organic,2025-12-24
15371,10,Paid ads,2025-12-16
15372,9,Paid ads,2025-04-20
15373,26,Influencer,2025-11-24
15374,26,Paid ads,2025-05-17
15375,23,Organic,2025-10-21
15377,10,Organic,2025-05-08
15378,31,Paid ads,2025-08-06
15379,24,Referral,2025-09-18
15380,8,Referral,2025-04-12
15382,9,Paid ads,2025-07-18
15383,31,Referral,2025-10-19
15384,19,Organic,2025-07-17
15385,25,Paid ads,2025-12-28
15387,32,Organic,2025-10-20
15388,30,Organic,2025-08-13
15389,28,Paid ads,2025-08-20
15390,17,Organic,2025-07-03
15391,15,Referral,2025-07-11
15393,30,Referral,2025-03-10
15394,30,Organic,2025-07-08
15395,24,Paid ads,2025-05-14
15396,14,Influencer,2025-09-28
15397,24,Influencer,2025-05-14
15398,32,Influencer,2025-08-05
15401,24,Influencer,2025-08-21
15402,25,Organic,2025-10-29
15404,28,Paid ads,2025-09-06
15405,25,Organic,2025-10-27
15406,28,Organic,2025-05-25
15407,11,Influencer,2025-07-22
15408,22,Organic,2025-10-31
15409,10,Paid ads,2025-04-10
15410,24,Organic,2025-09-27
15412,14,Influencer,2025-08-20
15413,16,Referral,2025-08-23
15414,31,Referral,2025-07-10
15416,23,Referral,2025-05-28
15418,25,Organic,2025-07-18
15420,27,Organic,2025-07-28
15422,27,Organic,2025-04-09
15423,29,Organic,2025-11-07
15424,24,Paid ads,2025-05-31
15425,23,Organic,2025-06-21
15427,18,Referral,2025-08-01
15428,32,Organic,2025-08-09
15429,12,Influencer,2025-02-23
15430,29,Paid ads,2025-08-29
15431,16,Paid ads,2025-07-13
15433,26,Influencer,2025-04-07
15434,24,Referral,2025-08-07
15435,20,Paid ads,2025-08-08
15436,27,Referral,2025-10-11
15437,31,Organic,2025-06-19
15438,19,Referral,2025-07-26
15439,29,Paid ads,2025-08-06
15440,27,Influencer,2025-03-23
15441,19,Influencer,2025-09-05
15443,22,Organic,2025-09-12
15444,21,Referral,2025-07-25
15445,12,Organic,2025-10-25
15446,16,Organic,2025-04-16
15447,14,Organic,2025-08-29
15448,29,Paid ads,2025-07-28
15449,26,Organic,2025-11-06
15450,31,Referral,2025-09-10
15452,32,Organic,2025-07-09
15453,31,Influencer,2025-09-21
15456,28,Referral,2025-07-25
15457,8,Referral,2025-11-07
15458,24,Influencer,2025-08-03
15461,24,Referral,2025-09-24
15462,31,Paid ads,2025-03-10
15463,31,Organic,2025-08-27
15465,32,Influencer,2025-07-10
15466,14,Paid ads,2025-06-03
15467,2,Organic,2025-08-08
15469,25,Paid ads,2025-07-26
15471,26,Influencer,2025-07-09
15472,32,Paid ads,2025-09-29
15473,20,Organic,2025-10-27
15474,16,Organic,2025-05-03
15477,23,Organic,2025-10-01
15478,13,Organic,2025-05-25
15480,20,Influencer,2025-11-29
15482,15,Paid ads,2025-11-27
15483,11,Paid ads,2025-06-08
15484,23,Organic,2025-09-07
15485,16,Influencer,2025-07-03
15486,20,Influencer,2025-10-12
15487,27,Referral,2025-05-26
15488,28,Organic,2025-04-06
15489,27,Organic,2025-08-12
15490,21,Referral,2025-07-11
15491,15,Referral,2025-08-13
15492,22,Organic,2025-08-09
15493,21,Paid ads,2025-05-24
15494,11,Influencer,2025-07-28
15495,10,Referral,2025-06-28
15496,16,Organic,2025-08-23
15497,30,Paid ads,2025-09-26
15498,15,Referral,2025-11-18
15501,31,Organic,2025-03-25
15502,13,Influencer,2025-11-21
15503,12,Influencer,2025-06-02
15504,18,Organic,2025-06-03
15506,21,Organic,2025-09-18
15507,31,Paid ads,2025-08-03
15508,9,Organic,2025-07-03
15509,24,Organic,2025-08-23
15510,30,Organic,2025-04-20
15511,28,Organic,2025-10-15
15512,6,Referral,2025-09-28
15513,22,Influencer,2025-10-01
15514,24,Organic,2025-08-03
15517,21,Influencer,2025-02-07
15518,10,Paid ads,2025-06-09
15520,20,Organic,2025-06-10
15522,10,Organic,2025-05-29
15523,27,Influencer,2025-07-03
15524,28,Paid ads,2025-06-17
15525,22,Organic,2025-07-31
15526,18,Organic,2025-04-16
15527,29,Referral,2025-08-21
15528,24,Organic,2025-06-09
15529,27,Paid ads,2025-09-19
15530,31,Paid ads,2025-10-04
15531,26,Paid ads,2025-09-05
15532,28,Organic,2025-07-01
15533,16,Paid ads,2025-07-15
15534,9,Organic,2025-05-23
15535,31,Paid ads,2025-10-04
15536,12,Organic,2025-10-08
15537,4,Organic,2025-05-14
15538,29,Referral,2025-06-19
15539,25,Organic,2025-06-02
15541,22,Paid ads,2025-08-16
15542,5,Influencer,2025-07-07
15543,10,Paid ads,2025-05-21
15544,16,Organic,2025-10-05
15545,26,Referral,2025-12-24
15546,12,Paid ads,2025-03-12
15549,7,Referral,2025-10-08
15550,14,Paid ads,2025-10-26
15551,25,Paid ads,2025-07-20
15554,21,Organic,2025-12-02
15555,7,Organic,2025-06-03
15558,1,Paid ads,2025-10-08
15559,31,Organic,2025-05-27
15560,23,Referral,2025-02-23
15561,29,Referral,2025-05-13
15562,31,Paid ads,2025-06-19
15564,10,Referral,2025-11-21
15565,20,Influencer,2025-07-06
15566,6,Organic,2025-05-07
15567,1,Organic,2025-11-08
15568,20,Paid ads,2025-08-02
15569,2,Organic,2025-11-25
15570,21,Organic,2025-05-29
15571,18,Influencer,2025-07-16
15572,23,Organic,2025-06-12
15574,15,Organic,2025-07-20
15575,5,Referral,2025-05-04
15576,26,Paid ads,2025-06-10
15577,31,Organic,2025-11-08
15578,21,Organic,2025-12-13
15581,25,Organic,2025-02-28
15583,21,Influencer,2025-03-10
15584,17,Referral,2025-07-31
15586,21,Organic,2025-11-02
15587,15,Paid ads,2025-11-14
15588,25,Organic,2025-03-21
15589,19,Organic,2025-08-02
15590,23,Paid ads,2025-03-11
15591,25,Organic,2025-07-14
15593,19,Organic,2025-10-01
15594,20,Referral,2025-09-02
15595,20,Organic,2025-06-10
15597,3,Referral,2025-09-04
15598,23,Influencer,2025-05-17
15599,25,Referral,2025-10-30
15602,6,Organic,2025-02-18
15603,31,Paid ads,2025-04-23
15605,27,Paid ads,2025-07-09
15606,1,Referral,2025-11-13
15607,27,Referral,2025-04-28
15608,20,Paid ads,2025-08-10
15609,13,Organic,2025-09-28
15610,26,Influencer,2025-11-07
15614,25,Organic,2025-10-11
15615,15,Paid ads,2025-06-02
15616,12,Paid ads,2025-10-16
15618,15,Paid ads,2025-03-30
15619,31,Organic,2025-06-09
15620,23,Paid ads,2025-06-29
15621,15,Influencer,2025-05-07
15622,19,Paid ads,2025-07-05
15623,20,Organic,2025-09-08
15624,14,Paid ads,2025-11-13
15625,21,Organic,2025-07-02
15626,26,Organic,2025-07-12
15628,9,Influencer,2025-10-11
15629,18,Organic,2025-06-16
15631,27,Paid ads,2025-11-01
15632,25,Influencer,2025-09-30
15633,19,Paid ads,2025-12-31
15635,14,Organic,2025-07-12
15636,25,Referral,2025-07-17
15640,28,Influencer,2025-09-29
15641,3,Organic,2025-06-26
15642,23,Paid ads,2025-08-14
15643,30,Paid ads,2025-06-30
15644,12,Organic,2025-06-17
15645,26,Paid ads,2025-09-25
15646,23,Organic,2025-02-15
15647,13,Referral,2025-06-06
15648,13,Paid ads,2025-04-24
15649,12,Organic,2025-09-25
15652,26,Referral,2025-04-24
15654,22,Influencer,2025-06-24
15655,10,Referral,2025-08-30
15656,31,Organic,2025-08-14
15657,25,Organic,2025-08-09
15658,5,Organic,2025-03-23
15659,16,Paid ads,2025-03-12
15660,31,Organic,2025-04-14
15661,13,Referral,2025-07-21
15662,24,Organic,2025-10-12
15663,2,Organic,2025-02-27
15664,9,Influencer,2025-07-03
15665,24,Influencer,2025-09-12
15667,23,Organic,2025-08-18
15668,23,Organic,2025-10-26
15669,29,Organic,2025-03-29
15670,23,Referral,2025-10-23
15671,21,Paid ads,2025-11-03
15672,28,Paid ads,2025-07-13
15673,2,Influencer,2025-05-04
15674,12,Organic,2025-06-05
15675,29,Organic,2025-09-07
15676,10,Influencer,2025-08-13
15677,31,Paid ads,2025-10-31
15680,31,Organic,2025-08-11
15681,28,Referral,2025-06-22
15682,17,Organic,2025-11-20
15684,32,Paid ads,2025-11-26
15685,17,Organic,2025-08-20
15686,29,Organic,2025-09-12
15687,25,Paid ads,2025-10-28
15689,1,Organic,2025-11-21
15690,18,Paid ads,2025-11-22
15691,15,Organic,2025-11-08
15692,22,Organic,2025-10-25
15693,28,Organic,2025-03-30
15694,10,Organic,2025-09-21
15695,22,Organic,2025-05-19
15696,30,Organic,2025-10-11
15697,14,Referral,2025-11-27
15698,8,Paid ads,2025-10-24
15699,5,Organic,2025-08-14
15700,22,Organic,2025-04-09
15701,24,Organic,2025-04-22
15702,26,Organic,2025-10-31
15704,24,Paid ads,2025-03-02
15705,20,Paid ads,2025-05-25
15706,3,Organic,2025-06-10
15707,25,Paid ads,2025-11-09
15708,25,Influencer,2025-10-30
15710,9,Organic,2025-10-09
15712,32,Influencer,2025-06-03
15713,26,Paid ads,2025-08-20
15714,24,Organic,2025-05-04
15716,5,Organic,2025-05-12
15717,29,Organic,2025-04-27
15718,24,Influencer,2025-08-15
15719,6,Organic,2025-12-06
15721,32,Influencer,2025-05-31
15723,11,Organic,2025-08-15
15724,22,Referral,2025-10-17
15725,3,Organic,2025-09-13
15726,16,Paid ads,2025-07-08
15728,16,Paid ads,2025-02-15
15729,32,Influencer,2025-04-14
15730,4,Paid ads,2025-09-12
15732,15,Organic,2025-11-23
15733,2,Paid ads,2025-10-26
15735,17,Paid ads,2025-03-21
15737,23,Organic,2025-03-13
15738,16,Organic,2025-04-19
15739,6,Paid ads,2025-05-23
15740,28,Paid ads,2025-04-23
15741,7,Organic,2025-12-28
15743,19,Referral,2025-04-18
15744,14,Referral,2025-05-04
15745,8,Referral,2025-07-01
15746,10,Organic,2025-04-26
15747,21,Paid ads,2025-11-18
15748,14,Organic,2025-04-15
15749,8,Influencer,2025-07-14
15750,30,Organic,2025-05-20
15751,31,Paid ads,2025-12-01
15752,23,Organic,2025-07-21
15755,23,Organic,2025-11-04
15756,12,Paid ads,2025-04-18
15757,22,Referral,2025-08-30
15758,32,Organic,2025-05-28
15759,13,Influencer,2025-05-17
15760,9,Organic,2025-06-05
15761,20,Organic,2025-10-23
15763,32,Referral,2025-06-30
15764,22,Paid ads,2025-06-20
15765,9,Organic,2025-06-27
15768,30,Organic,2025-10-26
15769,30,Organic,2025-10-23
15770,28,Organic,2025-10-18
15771,24,Organic,2025-09-03
15774,31,Referral,2025-07-13
15778,27,Referral,2025-09-04
15779,21,Organic,2025-10-05
15780,15,Referral,2025-08-17
15781,23,Organic,2025-12-17
15782,26,Referral,2025-10-11
15783,17,Organic,2025-03-11
15785,10,Paid ads,2025-08-22
15786,25,Paid ads,2025-05-17
15787,28,Paid ads,2025-11-12
15788,9,Referral,2025-06-26
15789,25,Organic,2025-05-08
15793,30,Influencer,2025-09-04
15794,12,Referral,2025-03-31
15796,20,Organic,2025-06-22
15797,20,Organic,2025-09-21
15798,32,Paid ads,2025-06-01
15800,10,Paid ads,2025-06-09
15802,11,Referral,2025-05-25
15803,20,Paid ads,2025-03-31
15805,13,Organic,2025-04-08
15806,28,Paid ads,2025-08-06
15808,6,Paid ads,2025-05-09
15809,9,Organic,2025-07-05
15810,31,Organic,2025-12-13
15811,18,Organic,2025-08-26
15812,26,Influencer,2025-08-04
15813,29,Organic,2025-11-24
15814,24,Paid ads,2025-08-28
15815,31,Referral,2025-05-17
15818,18,Organic,2025-02-10
15819,12,Paid ads,2025-06-10
15821,21,Organic,2025-12-15
15823,20,Organic,2025-09-20
15824,14,Organic,2025-11-01
15825,13,Organic,2025-07-29
15827,27,Influencer,2025-07-22
15828,6,Paid ads,2025-11-01
15829,26,Organic,2025-06-01
15830,3,Paid ads,2025-11-08
15831,28,Influencer,2025-10-01
15832,23,Influencer,2025-11-09
15833,24,Paid ads,2025-05-08
15834,32,Organic,2025-11-12
15835,9,Organic,2025-10-27
15836,22,Influencer,2025-10-06
15837,31,Referral,2025-06-12
15838,16,Referral,2025-12-11
15839,32,Organic,2025-07-20
15840,27,Organic,2025-06-26
15841,26,Organic,2025-03-31
15843,31,Organic,2025-03-07
15845,22,Organic,2025-06-01
15847,3,Organic,2025-07-22
15848,32,Influencer,2025-05-26
15849,7,Organic,2025-11-17
15850,6,Paid ads,2025-08-28
15851,5,Influencer,2025-11-19
15852,24,Influencer,2025-07-05
15854,17,Paid ads,2025-02-26
15855,26,Referral,2025-05-25
15857,16,Organic,2025-03-24
15858,28,Organic,2025-09-17
15859,32,Paid ads,2025-10-26
15860,32,Referral,2025-05-10
15861,17,Paid ads,2025-12-04
15862,15,Organic,2025-10-06
15863,25,Referral,2025-03-01
15864,18,Organic,2025-07-13
15865,30,Referral,2025-11-10
15866,17,Influencer,2025-05-14
15868,24,Paid ads,2025-10-05
15869,17,Organic,2025-10-25
15870,19,Organic,2025-04-29
15871,21,Paid ads,2025-08-30
15872,17,Referral,2025-11-16
15873,14,Organic,2025-08-10
15874,29,Organic,2025-05-14
15875,29,Organic,2025-05-04
15876,26,Referral,2025-02-07
15877,22,Organic,2025-08-07
15878,21,Referral,2025-04-25
15879,30,Organic,2025-02-16
15880,17,Paid ads,2025-05-18
15881,22,Organic,2025-06-19
15882,24,Influencer,2025-10-18
15883,19,Paid ads,2025-07-12
15885,25,Paid ads,2025-09-01
15886,17,Referral,2025-10-04
15887,22,Referral,2025-04-24
15888,15,Organic,2025-11-16
15890,30,Organic,2025-07-17
15891,26,Influencer,2025-05-21
15892,22,Referral,2025-08-08
15893,29,Organic,2025-02-22
15895,23,Organic,2025-06-21
15896,13,Organic,2025-03-13
15897,19,Paid ads,2025-05-15
15898,22,Influencer,2025-08-12
15900,21,Organic,2025-12-10
15901,27,Organic,2025-05-28
15902,5,Referral,2025-10-24
15903,21,Referral,2025-11-03
15904,15,Organic,2025-05-24
15905,9,Organic,2025-05-20
15906,22,Organic,2025-08-09
15908,9,Paid ads,2025-06-12
15910,26,Paid ads,2025-12-04
15911,20,Referral,2025-02-14
15912,1,Organic,2025-10-16
15914,28,Referral,2025-05-13
15915,18,Paid ads,2025-10-31
15917,2,Organic,2025-07-09
15918,16,Organic,2025-06-08
15920,27,Influencer,2025-08-18
15921,15,Organic,2025-10-06
15922,7,Organic,2025-07-02
15923,16,Paid ads,2025-11-19
15924,31,Paid ads,2025-10-05
15925,18,Organic,2025-05-14
15927,13,Organic,2025-10-19
15928,16,Organic,2025-06-27
15929,27,Organic,2025-11-22
15931,32,Paid ads,2025-08-11
15932,14,Influencer,2025-08-25
15933,22,Organic,2025-12-25
15934,21,Referral,2025-07-18
15937,17,Organic,2025-08-06
15938,21,Organic,2025-07-15
15939,30,Organic,2025-11-05
15940,13,Organic,2025-07-08
15941,8,Organic,2025-06-19
15942,26,Organic,2025-06-17
15943,31,Organic,2025-06-27
15944,24,Organic,2025-06-14
15945,29,Influencer,2025-11-24
15946,26,Referral,2025-08-07
15947,11,Organic,2025-06-11
15949,30,Organic,2025-09-18
15950,20,Paid ads,2025-07-21
15951,31,Organic,2025-08-24
15952,7,Paid ads,2025-04-21
15953,23,Organic,2025-02-27
15954,23,Organic,2025-07-27
15955,29,Referral,2025-05-14
15958,27,Organic,2025-08-15
15960,2,Paid ads,2025-03-25
15961,30,Paid ads,2025-11-02
15962,16,Referral,2025-09-15
15963,10,Paid ads,2025-05-07
15965,29,Referral,2025-07-08
15966,25,Influencer,2025-01-17
15967,28,Referral,2025-09-11
15968,30,Organic,2025-07-26
15969,18,Paid ads,2025-09-05
15970,10,Organic,2025-09-22
15971,17,Organic,2025-09-26
15972,22,Influencer,2025-10-25
15973,8,Influencer,2025-12-08
15974,28,Organic,2025-11-24
15976,16,Influencer,2025-03-08
15977,26,Organic,2025-04-22
15978,18,Influencer,2025-10-06
15980,31,Influencer,2025-07-17
15981,19,Referral,2025-12-01
15982,24,Paid ads,2025-09-12
15985,20,Organic,2025-08-12
15987,28,Organic,2025-09-21
15988,23,Paid ads,2025-07-12
15989,18,Paid ads,2025-10-05
15990,4,Paid ads,2025-08-29
15991,28,Organic,2025-05-11
15993,16,Referral,2025-03-27
15994,25,Organic,2025-07-31
15995,32,Paid ads,2025-10-30
15997,32,Referral,2025-06-29
15998,32,Paid ads,2025-06-04
15999,11,Organic,2025-08-12
16000,4,Referral,2025-04-11
16001,28,Organic,2025-04-27
16002,23,Influencer,2025-11-21
16003,28,Organic,2025-08-31
16004,22,Paid ads,2025-03-19
16005,29,Organic,2025-09-17
16006,20,Paid ads,2025-12-18
16007,15,Influencer,2025-10-21
16008,27,Organic,2025-10-09
16009,32,Referral,2025-04-14
16010,31,Influencer,2025-11-07
16011,14,Paid ads,2025-05-02
16012,11,Paid ads,2025-11-03
16013,4,Paid ads,2025-05-08
16014,22,Paid ads,2025-12-27
16016,32,Organic,2025-12-04
16017,28,Influencer,2025-10-05
16018,31,Organic,2025-11-01
16019,7,Organic,2025-06-05
16020,15,Organic,2025-06-25
16021,9,Organic,2025-05-12
16022,6,Organic,2025-10-07
16023,16,Influencer,2025-05-29
16024,9,Influencer,2025-06-01
16026,30,Organic,2025-04-25
16027,29,Organic,2025-06-17
16029,22,Paid ads,2025-06-27
16030,1,Organic,2025-03-24
16031,23,Paid ads,2025-08-17
16032,28,Organic,2025-08-23
16033,18,Referral,2025-07-12
16035,2,Influencer,2025-11-03
16036,15,Organic,2025-03-29
16038,13,Organic,2025-09-28
16039,32,Organic,2025-06-25
16043,29,Paid ads,2025-05-15
16044,17,Paid ads,2025-04-10
16047,26,Organic,2025-05-22
16048,31,Organic,2025-09-04
16050,18,Organic,2025-09-19
16051,32,Organic,2025-10-09
16052,32,Influencer,2025-05-23
16053,32,Organic,2025-08-20
16054,18,Influencer,2025-10-03
16055,19,Paid ads,2025-03-19
16056,24,Organic,2025-05-19
16057,15,Referral,2025-08-25
16058,12,Referral,2025-07-31
16059,11,Referral,2025-07-17
16060,12,Organic,2025-05-03
16061,16,Organic,2025-12-04
16062,21,Referral,2025-09-20
16063,6,Referral,2025-09-22
16064,14,Paid ads,2025-10-28
16066,21,Paid ads,2025-09-07
16067,28,Paid ads,2025-11-12
16068,21,Influencer,2025-11-03
16069,17,Organic,2025-07-12
16070,32,Organic,2025-02-07
16071,24,Organic,2025-07-21
16072,15,Organic,2025-05-10
16073,32,Referral,2025-08-01
16074,29,Referral,2025-03-18
16075,21,Paid ads,2025-08-16
16077,21,Paid ads,2025-09-13
16079,26,Organic,2025-04-29
16080,4,Organic,2025-10-15
16081,29,Organic,2025-12-21
16082,11,Referral,2025-02-16
16083,20,Paid ads,2025-09-24
16084,29,Paid ads,2025-02-25
16085,27,Organic,2025-03-07
16086,24,Organic,2025-03-14
16087,15,Organic,2025-10-10
16088,27,Referral,2025-10-09
16089,32,Organic,2025-09-08
16090,27,Organic,2025-07-16
16091,23,Paid ads,2025-06-07
16092,30,Paid ads,2025-10-07
16093,25,Influencer,2025-09-18
16094,31,Referral,2025-06-18
16095,31,Referral,2025-07-07
16096,10,Referral,2025-07-12
16097,21,Organic,2025-06-26
16098,13,Paid ads,2025-11-17
16099,30,Organic,2025-09-27
16100,19,Paid ads,2025-07-16
16101,12,Referral,2025-04-27
16102,30,Paid ads,2025-09-04
16103,22,Organic,2025-09-26
16104,22,Influencer,2025-11-15
16105,19,Organic,2025-03-27
16106,12,Organic,2025-05-11
16107,16,Paid ads,2025-04-26
16108,21,Paid ads,2025-04-12
16109,25,Organic,2025-11-02
16110,28,Organic,2025-03-20
16111,32,Influencer,2025-09-12
16112,15,Organic,2025-11-29
16113,19,Paid ads,2025-10-30
16114,29,Organic,2025-04-07
16115,28,Paid ads,2025-10-18
16117,2,Organic,2025-06-16
16118,31,Organic,2025-08-23
16120,21,Organic,2025-12-09
16121,12,Organic,2025-06-25
16122,21,Influencer,2025-04-27
16124,11,Organic,2025-10-10
16126,13,Influencer,2025-12-27
16127,24,Organic,2025-12-23
16128,8,Influencer,2025-07-04
16129,25,Referral,2025-08-08
16130,26,Organic,2025-06-30
16131,25,Referral,2025-07-14
16132,32,Referral,2025-09-20
16133,12,Paid ads,2025-05-24
16134,28,Organic,2025-10-09
16137,11,Organic,2025-12-05
16138,15,Organic,2025-07-13
16141,28,Paid ads,2025-07-12
16144,10,Paid ads,2025-06-15
16145,26,Referral,2025-11-22
16146,21,Influencer,2025-04-13
16147,24,Paid ads,2025-05-29
16149,10,Paid ads,2025-11-25
16150,10,Referral,2025-03-25
16151,6,Paid ads,2025-03-22
16152,24,Organic,2025-11-22
16154,27,Referral,2025-06-12
16156,32,Paid ads,2025-12-11
16157,9,Referral,2025-03-20
16158,20,Organic,2025-07-27
16159,17,Influencer,2025-06-25
16160,12,Organic,2025-06-27
16161,32,Organic,2025-09-30
16162,27,Organic,2025-04-19
16163,24,Organic,2025-12-18
16164,28,Organic,2025-08-17
16165,12,Organic,2025-10-19
16166,10,Influencer,2025-10-18
16167,32,Organic,2025-05-02
16168,16,Organic,2025-07-10
16169,7,Organic,2025-06-06
16170,31,Paid ads,2025-11-30
16171,2,Referral,2025-11-17
16172,25,Paid ads,2025-08-13
16173,9,Paid ads,2025-04-30
16174,24,Organic,2025-10-22
16175,17,Influencer,2025-05-02
16176,28,Influencer,2025-08-06
16177,3,Organic,2025-06-11
16178,14,Organic,2025-08-11
16179,21,Referral,2025-10-20
16180,25,Organic,2025-06-29
16181,17,Organic,2025-07-25
16182,20,Organic,2025-05-05
16184,27,Organic,2025-08-01
16185,29,Referral,2025-06-14
16186,27,Organic,2025-07-21
16187,20,Paid ads,2025-08-11
16188,31,Influencer,2025-07-30
16189,28,Influencer,2025-05-08
16190,11,Paid ads,2025-07-10
16191,17,Organic,2025-08-24
16193,23,Paid ads,2025-10-13
16194,31,Referral,2025-06-19
16195,26,Organic,2025-06-06
16196,21,Organic,2025-06-24
16197,21,Organic,2025-09-12
16198,28,Paid ads,2025-03-25
16199,29,Organic,2025-04-19
16200,7,Influencer,2025-06-18
16201,23,Organic,2025-07-20
16202,23,Paid ads,2025-10-21
16203,15,Referral,2025-07-08
16205,25,Organic,2025-09-25
16206,8,Referral,2025-08-18
16208,21,Paid ads,2025-07-13
16209,27,Referral,2025-04-08
16210,22,Organic,2025-07-15
16211,9,Organic,2025-08-05
16212,25,Organic,2025-04-25
16213,10,Paid ads,2025-10-23
16214,11,Paid ads,2025-05-08
16215,25,Referral,2025-05-15
16216,21,Influencer,2025-09-11
16217,21,Paid ads,2025-08-28
16218,28,Paid ads,2025-05-06
16219,25,Organic,2025-09-24
16220,27,Paid ads,2025-06-02
16221,9,Paid ads,2025-08-17
16222,1,Paid ads,2025-04-07
16224,23,Paid ads,2025-09-27
16225,23,Referral,2025-05-22
16227,7,Paid ads,2025-04-27
16231,32,Organic,2025-08-18
16232,31,Referral,2025-09-04
16235,31,Paid ads,2025-11-04
16236,12,Organic,2025-11-04
16237,19,Paid ads,2025-09-27
16239,21,Referral,2025-07-14
16241,16,Organic,2025-10-16
16242,30,Paid ads,2025-06-26
16243,13,Paid ads,2025-12-10
16245,27,Paid ads,2025-10-25
16246,30,Organic,2025-07-24
16247,26,Organic,2025-07-12
16248,16,Organic,2025-05-30
16249,19,Referral,2025-11-11
16250,29,Influencer,2025-03-25
16251,24,Organic,2025-07-08
16252,25,Paid ads,2025-06-28
16253,12,Referral,2025-05-07
16254,32,Organic,2025-10-08
16255,23,Paid ads,2025-04-15
16259,17,Referral,2025-07-16
16260,30,Paid ads,2025-09-10
16261,23,Influencer,2025-11-05
16262,20,Organic,2025-11-18
16263,28,Paid ads,2025-08-06
16267,28,Paid ads,2025-06-29
16268,32,Organic,2025-07-01
16269,27,Influencer,2025-10-26
16270,25,Organic,2025-11-22
16271,6,Organic,2025-07-23
16272,13,Organic,2025-08-10
16273,16,Organic,2025-07-12
16274,17,Paid ads,2025-06-03
16275,27,Paid ads,2025-06-25
16276,31,Paid ads,2025-03-09
16279,14,Organic,2025-06-14
16280,15,Influencer,2025-08-29
16281,9,Organic,2025-11-13
16282,22,Paid ads,2025-03-21
16283,10,Referral,2025-11-18
16284,20,Paid ads,2025-10-24
16285,6,Influencer,2025-03-26
16286,9,Influencer,2025-04-05
16287,13,Referral,2025-08-29
16288,24,Organic,2025-06-16
16289,28,Influencer,2025-10-30
16290,18,Paid ads,2025-04-06
16291,6,Influencer,2025-06-07
16292,26,Organic,2025-05-21
16294,7,Paid ads,2025-10-05
16295,27,Paid ads,2025-09-26
16296,19,Paid ads,2025-06-12
16297,32,Influencer,2025-11-23
16298,21,Referral,2025-08-04
16299,32,Organic,2025-08-10
16300,17,Organic,2025-05-20
16301,24,Paid ads,2025-11-08
16302,27,Paid ads,2025-09-25
16308,1,Influencer,2025-05-23
16311,31,Paid ads,2025-06-13
16312,28,Referral,2025-06-11
16313,5,Paid ads,2025-09-20
16314,12,Paid ads,2025-10-06
16315,31,Organic,2025-09-17
16316,32,Referral,2025-06-22
16317,24,Organic,2025-10-15
16318,10,Paid ads,2025-05-19
16320,21,Referral,2025-09-23
16322,32,Paid ads,2025-06-28
16323,7,Organic,2025-12-22
16324,18,Paid ads,2025-06-01
16325,21,Paid ads,2025-07-01
16326,20,Paid ads,2025-06-02
16327,22,Paid ads,2025-10-03
16328,31,Organic,2025-02-12
16329,12,Paid ads,2025-09-23
16332,9,Referral,2025-12-10
16333,9,Paid ads,2025-08-17
16334,29,Influencer,2025-08-24
16335,11,Organic,2025-05-07
16336,9,Organic,2025-08-01
16339,28,Organic,2025-08-26
16340,2,Influencer,2025-04-14
16341,29,Influencer,2025-07-10
16342,22,Organic,2025-08-28
16343,12,Organic,2025-05-12
16345,8,Referral,2025-10-22
16346,25,Referral,2025-11-27
16347,22,Influencer,2025-04-18
16350,28,Organic,2025-09-11
16351,22,Organic,2025-11-23
16352,28,Paid ads,2025-08-15
16353,9,Referral,2025-08-22
16354,29,Referral,2025-09-18
16355,13,Organic,2025-07-01
16357,29,Referral,2025-07-02
16358,16,Organic,2025-04-08
16359,21,Organic,2025-06-29
16361,24,Organic,2025-06-13
16362,18,Organic,2025-09-11
16363,9,Influencer,2025-11-24
16364,2,Influencer,2025-04-21
16365,31,Referral,2025-07-03
16366,32,Paid ads,2025-10-23
16367,22,Referral,2025-05-31
16368,31,Referral,2025-11-03
16370,8,Organic,2025-10-04
16372,21,Organic,2025-11-26
16373,22,Organic,2025-11-23
16374,13,Organic,2025-04-20
16376,29,Organic,2025-08-08
16377,2,Organic,2025-07-19
16378,19,Organic,2025-08-12
16379,32,Organic,2025-07-29
16380,27,Influencer,2025-07-07
16381,13,Paid ads,2025-07-29
16384,9,Influencer,2025-07-17
16385,27,Organic,2025-05-25
16387,22,Organic,2025-06-12
16388,14,Paid ads,2025-06-11
16389,17,Paid ads,2025-10-10
16390,25,Organic,2025-08-26
16391,2,Paid ads,2025-08-11
16394,7,Organic,2025-03-12
16395,27,Organic,2025-10-31
16396,2,Referral,2025-11-16
16397,10,Organic,2025-09-09
16398,5,Paid ads,2025-10-07
16399,30,Organic,2025-09-22
16401,5,Influencer,2025-04-19
16402,9,Organic,2025-09-07
16403,6,Organic,2025-09-10
16404,29,Referral,2025-11-02
16405,12,Paid ads,2025-08-13
16407,21,Organic,2025-04-06
16408,32,Organic,2025-02-25
16409,26,Organic,2025-03-14
16411,12,Paid ads,2025-11-23
16412,14,Organic,2025-09-15
16415,25,Paid ads,2025-08-12
16417,28,Paid ads,2025-06-22
16418,7,Organic,2025-02-24
16419,11,Organic,2025-04-03
16420,23,Paid ads,2025-07-31
16421,22,Influencer,2025-08-24
16422,27,Organic,2025-08-02
16423,32,Organic,2025-09-13
16424,14,Organic,2025-12-07
16425,25,Organic,2025-08-28
16426,29,Paid ads,2025-10-04
16429,20,Influencer,2025-10-29
16432,29,Organic,2025-06-04
16433,26,Referral,2025-04-24
16434,18,Influencer,2025-05-31
16435,26,Organic,2025-09-07
16436,22,Paid ads,2025-02-06
16437,14,Organic,2025-10-15
16438,30,Paid ads,2025-06-13
16439,31,Referral,2025-09-02
16440,21,Organic,2025-05-29
16442,28,Organic,2025-07-10
16443,30,Organic,2025-10-14
16444,10,Organic,2025-09-06
16445,18,Influencer,2025-11-03
16446,27,Organic,2025-06-29
16447,6,Organic,2025-05-08
16449,13,Paid ads,2025-09-28
16450,6,Organic,2025-09-16
16451,29,Referral,2025-07-29
16452,11,Organic,2025-04-24
16454,9,Influencer,2025-08-17
16455,29,Referral,2025-06-24
16456,17,Paid ads,2025-05-01
16457,27,Organic,2025-07-31
16459,27,Organic,2025-08-04
16461,14,Influencer,2025-08-02
16462,26,Referral,2025-06-11
16463,12,Paid ads,2025-03-04
16464,30,Paid ads,2025-05-12
16465,32,Organic,2025-08-14
16466,29,Referral,2025-12-14
16467,32,Influencer,2025-04-06
16468,31,Influencer,2025-05-16
16469,14,Paid ads,2025-08-07
16470,19,Influencer,2025-07-28
16473,12,Referral,2025-10-26
16475,31,Influencer,2025-04-20
16476,15,Paid ads,2025-06-11
16479,11,Referral,2025-11-12
16480,15,Paid ads,2025-08-27
16481,4,Organic,2025-03-24
16482,12,Organic,2025-06-24
16483,26,Paid ads,2025-10-24
16484,21,Influencer,2025-09-13
16485,19,Paid ads,2025-05-02
16486,16,Paid ads,2025-02-28
16487,7,Organic,2025-07-26
16488,21,Organic,2025-10-16
16490,28,Organic,2025-06-20
16491,31,Paid ads,2025-03-08
16495,2,Organic,2025-08-10
16496,24,Organic,2025-04-16
16497,32,Referral,2025-11-11
16498,29,Organic,2025-06-29
16499,23,Influencer,2025-10-29
16500,28,Organic,2025-04-30
16501,21,Influencer,2025-11-08
16502,26,Organic,2025-03-03
16503,5,Referral,2025-07-11
16504,6,Organic,2025-07-30
16505,20,Organic,2025-07-07
16506,3,Paid ads,2025-06-30
16507,13,Influencer,2025-11-17
16508,13,Influencer,2025-06-08
16509,11,Referral,2025-09-07
16510,23,Referral,2025-10-03
16511,31,Influencer,2025-10-08
16512,22,Referral,2025-10-04
16513,9,Organic,2025-08-06
16514,2,Organic,2025-08-01
16516,27,Influencer,2025-06-10
16518,1,Influencer,2025-06-29
16519,30,Influencer,2025-04-26
16520,24,Organic,2025-08-22
16522,17,Paid ads,2025-08-23
16524,15,Referral,2025-08-31
16525,28,Organic,2025-08-13
16527,16,Organic,2025-08-31
16528,23,Referral,2025-09-12
16529,5,Influencer,2025-03-18
16532,28,Referral,2025-07-08
16533,26,Influencer,2025-03-30
16535,30,Influencer,2025-10-24
16536,23,Organic,2025-11-27
16539,28,Organic,2025-05-05
16540,26,Paid ads,2025-04-01
16541,27,Organic,2025-08-26
16542,30,Influencer,2025-12-11
16543,4,Paid ads,2025-05-09
16544,25,Referral,2025-04-18
16546,13,Organic,2025-08-29
16547,15,Organic,2025-05-28
16548,31,Organic,2025-10-17
16549,32,Referral,2025-07-11
16550,28,Organic,2025-09-09
16551,26,Paid ads,2025-08-15
16552,22,Paid ads,2025-06-01
16553,25,Paid ads,2025-08-13
16554,28,Influencer,2025-05-29
16555,14,Organic,2025-08-03
16556,24,Paid ads,2025-02-19
16557,24,Organic,2025-04-19
16558,21,Organic,2025-09-14
16559,25,Paid ads,2025-11-01
16560,19,Organic,2025-07-12
16562,31,Paid ads,2025-09-07
16563,18,Influencer,2025-04-11
16564,21,Organic,2025-12-15
16566,18,Paid ads,2025-10-19
16567,28,Referral,2025-05-19
16568,6,Paid ads,2025-10-06
16569,29,Organic,2025-04-18
16571,13,Organic,2025-07-06
16572,20,Influencer,2025-06-27
16575,24,Paid ads,2025-04-17
16576,29,Referral,2025-08-15
16578,24,Paid ads,2025-08-07
16579,21,Paid ads,2025-08-12
16580,12,Referral,2025-04-09
16582,11,Paid ads,2025-09-02
16584,25,Organic,2025-05-07
16585,21,Paid ads,2025-06-12
16587,9,Influencer,2025-03-21
16588,32,Organic,2025-04-05
16589,29,Organic,2025-05-09
16590,27,Referral,2025-12-13
16591,23,Organic,2025-10-09
16592,31,Paid ads,2025-05-14
16593,21,Organic,2025-11-23
16598,29,Paid ads,2025-05-29
16599,21,Organic,2025-07-22
16600,4,Organic,2025-03-30
16601,12,Paid ads,2025-08-01
16602,11,Organic,2025-09-30
16604,28,Organic,2025-07-26
16605,27,Influencer,2025-04-08
16607,27,Paid ads,2025-06-03
16609,32,Organic,2025-05-02
16610,29,Referral,2025-10-06
16611,7,Organic,2025-08-29
16612,28,Paid ads,2025-09-30
16613,22,Influencer,2025-09-30
16614,21,Paid ads,2025-04-07
16615,21,Influencer,2025-11-16
16617,20,Referral,2025-06-30
16619,15,Organic,2025-05-13
16620,27,Organic,2025-02-26
16621,8,Organic,2025-07-31
16622,7,Referral,2025-04-03
16623,26,Paid ads,2025-03-17
16624,17,Paid ads,2025-04-02
16625,29,Organic,2025-12-20
16626,11,Organic,2025-09-12
16629,24,Organic,2025-07-18
16630,6,Paid ads,2025-05-15
16631,18,Referral,2025-08-21
16632,5,Organic,2025-06-09
16633,26,Organic,2025-06-29
16636,30,Organic,2025-10-22
16637,21,Referral,2025-11-01
16638,20,Organic,2025-10-15
16639,30,Organic,2025-08-19
16640,30,Paid ads,2025-05-02
16641,3,Influencer,2025-04-23
16642,21,Organic,2025-11-19
16643,32,Organic,2025-11-10
16644,10,Organic,2025-06-23
16645,32,Organic,2025-09-04
16647,10,Organic,2025-09-07
16648,10,Paid ads,2025-11-20
16649,25,Influencer,2025-09-16
16650,3,Influencer,2025-05-31
16651,11,Referral,2025-05-17
16652,27,Organic,2025-05-29
16653,17,Paid ads,2025-06-10
16654,16,Organic,2025-11-03
16657,30,Organic,2025-12-22
16658,30,Influencer,2025-06-07
16659,21,Referral,2025-04-03
16660,28,Paid ads,2025-09-19
16662,26,Organic,2025-05-07
16663,32,Influencer,2025-07-05
16664,14,Organic,2025-06-29
16665,19,Organic,2025-09-04
16666,11,Referral,2025-08-02
16667,24,Influencer,2025-06-26
16670,32,Influencer,2025-09-21
16674,15,Paid ads,2025-05-14
16675,21,Influencer,2025-06-03
16676,30,Referral,2025-07-24
16678,19,Paid ads,2025-09-03
16680,30,Organic,2025-02-08
16682,27,Organic,2025-06-23
16683,15,Organic,2025-06-08
16684,16,Organic,2025-12-17
16685,7,Paid ads,2025-07-18
16687,15,Organic,2025-08-24
16688,23,Influencer,2025-09-11
16689,24,Paid ads,2025-09-27
16690,27,Organic,2025-07-30
16692,31,Influencer,2025-04-15
16693,25,Paid ads,2025-11-28
16694,28,Referral,2025-06-07
16695,13,Influencer,2025-10-16
16696,20,Organic,2025-10-09
16698,24,Paid ads,2025-08-30
16700,11,Organic,2025-08-07
16701,29,Organic,2025-09-04
16702,29,Influencer,2025-06-23
16703,16,Organic,2025-07-01
16705,12,Organic,2025-06-26
16708,27,Referral,2025-11-01
16709,7,Referral,2025-07-31
16710,4,Paid ads,2025-07-05
16711,23,Organic,2025-10-29
16712,23,Organic,2025-08-23
16713,23,Referral,2025-12-08
16714,14,Organic,2025-09-29
16715,7,Referral,2025-05-14
16716,14,Referral,2025-04-17
16717,20,Influencer,2025-04-29
16718,29,Paid ads,2025-03-04
16719,2,Organic,2025-04-26
16720,11,Organic,2025-05-10
16722,12,Paid ads,2025-11-27
16723,19,Organic,2025-10-03
16725,8,Referral,2025-05-19
16726,21,Organic,2025-04-02
16727,8,Paid ads,2025-07-04
16728,12,Referral,2025-06-16
16729,24,Organic,2025-10-30
16730,29,Organic,2025-04-29
16731,9,Influencer,2025-07-21
16732,26,Referral,2025-07-29
16733,27,Influencer,2025-09-02
16735,12,Influencer,2025-05-15
16737,21,Paid ads,2025-03-27
16739,11,Organic,2025-09-25
16741,14,Influencer,2025-08-26
16742,2,Organic,2025-05-04
16743,9,Influencer,2025-02-20
16744,23,Organic,2025-10-05
16745,17,Organic,2025-04-25
16746,26,Organic,2025-02-15
16747,13,Organic,2025-04-15
16748,7,Paid ads,2025-04-16
16750,31,Paid ads,2025-09-10
16751,22,Organic,2025-09-16
16753,26,Paid ads,2025-06-13
16754,25,Referral,2025-07-23
16755,32,Organic,2025-11-19
16756,32,Organic,2025-04-30
16757,14,Influencer,2025-09-20
16758,22,Paid ads,2025-07-14
16759,2,Paid ads,2025-06-26
16760,9,Organic,2025-04-29
16762,20,Referral,2025-10-12
16763,1,Paid ads,2025-12-20
16764,2,Paid ads,2025-08-11
16765,18,Referral,2025-06-17
16766,28,Referral,2025-03-21
16767,21,Organic,2025-11-01
16768,27,Influencer,2025-07-09
16769,29,Paid ads,2025-10-19
16770,9,Organic,2025-06-19
16771,28,Paid ads,2025-07-28
16772,13,Organic,2025-02-03
16774,27,Influencer,2025-03-29
16775,32,Organic,2025-06-15
16776,27,Referral,2025-03-24
16777,4,Paid ads,2025-05-17
16778,29,Influencer,2025-11-28
16779,2,Organic,2025-05-06
16780,31,Referral,2025-12-29
16781,16,Influencer,2025-08-17
16782,27,Paid ads,2025-11-02
16784,9,Paid ads,2025-05-15
16786,20,Paid ads,2025-08-14
16789,29,Influencer,2025-06-15
16790,28,Paid ads,2025-04-29
16791,30,Influencer,2025-05-20
16792,19,Organic,2025-05-16
16793,23,Organic,2025-04-07
16794,21,Influencer,2025-11-05
16795,13,Paid ads,2025-09-03
16796,18,Organic,2025-10-12
16798,17,Organic,2025-05-12
16801,16,Organic,2025-09-03
16802,27,Influencer,2025-03-04
16805,21,Paid ads,2025-07-16
16806,10,Organic,2025-08-05
16807,11,Paid ads,2025-12-17
16809,28,Organic,2025-06-16
16813,6,Organic,2025-04-13
16814,19,Organic,2025-03-22
16815,3,Organic,2025-08-06
16816,11,Organic,2025-05-15
16818,31,Organic,2025-06-19
16819,29,Organic,2025-03-10
16823,6,Organic,2025-10-29
16825,21,Organic,2025-05-12
16826,2,Paid ads,2025-08-10
16827,5,Referral,2025-05-19
16828,23,Paid ads,2025-07-15
16829,22,Organic,2025-07-18
16830,29,Referral,2025-07-05
16831,7,Organic,2025-11-07
16832,28,Organic,2025-07-11
16833,5,Organic,2025-12-17
16834,17,Influencer,2025-10-22
16835,4,Referral,2025-10-05
16836,12,Influencer,2025-06-25
16837,25,Organic,2025-07-06
16838,9,Organic,2025-08-21
16839,11,Paid ads,2025-10-08
16842,31,Organic,2025-10-06
16843,25,Influencer,2025-11-06
16844,4,Organic,2025-11-13
16845,1,Organic,2025-07-19
16846,18,Organic,2025-06-03
16847,31,Paid ads,2025-12-31
16848,23,Organic,2025-10-12
16849,21,Paid ads,2025-06-24
16850,24,Organic,2025-10-20
16853,21,Influencer,2025-07-12
16854,11,Paid ads,2025-10-07
16856,25,Influencer,2025-08-15
16857,23,Organic,2025-03-10
16859,23,Organic,2025-05-01
16860,29,Organic,2025-06-30
16861,16,Referral,2025-06-16
16862,25,Organic,2025-08-14
16863,27,Paid ads,2025-05-24
16864,30,Influencer,2025-10-17
16866,6,Organic,2025-07-03
16867,18,Paid ads,2025-11-13
16868,15,Paid ads,2025-11-28
16869,4,Paid ads,2025-12-24
16871,10,Organic,2025-05-23
16872,12,Influencer,2025-07-10
16874,32,Organic,2025-10-19
16875,1,Paid ads,2025-12-23
16876,17,Organic,2025-06-04
16877,26,Influencer,2025-05-18
16878,7,Paid ads,2025-10-01
16879,28,Influencer,2025-10-10
16880,31,Referral,2025-07-21
16881,30,Organic,2025-09-23
16883,25,Organic,2025-03-10
16884,9,Organic,2025-10-05
16885,22,Paid ads,2025-12-28
16886,19,Influencer,2025-07-02
16887,10,Organic,2025-06-30
16888,29,Influencer,2025-07-30
16889,17,Organic,2025-07-18
16890,9,Organic,2025-10-29
16891,3,Influencer,2025-07-07
16892,22,Organic,2025-04-14
16893,25,Influencer,2025-05-18
16896,24,Paid ads,2025-12-13
16897,22,Organic,2025-06-04
16898,7,Referral,2025-08-25
16899,6,Referral,2025-06-07
16900,31,Organic,2025-08-25
16901,11,Organic,2025-07-18
16902,31,Organic,2025-06-22
16904,16,Organic,2025-05-13
16905,5,Referral,2025-06-13
16906,31,Referral,2025-04-04
16907,13,Paid ads,2025-12-04
16908,12,Paid ads,2025-11-07
16909,4,Organic,2025-12-10
16910,8,Organic,2025-03-25
16911,19,Paid ads,2025-06-13
16912,12,Organic,2025-10-18
16913,24,Organic,2025-03-13
16914,1,Organic,2025-10-05
16915,12,Paid ads,2025-08-30
16916,24,Influencer,2025-09-21
16917,26,Influencer,2025-06-12
16919,2,Paid ads,2025-09-25
16920,18,Paid ads,2025-09-08
16921,10,Organic,2025-05-06
16922,25,Organic,2025-05-26
16923,26,Referral,2025-03-10
16924,29,Organic,2025-04-20
16925,14,Referral,2025-05-08
16926,24,Organic,2025-09-01
16927,30,Influencer,2025-11-25
16928,32,Referral,2025-09-20
16929,28,Organic,2025-10-18
16930,29,Referral,2025-04-19
16931,4,Paid ads,2025-05-13
16933,17,Organic,2025-05-07
16934,26,Paid ads,2025-07-23
16935,9,Paid ads,2025-12-09
16941,21,Referral,2025-05-10
16942,24,Organic,2025-02-11
16943,20,Organic,2025-10-06
16945,12,Organic,2025-10-31
16946,14,Organic,2025-05-19
16950,2,Referral,2025-05-23
16952,30,Organic,2025-07-10
16953,27,Organic,2025-07-01
16954,28,Organic,2025-05-06
16955,23,Organic,2025-10-31
16956,30,Paid ads,2025-02-02
16957,17,Referral,2025-04-04
16958,11,Organic,2025-10-04
16959,28,Referral,2025-03-28
16960,30,Influencer,2025-08-24
16961,22,Organic,2025-11-10
16962,10,Paid ads,2025-08-20
16963,30,Organic,2025-06-22
16964,14,Paid ads,2025-08-14
16965,27,Organic,2025-10-02
16966,28,Organic,2025-10-18
16967,21,Organic,2025-12-18
16968,18,Referral,2025-07-18
16969,31,Organic,2025-08-22
16970,1,Influencer,2025-07-28
16971,19,Organic,2025-10-17
16973,8,Organic,2025-05-23
16974,25,Influencer,2025-05-30
16975,24,Referral,2025-04-01
16976,10,Organic,2025-10-04
16977,16,Referral,2025-08-22
16978,22,Referral,2025-08-30
16979,31,Organic,2025-07-12
16980,14,Organic,2025-06-15
16981,11,Paid ads,2025-09-28
16982,30,Organic,2025-09-03
16983,28,Organic,2025-03-18
16984,24,Referral,2025-10-02
16986,30,Organic,2025-11-05
16987,23,Organic,2025-03-25
16988,15,Organic,2025-09-11
16989,25,Paid ads,2025-05-20
16990,9,Organic,2025-12-19
16992,27,Paid ads,2025-08-03
16993,1,Organic,2025-08-09
16994,28,Paid ads,2025-08-13
16996,23,Paid ads,2025-07-17
17001,28,Organic,2025-11-06
17003,21,Paid ads,2025-10-30
17004,23,Paid ads,2025-04-09
17005,26,Paid ads,2025-09-07
17006,22,Paid ads,2025-04-16
17007,31,Paid ads,2025-05-26
17010,27,Organic,2025-03-23
17011,24,Paid ads,2025-05-24
17013,25,Paid ads,2025-11-05
17015,22,Influencer,2025-07-12
17017,24,Organic,2025-07-20
17018,32,Paid ads,2025-05-02
17019,28,Organic,2025-03-22
17020,21,Organic,2025-10-19
17022,7,Referral,2025-12-15
17023,21,Organic,2025-06-15
17024,17,Organic,2025-09-20
17025,26,Influencer,2025-03-21
17026,18,Paid ads,2025-07-02
17027,25,Paid ads,2025-03-16
17028,10,Paid ads,2025-07-08
17030,22,Organic,2025-04-14
17031,23,Organic,2025-10-23
17033,23,Influencer,2025-10-28
17036,11,Organic,2025-03-06
17037,24,Referral,2025-07-03
17039,26,Influencer,2025-09-29
17041,31,Paid ads,2025-06-20
17042,20,Influencer,2025-05-08
17043,27,Paid ads,2025-05-07
17044,16,Organic,2025-09-18
17046,21,Organic,2025-05-22
17047,17,Organic,2025-08-16
17048,10,Organic,2025-07-27
17050,15,Paid ads,2025-07-06
17053,3,Referral,2025-11-29
17054,9,Influencer,2025-08-02
17058,30,Organic,2025-04-29
17059,31,Organic,2025-06-06
17060,30,Influencer,2025-06-07
17061,31,Paid ads,2025-02-14
17064,29,Referral,2025-06-04
17065,22,Paid ads,2025-09-11
17067,23,Organic,2025-04-29
17068,16,Influencer,2025-08-21
17069,32,Organic,2025-09-11
17071,24,Organic,2025-05-20
17072,13,Paid ads,2025-03-18
17073,29,Organic,2025-11-11
17074,22,Paid ads,2025-04-22
17076,26,Referral,2025-08-19
17077,5,Organic,2025-05-09
17079,19,Influencer,2025-09-18
17080,27,Paid ads,2025-05-31
17082,30,Paid ads,2025-07-17
17083,11,Organic,2025-09-14
17084,26,Organic,2025-06-11
17085,21,Organic,2025-03-29
17086,21,Referral,2025-05-30
17087,20,Referral,2025-04-29
17088,31,Organic,2025-02-26
17089,32,Organic,2025-02-04
17091,14,Paid ads,2025-06-12
17092,1,Paid ads,2025-05-20
17093,11,Organic,2025-11-26
17094,29,Paid ads,2025-05-15
17095,28,Organic,2025-05-30
17096,27,Paid ads,2025-09-01
17099,23,Paid ads,2025-08-08
17100,19,Paid ads,2025-09-23
17102,20,Organic,2025-07-14
17103,22,Influencer,2025-05-10
17104,21,Organic,2025-10-20
17105,8,Paid ads,2025-10-27
17106,13,Influencer,2025-04-21
17108,28,Referral,2025-08-22
17109,20,Organic,2025-08-02
17112,32,Referral,2025-11-21
17113,30,Organic,2025-07-07
17114,29,Paid ads,2025-10-16
17115,30,Organic,2025-12-19
17117,27,Referral,2025-10-12
17118,25,Organic,2025-02-14
17119,26,Paid ads,2025-10-09
17120,19,Organic,2025-10-07
17121,28,Paid ads,2025-11-13
17122,7,Paid ads,2025-12-15
17123,28,Referral,2025-06-04
17124,27,Organic,2025-02-16
17125,31,Organic,2025-02-05
17126,15,Organic,2025-05-19
17127,11,Referral,2025-05-08
17128,17,Organic,2025-04-16
17129,6,Organic,2025-06-02
17132,22,Organic,2025-10-05
17133,28,Referral,2025-07-31
17134,2,Influencer,2025-11-29
17135,27,Organic,2025-06-21
17136,14,Organic,2025-02-26
17137,21,Paid ads,2025-10-14
17138,21,Influencer,2025-10-10
17139,21,Organic,2025-04-11
17141,4,Organic,2025-07-01
17142,16,Organic,2025-03-06
17144,16,Paid ads,2025-11-07
17145,32,Organic,2025-08-23
17146,18,Paid ads,2025-12-19
17148,15,Organic,2025-11-11
17149,15,Paid ads,2025-07-31
17150,17,Organic,2025-10-20
17152,20,Referral,2025-02-23
17153,13,Organic,2025-07-11
17154,21,Paid ads,2025-05-25
17155,10,Organic,2025-06-20
17157,20,Paid ads,2025-11-03
17158,31,Organic,2025-09-04
17159,11,Influencer,2025-10-31
17160,28,Organic,2025-06-07
17162,14,Organic,2025-10-24
17163,20,Organic,2025-08-18
17164,12,Paid ads,2025-05-03
17166,12,Organic,2025-08-06
17167,24,Paid ads,2025-03-16
17170,23,Paid ads,2025-09-22
17171,18,Paid ads,2025-07-12
17173,23,Organic,2025-09-08
17174,28,Paid ads,2025-12-10
17175,32,Influencer,2025-10-28
17176,21,Organic,2025-08-19
17177,22,Organic,2025-06-23
17178,4,Organic,2025-08-02
17179,27,Paid ads,2025-08-22
17182,6,Influencer,2025-09-29
17183,27,Referral,2025-11-23
17184,19,Paid ads,2025-12-09
17185,27,Organic,2025-09-24
17186,23,Referral,2025-06-04
17187,30,Organic,2025-06-14
17188,14,Organic,2025-06-20
17189,10,Paid ads,2025-04-17
17191,20,Referral,2025-07-20
17192,16,Organic,2025-07-09
17194,31,Paid ads,2025-09-23
17195,28,Organic,2025-11-18
17196,30,Paid ads,2025-04-27
17197,9,Organic,2025-11-26
17198,22,Organic,2025-08-12
17199,24,Referral,2025-06-10
17200,27,Influencer,2025-10-06
17201,1,Organic,2025-06-17
17202,13,Organic,2025-08-29
17203,26,Organic,2025-09-27
17204,5,Paid ads,2025-05-11
17205,19,Organic,2025-05-04
17206,13,Referral,2025-10-31
17207,31,Paid ads,2025-04-29
17208,20,Paid ads,2025-03-11
17209,32,Organic,2025-05-25
17211,32,Influencer,2025-02-13
17212,15,Referral,2025-08-15
17214,16,Organic,2025-09-10
17215,9,Influencer,2025-06-21
17216,8,Organic,2025-04-17
17217,17,Influencer,2025-12-09
17218,9,Organic,2025-11-14
17219,31,Organic,2025-07-28
17222,7,Influencer,2025-04-07
17223,16,Influencer,2025-08-09
17225,25,Referral,2025-10-19
17226,6,Organic,2025-07-08
17227,32,Paid ads,2025-09-22
17228,21,Organic,2025-07-19
17229,32,Organic,2025-10-26
17230,23,Paid ads,2025-11-24
17234,2,Referral,2025-11-11
17236,4,Organic,2025-08-15
17237,11,Organic,2025-05-13
17238,3,Referral,2025-10-04
17239,27,Paid ads,2025-08-17
17240,25,Organic,2025-04-05
17241,28,Organic,2025-07-15
17242,31,Paid ads,2025-09-20
17243,24,Influencer,2025-08-14
17245,16,Organic,2025-10-08
17246,25,Influencer,2025-09-20
17247,2,Organic,2025-04-30
17248,19,Organic,2025-03-09
17249,29,Organic,2025-11-11
17250,16,Referral,2025-05-12
17251,22,Influencer,2025-05-19
17252,29,Organic,2025-05-02
17253,26,Organic,2025-11-01
17255,30,Paid ads,2025-06-30
17256,17,Organic,2025-03-07
17258,6,Organic,2025-03-24
17259,21,Influencer,2025-09-25
17260,19,Organic,2025-03-20
17261,14,Referral,2025-05-25
17262,32,Referral,2025-03-11
17263,26,Paid ads,2025-08-17
17264,10,Organic,2025-07-12
17265,4,Organic,2025-11-23
17266,21,Referral,2025-04-23
17267,28,Organic,2025-12-06
17268,25,Organic,2025-11-05
17269,11,Paid ads,2025-08-19
17270,30,Paid ads,2025-05-27
17271,20,Referral,2025-09-22
17272,29,Influencer,2025-08-02
17273,23,Organic,2025-06-04
17274,31,Referral,2025-08-14
17275,6,Paid ads,2025-10-04
17276,22,Influencer,2025-04-06
17277,25,Organic,2025-12-26
17280,28,Organic,2025-12-27
17281,30,Organic,2025-05-15
17286,25,Paid ads,2025-06-13
17287,27,Organic,2025-10-01
17288,11,Organic,2025-10-10
17289,10,Organic,2025-11-21
17290,19,Organic,2025-08-26
17291,27,Paid ads,2025-09-16
17292,26,Organic,2025-11-09
17294,2,Paid ads,2025-05-08
17295,25,Organic,2025-06-28
17296,20,Organic,2025-06-27
17297,22,Paid ads,2025-10-26
17299,21,Organic,2025-11-22
17300,3,Organic,2025-11-17
17301,22,Referral,2025-09-23
17302,30,Referral,2025-05-23
17304,27,Paid ads,2025-06-01
17305,30,Organic,2025-02-19
17306,1,Referral,2025-08-26
17307,20,Organic,2025-08-09
17308,16,Organic,2025-07-31
17309,7,Organic,2025-08-31
17311,19,Organic,2025-06-25
17312,32,Organic,2025-09-22
17314,26,Organic,2025-08-10
17315,24,Paid ads,2025-05-10
17316,27,Referral,2025-03-22
17317,7,Paid ads,2025-12-19
17318,11,Influencer,2025-04-10
17319,29,Organic,2025-06-17
17320,30,Paid ads,2025-04-18
17321,26,Organic,2025-10-27
17322,27,Organic,2025-04-12
17323,21,Organic,2025-05-13
17324,21,Organic,2025-09-03
17325,25,Referral,2025-09-15
17326,25,Paid ads,2025-08-17
17327,26,Paid ads,2025-12-09
17328,15,Organic,2025-11-12
17329,21,Paid ads,2025-11-02
17330,23,Organic,2025-07-20
17331,10,Influencer,2025-05-18
17332,32,Organic,2025-06-16
17334,21,Influencer,2025-04-28
17335,32,Influencer,2025-06-25
17336,18,Influencer,2025-02-16
17337,29,Organic,2025-06-04
17338,3,Influencer,2025-03-16
17339,23,Organic,2025-06-15
17340,30,Organic,2025-05-03
17341,27,Influencer,2025-12-25
17342,27,Organic,2025-06-15
17344,21,Referral,2025-06-17
17345,28,Referral,2025-03-16
17346,1,Organic,2025-11-14
17347,6,Referral,2025-10-01
17350,24,Influencer,2025-08-12
17351,22,Organic,2025-07-22
17352,19,Organic,2025-08-23
17353,15,Influencer,2025-09-22
17354,17,Paid ads,2025-07-29
17356,30,Paid ads,2025-07-19
17357,19,Organic,2025-05-28
17359,1,Referral,2025-09-23
17360,14,Organic,2025-09-29
17362,6,Influencer,2025-10-23
17363,28,Organic,2025-07-31
17364,13,Referral,2025-09-17
17365,26,Organic,2025-08-03
17367,8,Referral,2025-02-19
17368,26,Organic,2025-05-03
17369,13,Organic,2025-03-05
17370,25,Organic,2025-05-24
17371,29,Influencer,2025-10-19
17372,29,Paid ads,2025-09-22
17373,10,Organic,2025-05-10
17375,5,Organic,2025-11-03
17376,1,Organic,2025-09-05
17378,21,Organic,2025-11-01
17379,31,Paid ads,2025-07-02
17380,26,Organic,2025-04-14
17385,25,Paid ads,2025-03-19
17386,16,Organic,2025-06-12
17388,32,Influencer,2025-10-12
17389,12,Paid ads,2025-10-31
17390,28,Referral,2025-05-26
17391,32,Paid ads,2025-03-30
17392,24,Referral,2025-09-12
17393,12,Organic,2025-04-14
17394,1,Influencer,2025-09-22
17396,16,Organic,2025-05-15
17397,15,Paid ads,2025-05-18
17398,20,Organic,2025-11-11
17400,14,Organic,2025-07-17
17401,6,Influencer,2025-10-08
17402,24,Organic,2025-10-10
17403,23,Organic,2025-04-15
17405,26,Organic,2025-07-30
17407,18,Referral,2025-09-16
17408,17,Paid ads,2025-12-22
17410,21,Paid ads,2025-06-14
17411,24,Influencer,2025-07-02
17412,4,Organic,2025-10-21
17413,21,Paid ads,2025-10-01
17415,24,Organic,2025-07-08
17416,1,Organic,2025-10-02
17417,31,Referral,2025-04-14
17418,29,Organic,2025-09-11
17419,21,Referral,2025-05-24
17421,32,Paid ads,2025-04-08
17422,27,Paid ads,2025-08-17
17424,32,Paid ads,2025-06-22
17425,32,Organic,2025-05-19
17429,14,Referral,2025-06-23
17430,25,Organic,2025-04-13
17431,17,Paid ads,2025-05-24
17432,5,Referral,2025-11-01
17433,26,Organic,2025-11-16
17434,24,Influencer,2025-05-28
17435,7,Paid ads,2025-10-28
17436,30,Influencer,2025-04-23
17437,18,Paid ads,2025-06-24
17438,6,Organic,2025-03-30
17440,31,Organic,2025-03-06
17441,23,Referral,2025-10-27
17442,26,Organic,2025-07-12
17444,30,Paid ads,2025-12-08
17446,21,Organic,2025-04-16
17447,25,Influencer,2025-11-02
17448,31,Paid ads,2025-07-27
17450,24,Organic,2025-12-10
17451,17,Organic,2025-07-01
17453,10,Organic,2025-10-03
17454,8,Paid ads,2025-08-10
17455,22,Paid ads,2025-12-14
17456,16,Paid ads,2025-04-25
17457,26,Influencer,2025-07-01
17458,16,Referral,2025-06-06
17459,30,Influencer,2025-10-11
17460,9,Organic,2025-05-27
17462,10,Organic,2025-05-22
17464,13,Influencer,2025-06-22
17465,14,Organic,2025-06-13
17467,18,Organic,2025-10-30
17468,32,Paid ads,2025-06-15
17469,30,Organic,2025-05-28
17470,31,Organic,2025-06-12
17471,13,Paid ads,2025-06-13
17472,26,Paid ads,2025-06-07
17474,13,Paid ads,2025-04-17
17475,29,Organic,2025-07-06
17478,32,Organic,2025-12-07
17479,27,Paid ads,2025-07-12
17480,24,Influencer,2025-06-02
17481,32,Paid ads,2025-11-10
17482,23,Organic,2025-07-25
17483,22,Organic,2025-08-31
17485,23,Paid ads,2025-12-16
17486,21,Paid ads,2025-11-09
17487,11,Referral,2025-05-10
17488,16,Organic,2025-04-10
17489,24,Influencer,2025-07-09
17490,3,Paid ads,2025-10-05
17491,27,Influencer,2025-04-25
17492,19,Paid ads,2025-07-17
17493,16,Referral,2025-07-19
17495,19,Organic,2025-06-19
17496,1,Influencer,2025-12-04
17497,11,Paid ads,2025-06-01
17499,10,Influencer,2025-07-09
17500,1,Organic,2025-11-04
17501,18,Organic,2025-09-21
17502,8,Referral,2025-03-07
17503,29,Organic,2025-10-28
17504,29,Organic,2025-04-30
17505,9,Influencer,2025-05-17
17506,19,Referral,2025-11-07
17507,2,Organic,2025-06-09
17508,28,Organic,2025-05-03
17509,14,Organic,2025-05-24
17510,30,Paid ads,2025-09-07
17511,9,Organic,2025-07-20
17512,27,Influencer,2025-10-11
17513,17,Organic,2025-03-15
17514,20,Organic,2025-08-29
17515,16,Organic,2025-06-30
17516,30,Organic,2025-03-03
17517,28,Organic,2025-07-30
17519,18,Paid ads,2025-10-27
17520,31,Paid ads,2025-06-17
17522,28,Referral,2025-08-06
17523,24,Referral,2025-11-20
17524,11,Organic,2025-10-27
17525,30,Organic,2025-10-30
17526,26,Organic,2025-08-26
17527,21,Organic,2025-06-18
17529,31,Organic,2025-07-20
17530,2,Organic,2025-11-12
17531,20,Organic,2025-05-15
17532,26,Referral,2025-10-12
17533,15,Organic,2025-12-05
17534,18,Influencer,2025-10-17
17535,24,Paid ads,2025-04-21
17538,21,Organic,2025-08-17
17540,31,Paid ads,2025-07-30
17541,24,Paid ads,2025-07-10
17542,10,Influencer,2025-08-24
17544,2,Referral,2025-05-17
17545,28,Paid ads,2025-04-18
17546,20,Paid ads,2025-10-24
17547,12,Organic,2025-07-21
17549,21,Paid ads,2025-11-09
17551,2,Paid ads,2025-06-24
17552,23,Paid ads,2025-06-29
17553,24,Organic,2025-04-10
17554,26,Organic,2025-07-07
17555,22,Paid ads,2025-07-19
17556,6,Paid ads,2025-08-29
17557,15,Organic,2025-10-25
17558,6,Influencer,2025-02-14
17559,17,Influencer,2025-05-03
17560,12,Organic,2025-09-14
17561,18,Referral,2025-08-26
17562,16,Influencer,2025-06-16
17563,25,Paid ads,2025-10-26
17564,23,Paid ads,2025-08-18
17566,10,Paid ads,2025-05-26
17567,12,Organic,2025-05-19
17568,6,Organic,2025-11-24
17569,26,Paid ads,2025-10-11
17570,27,Organic,2025-09-17
17571,11,Organic,2025-05-02
17572,11,Organic,2025-09-25
17573,11,Organic,2025-09-28
17574,16,Organic,2025-03-04
17575,2,Paid ads,2025-05-17
17576,21,Influencer,2025-04-21
17579,14,Organic,2025-04-07
17580,10,Influencer,2025-06-23
17581,22,Organic,2025-07-03
17582,17,Influencer,2025-04-18
17583,25,Influencer,2025-07-20
17584,18,Referral,2025-03-21
17588,8,Paid ads,2025-06-02
17589,17,Organic,2025-07-06
17590,16,Paid ads,2025-10-08
17591,17,Paid ads,2025-08-19
17592,27,Organic,2025-08-28
17593,4,Influencer,2025-08-16
17594,27,Organic,2025-12-03
17595,25,Organic,2025-02-12
17596,22,Organic,2025-05-07
17597,32,Organic,2025-04-13
17598,21,Organic,2025-06-14
17599,3,Referral,2025-08-14
17600,13,Paid ads,2025-10-09
17601,23,Organic,2025-04-02
17602,12,Organic,2025-03-02
17603,15,Organic,2025-08-24
17604,24,Referral,2025-10-29
17605,24,Paid ads,2025-10-06
17607,21,Influencer,2025-07-06
17608,10,Organic,2025-11-20
17609,2,Organic,2025-05-26
17611,12,Organic,2025-06-16
17612,29,Paid ads,2025-11-01
17613,4,Paid ads,2025-06-07
17614,10,Paid ads,2025-06-06
17615,4,Organic,2025-09-28
17616,7,Organic,2025-10-19
17617,23,Organic,2025-12-03
17618,7,Paid ads,2025-06-24
17619,31,Organic,2025-06-07
17621,14,Influencer,2025-03-23
17624,16,Referral,2025-10-03
17625,11,Referral,2025-05-22
17626,15,Paid ads,2025-09-08
17627,9,Organic,2025-07-14
17628,11,Organic,2025-06-03
17629,16,Influencer,2025-09-06
17632,20,Referral,2025-07-10
17633,26,Referral,2025-06-01
17634,23,Paid ads,2025-06-17
17635,18,Organic,2025-06-05
17636,30,Organic,2025-07-31
17637,22,Organic,2025-10-06
17639,27,Organic,2025-03-03
17640,23,Organic,2025-03-12
17641,26,Paid ads,2025-09-07
17642,20,Organic,2025-06-22
17643,30,Paid ads,2025-07-29
17644,20,Referral,2025-07-30
17645,32,Influencer,2025-08-18
17647,25,Referral,2025-11-07
17648,15,Organic,2025-06-01
17649,31,Referral,2025-03-10
17650,27,Paid ads,2025-07-22
17651,17,Organic,2025-08-22
17652,14,Influencer,2025-05-14
17653,19,Organic,2025-10-02
17655,11,Paid ads,2025-07-15
17657,28,Influencer,2025-05-01
17658,4,Organic,2025-04-28
17659,29,Organic,2025-06-24
17660,13,Influencer,2025-08-02
17662,31,Organic,2025-07-08
17663,18,Organic,2025-06-26
17664,2,Organic,2025-04-10
17665,9,Referral,2025-07-27
17666,26,Organic,2025-09-21
17667,30,Organic,2025-10-25
17668,5,Influencer,2025-09-18
17669,11,Referral,2025-06-13
17671,8,Influencer,2025-11-08
17672,18,Influencer,2025-07-07
17673,24,Paid ads,2025-09-10
17674,21,Paid ads,2025-08-22
17675,15,Organic,2025-10-02
17676,18,Paid ads,2025-07-20
17677,13,Organic,2025-04-18
17678,28,Influencer,2025-06-22
17679,18,Organic,2025-11-06
17680,26,Organic,2025-07-06
17681,8,Referral,2025-06-01
17682,17,Paid ads,2025-05-02
17683,27,Organic,2025-08-28
17684,26,Organic,2025-09-05
17685,27,Paid ads,2025-06-24
17686,15,Paid ads,2025-08-28
17687,16,Organic,2025-09-22
17688,6,Referral,2025-08-10
17689,2,Organic,2025-10-05
17690,9,Referral,2025-06-23
17692,26,Organic,2025-12-23
17693,31,Organic,2025-05-01
17694,23,Paid ads,2025-08-04
17695,27,Organic,2025-05-09
17696,18,Organic,2025-07-26
17697,30,Referral,2025-07-29
17698,16,Organic,2025-08-10
17699,11,Paid ads,2025-08-22
17700,8,Organic,2025-05-05
17701,29,Organic,2025-09-01
17703,10,Influencer,2025-07-23
17705,24,Paid ads,2025-11-20
17706,26,Organic,2025-04-02
17707,19,Influencer,2025-11-26
17708,30,Organic,2025-07-02
17709,14,Paid ads,2025-12-13
17710,12,Paid ads,2025-09-28
17711,19,Paid ads,2025-07-11
17713,19,Paid ads,2025-06-21
17714,13,Referral,2025-07-04
17716,26,Referral,2025-04-06
17717,31,Paid ads,2025-08-03
17718,27,Influencer,2025-03-30
17719,9,Paid ads,2025-08-08
17720,32,Referral,2025-04-25
17721,28,Organic,2025-11-02
17724,19,Organic,2025-06-10
17725,11,Referral,2025-07-21
17726,32,Organic,2025-11-10
17728,6,Organic,2025-05-29
17729,24,Organic,2025-11-21
17732,27,Organic,2025-11-27
17733,31,Organic,2025-04-23
17734,1,Influencer,2025-12-06
17735,23,Organic,2025-10-11
17737,26,Paid ads,2025-09-10
17740,17,Organic,2025-08-21
17741,29,Organic,2025-05-05
17742,27,Organic,2025-08-10
17743,1,Influencer,2025-08-13
17744,19,Paid ads,2025-10-17
17746,18,Organic,2025-08-21
17747,16,Paid ads,2025-07-13
17748,28,Organic,2025-05-24
17749,32,Organic,2025-04-15
17750,31,Organic,2025-11-20
17751,27,Organic,2025-08-13
17752,28,Organic,2025-10-11
17754,16,Paid ads,2025-05-18
17757,25,Referral,2025-09-28
17758,31,Paid ads,2025-05-15
17759,27,Paid ads,2025-06-02
17760,10,Influencer,2025-10-31
17761,32,Referral,2025-04-27
17762,14,Organic,2025-04-17
17763,22,Paid ads,2025-07-16
17764,11,Organic,2025-09-29
17765,10,Organic,2025-08-04
17766,10,Organic,2025-06-05
17767,24,Organic,2025-05-30
17768,25,Influencer,2025-03-08
17769,29,Influencer,2025-09-27
17770,22,Paid ads,2025-10-09
17771,14,Organic,2025-05-22
17772,15,Organic,2025-08-17
17773,13,Organic,2025-02-27
17775,24,Paid ads,2025-05-31
17776,21,Organic,2025-04-06
17777,8,Referral,2025-11-06
17778,24,Organic,2025-07-31
17779,32,Referral,2025-09-19
17780,1,Influencer,2025-09-01
17781,31,Organic,2025-07-03
17783,14,Influencer,2025-10-18
17784,16,Organic,2025-10-21
17785,11,Organic,2025-12-05
17787,15,Influencer,2025-03-01
17788,1,Paid ads,2025-05-24
17789,24,Organic,2025-07-18
17790,11,Organic,2025-10-28
17791,2,Organic,2025-10-20
17794,24,Influencer,2025-03-26
17795,29,Influencer,2025-04-30
17796,25,Organic,2025-10-10
17797,19,Influencer,2025-11-18
17798,27,Organic,2025-08-22
17800,21,Organic,2025-07-12
17801,18,Referral,2025-05-02
17802,31,Organic,2025-07-21
17803,31,Paid ads,2025-09-18
17804,14,Organic,2025-08-13
17805,17,Organic,2025-04-20
17809,31,Organic,2025-10-04
17810,14,Paid ads,2025-08-01
17811,18,Organic,2025-06-17
17815,25,Influencer,2025-07-16
17816,14,Organic,2025-05-12
17817,24,Organic,2025-03-24
17818,27,Paid ads,2025-07-04
17822,1,Organic,2025-02-20
17823,18,Organic,2025-06-29
17824,24,Organic,2025-05-03
17826,25,Paid ads,2025-03-03
17827,32,Influencer,2025-07-05
17828,17,Organic,2025-08-28
17829,18,Referral,2025-04-16
17830,12,Organic,2025-05-11
17832,21,Referral,2025-05-31
17833,4,Paid ads,2025-06-13
17834,23,Influencer,2025-07-02
17835,30,Referral,2025-09-07
17836,24,Influencer,2025-09-09
17837,13,Paid ads,2025-04-07
17838,30,Organic,2025-07-18
17839,29,Paid ads,2025-08-31
17840,10,Organic,2025-04-28
17841,16,Influencer,2025-03-30
17842,17,Organic,2025-09-25
17845,32,Organic,2025-10-13
17846,28,Organic,2025-05-01
17848,30,Organic,2025-07-13
17849,7,Paid ads,2025-11-21
17850,9,Organic,2025-05-11
17851,27,Influencer,2025-06-08
17853,28,Organic,2025-07-31
17854,22,Organic,2025-06-10
17857,26,Referral,2025-03-10
17858,18,Referral,2025-06-15
17859,14,Organic,2025-07-23
17860,23,Influencer,2025-02-28
17861,13,Paid ads,2025-09-30
17862,23,Organic,2025-06-10
17864,30,Paid ads,2025-05-26
17866,3,Paid ads,2025-12-08
17867,14,Organic,2025-10-02
17868,27,Organic,2025-07-21
17870,20,Organic,2025-03-27
17871,20,Referral,2025-10-16
17872,10,Influencer,2025-07-06
17874,16,Organic,2025-04-30
17876,30,Organic,2025-10-01
17878,14,Referral,2025-05-26
17879,32,Organic,2025-07-03
17880,25,Paid ads,2025-09-06
17881,24,Organic,2025-08-10
17882,18,Referral,2025-09-18
17883,11,Influencer,2025-11-04
17884,29,Paid ads,2025-06-18
17885,24,Organic,2025-08-20
17886,10,Organic,2025-10-18
17887,22,Paid ads,2025-07-09
17888,27,Paid ads,2025-10-05
17889,24,Influencer,2025-06-24
17890,13,Organic,2025-08-13
17891,21,Organic,2025-08-23
17892,28,Paid ads,2025-07-06
17894,32,Paid ads,2025-04-28
17896,30,Paid ads,2025-07-26
17898,23,Organic,2025-07-10
17899,22,Influencer,2025-06-17
17900,22,Paid ads,2025-06-02
17903,9,Organic,2025-08-01
17904,6,Referral,2025-04-08
17905,25,Influencer,2025-07-07
17908,27,Organic,2025-10-15
17909,13,Organic,2025-06-05
17910,23,Referral,2025-11-07
17911,27,Paid ads,2025-10-28
17914,6,Influencer,2025-04-06
17915,3,Referral,2025-12-14
17917,9,Organic,2025-11-26
17918,32,Paid ads,2025-03-14
17919,31,Organic,2025-08-05
17920,29,Paid ads,2025-11-21
17921,12,Organic,2025-07-07
17922,16,Paid ads,2025-05-24
17924,6,Paid ads,2025-06-05
17925,29,Organic,2025-12-12
17926,9,Referral,2025-02-19
17927,17,Paid ads,2025-08-27
17928,27,Organic,2025-10-08
17929,28,Organic,2025-07-07
17930,28,Referral,2025-11-29
17931,31,Organic,2025-06-04
17932,20,Organic,2025-10-18
17935,32,Referral,2025-09-30
17936,23,Paid ads,2025-08-11
17937,22,Influencer,2025-11-27
17938,1,Referral,2025-04-15
17939,31,Referral,2025-05-19
17943,21,Referral,2025-08-26
17944,25,Influencer,2025-05-20
17945,15,Paid ads,2025-06-25
17947,21,Paid ads,2025-10-29
17948,18,Referral,2025-10-11
17949,29,Paid ads,2025-05-15
17951,19,Paid ads,2025-04-26
17953,4,Referral,2025-07-16
17955,29,Paid ads,2025-11-16
17956,12,Organic,2025-09-29
17957,30,Referral,2025-09-13
17958,17,Influencer,2025-04-01
17959,31,Organic,2025-11-17
17960,17,Referral,2025-08-07
17962,25,Organic,2025-10-01
17963,22,Influencer,2025-04-28
17964,20,Organic,2025-09-13
17966,28,Organic,2025-11-12
17967,30,Paid ads,2025-05-19
17969,23,Paid ads,2025-06-28
17971,26,Organic,2025-07-10
17972,26,Influencer,2025-09-13
17973,32,Organic,2025-06-24
17975,14,Organic,2025-05-20
17976,30,Referral,2025-08-16
17977,15,Paid ads,2025-08-08
17978,23,Paid ads,2025-07-08
17979,13,Paid ads,2025-08-03
17980,23,Paid ads,2025-11-07
17982,29,Influencer,2025-10-19
17983,1,Paid ads,2025-05-24
17985,25,Paid ads,2025-10-01
17986,28,Influencer,2025-06-26
17988,21,Referral,2025-06-13
17990,25,Influencer,2025-06-25
17991,17,Organic,2025-09-01
17993,27,Influencer,2025-11-06
17994,27,Influencer,2025-08-21
17995,16,Paid ads,2025-11-10
17996,19,Organic,2025-09-14
17997,24,Paid ads,2025-10-12
17998,26,Referral,2025-04-18
17999,14,Organic,2025-06-09
18000,31,Referral,2025-08-12
18001,20,Referral,2025-08-16
18002,9,Organic,2025-06-16
18003,9,Organic,2025-10-17
18004,27,Paid ads,2025-08-04
18007,13,Paid ads,2025-07-23
18008,8,Referral,2025-04-22
18009,22,Influencer,2025-08-02
18010,32,Influencer,2025-09-19
18011,12,Paid ads,2025-08-28
18012,28,Influencer,2025-06-10
18013,18,Organic,2025-06-27
18015,24,Paid ads,2025-08-22
18016,11,Influencer,2025-02-28
18017,31,Paid ads,2025-10-03
18018,32,Referral,2025-06-12
18020,21,Influencer,2025-07-19
18021,30,Influencer,2025-04-05
18022,4,Organic,2025-11-13
18023,18,Paid ads,2025-07-16
18024,22,Paid ads,2025-10-24
18025,15,Organic,2025-09-18
18026,28,Organic,2025-09-13
18027,11,Influencer,2025-08-05
18029,14,Organic,2025-06-09
18031,32,Organic,2025-10-11
18032,21,Organic,2025-04-26
18033,16,Influencer,2025-06-02
18034,20,Organic,2025-12-19
18035,9,Paid ads,2025-03-29
18037,13,Paid ads,2025-05-20
18039,14,Organic,2025-08-25
18040,25,Influencer,2025-06-16
18041,23,Influencer,2025-07-08
18042,6,Paid ads,2025-07-12
18043,32,Influencer,2025-07-06
18045,25,Influencer,2025-03-09
18046,24,Paid ads,2025-10-14
18048,18,Organic,2025-06-28
18049,30,Paid ads,2025-09-14
18050,31,Influencer,2025-07-08
18054,9,Influencer,2025-04-27
18055,11,Referral,2025-08-08
18056,26,Influencer,2025-09-29
18057,30,Referral,2025-04-27
18058,18,Organic,2025-03-02
18059,14,Referral,2025-06-04
18060,28,Paid ads,2025-07-03
18061,17,Organic,2025-05-08
18064,30,Organic,2025-03-29
18066,30,Paid ads,2025-05-06
18067,25,Organic,2025-07-18
18068,30,Organic,2025-05-20
18069,32,Referral,2025-06-19
18071,19,Organic,2025-07-10
18072,12,Organic,2025-11-24
18073,7,Paid ads,2025-12-03
18074,25,Influencer,2025-05-13
18075,20,Referral,2025-10-18
18076,21,Organic,2025-09-08
18077,1,Paid ads,2025-07-05
18079,24,Organic,2025-11-24
18081,15,Paid ads,2025-11-08
18082,10,Influencer,2025-10-29
18083,30,Organic,2025-06-05
18086,17,Paid ads,2025-08-09
18087,25,Organic,2025-09-12
18088,20,Referral,2025-08-17
18090,28,Referral,2025-11-15
18091,20,Referral,2025-12-13
18093,19,Paid ads,2025-02-13
18096,30,Influencer,2025-04-12
18097,22,Influencer,2025-04-30
18098,4,Referral,2025-10-04
18099,8,Organic,2025-11-28
18100,28,Referral,2025-10-15
18101,20,Influencer,2025-05-17
18102,15,Organic,2025-06-04
18103,9,Paid ads,2025-11-19
18104,21,Referral,2025-03-05
18105,23,Referral,2025-07-20
18106,10,Paid ads,2025-06-06
18107,28,Organic,2025-10-09
18108,23,Paid ads,2025-07-27
18109,29,Organic,2025-03-15
18110,17,Influencer,2025-08-04
18111,24,Referral,2025-09-05
18112,31,Organic,2025-10-21
18113,5,Organic,2025-06-14
18114,29,Paid ads,2025-07-14
18115,25,Referral,2025-04-19
18116,13,Paid ads,2025-06-28
18117,5,Influencer,2025-03-27
18120,30,Paid ads,2025-03-26
18121,19,Influencer,2025-05-11
18122,16,Paid ads,2025-04-22
18124,26,Referral,2025-11-14
18126,9,Paid ads,2025-10-07
18127,25,Referral,2025-11-30
18130,22,Referral,2025-09-24
18131,26,Organic,2025-04-22
18132,19,Influencer,2025-04-26
18133,29,Paid ads,2025-10-10
18136,18,Organic,2025-09-21
18138,14,Paid ads,2025-10-20
18139,27,Paid ads,2025-11-03
18140,18,Organic,2025-09-06
18141,22,Paid ads,2025-05-10
18142,28,Influencer,2025-11-01
18143,21,Referral,2025-02-10
18144,15,Referral,2025-04-12
18145,13,Referral,2025-08-15
18146,31,Referral,2025-08-15
18149,10,Organic,2025-02-05
18150,12,Paid ads,2025-09-13
18152,18,Paid ads,2025-05-23
18153,25,Influencer,2025-04-11
18154,24,Paid ads,2025-11-04
18156,22,Organic,2025-05-02
18157,27,Referral,2025-07-17
18161,24,Organic,2025-05-10
18162,4,Paid ads,2025-10-03
18163,21,Organic,2025-06-15
18164,31,Organic,2025-08-25
18165,4,Organic,2025-05-18
18166,4,Organic,2025-10-29
18167,29,Referral,2025-09-17
18168,30,Organic,2025-11-13
18169,8,Paid ads,2025-07-22
18170,29,Organic,2025-09-15
18171,16,Influencer,2025-05-13
18172,16,Paid ads,2025-05-11
18173,5,Referral,2025-05-17
18174,17,Referral,2025-07-24
18175,32,Organic,2025-07-25
18176,16,Organic,2025-08-14
18177,20,Organic,2025-05-11
18178,19,Organic,2025-08-09
18179,6,Paid ads,2025-05-06
18182,24,Influencer,2025-08-07
18184,12,Organic,2025-07-02
18185,28,Organic,2025-06-23
18186,9,Organic,2025-04-26
18187,29,Paid ads,2025-05-17
18188,30,Organic,2025-06-01
18189,16,Organic,2025-04-28
18192,24,Paid ads,2025-09-30
18193,8,Influencer,2025-06-01
18195,25,Referral,2025-07-10
18198,18,Referral,2025-07-26
18199,13,Paid ads,2025-10-25
18200,3,Influencer,2025-04-14
18203,32,Organic,2025-10-27
18205,15,Organic,2025-04-02
18206,6,Influencer,2025-10-01
18207,14,Influencer,2025-06-13
18208,29,Organic,2025-08-09
18209,24,Influencer,2025-06-05
18210,24,Organic,2025-07-27
18211,31,Paid ads,2025-06-08
18212,27,Influencer,2025-07-18
18213,24,Referral,2025-05-11
18214,25,Organic,2025-04-16
18215,31,Organic,2025-07-25
18216,16,Organic,2025-05-04
18219,13,Referral,2025-12-15
18220,27,Paid ads,2025-06-10
18221,17,Organic,2025-03-21
18222,2,Organic,2025-07-05
18224,25,Paid ads,2025-10-01
18225,9,Organic,2025-10-15
18226,14,Referral,2025-08-06
18227,14,Organic,2025-11-13
18228,24,Influencer,2025-02-08
18229,21,Referral,2025-10-12
18230,15,Organic,2025-08-08
18231,31,Organic,2025-10-05
18232,24,Paid ads,2025-06-27
18233,22,Influencer,2025-11-18
18234,30,Paid ads,2025-03-11
18236,19,Organic,2025-08-24
18237,22,Paid ads,2025-04-03
18238,12,Influencer,2025-05-10
18239,26,Paid ads,2025-03-06
18240,31,Organic,2025-07-07
18241,9,Paid ads,2025-07-27
18242,23,Referral,2025-05-03
18243,28,Influencer,2025-09-08
18244,28,Referral,2025-06-30
18245,1,Referral,2025-11-20
18246,12,Paid ads,2025-07-21
18247,30,Organic,2025-11-14
18248,23,Organic,2025-07-05
18249,17,Organic,2025-05-18
18250,4,Organic,2025-11-10
18251,20,Referral,2025-10-12
18253,12,Organic,2025-10-12
18254,17,Organic,2025-11-15
18255,12,Influencer,2025-08-23
18256,30,Organic,2025-04-19
18257,19,Paid ads,2025-10-24
18258,10,Influencer,2025-08-26
18260,16,Paid ads,2025-06-24
18261,4,Paid ads,2025-08-08
18262,21,Paid ads,2025-11-13
18263,30,Paid ads,2025-07-06
18264,18,Paid ads,2025-05-22
18265,21,Paid ads,2025-10-31
18266,21,Influencer,2025-05-08
18267,22,Influencer,2025-08-12
18268,29,Organic,2025-06-02
18270,29,Organic,2025-08-25
18272,28,Organic,2025-09-30
18273,16,Organic,2025-10-27
18276,17,Paid ads,2025-10-02
18277,31,Organic,2025-11-30
18278,11,Paid ads,2025-04-04
18279,29,Paid ads,2025-06-24
18280,27,Influencer,2025-08-12
18281,27,Organic,2025-04-29
18282,12,Referral,2025-07-10
18283,17,Organic,2025-08-25
18285,27,Organic,2025-10-19
18286,18,Influencer,2025-10-08
18287,10,Organic,2025-03-05
18288,3,Paid ads,2025-08-23
18289,24,Organic,2025-07-19
18291,10,Organic,2025-08-20
18292,27,Organic,2025-09-11
18293,21,Referral,2025-08-20
18294,10,Influencer,2025-10-15
18296,17,Influencer,2025-07-15
18297,32,Organic,2025-08-23
18298,9,Organic,2025-06-12
18299,32,Organic,2025-11-30
18300,29,Organic,2025-10-02
18301,28,Organic,2025-07-13
18302,17,Influencer,2025-12-04
18303,18,Paid ads,2025-12-30
18304,15,Organic,2025-07-19
18305,26,Organic,2025-04-05
18307,25,Organic,2025-04-25
18308,10,Organic,2025-07-23
18309,23,Organic,2025-07-03
18310,19,Organic,2025-06-30
18311,27,Organic,2025-09-16
18313,7,Paid ads,2025-03-11
18314,11,Organic,2025-08-17
18315,19,Organic,2025-11-03
18316,16,Influencer,2025-11-18
18317,32,Organic,2025-11-14
18319,27,Organic,2025-07-25
18320,10,Referral,2025-10-31
18321,23,Organic,2025-05-08
18322,27,Paid ads,2025-08-10
18323,8,Organic,2025-11-12
18324,31,Organic,2025-11-30
18325,11,Organic,2025-08-06
18326,26,Referral,2025-06-19
18327,30,Referral,2025-08-16
18328,15,Referral,2025-07-03
18329,30,Organic,2025-07-05
18330,10,Paid ads,2025-08-14
18331,25,Organic,2025-06-07
18332,14,Organic,2025-06-25
18333,20,Influencer,2025-04-12
18334,8,Paid ads,2025-10-29
18335,29,Paid ads,2025-07-31
18336,31,Organic,2025-06-05
18337,22,Organic,2025-04-03
18338,29,Influencer,2025-11-02
18339,20,Organic,2025-07-25
18340,26,Paid ads,2025-04-05
18341,7,Referral,2025-04-21
18342,10,Influencer,2025-09-23
18343,16,Organic,2025-04-17
18344,32,Organic,2025-07-22
18345,15,Organic,2025-02-11
18346,2,Paid ads,2025-10-07
18347,31,Paid ads,2025-07-24
18348,14,Paid ads,2025-05-15
18349,6,Organic,2025-05-29
18350,10,Paid ads,2025-07-22
18351,27,Organic,2025-04-28
18355,25,Referral,2025-07-26
18357,25,Organic,2025-08-10
18358,13,Organic,2025-07-08
18359,16,Referral,2025-12-19
18360,16,Influencer,2025-03-30
18361,22,Paid ads,2025-08-02
18362,14,Referral,2025-07-19
18363,23,Influencer,2025-06-08
18364,24,Organic,2025-03-28
18365,27,Organic,2025-07-14
18366,4,Organic,2025-09-24
18367,8,Organic,2025-10-13
18368,28,Paid ads,2025-08-04
18369,21,Organic,2025-10-24
18370,24,Referral,2025-10-28
18372,32,Influencer,2025-05-20
18373,23,Paid ads,2025-10-26
18374,24,Organic,2025-09-29
18375,28,Organic,2025-03-24
18376,11,Organic,2025-05-24
18377,28,Paid ads,2025-05-09
18378,32,Referral,2025-09-07
18380,32,Organic,2025-08-18
18381,15,Paid ads,2025-12-19
18383,17,Organic,2025-06-30
18384,26,Organic,2025-09-30
18385,24,Paid ads,2025-11-18
18386,21,Paid ads,2025-05-11
18387,30,Influencer,2025-04-22
18388,2,Organic,2025-09-18
18389,1,Organic,2025-05-28
18390,25,Organic,2025-04-06
18391,29,Influencer,2025-04-24
18392,32,Organic,2025-10-18
18393,11,Organic,2025-10-04
18395,32,Organic,2025-07-12
18396,14,Paid ads,2025-10-15
18397,10,Organic,2025-11-27
18398,26,Organic,2025-06-06
18399,14,Influencer,2025-08-24
18401,29,Paid ads,2025-07-09
18402,28,Organic,2025-10-01
18403,29,Paid ads,2025-05-23
18404,32,Organic,2025-10-13
18405,20,Influencer,2025-11-13
18406,26,Paid ads,2025-08-24
18407,9,Influencer,2025-11-21
18409,12,Paid ads,2025-06-08
18410,12,Organic,2025-04-09
18412,19,Paid ads,2025-10-03
18413,19,Organic,2025-10-21
18414,27,Influencer,2025-04-25
18416,6,Organic,2025-12-25
18417,27,Referral,2025-05-10
18418,23,Referral,2025-06-10
18419,5,Organic,2025-07-04
18420,3,Referral,2025-09-30
18421,25,Influencer,2025-12-01
18422,19,Organic,2025-08-07
18423,21,Paid ads,2025-07-29
18424,30,Organic,2025-08-04
18425,27,Paid ads,2025-02-06
18428,31,Influencer,2025-04-01
18429,4,Influencer,2025-07-04
18430,10,Influencer,2025-05-18
18432,24,Organic,2025-10-17
18433,28,Referral,2025-07-29
18434,23,Paid ads,2025-11-25
18435,25,Influencer,2025-10-08
18436,32,Influencer,2025-08-10
18437,11,Organic,2025-03-07
18438,13,Paid ads,2025-12-23
18440,22,Influencer,2025-08-16
18441,7,Organic,2025-06-01
18442,17,Organic,2025-10-07
18443,32,Paid ads,2025-10-23
18444,12,Organic,2025-09-21
18445,1,Organic,2025-04-28
18446,2,Influencer,2025-09-16
18447,25,Paid ads,2025-03-14
18449,17,Organic,2025-04-07
18450,1,Organic,2025-09-28
18451,29,Referral,2025-06-02
18452,21,Paid ads,2025-08-26
18453,22,Organic,2025-07-14
18454,17,Organic,2025-08-19
18456,32,Influencer,2025-07-09
18457,12,Influencer,2025-10-27
18458,26,Organic,2025-04-20
18460,5,Organic,2025-06-13
18461,31,Influencer,2025-07-23
18462,21,Paid ads,2025-11-19
18464,12,Paid ads,2025-11-02
18465,27,Organic,2025-07-29
18467,4,Influencer,2025-03-26
18469,24,Paid ads,2025-08-20
18470,16,Organic,2025-06-06
18471,17,Organic,2025-06-01
18472,26,Organic,2025-03-27
18473,27,Organic,2025-09-19
18475,7,Paid ads,2025-08-17
18476,31,Organic,2025-08-03
18477,25,Influencer,2025-07-04
18479,21,Paid ads,2025-10-26
18480,1,Paid ads,2025-07-16
18481,25,Referral,2025-05-29
18482,29,Influencer,2025-12-16
18483,4,Referral,2025-11-03
18485,14,Influencer,2025-06-07
18486,29,Organic,2025-10-14
18488,26,Organic,2025-08-28
18489,12,Influencer,2025-06-18
18490,27,Influencer,2025-06-02
18491,4,Influencer,2025-07-04
18492,7,Referral,2025-06-13
18493,17,Paid ads,2025-05-28
18494,11,Referral,2025-07-03
18495,25,Organic,2025-09-21
18496,21,Paid ads,2025-04-24
18497,30,Influencer,2025-05-09
18498,32,Organic,2025-08-09
18500,24,Organic,2025-04-14
18501,14,Paid ads,2025-04-27
18502,30,Influencer,2025-08-11
18503,19,Referral,2025-06-08
18504,17,Paid ads,2025-04-25
18506,30,Paid ads,2025-05-15
18507,8,Organic,2025-07-02
18508,23,Paid ads,2025-09-07
18510,21,Paid ads,2025-08-26
18511,16,Organic,2025-07-03
18512,28,Paid ads,2025-06-26
18513,16,Organic,2025-11-03
18516,12,Organic,2025-04-07
18517,17,Referral,2025-06-22
18518,4,Paid ads,2025-09-28
18520,28,Organic,2025-08-09
18521,26,Referral,2025-02-20
18522,20,Paid ads,2025-07-04
18524,31,Influencer,2025-05-12
18525,17,Referral,2025-07-25
18526,28,Influencer,2025-06-25
18527,16,Referral,2025-11-01
18528,20,Referral,2025-08-08
18529,28,Referral,2025-10-17
18530,21,Influencer,2025-08-30
18532,12,Organic,2025-03-26
18533,22,Influencer,2025-08-03
18534,30,Influencer,2025-06-11
18536,20,Paid ads,2025-04-21
18537,22,Paid ads,2025-09-07
18538,5,Organic,2025-03-05
18539,16,Organic,2025-08-31
18541,16,Organic,2025-08-21
18542,20,Organic,2025-05-30
18543,9,Paid ads,2025-03-15
18544,4,Influencer,2025-10-02
18545,20,Organic,2025-08-11
18546,24,Paid ads,2025-11-26
18548,31,Organic,2025-08-26
18549,6,Organic,2025-05-19
18551,27,Organic,2025-10-15
18552,22,Organic,2025-04-28
18553,23,Organic,2025-08-13
18554,26,Paid ads,2025-08-01
18556,16,Referral,2025-09-06
18557,1,Organic,2025-09-07
18558,13,Organic,2025-10-10
18560,6,Organic,2025-08-11
18562,30,Organic,2025-04-15
18563,30,Organic,2025-04-07
18564,32,Paid ads,2025-07-02
18565,11,Paid ads,2025-12-22
18566,11,Influencer,2025-04-08
18567,25,Referral,2025-04-13
18568,7,Organic,2025-08-09
18569,27,Referral,2025-03-23
18570,8,Organic,2025-07-23
18571,29,Paid ads,2025-09-04
18572,9,Organic,2025-08-10
18573,31,Organic,2025-11-13
18574,21,Paid ads,2025-03-13
18575,6,Referral,2025-11-12
18576,25,Influencer,2025-09-12
18580,25,Influencer,2025-07-25
18582,3,Organic,2025-06-09
18583,26,Organic,2025-03-10
18584,32,Referral,2025-11-21
18585,25,Organic,2025-12-26
18586,4,Influencer,2025-10-28
18587,27,Influencer,2025-03-07
18588,15,Influencer,2025-03-20
18589,13,Paid ads,2025-10-12
18590,19,Influencer,2025-07-27
18591,7,Paid ads,2025-05-23
18592,30,Organic,2025-05-30
18594,29,Organic,2025-12-11
18595,2,Organic,2025-06-11
18597,27,Organic,2025-06-18
18598,30,Influencer,2025-04-02
18599,6,Organic,2025-05-18
18600,31,Influencer,2025-04-21
18601,10,Organic,2025-10-10
18602,17,Organic,2025-07-28
18603,26,Organic,2025-12-23
18604,16,Organic,2025-10-06
18605,27,Organic,2025-08-21
18606,22,Referral,2025-06-02
18607,15,Organic,2025-09-22
18608,24,Paid ads,2025-07-24
18609,6,Referral,2025-06-01
18610,25,Paid ads,2025-08-27
18611,14,Referral,2025-07-05
18612,32,Organic,2025-10-23
18614,27,Paid ads,2025-08-11
18615,32,Organic,2025-11-15
18616,16,Referral,2025-08-12
18617,24,Paid ads,2025-06-30
18618,20,Organic,2025-10-30
18620,18,Influencer,2025-05-27
18621,26,Paid ads,2025-06-26
18622,19,Referral,2025-04-07
18624,31,Influencer,2025-06-09
18625,19,Organic,2025-07-30
18626,3,Paid ads,2025-10-02
18628,11,Paid ads,2025-08-29
18629,3,Paid ads,2025-10-01
18630,9,Paid ads,2025-11-14
18631,15,Influencer,2025-04-28
18632,24,Influencer,2025-09-10
18634,22,Paid ads,2025-05-23
18635,23,Organic,2025-11-16
18636,32,Paid ads,2025-05-26
18638,4,Paid ads,2025-09-28
18639,13,Organic,2025-06-20
18640,20,Influencer,2025-05-25
18641,30,Influencer,2025-07-08
18642,31,Influencer,2025-12-18
18643,12,Referral,2025-03-25
18645,18,Paid ads,2025-04-23
18646,30,Paid ads,2025-05-30
18647,10,Influencer,2025-04-02
18648,11,Referral,2025-06-30
18649,24,Organic,2025-03-30
18650,32,Referral,2025-05-11
18651,27,Organic,2025-09-12
18652,19,Organic,2025-04-20
18653,30,Influencer,2025-08-06
18654,12,Organic,2025-06-28
18655,6,Organic,2025-05-31
18656,27,Organic,2025-12-25
18658,30,Influencer,2025-05-21
18659,3,Paid ads,2025-10-14
18660,32,Paid ads,2025-09-24
18661,1,Referral,2025-06-07
18662,10,Organic,2025-04-28
18663,19,Paid ads,2025-04-26
18665,24,Influencer,2025-05-13
18666,20,Organic,2025-06-16
18668,21,Organic,2025-07-06
18669,13,Influencer,2025-04-25
18672,19,Referral,2025-07-10
18674,29,Referral,2025-11-17
18675,10,Organic,2025-11-07
18676,18,Organic,2025-06-23
18678,31,Organic,2025-08-20
18679,21,Paid ads,2025-11-13
18680,27,Organic,2025-06-25
18684,13,Paid ads,2025-08-14
18685,18,Influencer,2025-06-06
18686,31,Referral,2025-09-22
18688,30,Organic,2025-11-10
18689,23,Organic,2025-04-21
18690,32,Organic,2025-08-28
18692,23,Influencer,2025-07-26
18693,27,Paid ads,2025-08-30
18695,14,Organic,2025-10-19
18696,32,Influencer,2025-02-26
18698,23,Paid ads,2025-11-06
18699,13,Influencer,2025-10-23
18700,29,Referral,2025-12-26
18701,30,Organic,2025-08-03
18704,27,Organic,2025-02-28
18706,16,Organic,2025-07-20
18707,15,Paid ads,2025-06-14
18708,26,Influencer,2025-09-10
18709,23,Influencer,2025-08-15
18710,17,Influencer,2025-06-28
18711,21,Influencer,2025-07-10
18712,9,Paid ads,2025-07-14
18713,21,Influencer,2025-09-02
18715,28,Organic,2025-04-06
18716,16,Organic,2025-10-06
18717,13,Paid ads,2025-04-22
18719,19,Organic,2025-07-02
18720,12,Paid ads,2025-09-05
18721,24,Organic,2025-09-01
18722,11,Organic,2025-07-28
18723,25,Organic,2025-05-03
18724,28,Organic,2025-04-09
18725,8,Organic,2025-05-21
18726,9,Paid ads,2025-04-03
18727,26,Organic,2025-09-23
18728,13,Referral,2025-07-19
18729,9,Organic,2025-08-28
18730,30,Organic,2025-04-22
18731,22,Organic,2025-06-25
18733,4,Organic,2025-08-20
18734,22,Influencer,2025-11-11
18736,15,Influencer,2025-10-12
18737,25,Paid ads,2025-04-18
18738,27,Organic,2025-06-27
18739,3,Influencer,2025-08-24
18740,28,Organic,2025-06-20
18741,28,Influencer,2025-05-10
18742,29,Organic,2025-08-19
18745,24,Organic,2025-05-10
18746,16,Organic,2025-04-16
18747,9,Referral,2025-09-10
18748,27,Referral,2025-09-13
18750,15,Referral,2025-11-22
18752,31,Referral,2025-07-30
18753,24,Paid ads,2025-10-05
18754,31,Organic,2025-11-04
18755,18,Organic,2025-04-04
18756,10,Paid ads,2025-12-01
18759,32,Paid ads,2025-05-27
18760,28,Influencer,2025-07-28
18761,3,Paid ads,2025-09-18
18763,14,Organic,2025-06-16
18764,24,Paid ads,2025-08-06
18765,32,Paid ads,2025-06-10
18768,11,Paid ads,2025-10-09
18769,21,Organic,2025-10-18
18770,21,Referral,2025-05-15
18771,13,Influencer,2025-05-03
18774,18,Paid ads,2025-07-05
18775,29,Organic,2025-08-21
18777,10,Organic,2025-11-21
18778,29,Referral,2025-09-29
18779,18,Paid ads,2025-07-23
18780,12,Paid ads,2025-07-06
18781,5,Paid ads,2025-02-07
18782,9,Organic,2025-05-18
18783,10,Paid ads,2025-11-28
18785,5,Influencer,2025-08-15
18786,10,Organic,2025-06-12
18788,31,Organic,2025-07-24
18790,22,Influencer,2025-07-06
18791,25,Paid ads,2025-11-08
18792,13,Organic,2025-12-11
18795,14,Organic,2025-08-07
18796,31,Paid ads,2025-09-27
18797,21,Paid ads,2025-05-14
18798,25,Organic,2025-11-05
18799,13,Paid ads,2025-02-24
18800,3,Paid ads,2025-05-06
18802,10,Organic,2025-04-01
18803,30,Influencer,2025-08-21
18805,25,Paid ads,2025-05-24
18808,25,Referral,2025-11-07
18810,25,Organic,2025-05-21
18812,19,Paid ads,2025-05-03
18813,25,Organic,2025-07-12
18814,30,Influencer,2025-04-29
18815,22,Organic,2025-08-14
18816,8,Referral,2025-05-03
18817,11,Organic,2025-10-30
18818,32,Influencer,2025-03-25
18819,29,Organic,2025-06-29
18820,19,Organic,2025-05-21
18821,29,Organic,2025-09-27
18822,18,Referral,2025-06-09
18824,18,Influencer,2025-08-28
18825,11,Organic,2025-10-14
18826,6,Influencer,2025-05-25
18827,1,Organic,2025-07-09
18828,21,Paid ads,2025-08-05
18830,27,Paid ads,2025-05-26
18831,18,Referral,2025-07-29
18832,27,Paid ads,2025-10-24
18833,23,Influencer,2025-08-24
18835,28,Paid ads,2025-06-27
18836,15,Influencer,2025-04-20
18837,23,Referral,2025-05-23
18839,31,Paid ads,2025-11-16
18840,20,Influencer,2025-07-02
18841,1,Organic,2025-03-13
18842,3,Influencer,2025-10-25
18843,22,Paid ads,2025-06-24
18844,22,Organic,2025-04-07
18845,20,Referral,2025-05-09
18847,27,Paid ads,2025-08-03
18848,29,Organic,2025-10-13
18850,23,Organic,2025-08-11
18851,6,Referral,2025-08-27
18852,23,Referral,2025-10-03
18853,22,Paid ads,2025-07-28
18854,15,Paid ads,2025-05-21
18855,24,Organic,2025-07-09
18856,8,Organic,2025-06-20
18857,15,Paid ads,2025-04-28
18858,27,Organic,2025-10-24
18859,27,Organic,2025-06-16
18861,25,Paid ads,2025-05-21
18862,28,Organic,2025-04-23
18865,19,Influencer,2025-11-17
18866,22,Organic,2025-10-17
18867,19,Influencer,2025-03-20
18868,14,Paid ads,2025-08-28
18870,30,Paid ads,2025-12-12
18872,29,Influencer,2025-06-05
18873,2,Organic,2025-08-18
18874,30,Influencer,2025-07-12
18875,20,Referral,2025-09-16
18878,28,Organic,2025-05-14
18879,27,Influencer,2025-04-13
18881,27,Paid ads,2025-11-23
18883,23,Organic,2025-05-28
18884,25,Organic,2025-02-19
18885,25,Organic,2025-05-10
18886,26,Organic,2025-07-19
18887,30,Referral,2025-07-06
18888,3,Referral,2025-08-28
18889,15,Organic,2025-11-13
18890,27,Referral,2025-06-13
18892,18,Organic,2025-10-10
18893,5,Paid ads,2025-10-03
18894,22,Organic,2025-07-25
18895,30,Organic,2025-08-21
18897,29,Paid ads,2025-06-24
18900,21,Paid ads,2025-11-15
18902,24,Referral,2025-05-27
18904,1,Influencer,2025-04-19
18905,2,Organic,2025-03-20
18907,23,Referral,2025-10-19
18910,17,Paid ads,2025-06-13
18911,11,Referral,2025-12-26
18912,17,Organic,2025-06-09
18913,32,Influencer,2025-07-17
18914,19,Paid ads,2025-07-22
18915,22,Paid ads,2025-10-29
18916,11,Paid ads,2025-10-30
18917,13,Organic,2025-10-24
18918,10,Organic,2025-03-19
18919,10,Organic,2025-06-15
18920,28,Referral,2025-07-21
18921,12,Organic,2025-11-24
18923,2,Influencer,2025-04-20
18924,29,Organic,2025-08-24
18925,8,Organic,2025-07-21
18926,23,Influencer,2025-07-05
18927,30,Influencer,2025-08-11
18928,25,Referral,2025-08-30
18930,25,Paid ads,2025-10-28
18932,23,Paid ads,2025-02-17
18933,24,Organic,2025-07-08
18936,30,Organic,2025-07-25
18937,2,Influencer,2025-05-15
18938,25,Influencer,2025-07-23
18939,4,Referral,2025-10-09
18940,11,Influencer,2025-07-05
18941,21,Organic,2025-05-28
18942,15,Paid ads,2025-04-05
18944,23,Paid ads,2025-03-03
18946,26,Referral,2025-03-04
18947,11,Influencer,2025-08-04
18948,31,Paid ads,2025-07-29
18949,20,Referral,2025-11-19
18951,11,Influencer,2025-06-08
18952,17,Organic,2025-08-29
18953,20,Organic,2025-08-10
18955,30,Referral,2025-10-15
18958,23,Influencer,2025-10-25
18960,23,Paid ads,2025-11-23
18961,32,Paid ads,2025-08-28
18962,28,Influencer,2025-08-07
18963,27,Influencer,2025-06-12
18965,18,Organic,2025-08-08
18966,19,Organic,2025-08-19
18968,13,Paid ads,2025-04-09
18969,20,Organic,2025-07-25
18971,10,Paid ads,2025-10-07
18973,23,Paid ads,2025-04-01
18974,10,Organic,2025-06-29
18975,31,Paid ads,2025-08-15
18976,16,Referral,2025-11-18
18977,24,Referral,2025-10-06
18978,32,Organic,2025-06-13
18979,13,Organic,2025-05-16
18980,23,Influencer,2025-09-09
18981,25,Organic,2025-04-27
18982,22,Organic,2025-11-01
18984,28,Paid ads,2025-10-08
18985,22,Influencer,2025-05-18
18986,25,Referral,2025-08-24
18987,32,Paid ads,2025-02-23
18988,18,Paid ads,2025-06-01
18989,32,Organic,2025-05-12
18991,11,Organic,2025-11-07
18992,25,Organic,2025-11-23
18993,12,Organic,2025-11-14
18994,27,Influencer,2025-04-24
18996,21,Organic,2025-10-03
18997,25,Paid ads,2025-07-03
18998,26,Referral,2025-07-07
18999,9,Organic,2025-05-12
19000,24,Paid ads,2025-07-13
19001,11,Referral,2025-06-03
19002,31,Organic,2025-09-18
19003,3,Paid ads,2025-04-05
19004,27,Organic,2025-08-07
19005,18,Organic,2025-05-26
19006,25,Paid ads,2025-03-16
19008,32,Paid ads,2025-07-23
19009,11,Referral,2025-10-22
19010,28,Referral,2025-07-28
19011,31,Organic,2025-05-13
19012,30,Organic,2025-08-23
19013,28,Influencer,2025-11-24
19014,24,Referral,2025-06-03
19016,24,Organic,2025-08-06
19017,24,Referral,2025-11-15
19018,10,Paid ads,2025-06-28
19020,25,Influencer,2025-05-18
19021,19,Paid ads,2025-10-15
19023,14,Referral,2025-03-13
19024,20,Paid ads,2025-10-25
19025,11,Organic,2025-08-04
19026,27,Organic,2025-09-21
19027,14,Organic,2025-07-25
19029,17,Paid ads,2025-03-14
19030,21,Organic,2025-11-27
19031,12,Paid ads,2025-08-06
19032,18,Organic,2025-06-14
19034,31,Paid ads,2025-09-15
19035,27,Referral,2025-07-26
19036,23,Paid ads,2025-07-04
19037,28,Organic,2025-11-22
19038,25,Influencer,2025-04-05
19039,32,Referral,2025-06-24
19040,31,Influencer,2025-09-17
19041,16,Organic,2025-04-02
19042,32,Organic,2025-06-05
19044,24,Paid ads,2025-05-21
19045,18,Organic,2025-03-13
19046,7,Organic,2025-09-21
19047,28,Organic,2025-04-13
19048,20,Referral,2025-05-22
19049,28,Paid ads,2025-07-26
19050,18,Paid ads,2025-05-27
19051,18,Organic,2025-10-09
19052,14,Organic,2025-12-27
19054,6,Organic,2025-03-28
19055,10,Influencer,2025-10-06
19056,29,Organic,2025-06-17
19057,25,Influencer,2025-07-19
19058,30,Paid ads,2025-04-30
19059,26,Referral,2025-06-30
19060,3,Referral,2025-07-17
19061,22,Referral,2025-09-01
19062,12,Organic,2025-05-22
19063,18,Organic,2025-07-04
19064,27,Paid ads,2025-09-09
19065,10,Organic,2025-11-18
19066,22,Organic,2025-01-28
19067,15,Organic,2025-05-19
19069,29,Referral,2025-10-17
19070,24,Organic,2025-04-14
19071,27,Influencer,2025-06-29
19072,14,Referral,2025-08-28
19073,1,Organic,2025-07-21
19074,24,Paid ads,2025-06-13
19075,6,Paid ads,2025-07-20
19077,22,Paid ads,2025-03-01
19078,11,Organic,2025-09-04
19079,30,Organic,2025-12-15
19080,23,Referral,2025-06-23
19081,30,Influencer,2025-06-18
19082,5,Referral,2025-09-03
19083,28,Referral,2025-03-15
19084,26,Influencer,2025-10-17
19085,26,Referral,2025-05-05
19086,18,Influencer,2025-07-24
19087,26,Paid ads,2025-07-23
19088,26,Referral,2025-11-10
19089,15,Paid ads,2025-06-15
19090,12,Organic,2025-10-07
19091,17,Organic,2025-10-14
19093,13,Organic,2025-08-05
19094,17,Organic,2025-09-01
19095,27,Organic,2025-03-20
19096,21,Organic,2025-07-29
19097,20,Organic,2025-02-04
19099,1,Paid ads,2025-03-29
19100,11,Referral,2025-10-21
19101,21,Paid ads,2025-04-05
19103,2,Referral,2025-11-06
19104,13,Influencer,2025-12-01
19105,28,Organic,2025-07-06
19106,25,Organic,2025-10-30
19107,30,Referral,2025-11-29
19108,9,Organic,2025-03-17
19109,22,Influencer,2025-11-29
19110,22,Referral,2025-10-11
19112,22,Organic,2025-08-29
19115,31,Paid ads,2025-05-15
19116,11,Organic,2025-09-23
19117,29,Organic,2025-09-06
19118,26,Organic,2025-07-03
19120,27,Organic,2025-06-02
19121,16,Organic,2025-02-21
19122,24,Referral,2025-06-27
19123,6,Organic,2025-10-28
19124,26,Paid ads,2025-05-24
19125,12,Organic,2025-05-16
19126,24,Organic,2025-03-16
19127,30,Paid ads,2025-11-01
19128,14,Influencer,2025-08-06
19129,30,Referral,2025-05-05
19130,27,Paid ads,2025-05-11
19131,23,Influencer,2025-09-05
19132,24,Organic,2025-05-08
19133,3,Referral,2025-09-21
19137,3,Referral,2025-08-15
19138,14,Paid ads,2025-09-02
19140,13,Influencer,2025-04-25
19141,8,Organic,2025-10-20
19142,28,Organic,2025-07-17
19143,10,Organic,2025-05-30
19145,24,Organic,2025-03-08
19146,19,Referral,2025-07-05
19147,5,Organic,2025-06-08
19148,30,Organic,2025-10-03
19150,22,Organic,2025-11-17
19151,32,Organic,2025-10-10
19152,24,Referral,2025-09-10
19153,12,Influencer,2025-04-28
19154,9,Organic,2025-10-02
19156,14,Referral,2025-06-21
19157,25,Referral,2025-03-05
19158,27,Paid ads,2025-11-19
19159,21,Organic,2025-04-04
19160,1,Organic,2025-05-10
19161,22,Influencer,2025-06-30
19163,12,Organic,2025-06-27
19165,18,Paid ads,2025-08-18
19166,30,Paid ads,2025-04-17
19167,13,Referral,2025-07-23
19168,27,Paid ads,2025-03-14
19169,29,Referral,2025-06-23
19170,19,Influencer,2025-03-09
19171,24,Paid ads,2025-04-23
19172,32,Organic,2025-05-30
19173,12,Organic,2025-04-26
19174,12,Organic,2025-03-01
19177,10,Referral,2025-05-29
19179,3,Organic,2025-05-12
19180,29,Organic,2025-08-10
19182,7,Paid ads,2025-04-24
19183,27,Referral,2025-05-06
19184,13,Organic,2025-10-12
19185,12,Organic,2025-03-16
19187,31,Influencer,2025-03-17
19188,21,Influencer,2025-10-31
19189,13,Referral,2025-12-10
19190,24,Organic,2025-11-29
19191,30,Organic,2025-06-01
19192,31,Organic,2025-03-28
19193,9,Paid ads,2025-07-25
19194,14,Referral,2025-10-28
19195,32,Organic,2025-07-23
19196,25,Paid ads,2025-07-23
19197,10,Paid ads,2025-03-21
19198,25,Organic,2025-03-11
19199,16,Influencer,2025-06-11
19200,24,Organic,2025-10-29
19201,11,Influencer,2025-02-22
19202,5,Organic,2025-05-06
19203,25,Paid ads,2025-05-27
19204,14,Influencer,2025-09-19
19205,1,Organic,2025-08-31
19209,22,Organic,2025-10-12
19210,32,Organic,2025-07-08
19211,30,Organic,2025-10-15
19212,22,Influencer,2025-11-15
19213,14,Influencer,2025-04-27
19215,26,Referral,2025-05-05
19216,30,Referral,2025-10-01
19217,21,Organic,2025-07-07
19220,3,Organic,2025-06-27
19221,29,Organic,2025-11-11
19222,30,Organic,2025-08-07
19223,12,Paid ads,2025-06-28
19224,25,Organic,2025-03-28
19225,10,Organic,2025-05-26
19226,21,Organic,2025-05-27
19228,30,Referral,2025-03-13
19229,1,Referral,2025-12-26
19230,3,Influencer,2025-10-29
19233,20,Paid ads,2025-05-01
19234,18,Organic,2025-12-19
19235,29,Influencer,2025-04-01
19236,7,Organic,2025-07-02
19237,27,Referral,2025-11-07
19238,24,Paid ads,2025-11-15
19239,30,Influencer,2025-09-04
19241,17,Paid ads,2025-11-15
19242,14,Organic,2025-07-08
19243,19,Organic,2025-04-22
19244,29,Organic,2025-09-19
19245,21,Paid ads,2025-08-22
19246,30,Referral,2025-11-25
19247,26,Paid ads,2025-05-22
19248,29,Referral,2025-06-12
19250,27,Paid ads,2025-11-18
19251,7,Paid ads,2025-10-04
19253,31,Paid ads,2025-06-12
19255,31,Organic,2025-06-28
19256,27,Influencer,2025-07-15
19257,26,Influencer,2025-10-05
19259,11,Referral,2025-04-22
19262,2,Organic,2025-02-25
19264,9,Organic,2025-12-03
19265,19,Referral,2025-02-22
19267,22,Organic,2025-10-04
19268,26,Referral,2025-05-15
19269,6,Organic,2025-09-10
19270,28,Referral,2025-04-26
19272,1,Influencer,2025-07-10
19273,13,Referral,2025-05-04
19274,25,Organic,2025-08-10
19275,5,Organic,2025-04-30
19276,21,Influencer,2025-05-10
19278,19,Paid ads,2025-09-04
19280,29,Organic,2025-07-31
19281,6,Organic,2025-08-28
19282,16,Paid ads,2025-06-16
19283,2,Paid ads,2025-06-12
19284,28,Organic,2025-08-07
19285,31,Referral,2025-03-25
19286,26,Organic,2025-10-14
19288,27,Organic,2025-07-03
19289,28,Paid ads,2025-06-25
19290,20,Paid ads,2025-08-25
19292,13,Organic,2025-07-07
19293,6,Paid ads,2025-06-25
19294,10,Referral,2025-08-22
19295,31,Paid ads,2025-11-13
19296,23,Organic,2025-09-25
19297,25,Organic,2025-07-15
19298,32,Paid ads,2025-06-27
19299,23,Paid ads,2025-05-25
19300,28,Influencer,2025-05-10
19301,29,Paid ads,2025-07-12
19302,31,Organic,2025-07-08
19303,21,Influencer,2025-06-20
19305,27,Organic,2025-07-15
19308,23,Influencer,2025-07-10
19309,20,Influencer,2025-05-27
19311,15,Organic,2025-12-10
19312,24,Organic,2025-08-24
19313,30,Influencer,2025-05-05
19316,14,Referral,2025-08-03
19317,29,Paid ads,2025-10-08
19318,18,Referral,2025-06-19
19319,30,Referral,2025-10-20
19320,29,Organic,2025-04-22
19321,12,Paid ads,2025-10-06
19322,22,Paid ads,2025-05-24
19323,12,Paid ads,2025-07-30
19324,28,Organic,2025-04-12
19330,28,Organic,2025-05-28
19332,24,Referral,2025-11-16
19334,30,Organic,2025-03-27
19336,27,Referral,2025-06-01
19337,14,Referral,2025-10-31
19338,11,Organic,2025-03-04
19341,29,Referral,2025-08-01
19342,18,Organic,2025-02-20
19343,32,Paid ads,2025-03-14
19344,10,Organic,2025-10-17
19345,10,Organic,2025-05-31
19347,26,Organic,2025-07-20
19348,16,Organic,2025-07-23
19349,25,Paid ads,2025-09-06
19351,24,Influencer,2025-10-01
19352,28,Organic,2025-07-27
19353,9,Organic,2025-06-19
19355,4,Referral,2025-06-26
19356,19,Organic,2025-11-17
19357,9,Organic,2025-09-26
19358,22,Referral,2025-09-05
19359,19,Organic,2025-08-16
19360,4,Organic,2025-08-04
19361,6,Organic,2025-05-28
19362,27,Organic,2025-04-11
19364,31,Paid ads,2025-10-27
19365,18,Organic,2025-02-17
19366,19,Organic,2025-07-28
19367,21,Paid ads,2025-05-05
19368,30,Referral,2025-03-31
19370,31,Paid ads,2025-04-26
19371,22,Organic,2025-06-21
19372,24,Organic,2025-03-23
19373,10,Organic,2025-07-18
19374,16,Paid ads,2025-04-01
19375,30,Organic,2025-06-12
19376,23,Organic,2025-12-02
19377,32,Influencer,2025-08-26
19378,27,Referral,2025-06-19
19379,25,Influencer,2025-10-18
19380,25,Organic,2025-08-05
19381,15,Referral,2025-10-15
19382,3,Paid ads,2025-06-28
19383,14,Organic,2025-06-14
19384,26,Organic,2025-09-16
19387,25,Organic,2025-06-02
19388,30,Paid ads,2025-07-03
19390,16,Organic,2025-09-02
19391,22,Paid ads,2025-07-10
19393,7,Organic,2025-05-29
19394,20,Organic,2025-07-29
19396,26,Influencer,2025-04-20
19397,20,Influencer,2025-05-08
19398,15,Influencer,2025-03-12
19400,14,Referral,2025-08-21
19401,27,Organic,2025-05-22
19402,19,Referral,2025-09-15
19403,11,Referral,2025-08-23
19404,6,Referral,2025-06-02
19407,23,Paid ads,2025-06-12
19408,11,Referral,2025-04-22
19410,18,Organic,2025-07-14
19411,31,Organic,2025-09-17
19412,30,Paid ads,2025-10-24
19413,11,Paid ads,2025-08-09
19414,27,Organic,2025-07-20
19416,24,Referral,2025-07-10
19417,28,Paid ads,2025-03-21
19418,3,Referral,2025-10-28
19419,30,Organic,2025-05-17
19421,21,Influencer,2025-06-30
19422,29,Referral,2025-06-04
19423,10,Paid ads,2025-03-22
19424,14,Organic,2025-03-21
19425,14,Referral,2025-08-02
19426,26,Referral,2025-10-12
19428,31,Organic,2025-05-16
19429,2,Referral,2025-12-01
19430,30,Referral,2025-08-04
19431,29,Organic,2025-04-18
19432,29,Referral,2025-08-16
19433,18,Paid ads,2025-09-29
19434,3,Organic,2025-06-26
19435,9,Organic,2025-05-31
19438,11,Paid ads,2025-06-28
19440,17,Paid ads,2025-03-27
19441,10,Paid ads,2025-04-24
19442,25,Paid ads,2025-09-27
19443,13,Influencer,2025-06-22
19444,22,Paid ads,2025-08-03
19446,5,Paid ads,2025-07-18
19447,30,Paid ads,2025-04-15
19448,8,Paid ads,2025-03-13
19449,23,Organic,2025-07-25
19452,15,Paid ads,2025-06-13
19453,15,Paid ads,2025-04-21
19454,17,Paid ads,2025-07-09
19455,26,Organic,2025-11-02
19456,29,Referral,2025-09-11
19457,7,Organic,2025-06-30
19458,12,Influencer,2025-04-28
19459,8,Referral,2025-06-15
19460,26,Referral,2025-04-17
19461,24,Organic,2025-10-22
19462,31,Influencer,2025-07-29
19463,24,Organic,2025-10-31
19464,26,Organic,2025-07-11
19465,20,Paid ads,2025-07-27
19466,23,Influencer,2025-05-02
19467,4,Referral,2025-06-29
19468,26,Organic,2025-07-18
19469,21,Referral,2025-09-27
19470,20,Organic,2025-08-17
19471,18,Paid ads,2025-07-28
19472,19,Organic,2025-10-08
19473,21,Organic,2025-07-28
19474,16,Influencer,2025-05-02
19475,20,Paid ads,2025-06-26
19476,21,Organic,2025-09-05
19477,30,Organic,2025-05-10
19478,24,Influencer,2025-07-18
19480,25,Referral,2025-09-11
19483,32,Paid ads,2025-12-28
19484,14,Organic,2025-06-28
19485,30,Referral,2025-09-08
19487,21,Organic,2025-09-10
19488,17,Organic,2025-11-04
19489,23,Influencer,2025-03-17
19490,14,Paid ads,2025-07-09
19491,1,Organic,2025-08-15
19492,13,Paid ads,2025-04-28
19493,8,Organic,2025-09-07
19494,8,Influencer,2025-07-04
19496,23,Organic,2025-05-28
19497,21,Organic,2025-04-21
19498,29,Referral,2025-07-13
19499,29,Paid ads,2025-11-10
19500,27,Paid ads,2025-08-17
19501,27,Organic,2025-08-03
19503,4,Influencer,2025-11-22
19504,24,Organic,2025-08-11
19505,1,Referral,2025-04-27
19506,10,Organic,2025-05-19
19507,7,Referral,2025-09-21
19511,24,Influencer,2025-10-04
19512,20,Paid ads,2025-07-08
19513,25,Referral,2025-04-23
19514,24,Paid ads,2025-05-19
19515,12,Organic,2025-11-23
19517,25,Influencer,2025-03-25
19519,8,Influencer,2025-07-30
19520,4,Influencer,2025-08-24
19521,24,Organic,2025-07-18
19522,31,Referral,2025-07-04
19523,15,Paid ads,2025-10-03
19524,26,Influencer,2025-07-14
19525,30,Organic,2025-11-27
19526,31,Organic,2025-10-04
19527,31,Organic,2025-10-05
19528,27,Paid ads,2025-08-06
19529,19,Referral,2025-08-23
19530,6,Paid ads,2025-09-18
19531,30,Influencer,2025-11-28
19532,30,Referral,2025-12-12
19533,23,Influencer,2025-05-17
19534,20,Organic,2025-06-20
19535,1,Organic,2025-08-14
19537,11,Organic,2025-07-28
19539,2,Organic,2025-10-11
19540,27,Organic,2025-09-06
19541,24,Referral,2025-09-27
19542,17,Influencer,2025-08-22
19543,29,Referral,2025-05-10
19544,32,Organic,2025-08-20
19545,5,Referral,2025-11-02
19546,18,Organic,2025-05-12
19547,16,Organic,2025-04-22
19548,26,Organic,2025-05-09
19550,29,Organic,2025-02-07
19551,18,Influencer,2025-09-27
19552,32,Organic,2025-05-28
19553,21,Paid ads,2025-12-25
19554,32,Influencer,2025-03-27
19555,29,Organic,2025-05-10
19557,23,Organic,2025-06-08
19559,25,Influencer,2025-09-23
19561,18,Paid ads,2025-10-08
19562,27,Paid ads,2025-04-11
19563,3,Organic,2025-05-13
19565,18,Organic,2025-04-09
19567,28,Organic,2025-06-24
19568,28,Organic,2025-08-13
19569,15,Paid ads,2025-05-31
19570,15,Referral,2025-03-12
19573,30,Influencer,2025-07-21
19574,13,Paid ads,2025-08-02
19576,20,Paid ads,2025-08-16
19577,26,Organic,2025-10-04
19578,10,Organic,2025-04-23
19579,28,Influencer,2025-04-30
19580,6,Organic,2025-11-16
19581,31,Paid ads,2025-08-01
19584,20,Organic,2025-05-26
19585,15,Organic,2025-09-20
19586,32,Influencer,2025-07-11
19588,26,Organic,2025-05-15
19589,12,Referral,2025-04-28
19590,28,Organic,2025-09-22
19591,21,Organic,2025-02-21
19592,15,Paid ads,2025-11-29
19594,16,Organic,2025-10-09
19595,3,Paid ads,2025-05-16
19597,32,Organic,2025-08-16
19598,28,Influencer,2025-10-10
19599,20,Paid ads,2025-05-26
19600,8,Referral,2025-09-22
19601,9,Paid ads,2025-07-08
19603,14,Organic,2025-06-02
19604,16,Paid ads,2025-08-23
19605,26,Influencer,2025-05-24
19606,27,Organic,2025-05-28
19607,22,Organic,2025-04-06
19608,28,Paid ads,2025-06-14
19609,22,Organic,2025-05-19
19610,30,Organic,2025-08-26
19612,18,Referral,2025-05-09
19613,17,Influencer,2025-09-01
19614,22,Influencer,2025-10-13
19615,26,Influencer,2025-01-25
19616,32,Organic,2025-09-02
19617,21,Paid ads,2025-08-04
19618,21,Organic,2025-06-27
19619,28,Paid ads,2025-10-11
19620,1,Referral,2025-05-11
19621,29,Influencer,2025-08-27
19622,26,Organic,2025-03-11
19624,8,Referral,2025-07-10
19625,23,Referral,2025-06-03
19626,27,Organic,2025-10-20
19627,29,Organic,2025-10-13
19628,16,Organic,2025-09-18
19629,20,Organic,2025-06-12
19630,24,Referral,2025-10-11
19631,22,Influencer,2025-12-03
19633,21,Organic,2025-11-09
19634,2,Organic,2025-09-29
19635,11,Referral,2025-10-25
19636,32,Organic,2025-07-05
19637,22,Organic,2025-09-30
19638,28,Paid ads,2025-10-10
19639,27,Referral,2025-07-11
19641,17,Referral,2025-06-19
19642,27,Organic,2025-10-17
19645,23,Organic,2025-08-18
19647,16,Organic,2025-02-23
19648,5,Referral,2025-10-14
19649,13,Referral,2025-03-26
19651,18,Organic,2025-05-25
19653,26,Paid ads,2025-04-01
19654,11,Organic,2025-06-22
19655,27,Organic,2025-04-12
19656,28,Organic,2025-03-01
19657,19,Paid ads,2025-04-19
19658,32,Paid ads,2025-08-07
19659,26,Influencer,2025-04-26
19660,29,Organic,2025-10-02
19661,29,Paid ads,2025-09-10
19662,24,Paid ads,2025-09-02
19663,32,Paid ads,2025-07-16
19664,31,Organic,2025-08-17
19666,25,Organic,2025-06-08
19667,30,Organic,2025-06-13
19668,11,Paid ads,2025-06-11
19669,9,Referral,2025-04-09
19670,29,Organic,2025-07-25
19671,20,Organic,2025-04-13
19672,23,Paid ads,2025-04-27
19674,23,Paid ads,2025-04-05
19675,27,Organic,2025-02-19
19676,29,Organic,2025-05-12
19677,20,Paid ads,2025-09-23
19678,31,Paid ads,2025-06-11
19680,10,Organic,2025-06-27
19681,15,Referral,2025-11-18
19682,25,Influencer,2025-10-24
19683,20,Referral,2025-09-19
19686,31,Organic,2025-04-23
19687,17,Organic,2025-06-27
19688,9,Paid ads,2025-10-14
19691,15,Influencer,2025-05-29
19693,30,Referral,2025-07-01
19695,31,Referral,2025-03-24
19696,11,Paid ads,2025-04-01
19697,26,Paid ads,2025-07-09
19698,11,Organic,2025-06-05
19699,27,Organic,2025-06-08
19700,7,Organic,2025-04-09
19702,24,Organic,2025-06-13
19705,11,Paid ads,2025-04-13
19706,10,Paid ads,2025-02-19
19707,27,Influencer,2025-05-06
19708,11,Organic,2025-09-19
19709,27,Paid ads,2025-10-19
19711,6,Influencer,2025-09-30
19712,17,Paid ads,2025-08-21
19713,21,Paid ads,2025-07-10
19714,27,Organic,2025-08-15
19715,16,Organic,2025-08-15
19716,18,Referral,2025-07-07
19717,31,Organic,2025-12-30
19718,9,Influencer,2025-10-06
19719,15,Paid ads,2025-09-20
19721,20,Organic,2025-09-27
19722,18,Paid ads,2025-03-05
19723,24,Influencer,2025-08-03
19724,28,Referral,2025-06-05
19725,22,Paid ads,2025-02-21
19726,28,Organic,2025-10-23
19727,16,Paid ads,2025-08-15
19728,25,Organic,2025-06-11
19729,27,Paid ads,2025-03-19
19730,21,Organic,2025-09-18
19731,8,Organic,2025-06-29
19733,26,Referral,2025-03-30
19735,30,Organic,2025-06-17
19736,1,Paid ads,2025-03-14
19737,25,Organic,2025-12-18
19738,17,Organic,2025-07-22
19740,32,Influencer,2025-05-27
19741,26,Organic,2025-12-18
19742,9,Organic,2025-07-10
19743,22,Organic,2025-11-05
19744,15,Organic,2025-08-10
19745,31,Paid ads,2025-06-06
19746,26,Paid ads,2025-03-24
19747,25,Referral,2025-05-06
19748,10,Organic,2025-05-29
19749,1,Paid ads,2025-07-14
19750,29,Organic,2025-09-16
19751,4,Organic,2025-05-25
19753,30,Organic,2025-09-20
19754,29,Referral,2025-08-08
19755,14,Referral,2025-03-24
19756,28,Influencer,2025-06-13
19757,32,Organic,2025-11-04
19758,12,Referral,2025-11-15
19759,8,Organic,2025-06-30
19760,16,Organic,2025-07-10
19761,18,Paid ads,2025-05-26
19763,20,Paid ads,2025-09-04
19764,26,Referral,2025-10-01
19765,21,Influencer,2025-08-20
19766,27,Organic,2025-06-12
19767,20,Organic,2025-04-03
19768,3,Paid ads,2025-09-21
19770,9,Referral,2025-11-22
19771,11,Organic,2025-06-01
19772,18,Paid ads,2025-11-06
19773,31,Paid ads,2025-11-26
19774,24,Organic,2025-10-12
19775,16,Organic,2025-10-30
19776,16,Influencer,2025-09-19
19777,20,Referral,2025-07-27
19778,28,Organic,2025-04-21
19779,30,Organic,2025-10-11
19780,23,Referral,2025-08-03
19781,14,Organic,2025-04-18
19782,1,Organic,2025-08-22
19783,21,Paid ads,2025-03-15
19784,2,Paid ads,2025-10-22
19787,21,Referral,2025-05-01
19788,29,Organic,2025-03-14
19789,24,Influencer,2025-06-13
19790,30,Organic,2025-04-14
19791,30,Organic,2025-12-26
19792,17,Organic,2025-10-25
19793,29,Paid ads,2025-09-27
19794,4,Paid ads,2025-09-19
19795,24,Organic,2025-02-15
19796,13,Organic,2025-03-26
19797,23,Paid ads,2025-06-08
19798,24,Organic,2025-07-24
19799,11,Paid ads,2025-06-14
19801,25,Referral,2025-06-12
19802,26,Paid ads,2025-05-20
19805,27,Referral,2025-05-10
19806,20,Organic,2025-08-08
19808,20,Referral,2025-07-11
19809,27,Paid ads,2025-10-05
19810,30,Paid ads,2025-07-13
19811,27,Paid ads,2025-11-06
19813,29,Organic,2025-07-06
19814,32,Organic,2025-04-27
19815,27,Paid ads,2025-03-16
19816,28,Paid ads,2025-07-05
19817,3,Organic,2025-04-28
19818,12,Organic,2025-10-28
19819,23,Organic,2025-12-20
19820,8,Organic,2025-06-04
19821,30,Paid ads,2025-05-22
19822,21,Paid ads,2025-07-31
19824,12,Organic,2025-05-26
19826,26,Paid ads,2025-11-06
19827,32,Referral,2025-07-08
19828,3,Influencer,2025-06-08
19829,13,Paid ads,2025-09-10
19830,6,Influencer,2025-04-20
19831,14,Paid ads,2025-08-01
19832,23,Referral,2025-07-20
19834,2,Organic,2025-09-12
19835,3,Referral,2025-08-05
19836,25,Paid ads,2025-11-07
19837,4,Paid ads,2025-09-24
19838,20,Referral,2025-10-01
19840,15,Organic,2025-08-30
19841,23,Organic,2025-09-17
19842,18,Organic,2025-09-12
19843,9,Referral,2025-09-23
19845,13,Organic,2025-09-21
19846,10,Organic,2025-10-09
19847,25,Organic,2025-06-20
19848,15,Paid ads,2025-12-21
19849,26,Organic,2025-05-03
19851,10,Organic,2025-10-03
19852,27,Paid ads,2025-12-04
19853,23,Referral,2025-12-19
19854,5,Influencer,2025-08-05
19855,10,Influencer,2025-04-04
19856,25,Paid ads,2025-05-30
19857,14,Referral,2025-07-28
19858,24,Paid ads,2025-11-18
19859,12,Paid ads,2025-07-29
19860,22,Paid ads,2025-05-11
19861,23,Referral,2025-05-01
19864,23,Organic,2025-11-29
19865,12,Organic,2025-03-08
19866,10,Referral,2025-06-15
19867,10,Paid ads,2025-04-08
19870,29,Organic,2025-09-15
19872,10,Organic,2025-07-05
19874,27,Organic,2025-05-17
19875,8,Organic,2025-06-26
19876,23,Paid ads,2025-10-10
19877,13,Influencer,2025-08-22
19878,11,Organic,2025-04-14
19879,8,Paid ads,2025-12-28
19880,14,Influencer,2025-06-18
19881,8,Organic,2025-08-25
19882,17,Influencer,2025-06-11
19884,32,Organic,2025-07-12
19886,26,Referral,2025-05-21
19887,15,Paid ads,2025-02-23
19888,27,Referral,2025-08-19
19890,21,Organic,2025-09-26
19891,30,Referral,2025-06-03
19892,18,Organic,2025-07-18
19893,24,Paid ads,2025-05-12
19894,26,Influencer,2025-05-11
19895,29,Influencer,2025-12-04
19896,10,Paid ads,2025-03-26
19898,25,Organic,2025-09-19
19899,26,Paid ads,2025-09-11
19901,6,Organic,2025-05-24
19902,16,Organic,2025-08-05
19903,15,Organic,2025-05-10
19905,22,Organic,2025-10-21
19906,9,Organic,2025-09-09
19907,11,Organic,2025-03-04
19908,15,Influencer,2025-05-06
19910,32,Paid ads,2025-06-24
19912,11,Organic,2025-12-13
19913,10,Organic,2025-07-24
19914,28,Organic,2025-08-08
19915,10,Organic,2025-08-22
19919,19,Paid ads,2025-09-07
19920,10,Paid ads,2025-09-24
19921,20,Organic,2025-06-03
19922,29,Influencer,2025-06-03
19925,19,Paid ads,2025-03-04
19926,8,Referral,2025-03-24
19927,14,Organic,2025-07-20
19928,6,Organic,2025-05-07
19929,16,Organic,2025-05-20
19930,13,Organic,2025-11-29
19931,21,Referral,2025-10-25
19932,10,Paid ads,2025-05-04
19933,7,Paid ads,2025-09-28
19934,26,Organic,2025-03-27
19935,17,Influencer,2025-05-26
19936,32,Influencer,2025-08-29
19937,24,Organic,2025-08-29
19938,10,Organic,2025-05-28
19940,31,Paid ads,2025-04-20
19941,22,Referral,2025-05-21
19942,21,Organic,2025-08-08
19943,28,Influencer,2025-09-10
19944,9,Organic,2025-12-17
19946,15,Paid ads,2025-10-01
19947,6,Paid ads,2025-08-24
19950,19,Paid ads,2025-07-28
19951,11,Paid ads,2025-05-23
19953,24,Organic,2025-10-14
19954,32,Referral,2025-03-19
19955,21,Paid ads,2025-08-27
19956,29,Influencer,2025-03-25
19957,32,Organic,2025-08-15
19958,4,Influencer,2025-07-21
19959,18,Organic,2025-06-29
19961,4,Paid ads,2025-07-08
19962,12,Paid ads,2025-08-16
19964,11,Influencer,2025-06-28
19965,31,Referral,2025-07-13
19967,29,Referral,2025-11-30
19968,19,Organic,2025-05-31
19969,21,Organic,2025-02-09
19970,30,Organic,2025-05-16
19971,11,Paid ads,2025-09-03
19972,15,Paid ads,2025-11-21
19974,10,Organic,2025-07-04
19975,30,Organic,2025-08-29
19976,10,Organic,2025-06-06
19977,27,Paid ads,2025-04-13
19978,23,Paid ads,2025-11-25
19979,20,Referral,2025-05-18
19981,12,Referral,2025-06-07
19983,19,Paid ads,2025-03-05
19985,32,Influencer,2025-11-21
19986,19,Organic,2025-07-07
19987,11,Organic,2025-05-26
19988,8,Organic,2025-08-03
19989,18,Organic,2025-10-11
19990,26,Paid ads,2025-09-24
19991,2,Organic,2025-07-09
19992,26,Referral,2025-07-23
19993,12,Paid ads,2025-06-29
19994,18,Organic,2025-09-03
19995,12,Organic,2025-09-07
19996,21,Organic,2025-02-07
19997,23,Organic,2025-08-26
19999,28,Organic,2025-06-18
20000,16,Paid ads,2025-11-06
20001,4,Referral,2025-06-26
20002,20,Organic,2025-10-05
20003,11,Organic,2025-05-02
20004,24,Influencer,2025-11-15
20006,22,Organic,2025-07-03
20007,23,Organic,2025-12-25
20008,11,Paid ads,2025-08-19
20009,27,Referral,2025-11-23
20010,25,Organic,2025-09-04
20011,14,Organic,2025-10-25
20013,29,Paid ads,2025-09-09
20014,32,Referral,2025-04-06
20015,22,Organic,2025-05-07
20016,21,Organic,2025-07-22
20017,20,Organic,2025-08-31
20018,23,Organic,2025-06-21
20019,19,Paid ads,2025-10-20
20021,31,Organic,2025-09-16
20022,29,Paid ads,2025-03-08
20023,15,Referral,2025-05-14
20024,29,Influencer,2025-06-04
20025,32,Organic,2025-08-02
20027,30,Organic,2025-07-31
20028,22,Organic,2025-10-17
20029,31,Organic,2025-10-07
20030,2,Organic,2025-07-08
20032,29,Paid ads,2025-07-23
20033,17,Organic,2025-04-01
20034,22,Paid ads,2025-11-12
20035,22,Influencer,2025-08-31
20036,29,Referral,2025-08-10
20037,19,Paid ads,2025-08-15
20038,26,Paid ads,2025-06-26
20039,15,Organic,2025-11-01
20040,24,Organic,2025-11-21
20041,2,Paid ads,2025-11-15
20043,25,Referral,2025-03-03
20045,15,Organic,2025-05-12
20046,24,Referral,2025-03-12
20047,13,Paid ads,2025-06-23
20048,20,Referral,2025-10-20
20049,17,Referral,2025-04-12
20050,32,Paid ads,2025-03-28
20051,23,Paid ads,2025-11-22
20052,29,Influencer,2025-06-19
20053,16,Referral,2025-04-14
20055,16,Paid ads,2025-06-22
20056,3,Organic,2025-04-27
20057,28,Organic,2025-06-23
20058,2,Referral,2025-08-16
20059,21,Organic,2025-06-10
20060,11,Paid ads,2025-02-21
20061,7,Paid ads,2025-08-22
20062,17,Paid ads,2025-05-17
20063,1,Paid ads,2025-07-01
20064,21,Referral,2025-05-12
20065,30,Organic,2025-10-18
20066,27,Organic,2025-04-30
20067,10,Influencer,2025-10-26
20069,25,Paid ads,2025-08-28
20070,26,Organic,2025-10-31
20071,24,Paid ads,2025-05-27
20072,32,Organic,2025-08-04
20074,23,Organic,2025-07-24
20077,10,Organic,2025-04-04
20078,19,Organic,2025-04-25
20079,9,Organic,2025-07-21
20080,17,Influencer,2025-12-23
20081,26,Organic,2025-09-19
20082,3,Organic,2025-08-04
20083,22,Organic,2025-03-17
20086,28,Organic,2025-05-10
20088,11,Influencer,2025-08-03
20089,32,Organic,2025-10-19
20090,9,Organic,2025-09-20
20091,14,Organic,2025-10-26
20094,23,Organic,2025-05-03
20095,31,Organic,2025-08-22
20096,29,Influencer,2025-06-03
20097,21,Paid ads,2025-04-13
20098,29,Organic,2025-11-20
20099,6,Referral,2025-07-05
20102,13,Referral,2025-06-12
20104,18,Organic,2025-07-08
20105,3,Paid ads,2025-08-14
20106,28,Referral,2025-08-04
20107,9,Organic,2025-11-20
20108,31,Paid ads,2025-10-15
20109,28,Organic,2025-10-09
20110,18,Organic,2025-10-29
20111,30,Organic,2025-08-06
20112,29,Paid ads,2025-08-08
20113,22,Paid ads,2025-11-01
20115,27,Influencer,2025-06-21
20116,22,Organic,2025-06-08
20118,31,Influencer,2025-05-31
20120,21,Referral,2025-05-25
20121,17,Paid ads,2025-03-23
20122,30,Organic,2025-03-06
20123,7,Organic,2025-10-20
20124,12,Paid ads,2025-07-27
20125,31,Organic,2025-07-30
20126,7,Referral,2025-04-01
20127,29,Organic,2025-07-22
20128,5,Organic,2025-10-27
20129,26,Referral,2025-06-03
20130,30,Paid ads,2025-05-30
20131,8,Paid ads,2025-09-13
20132,32,Organic,2025-11-06
20133,6,Paid ads,2025-07-23
20134,26,Organic,2025-05-28
20137,24,Referral,2025-09-27
20139,28,Organic,2025-07-23
20140,30,Influencer,2025-07-26
20141,22,Influencer,2025-11-08
20142,27,Organic,2025-12-06
20144,22,Organic,2025-05-08
20145,29,Organic,2025-08-01
20146,23,Paid ads,2025-07-24
20149,31,Paid ads,2025-11-09
20150,5,Paid ads,2025-09-09
20151,23,Influencer,2025-06-19
20154,28,Organic,2025-08-28
20155,17,Referral,2025-08-17
20157,24,Referral,2025-10-03
20158,30,Organic,2025-12-14
20159,31,Paid ads,2025-03-03
20160,16,Organic,2025-07-19
20161,7,Influencer,2025-12-05
20162,26,Organic,2025-08-23
20163,23,Influencer,2025-07-29
20165,24,Paid ads,2025-05-30
20166,27,Organic,2025-09-06
20170,11,Paid ads,2025-07-26
20171,30,Paid ads,2025-10-18
20172,10,Organic,2025-10-28
20173,10,Organic,2025-05-04
20174,13,Influencer,2025-08-25
20177,25,Referral,2025-10-08
20178,14,Influencer,2025-12-16
20179,27,Referral,2025-02-13
20180,6,Organic,2025-11-28
20181,24,Paid ads,2025-11-13
20182,6,Paid ads,2025-07-19
20183,20,Referral,2025-07-15
20184,26,Influencer,2025-06-06
20185,9,Influencer,2025-05-21
20186,24,Organic,2025-05-14
20187,31,Paid ads,2025-10-05
20188,26,Organic,2025-10-28
20191,23,Organic,2025-11-11
20192,31,Organic,2025-01-30
20193,12,Paid ads,2025-08-19
20194,12,Organic,2025-11-22
20195,26,Influencer,2025-10-05
20196,24,Organic,2025-03-09
20198,25,Paid ads,2025-09-04
20199,11,Paid ads,2025-07-17
20200,32,Organic,2025-06-02
20201,25,Organic,2025-09-30
20202,29,Organic,2025-04-05
20203,20,Organic,2025-07-23
20204,12,Organic,2025-07-13
20205,18,Referral,2025-12-18
20206,15,Paid ads,2025-04-20
20208,32,Influencer,2025-06-04
20209,9,Referral,2025-05-29
20211,31,Referral,2025-07-11
20213,14,Paid ads,2025-04-23
20214,26,Influencer,2025-07-03
20215,24,Paid ads,2025-06-30
20216,26,Organic,2025-11-17
20217,7,Paid ads,2025-05-24
20219,24,Organic,2025-07-08
20220,5,Influencer,2025-09-29
20222,3,Paid ads,2025-04-27
20223,3,Organic,2025-07-29
20224,10,Organic,2025-03-13
20225,25,Influencer,2025-04-26
20227,27,Organic,2025-04-12
20228,24,Paid ads,2025-06-04
20229,22,Paid ads,2025-08-07
20230,25,Influencer,2025-05-17
20231,14,Organic,2025-09-27
20233,23,Organic,2025-08-22
20234,25,Paid ads,2025-04-26
20235,6,Influencer,2025-05-13
20236,23,Referral,2025-05-25
20237,28,Influencer,2025-07-19
20238,30,Paid ads,2025-11-19
20239,14,Referral,2025-09-15
20240,31,Influencer,2025-04-15
20241,9,Organic,2025-09-22
20242,16,Organic,2025-06-28
20244,21,Referral,2025-08-10
20246,7,Referral,2025-10-02
20247,2,Referral,2025-06-16
20248,31,Paid ads,2025-04-22
20249,12,Organic,2025-07-02
20251,23,Influencer,2025-06-07
20254,28,Influencer,2025-08-14
20255,14,Organic,2025-12-20
20256,24,Influencer,2025-10-23
20258,11,Paid ads,2025-08-23
20260,16,Organic,2025-10-06
20261,9,Organic,2025-08-23
20262,27,Paid ads,2025-09-17
20263,23,Referral,2025-11-13
20264,10,Organic,2025-02-16
20265,12,Referral,2025-03-10
20266,13,Organic,2025-06-13
20268,22,Organic,2025-09-01
20269,30,Referral,2025-03-29
20270,19,Organic,2025-09-10
20271,22,Organic,2025-07-23
20272,21,Organic,2025-07-28
20274,25,Paid ads,2025-10-04
20276,18,Influencer,2025-05-06
20277,8,Organic,2025-06-15
20278,28,Paid ads,2025-05-22
20279,11,Organic,2025-07-15
20281,29,Paid ads,2025-03-22
20282,27,Organic,2025-06-27
20283,16,Organic,2025-07-06
20284,21,Organic,2025-06-12
20285,9,Organic,2025-11-08
20286,19,Referral,2025-06-03
20287,17,Influencer,2025-08-30
20288,3,Organic,2025-07-20
20289,12,Organic,2025-07-20
20292,28,Paid ads,2025-04-11
20293,17,Paid ads,2025-11-17
20295,26,Paid ads,2025-04-06
20298,31,Organic,2025-08-25
20299,24,Paid ads,2025-06-20
20300,9,Organic,2025-06-02
20301,24,Organic,2025-06-14
20302,24,Organic,2025-07-27
20303,23,Organic,2025-08-29
20304,26,Organic,2025-02-16
20305,24,Referral,2025-05-15
20306,2,Influencer,2025-11-11
20307,27,Organic,2025-06-08
20308,29,Paid ads,2025-07-17
20311,27,Organic,2025-10-17
20312,12,Organic,2025-12-13
20316,5,Organic,2025-04-12
20317,16,Paid ads,2025-06-05
20318,11,Organic,2025-09-28
20319,5,Influencer,2025-10-03
20320,26,Paid ads,2025-03-17
20321,15,Organic,2025-10-21
20323,10,Paid ads,2025-06-19
20325,25,Referral,2025-10-22
20326,10,Influencer,2025-04-21
20327,25,Organic,2025-08-22
20328,24,Paid ads,2025-10-28
20329,2,Paid ads,2025-10-21
20330,9,Paid ads,2025-03-26
20331,31,Organic,2025-10-14
20332,18,Paid ads,2025-03-24
20333,5,Organic,2025-10-03
20334,16,Organic,2025-09-16
20335,30,Paid ads,2025-05-28
20336,24,Paid ads,2025-11-02
20337,11,Paid ads,2025-08-27
20339,13,Influencer,2025-04-20
20341,21,Organic,2025-07-01
20342,18,Referral,2025-07-19
20343,7,Organic,2025-10-27
20344,23,Organic,2025-07-25
20345,24,Referral,2025-10-08
20346,22,Paid ads,2025-08-27
20347,12,Organic,2025-09-23
20348,3,Paid ads,2025-10-02
20350,22,Paid ads,2025-06-23
20351,27,Paid ads,2025-05-08
20352,12,Organic,2025-05-17
20354,29,Organic,2025-10-06
20355,26,Organic,2025-06-15
20358,32,Organic,2025-08-26
20359,13,Organic,2025-10-26
20360,24,Referral,2025-07-13
20361,31,Influencer,2025-08-25
20362,22,Paid ads,2025-09-15
20363,29,Paid ads,2025-04-05
20365,22,Paid ads,2025-06-20
20366,18,Referral,2025-04-09
20367,31,Referral,2025-09-27
20369,24,Influencer,2025-05-17
20371,11,Organic,2025-08-01
20372,28,Influencer,2025-11-06
20373,20,Organic,2025-08-26
20374,26,Organic,2025-03-16
20375,15,Organic,2025-04-12
20376,21,Influencer,2025-06-19
20377,16,Influencer,2025-07-04
20378,29,Organic,2025-05-18
20380,21,Organic,2025-08-18
20381,30,Influencer,2025-06-10
20382,22,Organic,2025-09-23
20384,31,Referral,2025-07-28
20385,9,Organic,2025-11-20
20386,10,Organic,2025-06-22
20387,27,Paid ads,2025-06-25
20388,22,Paid ads,2025-08-23
20390,16,Organic,2025-09-03
20391,23,Organic,2025-04-27
20392,5,Referral,2025-11-05
20393,26,Influencer,2025-07-29
20395,24,Referral,2025-07-21
20396,16,Influencer,2025-09-21
20397,27,Referral,2025-04-23
20399,30,Influencer,2025-10-05
20400,24,Organic,2025-04-08
20401,17,Organic,2025-10-06
20402,22,Organic,2025-02-17
20403,23,Referral,2025-04-01
20404,28,Organic,2025-05-18
20405,30,Paid ads,2025-07-22
20406,11,Organic,2025-06-10
20407,14,Organic,2025-05-10
20408,14,Paid ads,2025-10-03
20410,28,Referral,2025-08-12
20411,32,Influencer,2025-09-05
20413,6,Paid ads,2025-07-26
20414,16,Paid ads,2025-03-30
20415,27,Paid ads,2025-06-27
20416,17,Organic,2025-10-15
20417,27,Organic,2025-05-06
20418,13,Paid ads,2025-07-28
20419,21,Influencer,2025-04-08
20420,21,Referral,2025-10-05
20421,32,Paid ads,2025-08-18
20422,30,Paid ads,2025-11-03
20425,26,Paid ads,2025-10-25
20426,10,Organic,2025-12-16
20428,29,Organic,2025-06-30
20429,21,Organic,2025-05-21
20431,10,Influencer,2025-03-07
20432,14,Organic,2025-04-02
20433,15,Paid ads,2025-07-10
20434,4,Organic,2025-11-12
20435,25,Organic,2025-07-18
20437,11,Referral,2025-07-28
20438,4,Organic,2025-08-10
20440,15,Referral,2025-08-25
20441,27,Paid ads,2025-06-28
20442,9,Organic,2025-03-10
20443,22,Influencer,2025-06-15
20444,11,Organic,2025-06-02
20445,14,Organic,2025-04-21
20446,15,Referral,2025-05-02
20447,10,Organic,2025-10-24
20448,25,Paid ads,2025-07-22
20449,25,Organic,2025-03-07
20450,18,Organic,2025-10-28
20451,23,Paid ads,2025-05-24
20452,28,Paid ads,2025-05-07
20453,25,Organic,2025-05-28
20454,9,Influencer,2025-04-07
20455,14,Influencer,2025-06-08
20456,20,Organic,2025-04-21
20457,19,Influencer,2025-10-09
20458,25,Paid ads,2025-06-02
20459,19,Paid ads,2025-04-27
20460,17,Referral,2025-08-15
20461,22,Referral,2025-06-17
20462,23,Referral,2025-09-03
20463,29,Organic,2025-06-20
20465,16,Paid ads,2025-07-16
20466,1,Paid ads,2025-08-15
20467,29,Referral,2025-08-30
20468,10,Referral,2025-09-18
20469,22,Paid ads,2025-05-26
20470,24,Organic,2025-08-31
20471,29,Paid ads,2025-08-30
20472,23,Organic,2025-07-24
20473,30,Organic,2025-04-24
20474,31,Referral,2025-09-15
20476,4,Organic,2025-11-28
20477,28,Organic,2025-11-22
20478,4,Organic,2025-07-09
20479,26,Organic,2025-10-20
20480,20,Organic,2025-10-28
20481,13,Paid ads,2025-10-20
20482,9,Influencer,2025-05-13
20483,30,Influencer,2025-02-18
20484,29,Organic,2025-05-12
20485,25,Organic,2025-09-12
20486,32,Organic,2025-04-15
20487,26,Paid ads,2025-05-17
20488,10,Paid ads,2025-08-28
20490,10,Organic,2025-08-22
20491,27,Influencer,2025-11-16
20492,31,Paid ads,2025-04-27
20493,28,Influencer,2025-12-09
20494,32,Organic,2025-03-04
20495,26,Organic,2025-05-26
20496,13,Organic,2025-10-24
20497,2,Paid ads,2025-06-22
20498,25,Organic,2025-07-04
20499,21,Influencer,2025-09-13
20500,30,Referral,2025-05-07
20503,4,Organic,2025-07-14
20505,21,Paid ads,2025-07-15
20506,11,Referral,2025-08-28
20507,27,Paid ads,2025-08-29
20508,26,Organic,2025-08-21
20509,17,Organic,2025-07-08
20510,17,Organic,2025-09-03
20511,6,Organic,2025-10-28
20512,26,Referral,2025-04-10
20513,7,Organic,2025-03-11
20514,21,Organic,2025-06-11
20515,27,Influencer,2025-07-25
20516,11,Organic,2025-05-09
20517,10,Organic,2025-09-09
20518,18,Organic,2025-05-06
20520,30,Organic,2025-09-06
20521,25,Organic,2025-05-20
20522,8,Referral,2025-06-03
20524,27,Influencer,2025-05-10
20526,27,Organic,2025-04-27
20527,22,Organic,2025-11-16
20528,9,Paid ads,2025-06-15
20529,30,Paid ads,2025-07-29
20530,27,Paid ads,2025-07-13
20531,8,Paid ads,2025-05-10
20532,32,Influencer,2025-05-02
20533,23,Organic,2025-09-19
20534,20,Organic,2025-05-17
20537,21,Organic,2025-08-29
20539,27,Referral,2025-04-12
20540,2,Organic,2025-09-17
20543,4,Referral,2025-10-15
20544,22,Referral,2025-06-09
20546,21,Paid ads,2025-12-19
20547,28,Influencer,2025-10-20
20549,15,Organic,2025-04-13
20550,26,Paid ads,2025-08-09
20551,25,Organic,2025-10-05
20552,6,Organic,2025-06-12
20554,24,Organic,2025-11-22
20555,25,Paid ads,2025-07-07
20557,9,Paid ads,2025-06-24
20558,28,Referral,2025-05-28
20559,13,Paid ads,2025-11-26
20560,15,Influencer,2025-05-23
20561,28,Organic,2025-09-19
20562,6,Influencer,2025-03-30
20563,12,Organic,2025-06-04
20564,1,Paid ads,2025-06-28
20566,29,Organic,2025-09-06
20567,28,Organic,2025-09-25
20568,10,Organic,2025-11-23
20569,14,Referral,2025-06-11
20570,7,Organic,2025-08-19
20571,26,Paid ads,2025-06-27
20572,8,Organic,2025-05-30
20574,25,Organic,2025-07-24
20575,24,Organic,2025-05-03
20578,21,Influencer,2025-09-25
20579,30,Influencer,2025-11-21
20580,20,Organic,2025-03-26
20581,28,Organic,2025-05-26
20582,28,Organic,2025-07-02
20584,28,Influencer,2025-07-23
20585,21,Influencer,2025-10-14
20586,8,Paid ads,2025-09-13
20587,9,Organic,2025-09-27
20588,11,Referral,2025-08-26
20589,32,Influencer,2025-12-03
20590,15,Organic,2025-04-09
20591,10,Organic,2025-04-30
20592,13,Influencer,2025-06-11
20593,9,Paid ads,2025-05-09
20594,21,Influencer,2025-11-25
20595,32,Paid ads,2025-10-20
20596,9,Influencer,2025-05-17
20598,23,Referral,2025-04-28
20599,21,Paid ads,2025-07-08
20600,10,Influencer,2025-05-03
20601,10,Organic,2025-06-01
20602,32,Paid ads,2025-08-09
20603,16,Organic,2025-09-08
20604,24,Referral,2025-08-04
20605,28,Organic,2025-06-19
20606,30,Organic,2025-02-07
20607,25,Organic,2025-09-10
20608,16,Influencer,2025-08-07
20609,22,Organic,2025-09-04
20610,24,Organic,2025-06-26
20611,21,Paid ads,2025-07-27
20612,20,Influencer,2025-02-28
20613,25,Referral,2025-08-05
20614,24,Paid ads,2025-03-07
20615,28,Paid ads,2025-07-23
20616,19,Paid ads,2025-08-07
20617,16,Organic,2025-02-26
20618,30,Organic,2025-05-06
20620,31,Organic,2025-07-13
20621,6,Organic,2025-08-15
20622,25,Paid ads,2025-07-14
20623,16,Organic,2025-07-18
20624,20,Referral,2025-08-10
20625,25,Referral,2025-05-29
20626,16,Influencer,2025-08-19
20627,23,Paid ads,2025-10-09
20628,19,Influencer,2025-06-01
20629,28,Paid ads,2025-06-27
20631,23,Paid ads,2025-08-18
20633,27,Organic,2025-03-06
20634,31,Referral,2025-11-06
20637,32,Organic,2025-04-17
20638,28,Paid ads,2025-08-29
20639,26,Influencer,2025-11-13
20640,30,Influencer,2025-10-07
20641,29,Influencer,2025-04-24
20642,21,Influencer,2025-05-17
20643,22,Paid ads,2025-09-25
20644,20,Paid ads,2025-11-06
20647,9,Organic,2025-11-01
20648,27,Influencer,2025-08-15
20649,20,Organic,2025-11-12
20650,31,Organic,2025-06-19
20651,13,Influencer,2025-07-14
20653,10,Organic,2025-05-14
20654,17,Organic,2025-10-03
20656,11,Referral,2025-07-15
20657,17,Organic,2025-11-18
20658,15,Paid ads,2025-05-12
20659,16,Organic,2025-07-04
20660,20,Referral,2025-09-19
20661,24,Influencer,2025-09-16
20662,17,Organic,2025-09-23
20663,23,Organic,2025-08-02
20664,26,Paid ads,2025-12-05
20665,15,Organic,2025-07-18
20666,12,Organic,2025-05-18
20667,8,Organic,2025-09-27
20668,1,Paid ads,2025-11-27
20670,32,Organic,2025-10-27
20671,10,Paid ads,2025-06-17
20672,22,Paid ads,2025-12-10
20673,13,Influencer,2025-11-04
20676,13,Organic,2025-08-16
20677,9,Referral,2025-03-07
20678,22,Organic,2025-05-24
20679,27,Influencer,2025-08-02
20680,20,Organic,2025-11-20
20681,12,Organic,2025-07-11
20682,31,Paid ads,2025-06-27
20683,28,Paid ads,2025-10-07
20686,6,Referral,2025-08-08
20687,10,Organic,2025-11-08
20688,18,Influencer,2025-03-10
20689,9,Paid ads,2025-06-30
20690,1,Organic,2025-10-30
20691,27,Paid ads,2025-08-25
20692,9,Organic,2025-09-29
20696,3,Referral,2025-07-31
20697,18,Paid ads,2025-09-19
20698,26,Paid ads,2025-07-13
20699,32,Organic,2025-05-08
20700,26,Organic,2025-10-17
20701,18,Organic,2025-05-12
20702,30,Organic,2025-11-16
20703,32,Referral,2025-08-15
20704,15,Organic,2025-10-03
20705,26,Organic,2025-12-02
20706,26,Paid ads,2025-08-08
20707,10,Organic,2025-06-05
20708,18,Organic,2025-11-22
20709,12,Paid ads,2025-10-04
20710,28,Organic,2025-05-31
20711,24,Organic,2025-10-26
20712,30,Paid ads,2025-04-08
20715,18,Organic,2025-02-19
20716,11,Paid ads,2025-09-30
20717,15,Organic,2025-05-30
20718,29,Paid ads,2025-11-13
20720,30,Organic,2025-04-16
20721,17,Influencer,2025-07-25
20722,24,Organic,2025-03-22
20723,32,Paid ads,2025-11-21
20724,7,Organic,2025-06-11
20727,21,Organic,2025-06-05
20728,1,Paid ads,2025-12-03
20729,23,Influencer,2025-11-09
20730,27,Paid ads,2025-06-28
20731,15,Influencer,2025-04-27
20732,28,Organic,2025-10-24
20733,28,Referral,2025-05-19
20734,7,Organic,2025-06-08
20735,13,Influencer,2025-10-04
20736,12,Paid ads,2025-06-05
20737,27,Organic,2025-08-17
20738,22,Organic,2025-09-07
20739,25,Paid ads,2025-04-27
20740,26,Paid ads,2025-04-07
20741,30,Referral,2025-07-16
20742,17,Paid ads,2025-09-12
20743,31,Referral,2025-10-18
20745,1,Paid ads,2025-11-13
20746,7,Organic,2025-08-19
20747,32,Paid ads,2025-08-12
20749,22,Organic,2025-06-05
20750,1,Paid ads,2025-08-13
20751,31,Referral,2025-10-23
20752,15,Organic,2025-08-24
20753,21,Organic,2025-06-08
20756,21,Organic,2025-10-21
20757,23,Paid ads,2025-03-16
20758,22,Organic,2025-11-05
20759,19,Organic,2025-09-05
20760,11,Referral,2025-05-06
20761,30,Organic,2025-02-14
20762,24,Organic,2025-11-20
20763,31,Influencer,2025-09-21
20764,11,Organic,2025-08-06
20765,28,Referral,2025-10-01
20766,29,Organic,2025-07-28
20767,15,Organic,2025-08-08
20768,15,Referral,2025-04-20
20769,8,Referral,2025-04-04
20770,22,Organic,2025-05-18
20771,21,Organic,2025-08-03
20772,1,Influencer,2025-05-19
20773,22,Influencer,2025-09-24
20775,31,Organic,2025-05-19
20777,10,Organic,2025-09-12
20779,30,Organic,2025-10-12
20780,23,Influencer,2025-06-03
20781,16,Referral,2025-10-31
20782,30,Organic,2025-05-15
20783,4,Organic,2025-09-06
20784,29,Organic,2025-06-05
20785,23,Influencer,2025-07-03
20786,9,Paid ads,2025-05-04
20787,3,Organic,2025-07-06
20788,4,Paid ads,2025-06-26
20789,25,Influencer,2025-10-17
20790,24,Organic,2025-09-14
20791,14,Organic,2025-05-29
20792,32,Referral,2025-03-23
20796,21,Organic,2025-07-06
20798,9,Influencer,2025-03-15
20800,7,Paid ads,2025-10-16
20801,1,Paid ads,2025-08-30
20802,1,Organic,2025-01-17
20803,22,Organic,2025-07-21
20804,28,Organic,2025-07-18
20806,18,Organic,2025-08-21
20807,26,Influencer,2025-11-03
20808,25,Paid ads,2025-04-13
20809,27,Influencer,2025-05-23
20810,20,Paid ads,2025-07-04
20811,23,Paid ads,2025-10-23
20812,31,Paid ads,2025-05-15
20813,24,Influencer,2025-03-12
20815,26,Organic,2025-07-20
20816,23,Referral,2025-04-27
20817,16,Referral,2025-07-23
20818,30,Organic,2025-04-28
20819,6,Paid ads,2025-11-27
20820,13,Organic,2025-06-06
20821,1,Referral,2025-10-13
20823,5,Paid ads,2025-05-01
20824,28,Paid ads,2025-03-15
20825,17,Influencer,2025-05-29
20826,1,Organic,2025-08-20
20827,32,Paid ads,2025-08-05
20828,30,Organic,2025-10-29
20830,28,Organic,2025-05-27
20831,21,Organic,2025-06-12
20833,23,Organic,2025-04-01
20837,3,Organic,2025-08-31
20838,9,Organic,2025-04-08
20840,20,Paid ads,2025-07-28
20842,28,Organic,2025-08-11
20843,9,Paid ads,2025-05-16
20844,23,Paid ads,2025-04-10
20845,13,Referral,2025-09-22
20846,28,Influencer,2025-08-23
20847,5,Influencer,2025-09-08
20848,32,Referral,2025-05-04
20849,3,Organic,2025-09-06
20850,29,Organic,2025-09-14
20851,19,Paid ads,2025-09-11
20852,23,Organic,2025-10-17
20853,16,Referral,2025-02-15
20854,26,Influencer,2025-02-23
20856,24,Paid ads,2025-05-17
20857,26,Paid ads,2025-09-27
20860,23,Referral,2025-09-16
20862,32,Referral,2025-03-16
20863,15,Organic,2025-03-24
20867,23,Organic,2025-05-13
20868,15,Organic,2025-11-25
20869,11,Organic,2025-09-07
20870,8,Organic,2025-05-25
20871,4,Organic,2025-06-20
20872,21,Paid ads,2025-07-21
20873,20,Organic,2025-08-19
20874,25,Organic,2025-09-11
20876,22,Referral,2025-11-29
20878,29,Organic,2025-08-18
20880,13,Organic,2025-11-27
20882,30,Paid ads,2025-07-14
20883,19,Paid ads,2025-10-07
20885,30,Referral,2025-04-30
20886,27,Organic,2025-10-03
20887,20,Referral,2025-05-22
20888,28,Organic,2025-11-05
20889,32,Organic,2025-04-19
20890,32,Influencer,2025-12-06
20891,8,Referral,2025-08-14
20893,17,Organic,2025-06-27
20895,16,Organic,2025-11-24
20897,26,Organic,2025-03-22
20899,20,Influencer,2025-05-30
20900,16,Organic,2025-09-17
20901,31,Paid ads,2025-09-16
20902,11,Paid ads,2025-01-29
20903,8,Organic,2025-08-02
20905,32,Organic,2025-09-30
20907,21,Organic,2025-06-06
20909,28,Paid ads,2025-06-20
20910,27,Influencer,2025-04-17
20913,32,Organic,2025-09-05
20914,9,Paid ads,2025-04-23
20916,26,Organic,2025-03-15
20918,17,Paid ads,2025-04-28
20920,15,Paid ads,2025-04-17
20921,9,Organic,2025-05-19
20922,25,Paid ads,2025-07-22
20923,2,Paid ads,2025-08-06
20924,27,Organic,2025-12-23
20926,25,Influencer,2025-10-30
20929,30,Paid ads,2025-05-10
20930,24,Referral,2025-07-13
20931,18,Influencer,2025-09-18
20932,19,Organic,2025-07-16
20933,15,Paid ads,2025-06-30
20934,29,Paid ads,2025-07-18
20935,32,Organic,2025-10-10
20936,26,Influencer,2025-05-20
20937,14,Paid ads,2025-10-01
20939,11,Organic,2025-12-10
20940,21,Paid ads,2025-12-13
20941,28,Referral,2025-05-31
20943,21,Influencer,2025-11-14
20944,28,Organic,2025-06-10
20945,32,Referral,2025-10-23
20946,24,Referral,2025-11-01
20947,25,Referral,2025-04-25
20948,21,Organic,2025-08-24
20949,24,Paid ads,2025-08-08
20950,16,Referral,2025-07-31
20951,20,Organic,2025-04-30
20952,21,Paid ads,2025-06-11
20953,14,Paid ads,2025-06-13
20955,27,Influencer,2025-03-21
20956,7,Referral,2025-07-08
20957,26,Influencer,2025-08-03
20958,28,Referral,2025-03-16
20961,14,Organic,2025-10-09
20962,18,Influencer,2025-03-14
20964,29,Organic,2025-05-23
20965,21,Influencer,2025-05-28
20966,12,Influencer,2025-06-19
20967,32,Organic,2025-04-15
20968,20,Organic,2025-07-21
20969,11,Organic,2025-05-08
20970,24,Organic,2025-02-25
20971,5,Organic,2025-07-11
20972,31,Organic,2025-10-14
20973,9,Organic,2025-07-28
20974,32,Organic,2025-11-15
20976,30,Influencer,2025-09-10
20977,27,Organic,2025-07-03
20978,5,Influencer,2025-06-19
20981,9,Paid ads,2025-08-10
20982,14,Influencer,2025-06-17
20983,26,Influencer,2025-12-20
20984,22,Referral,2025-08-03
20985,10,Organic,2025-08-04
20986,23,Influencer,2025-07-24
20988,23,Organic,2025-04-10
20989,23,Paid ads,2025-08-13
20990,13,Organic,2025-11-02
20992,31,Paid ads,2025-11-05
20993,22,Organic,2025-10-18
20994,22,Influencer,2025-07-31
20995,7,Organic,2025-10-12
20996,15,Organic,2025-09-12
20997,25,Organic,2025-11-15
20998,21,Influencer,2025-09-17
20999,20,Referral,2025-04-05
21000,16,Referral,2025-05-11
21001,32,Organic,2025-07-21
21002,24,Paid ads,2025-04-25
21003,30,Paid ads,2025-06-08
21005,25,Paid ads,2025-06-24
21006,21,Organic,2025-04-15
21007,6,Organic,2025-05-09
21008,26,Organic,2025-10-22
21009,25,Organic,2025-05-16
21010,23,Organic,2025-12-04
21011,30,Paid ads,2025-03-29
21012,21,Organic,2025-03-23
21013,5,Organic,2025-11-18
21015,10,Paid ads,2025-07-11
21016,21,Organic,2025-05-10
21017,28,Paid ads,2025-05-13
21018,10,Paid ads,2025-03-25
21019,13,Organic,2025-05-06
21021,27,Influencer,2025-04-19
21022,32,Influencer,2025-08-30
21023,14,Influencer,2025-09-24
21025,12,Organic,2025-06-09
21026,11,Organic,2025-07-31
21027,22,Organic,2025-07-23
21029,14,Referral,2025-08-20
21030,30,Influencer,2025-12-05
21032,32,Organic,2025-07-13
21033,4,Referral,2025-09-27
21034,32,Referral,2025-04-20
21035,8,Influencer,2025-11-08
21037,14,Organic,2025-04-24
21039,22,Referral,2025-07-20
21040,23,Referral,2025-06-25
21041,19,Influencer,2025-05-18
21043,10,Paid ads,2025-07-30
21044,23,Referral,2025-08-12
21045,9,Organic,2025-05-24
21046,11,Influencer,2025-03-06
21047,22,Referral,2025-05-12
21048,17,Paid ads,2025-09-07
21050,27,Referral,2025-09-02
21051,3,Referral,2025-05-06
21052,1,Paid ads,2025-11-19
21053,21,Paid ads,2025-06-26
21054,9,Organic,2025-03-22
21056,26,Organic,2025-07-11
21057,32,Organic,2025-11-25
21058,7,Organic,2025-04-27
21060,31,Paid ads,2025-07-11
21062,2,Paid ads,2025-08-12
21064,27,Organic,2025-08-03
21065,24,Influencer,2025-07-22
21066,19,Organic,2025-05-05
21067,16,Paid ads,2025-06-29
21068,21,Organic,2025-05-12
21069,12,Paid ads,2025-08-30
21070,19,Influencer,2025-11-19
21072,11,Referral,2025-12-31
21073,7,Influencer,2025-06-12
21074,22,Influencer,2025-04-17
21075,9,Referral,2025-07-28
21076,12,Referral,2025-06-21
21078,21,Organic,2025-05-21
21079,26,Paid ads,2025-09-17
21082,25,Organic,2025-10-20
21085,32,Organic,2025-06-24
21086,32,Organic,2025-02-10
21088,29,Organic,2025-03-24
21089,31,Organic,2025-07-27
21090,16,Organic,2025-12-08
21091,27,Paid ads,2025-11-19
21092,25,Organic,2025-11-05
21095,28,Organic,2025-05-07
21096,32,Organic,2025-10-04
21097,20,Organic,2025-12-14
21098,20,Organic,2025-05-10
21099,32,Paid ads,2025-07-06
21101,21,Paid ads,2025-02-09
21102,14,Influencer,2025-09-30
21103,21,Influencer,2025-04-06
21104,21,Paid ads,2025-10-26
21105,18,Organic,2025-11-15
21106,14,Organic,2025-05-07
21107,20,Organic,2025-10-06
21108,22,Organic,2025-09-26
21109,24,Organic,2025-02-23
21111,12,Referral,2025-04-20
21112,26,Paid ads,2025-05-30
21113,12,Organic,2025-11-21
21114,29,Organic,2025-06-23
21115,6,Organic,2025-02-12
21116,31,Organic,2025-02-03
21117,11,Influencer,2025-05-15
21118,21,Referral,2025-12-29
21120,28,Paid ads,2025-09-16
21121,25,Paid ads,2025-12-22
21122,29,Paid ads,2025-07-20
21123,10,Paid ads,2025-07-19
21124,19,Organic,2025-06-18
21125,8,Organic,2025-08-22
21128,28,Organic,2025-08-09
21129,24,Paid ads,2025-09-19
21131,29,Referral,2025-08-22
21132,25,Organic,2025-08-02
21133,23,Influencer,2025-08-20
21134,32,Organic,2025-04-23
21135,25,Referral,2025-11-15
21136,10,Organic,2025-06-12
21137,27,Organic,2025-09-10
21138,17,Paid ads,2025-11-06
21139,3,Paid ads,2025-08-22
21140,23,Organic,2025-10-25
21141,10,Organic,2025-08-17
21143,20,Organic,2025-05-11
21144,14,Paid ads,2025-05-22
21145,18,Influencer,2025-07-13
21146,15,Organic,2025-08-29
21148,27,Referral,2025-11-01
21149,18,Paid ads,2025-08-24
21150,30,Organic,2025-04-21
21151,24,Influencer,2025-10-08
21152,31,Referral,2025-08-18
21154,26,Organic,2025-07-13
21158,15,Influencer,2025-05-27
21159,1,Organic,2025-04-05
21160,22,Paid ads,2025-06-17
21162,2,Organic,2025-06-03
21163,3,Paid ads,2025-03-31
21164,28,Organic,2025-11-17
21165,19,Influencer,2025-08-21
21167,25,Organic,2025-06-06
21169,12,Paid ads,2025-08-24
21170,27,Influencer,2025-10-14
21171,11,Paid ads,2025-09-23
21173,31,Organic,2025-07-17
21175,29,Influencer,2025-09-10
21176,21,Organic,2025-10-09
21177,17,Organic,2025-03-25
21178,19,Organic,2025-10-03
21179,30,Paid ads,2025-06-30
21180,1,Organic,2025-09-30
21181,26,Organic,2025-05-28
21182,12,Organic,2025-08-13
21185,23,Influencer,2025-11-22
21187,28,Organic,2025-09-21
21188,30,Referral,2025-09-01
21189,11,Organic,2025-08-03
21190,31,Organic,2025-08-20
21191,15,Influencer,2025-03-05
21194,24,Organic,2025-05-02
21195,5,Organic,2025-08-03
21196,29,Referral,2025-10-20
21197,17,Influencer,2025-04-26
21198,18,Paid ads,2025-06-06
21200,10,Paid ads,2025-08-08
21201,26,Organic,2025-05-18
21202,21,Influencer,2025-05-06
21203,10,Referral,2025-11-13
21205,31,Paid ads,2025-08-15
21206,32,Organic,2025-03-19
21207,29,Organic,2025-06-29
21208,22,Organic,2025-07-04
21209,17,Referral,2025-08-14
21210,31,Organic,2025-10-05
21211,17,Paid ads,2025-04-29
21213,13,Paid ads,2025-11-20
21214,15,Referral,2025-07-19
21215,26,Organic,2025-07-26
21217,11,Paid ads,2025-10-03
21218,21,Referral,2025-05-28
21219,23,Influencer,2025-12-16
21220,21,Organic,2025-08-23
21222,12,Paid ads,2025-07-13
21223,7,Organic,2025-06-19
21226,20,Referral,2025-08-23
21229,22,Paid ads,2025-05-23
21230,29,Organic,2025-10-02
21231,6,Organic,2025-11-29
21232,28,Paid ads,2025-10-23
21233,19,Organic,2025-08-28
21234,10,Paid ads,2025-09-26
21235,30,Organic,2025-06-04
21236,24,Paid ads,2025-07-12
21237,11,Organic,2025-05-21
21239,21,Paid ads,2025-01-16
21240,23,Organic,2025-08-09
21241,24,Paid ads,2025-04-13
21243,25,Influencer,2025-05-29
21244,26,Paid ads,2025-09-14
21245,32,Referral,2025-09-11
21246,9,Influencer,2025-06-03
21247,1,Influencer,2025-10-23
21248,28,Paid ads,2025-07-11
21249,10,Organic,2025-03-22
21250,28,Paid ads,2025-08-26
21251,18,Organic,2025-02-05
21253,31,Referral,2025-06-29
21254,14,Paid ads,2025-02-13
21256,28,Organic,2025-03-01
21257,6,Organic,2025-04-20
21258,16,Paid ads,2025-11-25
21259,11,Organic,2025-04-09
21260,10,Paid ads,2025-11-05
21261,1,Organic,2025-07-26
21262,4,Organic,2025-03-03
21263,13,Influencer,2025-11-05
21265,30,Organic,2025-04-19
21267,30,Organic,2025-10-23
21268,29,Paid ads,2025-08-10
21269,27,Organic,2025-04-08
21270,21,Influencer,2025-09-22
21272,23,Organic,2025-05-14
21274,22,Referral,2025-03-31
21275,17,Organic,2025-10-18
21276,29,Influencer,2025-05-25
21277,30,Organic,2025-10-06
21278,8,Influencer,2025-07-20
21279,10,Organic,2025-10-21
21280,22,Organic,2025-06-21
21282,23,Organic,2025-03-17
21283,9,Organic,2025-10-12
21284,30,Influencer,2025-09-19
21285,22,Organic,2025-08-18
21287,10,Organic,2025-10-10
21288,32,Organic,2025-05-19
21289,12,Organic,2025-10-22
21291,32,Organic,2025-11-13
21292,28,Organic,2025-09-01
21293,32,Paid ads,2025-06-06
21296,2,Organic,2025-10-19
21298,31,Referral,2025-06-17
21299,29,Referral,2025-03-13
21300,25,Organic,2025-04-27
21301,2,Organic,2025-04-09
21302,25,Referral,2025-06-15
21303,13,Influencer,2025-07-16
21304,29,Paid ads,2025-05-02
21307,16,Referral,2025-08-08
21308,2,Organic,2025-04-30
21309,11,Influencer,2025-07-31
21310,31,Organic,2025-11-13
21311,25,Influencer,2025-06-09
21312,26,Referral,2025-11-13
21313,23,Influencer,2025-06-22
21314,10,Influencer,2025-07-09
21315,27,Organic,2025-07-10
21316,9,Referral,2025-06-08
21317,13,Organic,2025-08-27
21318,18,Organic,2025-08-20
21319,23,Paid ads,2025-11-26
21320,20,Paid ads,2025-07-31
21321,18,Organic,2025-11-06
21322,15,Influencer,2025-12-02
21323,25,Influencer,2025-06-20
21326,26,Paid ads,2025-09-23
21327,26,Influencer,2025-06-02
21328,25,Paid ads,2025-10-08
21329,21,Referral,2025-03-31
21330,27,Organic,2025-09-06
21331,15,Paid ads,2025-04-10
21332,11,Influencer,2025-07-17
21333,31,Referral,2025-08-15
21334,26,Organic,2025-07-31
21335,25,Referral,2025-09-02
21336,12,Organic,2025-07-10
21337,27,Paid ads,2025-08-29
21339,28,Influencer,2025-05-19
21340,2,Influencer,2025-05-09
21342,16,Paid ads,2025-12-07
21343,9,Paid ads,2025-04-10
21344,23,Organic,2025-09-19
21347,21,Influencer,2025-03-02
21349,22,Organic,2025-05-23
21352,19,Paid ads,2025-02-03
21355,31,Organic,2025-04-19
21356,20,Paid ads,2025-03-01
21357,24,Organic,2025-12-16
21358,30,Referral,2025-02-03
21359,8,Paid ads,2025-10-17
21360,16,Paid ads,2025-12-02
21361,30,Organic,2025-10-30
21362,5,Influencer,2025-04-20
21363,31,Organic,2025-06-30
21365,11,Organic,2025-06-26
21366,11,Organic,2025-07-30
21367,26,Organic,2025-11-05
21368,20,Organic,2025-08-23
21369,22,Organic,2025-06-11
21370,17,Referral,2025-07-30
21371,31,Paid ads,2025-06-20
21373,26,Referral,2025-06-29
21374,32,Organic,2025-03-18
21375,26,Referral,2025-11-24
21376,24,Organic,2025-04-27
21377,18,Influencer,2025-04-08
21378,15,Influencer,2025-04-03
21379,25,Organic,2025-06-17
21380,32,Paid ads,2025-07-25
21381,26,Organic,2025-03-30
21383,1,Organic,2025-04-02
21385,7,Organic,2025-08-16
21386,29,Paid ads,2025-09-01
21387,16,Organic,2025-06-17
21388,25,Influencer,2025-06-28
21389,18,Influencer,2025-08-27
21391,30,Paid ads,2025-06-05
21392,29,Paid ads,2025-08-16
21393,22,Organic,2025-05-13
21394,11,Organic,2025-06-03
21396,11,Organic,2025-04-09
21398,9,Paid ads,2025-09-29
21399,10,Paid ads,2025-01-27
21401,24,Organic,2025-11-06
21402,23,Organic,2025-09-03
21403,32,Referral,2025-05-26
21404,26,Referral,2025-04-11
21405,21,Referral,2025-08-20
21407,19,Organic,2025-12-19
21408,27,Organic,2025-11-24
21409,13,Paid ads,2025-11-11
21410,9,Influencer,2025-03-14
21411,24,Organic,2025-07-12
21412,20,Paid ads,2025-05-03
21413,5,Organic,2025-05-24
21414,19,Organic,2025-06-22
21415,2,Referral,2025-04-03
21416,14,Paid ads,2025-08-03
21417,20,Paid ads,2025-10-24
21418,28,Organic,2025-10-26
21419,22,Organic,2025-08-08
21420,16,Paid ads,2025-01-31
21422,22,Paid ads,2025-04-29
21423,22,Paid ads,2025-05-28
21424,30,Influencer,2025-03-17
21425,31,Organic,2025-05-07
21426,17,Paid ads,2025-11-20
21427,12,Referral,2025-04-01
21428,19,Influencer,2025-10-11
21429,10,Referral,2025-10-11
21432,3,Referral,2025-09-10
21433,23,Organic,2025-04-11
21434,31,Referral,2025-10-02
21435,11,Paid ads,2025-12-10
21437,22,Organic,2025-08-08
21438,11,Influencer,2025-07-04
21439,27,Paid ads,2025-02-10
21440,18,Influencer,2025-12-13
21441,1,Influencer,2025-09-06
21442,24,Paid ads,2025-06-25
21443,29,Organic,2025-06-15
21445,31,Referral,2025-12-25
21446,1,Organic,2025-05-31
21447,27,Paid ads,2025-05-02
21448,1,Organic,2025-10-07
21449,19,Influencer,2025-09-14
21450,10,Influencer,2025-04-12
21451,4,Organic,2025-05-06
21454,1,Organic,2025-07-27
21455,26,Paid ads,2025-10-14
21456,11,Referral,2025-11-02
21457,29,Paid ads,2025-11-20
21458,27,Organic,2025-10-21
21459,16,Influencer,2025-04-29
21461,26,Influencer,2025-06-07
21462,29,Organic,2025-04-13
21465,23,Organic,2025-08-03
21466,31,Influencer,2025-07-03
21467,9,Paid ads,2025-09-27
21468,24,Referral,2025-09-23
21469,13,Organic,2025-11-30
21471,17,Organic,2025-10-16
21472,32,Influencer,2025-10-14
21473,21,Influencer,2025-09-16
21475,22,Referral,2025-08-21
21476,5,Paid ads,2025-07-23
21477,28,Paid ads,2025-03-17
21478,11,Organic,2025-06-29
21479,6,Influencer,2025-08-26
21480,32,Organic,2025-06-18
21481,25,Organic,2025-05-01
21484,30,Organic,2025-07-20
21485,18,Organic,2025-09-08
21486,19,Paid ads,2025-07-18
21488,32,Organic,2025-11-13
21489,29,Paid ads,2025-05-30
21490,30,Organic,2025-05-24
21491,31,Organic,2025-10-23
21492,6,Organic,2025-11-27
21493,17,Influencer,2025-07-11
21494,21,Organic,2025-04-20
21495,18,Organic,2025-03-27
21496,23,Referral,2025-03-17
21497,21,Organic,2025-05-26
21498,16,Referral,2025-06-13
21499,9,Organic,2025-07-09
21500,10,Organic,2025-07-02
21501,18,Referral,2025-07-08
21502,29,Paid ads,2025-03-25
21503,12,Organic,2025-07-15
21505,28,Referral,2025-11-11
21506,32,Influencer,2025-05-26
21508,24,Organic,2025-08-07
21509,29,Referral,2025-04-09
21510,31,Organic,2025-10-18
21513,22,Organic,2025-05-07
21515,23,Influencer,2025-05-02
21516,29,Referral,2025-08-15
21518,25,Referral,2025-09-09
21519,21,Organic,2025-05-05
21520,32,Organic,2025-09-04
21521,27,Organic,2025-09-10
21523,12,Paid ads,2025-08-20
21525,21,Referral,2025-08-02
21526,27,Paid ads,2025-09-13
21530,13,Organic,2025-05-07
21531,31,Paid ads,2025-04-18
21532,18,Referral,2025-06-24
21533,23,Influencer,2025-05-02
21535,29,Organic,2025-09-30
21536,32,Influencer,2025-06-11
21537,14,Paid ads,2025-06-15
21538,27,Paid ads,2025-03-04
21539,29,Influencer,2025-10-28
21540,18,Organic,2025-07-28
21541,20,Referral,2025-05-19
21542,23,Influencer,2025-08-20
21543,14,Organic,2025-08-14
21545,24,Influencer,2025-06-16
21546,14,Organic,2025-07-25
21547,32,Paid ads,2025-03-06
21549,17,Referral,2025-05-03
21550,19,Influencer,2025-04-28
21551,32,Influencer,2025-06-10
21552,1,Paid ads,2025-07-27
21553,12,Referral,2025-08-14
21554,28,Influencer,2025-07-17
21555,25,Organic,2025-10-12
21556,13,Organic,2025-08-13
21557,26,Organic,2025-11-28
21558,13,Referral,2025-03-18
21560,13,Organic,2025-12-12
21561,31,Influencer,2025-05-13
21562,30,Organic,2025-07-20
21563,2,Organic,2025-10-10
21564,11,Influencer,2025-07-31
21566,27,Referral,2025-06-13
21567,28,Organic,2025-10-11
21569,29,Organic,2025-12-07
21570,31,Paid ads,2025-10-25
21571,3,Paid ads,2025-06-24
21572,21,Organic,2025-02-23
21573,9,Organic,2025-05-04
21574,22,Influencer,2025-04-29
21575,12,Organic,2025-09-19
21576,27,Organic,2025-03-02
21578,7,Influencer,2025-06-28
21579,4,Influencer,2025-11-05
21580,17,Organic,2025-04-01
21581,20,Organic,2025-10-14
21582,2,Paid ads,2025-03-01
21583,28,Influencer,2025-08-16
21584,22,Referral,2025-11-04
21585,24,Referral,2025-05-12
21586,32,Organic,2025-03-25
21588,31,Organic,2025-06-15
21590,2,Paid ads,2025-11-21
21591,21,Organic,2025-10-05
21592,31,Organic,2025-08-23
21593,13,Paid ads,2025-05-19
21594,7,Paid ads,2025-04-24
21595,28,Paid ads,2025-06-18
21596,11,Organic,2025-06-08
21597,19,Organic,2025-06-15
21599,6,Referral,2025-09-24
21600,30,Organic,2025-06-27
21601,21,Paid ads,2025-08-10
21602,29,Organic,2025-08-08
21603,24,Influencer,2025-02-21
21604,13,Paid ads,2025-08-13
21605,2,Referral,2025-07-07
21606,10,Paid ads,2025-04-06
21607,18,Paid ads,2025-06-10
21608,27,Organic,2025-04-08
21609,30,Organic,2025-07-08
21610,10,Referral,2025-10-17
21611,26,Influencer,2025-08-02
21613,8,Paid ads,2025-11-02
21614,30,Organic,2025-03-28
21615,23,Organic,2025-09-07
21616,25,Paid ads,2025-10-13
21617,31,Organic,2025-12-05
21618,30,Referral,2025-04-01
21619,27,Organic,2025-03-28
21620,23,Organic,2025-10-12
21621,19,Organic,2025-05-08
21622,21,Influencer,2025-06-23
21623,15,Organic,2025-08-29
21624,30,Paid ads,2025-08-29
21625,31,Paid ads,2025-03-02
21627,30,Organic,2025-05-11
21628,8,Paid ads,2025-07-12
21629,15,Influencer,2025-06-21
21630,27,Organic,2025-05-04
21631,30,Organic,2025-03-23
21632,14,Organic,2025-08-15
21633,23,Paid ads,2025-08-20
21634,25,Organic,2025-05-28
21635,25,Influencer,2025-03-26
21636,29,Paid ads,2025-09-21
21637,31,Referral,2025-03-16
21638,20,Referral,2025-12-27
21639,27,Referral,2025-05-24
21640,26,Influencer,2025-07-22
21642,23,Organic,2025-04-28
21643,26,Paid ads,2025-12-01
21644,11,Paid ads,2025-06-26
21645,22,Organic,2025-07-20
21647,7,Paid ads,2025-09-27
21648,31,Paid ads,2025-08-12
21651,21,Organic,2025-07-26
21652,25,Influencer,2025-05-01
21653,28,Referral,2025-06-04
21654,14,Organic,2025-11-15
21655,9,Organic,2025-08-05
21656,32,Organic,2025-11-18
21657,16,Organic,2025-07-22
21659,24,Organic,2025-06-30
21660,16,Organic,2025-11-24
21661,24,Organic,2025-08-26
21664,5,Organic,2025-05-30
21666,25,Referral,2025-05-16
21667,16,Organic,2025-04-20
21668,4,Influencer,2025-09-28
21669,23,Organic,2025-10-15
21670,31,Paid ads,2025-06-03
21672,26,Organic,2025-06-14
21674,25,Paid ads,2025-07-03
21675,29,Organic,2025-12-24
21676,24,Organic,2025-06-14
21677,25,Referral,2025-06-23
21678,3,Paid ads,2025-06-02
21679,30,Influencer,2025-05-23
21680,15,Organic,2025-08-16
21681,31,Paid ads,2025-09-29
21682,29,Influencer,2025-10-23
21683,17,Organic,2025-08-18
21684,29,Referral,2025-04-19
21685,24,Organic,2025-08-18
21686,24,Organic,2025-06-27
21687,27,Paid ads,2025-07-09
21688,29,Organic,2025-08-23
21689,14,Organic,2025-08-23
21690,30,Influencer,2025-08-12
21692,23,Influencer,2025-10-10
21693,24,Paid ads,2025-10-24
21694,25,Organic,2025-05-07
21695,25,Influencer,2025-09-13
21698,20,Organic,2025-09-08
21699,9,Organic,2025-12-10
21701,25,Organic,2025-05-23
21702,21,Influencer,2025-05-16
21704,23,Paid ads,2025-06-18
21705,8,Paid ads,2025-06-17
21706,24,Influencer,2025-04-04
21707,21,Paid ads,2025-09-10
21708,29,Influencer,2025-08-03
21709,7,Organic,2025-05-08
21710,32,Influencer,2025-10-02
21712,24,Organic,2025-12-27
21713,19,Paid ads,2025-07-24
21716,28,Paid ads,2025-11-06
21718,11,Organic,2025-04-13
21719,31,Organic,2025-04-19
21720,32,Organic,2025-07-17
21721,24,Influencer,2025-08-23
21722,26,Organic,2025-06-03
21723,7,Paid ads,2025-06-19
21724,22,Paid ads,2025-08-10
21727,14,Organic,2025-05-20
21729,24,Paid ads,2025-08-20
21730,29,Organic,2025-07-22
21732,26,Organic,2025-07-23
21734,29,Organic,2025-07-20
21735,26,Influencer,2025-10-09
21737,27,Referral,2025-07-03
21738,5,Influencer,2025-08-09
21739,28,Referral,2025-09-11
21740,30,Organic,2025-11-21
21741,22,Referral,2025-11-28
21742,28,Organic,2025-06-23
21743,26,Paid ads,2025-04-21
21744,2,Organic,2025-04-27
21746,28,Paid ads,2025-06-26
21747,18,Paid ads,2025-11-03
21748,17,Influencer,2025-06-12
21749,15,Organic,2025-11-08
21752,30,Referral,2025-10-21
21753,28,Paid ads,2025-05-21
21755,27,Organic,2025-08-28
21757,1,Organic,2025-12-04
21758,31,Paid ads,2025-08-01
21759,31,Organic,2025-08-27
21760,21,Organic,2025-06-11
21762,29,Organic,2025-09-09
21763,25,Organic,2025-11-06
21765,15,Paid ads,2025-09-17
21766,19,Organic,2025-06-28
21767,29,Organic,2025-08-31
21768,23,Paid ads,2025-04-28
21769,31,Organic,2025-07-31
21771,31,Paid ads,2025-05-27
21772,14,Paid ads,2025-08-21
21775,18,Organic,2025-08-05
21776,28,Organic,2025-09-29
21777,9,Paid ads,2025-09-27
21778,14,Organic,2025-04-02
21779,11,Organic,2025-11-11
21780,21,Influencer,2025-04-26
21781,29,Organic,2025-08-08
21783,26,Organic,2025-08-11
21784,11,Influencer,2025-04-12
21785,8,Referral,2025-09-11
21786,19,Organic,2025-05-24
21787,25,Organic,2025-06-03
21789,18,Organic,2025-10-08
21790,12,Organic,2025-06-04
21791,28,Organic,2025-11-23
21792,16,Organic,2025-03-22
21795,28,Organic,2025-03-03
21796,10,Paid ads,2025-05-05
21797,26,Organic,2025-05-26
21798,15,Organic,2025-07-24
21799,27,Paid ads,2025-10-10
21800,16,Organic,2025-04-30
21801,3,Paid ads,2025-11-21
21802,32,Referral,2025-09-16
21803,25,Influencer,2025-12-06
21804,25,Organic,2025-07-03
21805,31,Organic,2025-12-20
21806,20,Referral,2025-07-25
21807,27,Paid ads,2025-10-12
21808,32,Organic,2025-08-04
21809,14,Influencer,2025-07-18
21811,12,Organic,2025-09-04
21812,32,Organic,2025-09-09
21813,23,Influencer,2025-04-27
21814,14,Organic,2025-05-16
21815,22,Organic,2025-08-07
21816,23,Organic,2025-07-23
21817,21,Organic,2025-05-02
21818,5,Referral,2025-08-23
21819,30,Referral,2025-10-18
21820,18,Referral,2025-10-27
21821,10,Influencer,2025-06-26
21824,22,Organic,2025-10-08
21825,10,Organic,2025-07-12
21826,25,Organic,2025-05-21
21827,11,Organic,2025-08-22
21828,21,Influencer,2025-06-01
21829,4,Paid ads,2025-07-16
21830,5,Referral,2025-05-04
21832,14,Organic,2025-10-18
21833,17,Organic,2025-09-16
21835,31,Organic,2025-03-11
21836,25,Paid ads,2025-12-22
21837,29,Paid ads,2025-04-29
21838,15,Referral,2025-06-27
21840,10,Organic,2025-03-26
21843,14,Influencer,2025-08-12
21844,29,Paid ads,2025-04-24
21845,11,Referral,2025-05-26
21846,10,Influencer,2025-08-19
21847,1,Paid ads,2025-08-08
21848,19,Organic,2025-06-30
21849,32,Referral,2025-06-05
21852,25,Paid ads,2025-03-17
21853,26,Influencer,2025-07-17
21854,25,Organic,2025-06-25
21855,16,Influencer,2025-05-05
21856,29,Organic,2025-10-14
21857,14,Organic,2025-07-03
21858,25,Paid ads,2025-07-31
21860,17,Referral,2025-06-25
21861,28,Referral,2025-08-30
21862,13,Influencer,2025-07-29
21863,13,Referral,2025-05-08
21865,19,Influencer,2025-03-03
21866,26,Paid ads,2025-10-03
21867,21,Paid ads,2025-04-12
21868,15,Organic,2025-08-31
21869,18,Organic,2025-05-02
21870,2,Organic,2025-12-17
21871,9,Referral,2025-06-30
21872,27,Organic,2025-11-23
21873,29,Organic,2025-06-08
21875,10,Organic,2025-05-19
21876,23,Organic,2025-10-30
21877,28,Paid ads,2025-02-20
21879,25,Paid ads,2025-06-03
21881,30,Organic,2025-06-07
21882,29,Paid ads,2025-08-17
21886,18,Influencer,2025-11-06
21887,30,Paid ads,2025-06-05
21888,23,Influencer,2025-07-23
21889,11,Organic,2025-09-23
21890,12,Organic,2025-03-16
21891,6,Referral,2025-09-30
21893,27,Influencer,2025-04-14
21894,14,Referral,2025-06-17
21895,12,Referral,2025-04-05
21896,20,Organic,2025-09-21
21897,23,Organic,2025-11-21
21899,29,Paid ads,2025-04-25
21900,30,Paid ads,2025-04-07
21901,26,Paid ads,2025-10-12
21903,3,Influencer,2025-07-03
21906,30,Referral,2025-06-11
21907,22,Organic,2025-11-23
21908,6,Organic,2025-06-28
21909,16,Organic,2025-08-21
21910,1,Organic,2025-08-25
21913,21,Referral,2025-11-10
21914,27,Paid ads,2025-10-15
21916,21,Organic,2025-04-04
21917,22,Organic,2025-07-18
21918,15,Referral,2025-09-13
21919,29,Influencer,2025-06-21
21920,24,Organic,2025-11-16
21921,32,Referral,2025-03-20
21922,28,Referral,2025-08-08
21923,30,Organic,2025-07-19
21924,22,Organic,2025-10-13
21925,26,Organic,2025-04-19
21926,26,Organic,2025-08-04
21927,5,Referral,2025-07-07
21928,14,Organic,2025-07-05
21930,17,Paid ads,2025-11-12
21931,21,Organic,2025-04-10
21932,6,Paid ads,2025-04-16
21933,28,Referral,2025-06-18
21934,7,Organic,2025-09-19
21935,31,Organic,2025-06-01
21936,23,Influencer,2025-12-01
21937,14,Organic,2025-03-18
21938,6,Organic,2025-05-05
21939,24,Referral,2025-07-11
21940,9,Organic,2025-07-16
21941,14,Paid ads,2025-05-27
21942,19,Paid ads,2025-10-23
21943,25,Organic,2025-08-09
21945,7,Influencer,2025-10-04
21946,11,Referral,2025-07-15
21947,30,Referral,2025-09-18
21948,15,Organic,2025-10-22
21950,5,Organic,2025-09-17
21951,6,Organic,2025-07-22
21952,26,Influencer,2025-05-25
21953,30,Paid ads,2025-07-01
21954,24,Organic,2025-04-04
21955,32,Paid ads,2025-07-16
21956,16,Influencer,2025-09-09
21957,18,Paid ads,2025-04-21
21958,32,Paid ads,2025-07-14
21959,24,Paid ads,2025-11-05
21960,24,Referral,2025-10-01
21962,29,Organic,2025-02-10
21963,12,Organic,2025-05-21
21964,29,Paid ads,2025-06-07
21965,13,Organic,2025-02-21
21966,19,Referral,2025-11-04
21967,24,Organic,2025-10-05
21968,28,Referral,2025-10-15
21971,31,Influencer,2025-05-28
21972,10,Organic,2025-04-15
21974,14,Organic,2025-04-25
21975,9,Organic,2025-06-21
21977,28,Organic,2025-03-18
21978,13,Organic,2025-09-28
21979,30,Influencer,2025-05-03
21980,26,Organic,2025-04-28
21981,17,Paid ads,2025-03-03
21982,23,Paid ads,2025-10-01
21983,20,Organic,2025-06-30
21985,27,Influencer,2025-12-10
21986,26,Organic,2025-05-09
21987,28,Referral,2025-09-16
21988,26,Organic,2025-03-20
21989,2,Organic,2025-03-06
21990,13,Paid ads,2025-08-20
21991,21,Paid ads,2025-07-04
21992,31,Influencer,2025-10-22
21993,20,Paid ads,2025-06-20
21994,13,Paid ads,2025-05-26
21995,30,Organic,2025-05-28
21996,32,Organic,2025-11-18
21997,28,Referral,2025-07-02
21998,12,Organic,2025-09-01
21999,7,Influencer,2025-08-04
22001,18,Paid ads,2025-07-15
22002,28,Organic,2025-03-29
22003,32,Organic,2025-09-30
22004,23,Organic,2025-12-10
22005,9,Organic,2025-12-13
22006,24,Paid ads,2025-09-20
22007,26,Organic,2025-08-21
22008,16,Organic,2025-06-25
22010,16,Referral,2025-10-27
22012,20,Paid ads,2025-05-22
22014,23,Referral,2025-10-30
22015,27,Organic,2025-07-26
22016,25,Referral,2025-05-16
22018,2,Organic,2025-10-02
22019,25,Influencer,2025-05-15
22020,11,Organic,2025-02-06
22022,29,Referral,2025-08-29
22023,22,Organic,2025-10-30
22024,15,Organic,2025-04-19
22025,21,Organic,2025-05-23
22027,31,Paid ads,2025-05-13
22028,16,Paid ads,2025-07-05
22029,27,Influencer,2025-12-13
22030,11,Organic,2025-05-04
22031,1,Organic,2025-05-02
22032,30,Referral,2025-07-31
22033,21,Organic,2025-06-09
22034,23,Organic,2025-03-19
22035,26,Paid ads,2025-08-13
22036,12,Influencer,2025-12-01
22037,27,Organic,2025-06-30
22038,11,Paid ads,2025-10-06
22041,22,Referral,2025-07-24
22042,16,Referral,2025-07-21
22043,26,Referral,2025-11-15
22044,22,Referral,2025-03-07
22045,12,Organic,2025-02-21
22046,32,Organic,2025-08-07
22047,28,Paid ads,2025-11-11
22048,1,Organic,2025-09-30
22049,30,Organic,2025-08-09
22050,28,Paid ads,2025-09-16
22051,32,Organic,2025-11-23
22052,10,Organic,2025-02-23
22053,16,Organic,2025-04-14
22054,10,Influencer,2025-05-11
22055,7,Referral,2025-11-11
22056,3,Paid ads,2025-11-23
22057,32,Organic,2025-09-07
22058,31,Organic,2025-08-07
22059,23,Paid ads,2025-03-22
22060,31,Organic,2025-06-01
22061,2,Referral,2025-04-03
22062,24,Influencer,2025-05-24
22063,24,Paid ads,2025-05-14
22066,21,Organic,2025-07-05
22067,30,Organic,2025-07-26
22068,31,Referral,2025-12-16
22069,20,Organic,2025-07-18
22072,31,Influencer,2025-06-04
22073,11,Referral,2025-08-08
22074,27,Organic,2025-04-06
22075,13,Paid ads,2025-06-13
22076,15,Organic,2025-09-02
22079,20,Influencer,2025-03-12
22080,7,Organic,2025-07-03
22081,28,Referral,2025-08-21
22083,21,Influencer,2025-07-31
22084,26,Organic,2025-07-02
22086,17,Organic,2025-10-02
22087,25,Organic,2025-05-26
22088,29,Organic,2025-10-02
22089,21,Organic,2025-04-15
22091,24,Organic,2025-06-19
22092,10,Influencer,2025-04-23
22093,1,Paid ads,2025-05-28
22094,31,Organic,2025-11-01
22095,16,Influencer,2025-10-07
22097,4,Referral,2025-10-11
22098,18,Referral,2025-07-19
22099,13,Organic,2025-10-11
22100,32,Influencer,2025-11-29
22101,4,Referral,2025-08-29
22102,22,Referral,2025-10-12
22103,30,Influencer,2025-06-24
22104,24,Organic,2025-10-15
22106,1,Paid ads,2025-05-26
22108,10,Referral,2025-04-13
22109,27,Paid ads,2025-09-23
22111,18,Organic,2025-07-15
22112,23,Organic,2025-10-06
22113,23,Paid ads,2025-06-02
22114,31,Organic,2025-08-08
22115,29,Organic,2025-05-23
22117,27,Organic,2025-09-13
22118,15,Influencer,2025-05-29
22120,27,Organic,2025-10-26
22121,14,Influencer,2025-07-10
22123,17,Referral,2025-05-01
22124,30,Referral,2025-07-28
22125,28,Organic,2025-03-13
22126,10,Paid ads,2025-10-12
22127,31,Paid ads,2025-11-18
22128,13,Paid ads,2025-07-07
22129,30,Referral,2025-09-07
22132,1,Influencer,2025-09-28
22134,24,Organic,2025-07-26
22137,23,Organic,2025-09-20
22138,26,Influencer,2025-09-16
22140,14,Organic,2025-05-20
22143,30,Paid ads,2025-12-07
22144,11,Organic,2025-06-24
22145,10,Organic,2025-11-21
22146,17,Organic,2025-08-26
22147,2,Paid ads,2025-10-18
22150,27,Referral,2025-08-19
22151,12,Organic,2025-10-08
22152,12,Organic,2025-06-14
22153,26,Organic,2025-06-20
22154,10,Organic,2025-06-14
22155,11,Organic,2025-11-09
22156,32,Referral,2025-08-29
22157,1,Referral,2025-07-20
22158,28,Organic,2025-06-26
22159,30,Organic,2025-08-04
22160,27,Paid ads,2025-08-06
22161,28,Referral,2025-10-13
22162,31,Organic,2025-07-11
22163,13,Organic,2025-08-24
22164,18,Referral,2025-09-01
22165,23,Referral,2025-04-21
22167,24,Paid ads,2025-10-20
22168,6,Referral,2025-11-04
22169,19,Paid ads,2025-05-10
22170,32,Paid ads,2025-05-23
22171,26,Influencer,2025-09-25
22172,19,Organic,2025-08-30
22173,13,Paid ads,2025-06-21
22174,28,Referral,2025-07-16
22175,21,Organic,2025-10-01
22177,27,Organic,2025-10-02
22178,20,Referral,2025-10-19
22179,26,Paid ads,2025-05-19
22180,21,Paid ads,2025-09-16
22181,9,Influencer,2025-09-28
22183,21,Paid ads,2025-09-09
22184,26,Paid ads,2025-04-28
22185,18,Influencer,2025-08-28
22186,31,Influencer,2025-06-22
22187,9,Influencer,2025-06-15
22188,25,Referral,2025-09-24
22189,31,Paid ads,2025-10-07
22190,27,Organic,2025-05-17
22191,15,Influencer,2025-08-20
22192,19,Organic,2025-06-04
22193,4,Organic,2025-07-28
22194,28,Paid ads,2025-07-03
22195,25,Paid ads,2025-11-12
22197,24,Organic,2025-07-09
22198,7,Referral,2025-11-26
22199,20,Paid ads,2025-06-15
22200,11,Referral,2025-09-25
22201,11,Influencer,2025-06-06
22204,27,Organic,2025-07-05
22205,11,Organic,2025-12-23
22206,24,Organic,2025-09-10
22207,14,Paid ads,2025-04-04
22208,26,Organic,2025-10-29
22210,11,Organic,2025-05-12
22211,31,Referral,2025-08-02
22212,11,Paid ads,2025-08-21
22214,30,Organic,2025-09-28
22215,31,Referral,2025-07-14
22216,24,Organic,2025-05-16
22219,2,Referral,2025-06-20
22220,4,Organic,2025-08-28
22221,23,Paid ads,2025-05-23
22222,14,Organic,2025-07-11
22224,12,Influencer,2025-09-23
22226,27,Organic,2025-06-24
22227,9,Influencer,2025-12-17
22228,20,Organic,2025-04-12
22229,19,Organic,2025-08-10
22230,25,Paid ads,2025-07-19
22231,4,Paid ads,2025-10-18
22232,14,Organic,2025-10-27
22233,15,Organic,2025-11-08
22234,13,Organic,2025-09-11
22235,30,Influencer,2025-10-23
22236,3,Organic,2025-08-18
22237,21,Organic,2025-04-29
22238,14,Organic,2025-07-23
22239,22,Organic,2025-07-25
22240,3,Organic,2025-04-20
22241,18,Organic,2025-06-05
22242,27,Organic,2025-05-22
22243,23,Organic,2025-06-11
22245,27,Organic,2025-03-13
22247,24,Paid ads,2025-10-25
22248,28,Referral,2025-07-03
22249,21,Organic,2025-08-21
22250,25,Referral,2025-07-27
22251,26,Organic,2025-12-25
22253,18,Paid ads,2025-09-24
22257,32,Paid ads,2025-04-25
22258,32,Organic,2025-07-03
22261,6,Referral,2025-02-09
22262,28,Influencer,2025-09-05
22263,2,Influencer,2025-10-25
22265,22,Referral,2025-07-03
22266,23,Organic,2025-08-11
22267,8,Referral,2025-08-16
22268,8,Influencer,2025-04-18
22269,32,Organic,2025-06-10
22270,12,Organic,2025-08-23
22271,32,Paid ads,2025-07-03
22272,29,Paid ads,2025-09-21
22273,31,Organic,2025-10-16
22274,27,Organic,2025-03-22
22275,23,Organic,2025-09-21
22277,29,Referral,2025-05-20
22278,8,Organic,2025-10-01
22279,26,Organic,2025-08-28
22280,27,Organic,2025-06-15
22281,14,Organic,2025-11-23
22282,20,Organic,2025-07-26
22283,28,Organic,2025-05-13
22285,28,Organic,2025-04-10
22286,16,Paid ads,2025-05-27
22287,12,Paid ads,2025-05-31
22288,30,Organic,2025-06-22
22289,5,Organic,2025-03-24
22291,23,Paid ads,2025-05-17
22293,23,Paid ads,2025-12-17
22295,30,Paid ads,2025-09-29
22296,31,Paid ads,2025-09-10
22297,10,Organic,2025-09-25
22298,23,Organic,2025-10-21
22299,11,Paid ads,2025-11-08
22300,13,Influencer,2025-09-02
22301,14,Paid ads,2025-12-12
22303,24,Organic,2025-08-31
22304,12,Organic,2025-11-04
22306,12,Organic,2025-10-02
22307,23,Paid ads,2025-10-05
22308,19,Organic,2025-06-08
22309,27,Organic,2025-04-27
22310,26,Influencer,2025-07-31
22311,27,Organic,2025-04-15
22312,12,Influencer,2025-10-16
22313,24,Paid ads,2025-06-09
22314,11,Referral,2025-08-04
22317,25,Organic,2025-04-01
22319,10,Organic,2025-07-21
22320,22,Paid ads,2025-10-02
22321,9,Organic,2025-03-31
22322,8,Referral,2025-06-18
22323,25,Organic,2025-06-24
22324,31,Organic,2025-05-31
22325,24,Organic,2025-07-16
22326,23,Organic,2025-04-13
22327,29,Organic,2025-06-30
22329,29,Organic,2025-11-22
22330,2,Paid ads,2025-10-09
22331,7,Influencer,2025-11-01
22334,21,Organic,2025-10-22
22335,23,Paid ads,2025-11-03
22336,27,Organic,2025-03-29
22337,11,Organic,2025-09-09
22339,28,Organic,2025-09-09
22340,12,Organic,2025-08-09
22341,9,Paid ads,2025-12-01
22342,22,Referral,2025-05-26
22343,9,Organic,2025-11-30
22344,27,Organic,2025-04-30
22346,4,Organic,2025-09-09
22347,18,Organic,2025-10-07
22349,4,Referral,2025-08-14
22350,23,Organic,2025-12-10
22353,31,Influencer,2025-10-24
22354,31,Influencer,2025-07-08
22355,14,Influencer,2025-05-20
22356,7,Organic,2025-06-25
22357,18,Organic,2025-07-19
22359,13,Influencer,2025-10-17
22360,21,Organic,2025-02-27
22361,25,Referral,2025-06-19
22362,32,Organic,2025-10-06
22364,25,Paid ads,2025-07-08
22365,26,Paid ads,2025-03-24
22366,27,Organic,2025-11-05
22367,23,Organic,2025-07-05
22368,29,Paid ads,2025-09-12
22369,20,Influencer,2025-06-24
22371,27,Organic,2025-04-29
22372,29,Organic,2025-05-09
22373,15,Influencer,2025-11-09
22374,11,Organic,2025-04-26
22375,31,Influencer,2025-06-30
22376,29,Organic,2025-10-21
22377,15,Organic,2025-06-22
22379,1,Paid ads,2025-08-18
22380,30,Organic,2025-07-26
22382,21,Referral,2025-07-09
22383,8,Paid ads,2025-06-11
22384,1,Influencer,2025-06-05
22386,17,Influencer,2025-05-30
22387,27,Paid ads,2025-04-23
22388,19,Organic,2025-05-28
22389,24,Paid ads,2025-05-07
22390,21,Paid ads,2025-06-26
22391,29,Referral,2025-07-19
22392,28,Organic,2025-05-25
22393,15,Organic,2025-08-04
22395,30,Organic,2025-05-13
22396,26,Paid ads,2025-12-11
22397,30,Organic,2025-07-18
22398,25,Organic,2025-06-01
22399,19,Influencer,2025-09-14
22400,27,Referral,2025-07-21
22401,22,Influencer,2025-06-30
22403,1,Organic,2025-05-15
22405,25,Organic,2025-11-06
22406,27,Paid ads,2025-09-05
22409,1,Influencer,2025-08-14
22410,24,Organic,2025-07-04
22412,27,Referral,2025-11-01
22414,10,Organic,2025-12-25
22415,14,Paid ads,2025-10-24
22419,22,Referral,2025-04-28
22420,29,Paid ads,2025-06-23
22422,30,Referral,2025-10-11
22424,12,Referral,2025-06-18
22425,10,Influencer,2025-07-29
22426,13,Organic,2025-11-27
22427,28,Paid ads,2025-05-22
22428,19,Organic,2025-07-10
22429,1,Paid ads,2025-04-22
22430,22,Paid ads,2025-10-22
22431,13,Organic,2025-11-16
22432,12,Organic,2025-05-20
22433,11,Organic,2025-10-15
22434,30,Referral,2025-05-11
22435,24,Paid ads,2025-08-18
22436,4,Organic,2025-05-21
22437,26,Referral,2025-10-02
22439,2,Paid ads,2025-04-27
22440,3,Organic,2025-07-16
22441,27,Paid ads,2025-09-26
22443,12,Organic,2025-10-03
22444,31,Influencer,2025-07-04
22445,4,Organic,2025-10-13
22446,15,Organic,2025-08-04
22447,25,Organic,2025-12-10
22448,13,Organic,2025-02-23
22449,27,Organic,2025-05-23
22451,24,Referral,2025-04-25
22452,24,Organic,2025-04-08
22453,14,Referral,2025-11-17
22455,26,Influencer,2025-11-03
22456,24,Paid ads,2025-05-15
22457,24,Influencer,2025-07-02
22459,23,Referral,2025-07-27
22460,16,Organic,2025-04-22
22463,21,Referral,2025-07-09
22464,19,Paid ads,2025-10-30
22465,18,Referral,2025-08-08
22466,20,Referral,2025-09-13
22467,21,Paid ads,2025-07-07
22468,32,Paid ads,2025-07-04
22469,24,Referral,2025-05-22
22470,21,Organic,2025-05-23
22472,28,Organic,2025-10-25
22473,27,Paid ads,2025-10-16
22474,4,Influencer,2025-09-05
22475,23,Organic,2025-05-20
22476,24,Organic,2025-10-15
22477,32,Organic,2025-08-07
22478,26,Organic,2025-06-27
22479,9,Referral,2025-09-25
22481,10,Paid ads,2025-06-25
22482,17,Paid ads,2025-05-19
22483,28,Influencer,2025-05-27
22484,30,Influencer,2025-03-23
22485,14,Organic,2025-03-06
22488,9,Referral,2025-01-26
22489,27,Referral,2025-07-05
22490,29,Paid ads,2025-03-30
22491,30,Organic,2025-05-31
22492,1,Referral,2025-04-17
22493,32,Paid ads,2025-12-27
22494,14,Organic,2025-12-13
22496,1,Organic,2025-12-15
22497,15,Organic,2025-08-20
22498,7,Organic,2025-06-04
22499,25,Influencer,2025-03-23
22500,11,Influencer,2025-06-05
22501,12,Paid ads,2025-11-17
22502,31,Organic,2025-08-27
22503,24,Organic,2025-08-06
22504,24,Influencer,2025-08-17
22505,29,Organic,2025-06-09
22506,26,Organic,2025-04-27
22507,25,Organic,2025-10-04
22508,12,Paid ads,2025-11-17
22509,15,Paid ads,2025-04-02
22510,1,Paid ads,2025-07-15
22511,27,Paid ads,2025-07-06
22512,24,Paid ads,2025-05-09
22513,10,Organic,2025-11-05
22514,25,Organic,2025-10-20
22515,14,Organic,2025-08-14
22516,26,Organic,2025-05-14
22517,4,Organic,2025-07-04
22518,24,Organic,2025-10-17
22519,27,Influencer,2025-09-12
22520,15,Paid ads,2025-09-07
22521,21,Organic,2025-02-24
22522,31,Paid ads,2025-12-09
22523,25,Referral,2025-12-06
22524,3,Influencer,2025-05-11
22526,14,Organic,2025-05-16
22527,32,Organic,2025-06-28
22528,26,Influencer,2025-10-18
22529,17,Organic,2025-05-18
22531,17,Influencer,2025-10-24
22533,30,Paid ads,2025-06-21
22534,29,Organic,2025-09-28
22536,1,Paid ads,2025-06-20
22537,25,Organic,2025-06-26
22538,29,Organic,2025-07-14
22539,29,Paid ads,2025-09-13
22540,27,Paid ads,2025-10-04
22541,22,Organic,2025-07-28
22542,27,Paid ads,2025-10-31
22543,24,Organic,2025-05-20
22544,27,Influencer,2025-04-29
22546,14,Organic,2025-08-29
22547,29,Influencer,2025-05-14
22551,10,Referral,2025-07-10
22552,31,Organic,2025-04-16
22553,22,Organic,2025-08-08
22554,26,Referral,2025-07-05
22555,12,Paid ads,2025-07-29
22556,11,Influencer,2025-11-23
22557,31,Organic,2025-07-03
22558,24,Organic,2025-10-21
22560,13,Organic,2025-03-02
22561,28,Organic,2025-09-22
22562,10,Referral,2025-07-27
22563,16,Organic,2025-08-12
22564,29,Organic,2025-08-28
22568,22,Paid ads,2025-08-26
22569,31,Organic,2025-06-21
22570,19,Organic,2025-05-22
22571,28,Influencer,2025-09-26
22572,16,Influencer,2025-04-25
22573,20,Organic,2025-06-24
22574,29,Organic,2025-12-22
22575,11,Organic,2025-10-16
22576,14,Paid ads,2025-10-07
22577,21,Organic,2025-08-14
22578,1,Organic,2025-08-27
22579,31,Paid ads,2025-06-03
22580,30,Paid ads,2025-08-01
22581,29,Organic,2025-12-09
22582,23,Organic,2025-07-31
22583,30,Paid ads,2025-11-11
22584,24,Referral,2025-09-03
22585,26,Organic,2025-06-18
22586,1,Influencer,2025-06-26
22587,26,Organic,2025-05-25
22588,11,Organic,2025-10-17
22589,22,Organic,2025-10-03
22590,22,Referral,2025-10-07
22591,26,Influencer,2025-05-10
22592,28,Paid ads,2025-07-02
22593,14,Organic,2025-10-31
22595,10,Referral,2025-04-20
22597,26,Referral,2025-09-19
22598,16,Organic,2025-06-07
22600,12,Influencer,2025-06-24
22601,13,Referral,2025-05-28
22602,24,Organic,2025-04-12
22604,15,Influencer,2025-06-02
22605,23,Paid ads,2025-10-15
22606,23,Organic,2025-06-17
22607,25,Paid ads,2025-07-19
22608,25,Organic,2025-07-14
22609,20,Organic,2025-05-20
22610,26,Organic,2025-05-09
22611,11,Influencer,2025-07-26
22612,23,Paid ads,2025-08-04
22613,16,Organic,2025-10-15
22616,27,Organic,2025-09-13
22617,24,Organic,2025-07-18
22618,31,Paid ads,2025-08-04
22620,20,Organic,2025-06-15
22621,1,Influencer,2025-10-25
22622,24,Organic,2025-05-18
22623,24,Organic,2025-11-14
22624,24,Paid ads,2025-07-24
22625,23,Organic,2025-11-05
22626,30,Organic,2025-07-27
22627,28,Influencer,2025-07-18
22629,25,Referral,2025-07-19
22630,27,Referral,2025-05-26
22631,28,Organic,2025-09-30
22633,29,Organic,2025-11-04
22634,25,Organic,2025-08-16
22635,7,Organic,2025-08-05
22636,27,Organic,2025-09-09
22637,27,Referral,2025-09-17
22638,22,Organic,2025-07-13
22639,21,Organic,2025-06-08
22640,13,Organic,2025-04-19
22642,13,Influencer,2025-07-11
22644,28,Organic,2025-08-11
22645,20,Organic,2025-09-11
22646,9,Paid ads,2025-03-26
22647,21,Paid ads,2025-06-05
22649,30,Referral,2025-05-15
22650,24,Organic,2025-04-18
22652,20,Organic,2025-10-05
22653,16,Organic,2025-03-17
22654,31,Referral,2025-10-26
22655,2,Organic,2025-08-11
22656,29,Paid ads,2025-11-05
22657,27,Paid ads,2025-08-20
22659,6,Paid ads,2025-05-28
22660,8,Organic,2025-11-17
22661,21,Influencer,2025-06-20
22663,24,Organic,2025-06-14
22664,2,Organic,2025-12-15
22665,24,Paid ads,2025-11-11
22666,29,Paid ads,2025-10-14
22667,22,Organic,2025-09-15
22669,20,Paid ads,2025-09-27
22671,21,Paid ads,2025-05-31
22673,6,Influencer,2025-08-09
22675,31,Organic,2025-10-19
22676,17,Influencer,2025-05-08
22677,29,Paid ads,2025-05-10
22679,4,Organic,2025-05-02
22680,28,Organic,2025-09-01
22681,23,Influencer,2025-06-05
22682,22,Organic,2025-03-28
22683,12,Organic,2025-08-05
22684,12,Organic,2025-10-19
22685,23,Referral,2025-10-01
22686,18,Organic,2025-09-14
22687,23,Organic,2025-07-15
22689,31,Organic,2025-11-03
22690,11,Organic,2025-08-31
22691,24,Paid ads,2025-04-16
22692,14,Organic,2025-07-14
22693,24,Paid ads,2025-06-30
22694,7,Influencer,2025-07-30
22695,19,Influencer,2025-10-13
22697,25,Influencer,2025-07-08
22698,6,Influencer,2025-07-06
22699,22,Organic,2025-10-06
22700,10,Paid ads,2025-04-26
22702,18,Organic,2025-12-02
22705,19,Organic,2025-04-07
22706,31,Organic,2025-03-24
22707,31,Organic,2025-05-11
22709,11,Referral,2025-08-06
22710,18,Organic,2025-11-13
22711,12,Influencer,2025-05-24
22712,13,Organic,2025-10-19
22713,28,Organic,2025-11-26
22714,26,Organic,2025-05-29
22715,31,Paid ads,2025-05-21
22717,25,Organic,2025-05-31
22718,32,Paid ads,2025-10-15
22719,9,Referral,2025-08-15
22720,17,Paid ads,2025-10-29
22721,11,Influencer,2025-05-20
22722,13,Paid ads,2025-11-15
22723,24,Organic,2025-11-06
22725,1,Paid ads,2025-12-01
22726,9,Organic,2025-07-01
22727,27,Paid ads,2025-04-26
22729,3,Organic,2025-05-26
22733,31,Organic,2025-06-15
22734,23,Referral,2025-06-09
22737,3,Organic,2025-11-01
22739,32,Influencer,2025-11-06
22740,26,Referral,2025-05-19
22742,31,Paid ads,2025-11-18
22743,22,Organic,2025-04-19
22745,32,Organic,2025-04-13
22746,28,Organic,2025-07-23
22747,27,Influencer,2025-05-24
22748,28,Organic,2025-02-26
22749,17,Paid ads,2025-06-27
22750,14,Paid ads,2025-10-08
22753,10,Organic,2025-11-30
22754,30,Referral,2025-08-15
22756,26,Organic,2025-07-06
22759,6,Organic,2025-09-13
22760,6,Paid ads,2025-09-09
22761,30,Organic,2025-12-31
22762,5,Influencer,2025-11-11
22764,18,Influencer,2025-11-10
22766,25,Organic,2025-04-30
22768,2,Organic,2025-02-15
22769,10,Organic,2025-05-19
22770,26,Influencer,2025-12-09
22771,13,Influencer,2025-04-09
22772,18,Organic,2025-05-13
22773,2,Organic,2025-10-30
22774,28,Paid ads,2025-04-27
22776,31,Paid ads,2025-07-13
22777,29,Organic,2025-05-10
22778,23,Organic,2025-06-05
22779,18,Organic,2025-05-25
22780,21,Organic,2025-07-11
22781,31,Paid ads,2025-06-05
22782,12,Paid ads,2025-02-10
22783,8,Paid ads,2025-04-04
22784,12,Referral,2025-03-28
22785,22,Organic,2025-05-23
22787,29,Influencer,2025-05-10
22788,21,Organic,2025-07-12
22790,25,Organic,2025-06-19
22792,12,Influencer,2025-12-29
22793,25,Organic,2025-08-08
22794,16,Organic,2025-06-04
22795,2,Organic,2025-03-19
22796,21,Organic,2025-08-19
22798,8,Paid ads,2025-04-17
22802,24,Referral,2025-08-14
22803,15,Referral,2025-07-28
22804,29,Organic,2025-02-14
22805,3,Referral,2025-08-07
22806,8,Organic,2025-10-01
22807,17,Influencer,2025-04-16
22808,13,Influencer,2025-07-30
22809,29,Referral,2025-11-27
22811,26,Influencer,2025-05-19
22812,23,Referral,2025-07-20
22813,11,Paid ads,2025-09-18
22814,14,Influencer,2025-05-31
22815,16,Organic,2025-02-26
22816,21,Influencer,2025-08-06
22817,23,Referral,2025-09-30
22818,22,Influencer,2025-04-30
22819,32,Organic,2025-08-17
22820,9,Organic,2025-07-05
22821,7,Organic,2025-11-21
22822,23,Referral,2025-02-20
22824,25,Organic,2025-08-30
22825,10,Organic,2025-11-20
22826,2,Referral,2025-08-10
22827,27,Paid ads,2025-06-07
22828,12,Paid ads,2025-09-01
22829,25,Organic,2025-02-20
22830,17,Paid ads,2025-05-03
22831,13,Influencer,2025-11-23
22832,17,Influencer,2025-03-29
22833,1,Influencer,2025-03-08
22834,32,Influencer,2025-08-13
22835,15,Organic,2025-04-12
22836,23,Organic,2025-07-15
22837,13,Paid ads,2025-10-11
22839,25,Referral,2025-06-23
22840,29,Paid ads,2025-09-13
22841,8,Paid ads,2025-09-06
22842,32,Influencer,2025-03-18
22843,22,Referral,2025-06-22
22845,1,Organic,2025-12-06
22846,27,Referral,2025-10-03
22847,18,Organic,2025-07-18
22848,1,Organic,2025-06-30
22849,26,Paid ads,2025-04-18
22850,15,Paid ads,2025-05-22
22852,4,Referral,2025-07-12
22853,12,Paid ads,2025-11-23
22854,29,Influencer,2025-09-18
22855,29,Paid ads,2025-06-28
22856,15,Paid ads,2025-04-29
22857,12,Referral,2025-05-16
22860,20,Organic,2025-08-24
22862,32,Organic,2025-05-04
22863,19,Referral,2025-06-16
22864,31,Organic,2025-10-18
22865,25,Organic,2025-10-13
22866,31,Organic,2025-06-19
22867,12,Organic,2025-06-03
22869,22,Paid ads,2025-08-10
22870,12,Organic,2025-05-27
22871,28,Influencer,2025-05-26
22872,22,Organic,2025-08-22
22873,9,Organic,2025-06-05
22875,4,Paid ads,2025-06-18
22876,25,Referral,2025-11-19
22877,30,Organic,2025-05-21
22878,29,Organic,2025-03-14
22880,23,Influencer,2025-10-06
22882,9,Referral,2025-11-14
22883,31,Influencer,2025-06-15
22884,23,Paid ads,2025-10-14
22885,27,Paid ads,2025-12-06
22886,10,Influencer,2025-07-29
22888,21,Organic,2025-05-24
22890,32,Organic,2025-06-24
22891,17,Referral,2025-04-30
22893,18,Influencer,2025-08-04
22894,9,Referral,2025-04-10
22895,16,Referral,2025-04-19
22896,27,Paid ads,2025-06-07
22897,25,Influencer,2025-05-19
22898,15,Influencer,2025-07-05
22900,11,Organic,2025-08-31
22901,16,Influencer,2025-08-30
22903,24,Paid ads,2025-07-03
22904,4,Referral,2025-04-29
22905,26,Organic,2025-05-17
22907,17,Referral,2025-06-10
22909,27,Organic,2025-10-25
22911,21,Influencer,2025-08-25
22912,22,Organic,2025-05-11
22913,25,Paid ads,2025-05-01
22914,25,Organic,2025-07-21
22915,27,Paid ads,2025-05-06
22916,20,Organic,2025-10-07
22917,2,Organic,2025-10-18
22918,31,Referral,2025-07-01
22919,32,Paid ads,2025-07-11
22921,1,Influencer,2025-10-01
22922,10,Paid ads,2025-10-21
22925,28,Influencer,2025-05-19
22927,20,Organic,2025-03-21
22929,28,Paid ads,2025-10-19
22930,27,Organic,2025-05-26
22931,16,Paid ads,2025-03-30
22932,12,Organic,2025-08-13
22934,26,Organic,2025-11-04
22936,25,Referral,2025-08-26
22937,26,Influencer,2025-07-25
22938,32,Organic,2025-02-21
22939,22,Organic,2025-10-21
22941,22,Paid ads,2025-09-12
22942,32,Influencer,2025-03-29
22943,21,Influencer,2025-10-23
22944,11,Organic,2025-06-11
22945,31,Organic,2025-07-08
22946,17,Paid ads,2025-02-26
22947,17,Paid ads,2025-08-09
22948,9,Organic,2025-10-25
22949,4,Organic,2025-08-27
22950,19,Paid ads,2025-09-28
22951,31,Organic,2025-08-21
22952,12,Organic,2025-08-02
22953,21,Influencer,2025-04-10
22954,3,Paid ads,2025-12-22
22956,12,Organic,2025-04-24
22957,32,Organic,2025-10-07
22958,31,Referral,2025-12-25
22959,12,Organic,2025-06-19
22960,19,Influencer,2025-05-15
22961,24,Referral,2025-10-09
22962,22,Organic,2025-02-24
22963,15,Influencer,2025-06-24
22966,13,Organic,2025-05-27
22967,32,Influencer,2025-04-24
22968,32,Paid ads,2025-03-30
22969,4,Paid ads,2025-10-07
22970,27,Paid ads,2025-04-28
22971,31,Organic,2025-07-10
22973,1,Paid ads,2025-04-02
22974,24,Paid ads,2025-06-07
22976,28,Paid ads,2025-10-20
22977,24,Referral,2025-06-17
22978,12,Organic,2025-10-03
22979,2,Referral,2025-09-03
22980,8,Paid ads,2025-10-26
22981,31,Influencer,2025-03-04
22982,5,Organic,2025-10-10
22983,31,Referral,2025-07-04
22984,32,Organic,2025-10-10
22985,5,Influencer,2025-10-23
22987,27,Organic,2025-11-11
22988,18,Referral,2025-04-24
22989,10,Organic,2025-06-23
22990,23,Paid ads,2025-05-27
22991,25,Influencer,2025-10-27
22993,29,Organic,2025-07-02
22994,30,Organic,2025-07-14
22995,4,Paid ads,2025-03-12
22996,1,Referral,2025-05-08
22997,23,Organic,2025-06-07
22998,21,Organic,2025-04-07
22999,21,Paid ads,2025-10-12
23002,8,Organic,2025-07-29
23003,10,Referral,2025-07-09
23004,22,Organic,2025-06-30
23005,32,Paid ads,2025-09-14
23006,12,Influencer,2025-07-01
23007,30,Paid ads,2025-07-22
23008,1,Organic,2025-07-21
23010,7,Paid ads,2025-08-26
23012,11,Influencer,2025-06-22
23013,22,Influencer,2025-07-08
23014,3,Paid ads,2025-07-22
23015,23,Organic,2025-02-24
23016,29,Paid ads,2025-05-08
23017,30,Organic,2025-08-21
23018,32,Organic,2025-09-19
23019,26,Influencer,2025-02-19
23020,29,Organic,2025-12-16
23021,15,Referral,2025-05-20
23022,23,Organic,2025-07-04
23023,24,Organic,2025-04-06
23024,14,Paid ads,2025-10-06
23026,29,Referral,2025-05-19
23027,31,Influencer,2025-06-04
23029,14,Organic,2025-04-21
23031,22,Organic,2025-08-17
23033,30,Organic,2025-08-04
23034,29,Influencer,2025-10-13
23035,1,Organic,2025-04-03
23036,28,Organic,2025-05-13
23037,9,Organic,2025-06-03
23038,30,Paid ads,2025-06-07
23039,32,Organic,2025-04-29
23040,23,Paid ads,2025-10-02
23041,20,Influencer,2025-05-12
23044,12,Paid ads,2025-10-20
23045,21,Referral,2025-10-23
23046,10,Paid ads,2025-06-29
23047,29,Organic,2025-04-20
23048,10,Organic,2025-03-12
23049,24,Organic,2025-10-25
23050,3,Paid ads,2025-05-25
23052,13,Paid ads,2025-10-23
23053,26,Influencer,2025-07-07
23054,24,Influencer,2025-06-14
23055,1,Paid ads,2025-06-01
23056,26,Organic,2025-02-06
23057,15,Organic,2025-02-24
23058,23,Paid ads,2025-10-25
23059,5,Organic,2025-08-05
23060,27,Organic,2025-04-10
23061,27,Referral,2025-06-24
23062,10,Organic,2025-07-15
23063,23,Organic,2025-05-28
23064,22,Influencer,2025-06-26
23065,13,Paid ads,2025-03-12
23066,4,Referral,2025-11-30
23067,12,Paid ads,2025-06-18
23068,2,Paid ads,2025-05-07
23069,24,Paid ads,2025-05-27
23070,17,Organic,2025-08-13
23071,28,Influencer,2025-05-23
23072,17,Influencer,2025-03-16
23075,22,Organic,2025-08-02
23076,28,Referral,2025-05-01
23077,19,Referral,2025-12-02
23078,25,Paid ads,2025-04-03
23079,6,Referral,2025-07-12
23080,21,Referral,2025-08-01
23081,20,Paid ads,2025-07-17
23082,1,Organic,2025-07-21
23083,26,Paid ads,2025-05-10
23084,10,Referral,2025-05-16
23085,18,Organic,2025-06-09
23087,31,Paid ads,2025-09-14
23088,22,Organic,2025-06-24
23090,29,Paid ads,2025-02-21
23091,32,Organic,2025-10-05
23092,27,Organic,2025-07-02
23093,22,Organic,2025-06-15
23094,1,Influencer,2025-07-10
23095,18,Organic,2025-06-10
23097,23,Organic,2025-05-09
23098,30,Paid ads,2025-05-08
23099,25,Paid ads,2025-01-18
23101,30,Organic,2025-05-26
23104,27,Referral,2025-07-03
23106,22,Influencer,2025-11-15
23108,31,Influencer,2025-10-09
23109,26,Paid ads,2025-10-10
23110,7,Organic,2025-07-21
23111,17,Paid ads,2025-08-20
23112,24,Organic,2025-06-25
23113,20,Organic,2025-10-26
23115,13,Referral,2025-05-16
23117,20,Referral,2025-07-16
23118,11,Influencer,2025-07-29
23119,29,Referral,2025-08-28
23120,26,Paid ads,2025-04-20
23121,22,Paid ads,2025-08-15
23122,6,Paid ads,2025-07-10
23123,11,Organic,2025-12-31
23124,17,Organic,2025-05-05
23125,23,Paid ads,2025-11-27
23126,19,Influencer,2025-06-15
23128,18,Referral,2025-04-16
23129,25,Paid ads,2025-03-31
23130,3,Paid ads,2025-11-23
23131,23,Paid ads,2025-03-26
23133,31,Influencer,2025-04-24
23134,29,Organic,2025-09-21
23135,5,Organic,2025-07-03
23136,18,Organic,2025-11-02
23137,14,Paid ads,2025-11-03
23138,19,Paid ads,2025-06-22
23139,15,Organic,2025-06-27
23140,23,Influencer,2025-06-04
23141,27,Paid ads,2025-08-12
23142,27,Influencer,2025-10-07
23144,31,Organic,2025-12-11
23145,29,Referral,2025-04-27
23146,15,Organic,2025-07-17
23147,30,Paid ads,2025-02-03
23148,22,Paid ads,2025-08-02
23149,7,Influencer,2025-07-10
23150,26,Organic,2025-03-11
23152,16,Organic,2025-06-30
23153,29,Organic,2025-03-28
23155,32,Referral,2025-08-21
23156,29,Organic,2025-04-09
23157,6,Organic,2025-08-01
23158,15,Paid ads,2025-10-03
23159,30,Organic,2025-07-25
23161,4,Organic,2025-06-19
23162,22,Referral,2025-11-29
23163,32,Organic,2025-05-20
23165,12,Organic,2025-04-02
23167,27,Organic,2025-07-27
23168,16,Organic,2025-10-06
23169,25,Organic,2025-11-04
23170,23,Influencer,2025-12-25
23171,4,Referral,2025-01-13
23173,31,Paid ads,2025-08-18
23175,27,Referral,2025-09-16
23176,32,Referral,2025-11-07
23177,7,Influencer,2025-02-23
23178,30,Referral,2025-07-06
23179,31,Organic,2025-09-18
23180,28,Organic,2025-10-29
23181,26,Paid ads,2025-07-06
23182,26,Influencer,2025-07-28
23183,2,Paid ads,2025-09-20
23184,21,Influencer,2025-10-07
23186,27,Organic,2025-05-03
23187,19,Organic,2025-10-02
23188,26,Referral,2025-07-21
23189,20,Referral,2025-07-12
23190,23,Organic,2025-07-10
23192,19,Referral,2025-07-21
23193,29,Influencer,2025-08-28
23194,25,Organic,2025-09-04
23195,16,Paid ads,2025-08-20
23197,21,Organic,2025-07-08
23198,2,Organic,2025-07-17
23199,26,Organic,2025-10-31
23201,30,Organic,2025-10-17
23202,24,Organic,2025-05-05
23205,31,Organic,2025-10-25
23207,30,Paid ads,2025-10-04
23208,32,Organic,2025-12-14
23209,21,Influencer,2025-07-16
23210,23,Paid ads,2025-11-27
23212,30,Influencer,2025-08-23
23213,13,Organic,2025-08-16
23214,20,Referral,2025-07-16
23215,22,Influencer,2025-05-31
23216,21,Organic,2025-09-02
23219,20,Paid ads,2025-11-11
23220,16,Paid ads,2025-11-23
23221,20,Paid ads,2025-12-09
23224,9,Influencer,2025-04-24
23225,23,Organic,2025-10-03
23226,31,Paid ads,2025-04-08
23227,26,Paid ads,2025-10-13
23228,15,Organic,2025-08-17
23229,12,Organic,2025-09-17
23230,25,Organic,2025-07-21
23232,28,Referral,2025-06-25
23233,25,Organic,2025-04-30
23234,23,Influencer,2025-05-23
23235,21,Paid ads,2025-09-11
23236,8,Influencer,2025-10-30
23237,19,Referral,2025-08-10
23238,1,Organic,2025-06-18
23240,17,Influencer,2025-09-13
23241,23,Organic,2025-08-18
23243,24,Influencer,2025-04-12
23244,10,Organic,2025-09-03
23246,16,Organic,2025-10-09
23247,29,Organic,2025-10-02
23248,17,Organic,2025-11-07
23249,13,Referral,2025-02-22
23251,7,Organic,2025-11-16
23252,26,Organic,2025-05-01
23253,6,Organic,2025-11-07
23254,20,Referral,2025-08-25
23255,6,Paid ads,2025-02-28
23257,24,Influencer,2025-07-30
23258,26,Organic,2025-09-03
23260,29,Paid ads,2025-08-25
23261,23,Referral,2025-06-04
23263,28,Influencer,2025-06-23
23265,4,Organic,2025-11-24
23266,24,Influencer,2025-08-07
23267,26,Organic,2025-10-31
23269,29,Paid ads,2025-05-03
23270,20,Referral,2025-07-23
23271,23,Paid ads,2025-06-04
23275,21,Paid ads,2025-10-06
23276,30,Organic,2025-07-30
23277,22,Organic,2025-08-14
23278,30,Paid ads,2025-10-27
23279,21,Referral,2025-06-28
23280,1,Referral,2025-07-22
23281,30,Paid ads,2025-08-30
23282,21,Organic,2025-07-26
23283,27,Paid ads,2025-04-08
23285,22,Organic,2025-08-11
23287,25,Paid ads,2025-10-31
23288,20,Paid ads,2025-03-16
23289,17,Organic,2025-10-26
23290,31,Organic,2025-05-12
23291,27,Paid ads,2025-10-09
23292,23,Referral,2025-07-11
23293,26,Organic,2025-08-06
23295,31,Paid ads,2025-09-30
23296,20,Paid ads,2025-07-24
23297,11,Paid ads,2025-08-05
23298,16,Paid ads,2025-10-23
23299,30,Paid ads,2025-07-17
23300,31,Organic,2025-08-05
23302,16,Referral,2025-11-04
23303,23,Organic,2025-08-26
23304,19,Organic,2025-06-24
23305,23,Influencer,2025-10-24
23307,3,Paid ads,2025-03-21
23308,19,Organic,2025-05-20
23309,31,Organic,2025-06-12
23310,8,Organic,2025-09-19
23313,9,Organic,2025-08-13
23314,18,Influencer,2025-04-07
23315,27,Influencer,2025-05-07
23317,16,Paid ads,2025-11-11
23318,16,Organic,2025-02-18
23319,29,Referral,2025-08-23
23320,32,Organic,2025-05-19
23321,17,Organic,2025-06-10
23322,20,Influencer,2025-06-27
23323,30,Paid ads,2025-11-17
23324,24,Organic,2025-05-18
23325,9,Paid ads,2025-05-21
23326,25,Referral,2025-11-04
23328,18,Paid ads,2025-12-29
23329,32,Referral,2025-09-17
23330,26,Organic,2025-11-17
23331,20,Referral,2025-10-10
23332,30,Paid ads,2025-04-29
23334,32,Influencer,2025-09-01
23335,3,Paid ads,2025-10-20
23337,28,Organic,2025-07-25
23338,26,Organic,2025-07-24
23339,21,Organic,2025-06-04
23340,23,Organic,2025-10-06
23341,9,Organic,2025-11-02
23342,8,Paid ads,2025-06-18
23345,17,Influencer,2025-05-06
23346,10,Organic,2025-11-01
23347,11,Referral,2025-04-26
23348,13,Referral,2025-08-01
23351,29,Organic,2025-04-06
23352,32,Influencer,2025-05-01
23353,30,Organic,2025-11-20
23354,23,Paid ads,2025-08-14
23355,1,Referral,2025-07-31
23357,6,Organic,2025-09-08
23358,30,Referral,2025-11-01
23359,31,Paid ads,2025-11-05
23360,20,Referral,2025-05-14
23361,25,Organic,2025-05-06
23362,23,Organic,2025-09-14
23364,16,Paid ads,2025-05-11
23365,16,Organic,2025-07-21
23366,17,Influencer,2025-05-23
23367,23,Organic,2025-07-28
23368,9,Organic,2025-05-14
23370,27,Organic,2025-11-15
23371,12,Organic,2025-06-16
23372,9,Influencer,2025-08-19
23374,24,Organic,2025-04-08
23375,21,Influencer,2025-04-18
23376,10,Paid ads,2025-04-15
23378,6,Organic,2025-04-04
23379,21,Organic,2025-07-03
23380,1,Influencer,2025-05-31
23381,29,Paid ads,2025-08-30
23382,13,Paid ads,2025-05-10
23383,7,Organic,2025-10-18
23384,8,Organic,2025-10-04
23385,22,Organic,2025-03-14
23386,20,Organic,2025-07-08
23387,19,Influencer,2025-03-09
23388,24,Organic,2025-08-01
23389,6,Organic,2025-10-10
23390,29,Paid ads,2025-10-01
23391,5,Paid ads,2025-12-08
23392,30,Referral,2025-11-20
23393,5,Organic,2025-05-18
23394,13,Organic,2025-06-23
23396,3,Paid ads,2025-06-15
23397,25,Influencer,2025-08-30
23398,24,Organic,2025-11-04
23399,23,Influencer,2025-11-26
23400,13,Organic,2025-06-28
23401,20,Referral,2025-10-04
23402,23,Referral,2025-07-01
23403,8,Organic,2025-10-11
23404,20,Organic,2025-07-30
23405,15,Paid ads,2025-07-10
23408,15,Paid ads,2025-06-07
23409,17,Organic,2025-07-28
23411,30,Paid ads,2025-06-23
23412,25,Organic,2025-07-05
23413,24,Influencer,2025-06-03
23414,20,Paid ads,2025-07-25
23415,3,Organic,2025-11-09
23419,14,Organic,2025-05-08
23421,30,Paid ads,2025-07-28
23422,15,Referral,2025-10-05
23423,23,Influencer,2025-06-17
23424,7,Organic,2025-07-06
23426,16,Organic,2025-11-19
23427,12,Organic,2025-02-24
23428,1,Organic,2025-09-18
23429,30,Referral,2025-03-30
23430,30,Referral,2025-05-01
23432,30,Paid ads,2025-08-08
23433,23,Referral,2025-07-27
23435,25,Organic,2025-10-28
23436,24,Organic,2025-07-03
23437,27,Organic,2025-09-25
23438,28,Organic,2025-10-10
23439,11,Referral,2025-09-20
23441,28,Paid ads,2025-07-30
23442,18,Organic,2025-11-12
23444,17,Paid ads,2025-07-24
23446,26,Organic,2025-10-13
23447,30,Organic,2025-11-18
23448,28,Referral,2025-05-10
23449,20,Paid ads,2025-02-25
23450,26,Paid ads,2025-06-14
23451,27,Paid ads,2025-11-09
23453,28,Organic,2025-11-01
23454,17,Influencer,2025-06-01
23455,26,Organic,2025-10-22
23456,14,Organic,2025-09-18
23457,27,Organic,2025-09-12
23458,4,Paid ads,2025-05-10
23459,25,Influencer,2025-04-23
23460,19,Organic,2025-08-08
23461,19,Paid ads,2025-06-17
23462,24,Influencer,2025-06-17
23463,16,Paid ads,2025-10-24
23467,30,Influencer,2025-05-09
23468,1,Organic,2025-06-20
23469,22,Influencer,2025-07-24
23471,24,Referral,2025-05-04
23472,12,Referral,2025-06-11
23473,5,Influencer,2025-07-28
23475,10,Influencer,2025-06-23
23476,23,Paid ads,2025-07-29
23478,23,Organic,2025-04-17
23479,10,Referral,2025-12-01
23480,23,Paid ads,2025-09-21
23482,32,Organic,2025-07-06
23483,26,Organic,2025-09-14
23484,5,Paid ads,2025-07-12
23485,25,Paid ads,2025-07-20
23486,2,Paid ads,2025-06-21
23487,13,Organic,2025-10-07
23488,16,Organic,2025-06-23
23490,16,Paid ads,2025-05-24
23491,15,Paid ads,2025-09-18
23492,22,Paid ads,2025-06-14
23493,24,Organic,2025-06-26
23494,32,Referral,2025-06-04
23495,21,Influencer,2025-05-16
23496,31,Paid ads,2025-03-25
23497,16,Influencer,2025-05-17
23499,31,Paid ads,2025-06-18
23500,24,Influencer,2025-04-11
23502,17,Organic,2025-05-02
23505,23,Organic,2025-05-22
23506,29,Paid ads,2025-11-09
23508,32,Influencer,2025-05-07
23509,14,Organic,2025-11-08
23511,31,Paid ads,2025-05-22
23512,28,Organic,2025-03-08
23514,16,Organic,2025-09-17
23515,31,Organic,2025-10-18
23517,26,Organic,2025-06-07
23518,23,Referral,2025-06-26
23519,13,Referral,2025-05-20
23520,19,Organic,2025-11-16
23521,5,Organic,2025-05-15
23524,29,Paid ads,2025-06-06
23525,27,Paid ads,2025-06-24
23526,6,Paid ads,2025-12-11
23527,32,Influencer,2025-05-11
23528,24,Paid ads,2025-04-04
23530,29,Organic,2025-07-03
23531,17,Influencer,2025-05-10
23533,11,Organic,2025-06-02
23535,28,Organic,2025-08-07
23539,7,Influencer,2025-07-18
23540,22,Paid ads,2025-07-16
23541,28,Organic,2025-10-25
23543,1,Referral,2025-07-20
23544,15,Organic,2025-03-31
23545,6,Referral,2025-04-30
23546,24,Organic,2025-07-07
23547,2,Paid ads,2025-07-13
23548,6,Organic,2025-06-08
23549,21,Organic,2025-07-12
23550,19,Paid ads,2025-05-06
23551,16,Organic,2025-10-18
23553,25,Organic,2025-04-05
23554,31,Influencer,2025-07-08
23555,21,Paid ads,2025-07-09
23556,15,Referral,2025-10-22
23558,21,Organic,2025-11-01
23559,25,Paid ads,2025-06-22
23560,16,Organic,2025-06-07
23562,19,Paid ads,2025-10-03
23563,1,Influencer,2025-06-05
23564,13,Paid ads,2025-05-09
23566,21,Organic,2025-05-28
23567,7,Organic,2025-10-16
23569,8,Influencer,2025-06-01
23570,18,Organic,2025-02-24
23571,16,Influencer,2025-11-02
23572,5,Referral,2025-06-23
23573,30,Organic,2025-05-27
23574,29,Referral,2025-07-30
23575,23,Paid ads,2025-08-02
23576,24,Organic,2025-09-13
23577,29,Influencer,2025-11-07
23578,25,Organic,2025-08-29
23579,25,Organic,2025-03-26
23580,17,Organic,2025-11-30
23581,12,Paid ads,2025-09-22
23582,23,Organic,2025-06-11
23583,26,Referral,2025-09-14
23584,4,Organic,2025-07-31
23585,32,Paid ads,2025-07-07
23586,23,Influencer,2025-05-22
23587,17,Influencer,2025-07-25
23589,32,Organic,2025-04-08
23591,6,Paid ads,2025-03-01
23592,23,Organic,2025-05-28
23593,26,Referral,2025-11-02
23594,14,Organic,2025-06-20
23595,15,Influencer,2025-06-04
23596,9,Organic,2025-09-09
23597,27,Paid ads,2025-03-30
23598,30,Organic,2025-07-28
23599,29,Influencer,2025-07-28
23601,20,Paid ads,2025-09-01
23602,29,Organic,2025-07-26
23603,28,Paid ads,2025-06-18
23604,21,Referral,2025-07-28
23605,22,Influencer,2025-05-16
23606,10,Paid ads,2025-07-21
23607,25,Organic,2025-12-18
23608,31,Influencer,2025-06-04
23611,13,Influencer,2025-04-06
23613,19,Organic,2025-11-21
23614,26,Organic,2025-10-06
23617,15,Organic,2025-11-03
23618,17,Influencer,2025-10-25
23619,15,Organic,2025-10-23
23620,6,Influencer,2025-07-30
23621,29,Referral,2025-05-18
23622,21,Influencer,2025-06-02
23623,28,Organic,2025-09-26
23624,28,Organic,2025-05-23
23625,13,Influencer,2025-06-20
23626,30,Organic,2025-05-22
23628,32,Organic,2025-04-02
23629,25,Paid ads,2025-05-24
23630,32,Referral,2025-05-27
23631,5,Referral,2025-09-16
23632,28,Organic,2025-09-25
23633,25,Paid ads,2025-05-04
23634,15,Referral,2025-08-20
23635,20,Organic,2025-12-13
23637,22,Organic,2025-08-22
23638,23,Paid ads,2025-02-26
23639,24,Influencer,2025-07-27
23640,23,Influencer,2025-12-18
23641,30,Referral,2025-09-12
23642,5,Organic,2025-10-26
23643,1,Influencer,2025-06-09
23644,29,Referral,2025-08-04
23645,30,Influencer,2025-08-29
23646,1,Influencer,2025-07-15
23648,9,Organic,2025-06-29
23649,21,Paid ads,2025-06-20
23650,28,Influencer,2025-06-19
23651,2,Organic,2025-11-18
23652,25,Paid ads,2025-06-21
23653,32,Organic,2025-08-03
23654,11,Organic,2025-05-14
23655,14,Paid ads,2025-10-29
23656,23,Organic,2025-07-05
23657,24,Influencer,2025-03-14
23658,25,Organic,2025-09-17
23661,18,Organic,2025-03-04
23662,31,Organic,2025-06-29
23663,32,Organic,2025-10-25
23664,27,Referral,2025-06-06
23665,23,Organic,2025-08-14
23666,1,Referral,2025-07-16
23667,12,Organic,2025-08-20
23668,13,Influencer,2025-06-07
23669,28,Paid ads,2025-08-18
23670,21,Organic,2025-10-20
23671,24,Paid ads,2025-10-25
23672,10,Organic,2025-06-06
23673,25,Organic,2025-04-29
23675,10,Paid ads,2025-08-15
23677,19,Paid ads,2025-06-18
23679,24,Referral,2025-11-08
23680,29,Organic,2025-09-08
23682,31,Paid ads,2025-05-18
23683,22,Organic,2025-11-03
23684,5,Organic,2025-07-11
23685,22,Paid ads,2025-08-21
23686,11,Paid ads,2025-06-07
23687,28,Organic,2025-06-03
23688,22,Organic,2025-07-22
23689,4,Organic,2025-10-02
23690,9,Influencer,2025-09-11
23692,1,Paid ads,2025-07-21
23693,21,Paid ads,2025-07-30
23694,13,Organic,2025-06-22
23695,13,Paid ads,2025-06-12
23696,24,Paid ads,2025-05-26
23697,31,Paid ads,2025-05-12
23698,26,Referral,2025-09-11
23699,18,Organic,2025-11-13
23702,31,Paid ads,2025-07-22
23703,29,Paid ads,2025-09-12
23704,9,Referral,2025-05-30
23705,20,Organic,2025-07-05
23706,26,Organic,2025-08-30
23707,31,Paid ads,2025-04-17
23711,15,Organic,2025-07-08
23714,13,Paid ads,2025-07-29
23715,2,Organic,2025-10-19
23716,25,Organic,2025-10-24
23717,25,Influencer,2025-07-18
23718,9,Organic,2025-03-20
23719,24,Referral,2025-12-05
23720,24,Paid ads,2025-07-15
23721,32,Referral,2025-05-13
23722,11,Organic,2025-05-06
23724,7,Organic,2025-11-11
23725,23,Paid ads,2025-11-20
23726,27,Organic,2025-06-19
23727,27,Organic,2025-10-04
23729,17,Organic,2025-04-03
23730,19,Organic,2025-03-22
23732,31,Paid ads,2025-05-13
23733,20,Organic,2025-03-20
23737,13,Paid ads,2025-11-12
23738,8,Paid ads,2025-04-06
23739,32,Organic,2025-07-27
23740,25,Organic,2025-08-08
23741,20,Paid ads,2025-10-21
23742,13,Influencer,2025-06-21
23743,32,Organic,2025-07-20
23744,26,Organic,2025-07-10
23745,19,Influencer,2025-05-16
23746,22,Organic,2025-12-08
23747,19,Organic,2025-04-19
23748,13,Paid ads,2025-07-20
23749,30,Organic,2025-03-22
23750,14,Organic,2025-02-25
23751,23,Organic,2025-02-10
23752,11,Referral,2025-10-25
23753,7,Organic,2025-06-01
23754,4,Paid ads,2025-09-03
23755,16,Organic,2025-10-25
23756,29,Organic,2025-04-20
23757,12,Organic,2025-11-02
23760,24,Referral,2025-08-09
23761,24,Paid ads,2025-10-27
23762,11,Organic,2025-09-30
23766,15,Organic,2025-11-13
23769,24,Paid ads,2025-04-30
23770,10,Organic,2025-03-06
23771,31,Influencer,2025-07-03
23773,27,Paid ads,2025-09-23
23775,9,Referral,2025-11-06
23776,22,Paid ads,2025-10-29
23778,32,Organic,2025-05-30
23779,28,Paid ads,2025-09-26
23780,10,Organic,2025-07-01
23781,30,Paid ads,2025-07-09
23782,10,Organic,2025-05-10
23783,28,Organic,2025-04-11
23785,20,Referral,2025-08-27
23786,20,Organic,2025-08-30
23787,32,Organic,2025-06-23
23789,23,Referral,2025-08-13
23790,27,Organic,2025-08-28
23792,30,Paid ads,2025-10-05
23793,15,Influencer,2025-09-16
23794,19,Influencer,2025-04-04
23795,14,Influencer,2025-10-07
23796,12,Organic,2025-05-14
23798,17,Organic,2025-12-24
23800,26,Paid ads,2025-11-24
23801,28,Organic,2025-04-25
23802,17,Referral,2025-07-22
23803,13,Organic,2025-06-12
23804,17,Organic,2025-12-11
23805,26,Organic,2025-08-06
23806,8,Referral,2025-09-29
23807,22,Organic,2025-06-22
23809,29,Organic,2025-04-18
23810,16,Paid ads,2025-11-03
23811,5,Organic,2025-10-15
23813,28,Organic,2025-09-03
23814,14,Organic,2025-08-01
23815,29,Organic,2025-07-25
23816,19,Organic,2025-06-19
23818,32,Paid ads,2025-03-07
23820,23,Organic,2025-08-07
23821,3,Referral,2025-11-07
23822,29,Paid ads,2025-08-01
23823,30,Influencer,2025-08-20
23824,17,Influencer,2025-07-20
23826,10,Referral,2025-05-11
23827,23,Organic,2025-10-18
23830,18,Organic,2025-10-21
23831,14,Organic,2025-11-04
23832,22,Organic,2025-03-19
23834,4,Paid ads,2025-11-17
23835,15,Referral,2025-11-08
23836,31,Organic,2025-05-27
23839,22,Organic,2025-05-21
23840,10,Paid ads,2025-09-09
23841,16,Paid ads,2025-09-03
23843,29,Influencer,2025-11-18
23845,14,Organic,2025-04-10
23846,29,Referral,2025-05-23
23847,17,Organic,2025-09-11
23848,16,Organic,2025-03-26
23849,20,Organic,2025-06-15
23851,30,Influencer,2025-08-15
23852,25,Organic,2025-09-08
23853,19,Organic,2025-11-09
23854,12,Paid ads,2025-11-21
23855,21,Paid ads,2025-01-14
23856,32,Referral,2025-08-21
23857,9,Influencer,2025-06-09
23858,26,Referral,2025-12-30
23859,27,Organic,2025-07-09
23860,15,Paid ads,2025-07-24
23861,31,Paid ads,2025-08-09
23862,28,Paid ads,2025-10-17
23863,17,Organic,2025-11-01
23864,24,Organic,2025-07-13
23865,30,Organic,2025-11-24
23866,17,Influencer,2025-06-12
23867,27,Paid ads,2025-07-13
23868,10,Organic,2025-06-14
23869,19,Organic,2025-09-23
23871,26,Organic,2025-04-16
23872,19,Referral,2025-06-17
23873,32,Paid ads,2025-09-18
23874,20,Organic,2025-11-03
23875,10,Referral,2025-10-18
23876,15,Paid ads,2025-04-19
23878,12,Organic,2025-04-05
23879,17,Influencer,2025-07-25
23881,21,Influencer,2025-10-06
23882,12,Organic,2025-08-05
23883,22,Organic,2025-05-25
23884,20,Paid ads,2025-06-01
23886,23,Influencer,2025-06-23
23887,20,Paid ads,2025-07-19
23889,29,Paid ads,2025-06-18
23890,26,Paid ads,2025-03-06
23892,1,Influencer,2025-07-07
23893,20,Paid ads,2025-08-05
23894,15,Paid ads,2025-05-03
23896,15,Paid ads,2025-11-09
23897,3,Paid ads,2025-05-29
23898,6,Organic,2025-06-08
23901,24,Referral,2025-11-08
23902,14,Influencer,2025-06-21
23903,30,Paid ads,2025-05-22
23904,27,Organic,2025-11-03
23905,30,Paid ads,2025-07-31
23906,25,Organic,2025-10-09
23907,31,Paid ads,2025-08-06
23908,15,Influencer,2025-08-08
23909,5,Organic,2025-11-12
23911,23,Organic,2025-04-20
23912,29,Referral,2025-11-07
23914,30,Organic,2025-12-27
23915,31,Referral,2025-04-23
23916,16,Paid ads,2025-05-15
23917,2,Influencer,2025-04-06
23918,15,Organic,2025-11-21
23919,11,Paid ads,2025-09-05
23920,16,Paid ads,2025-03-27
23925,9,Influencer,2025-07-27
23926,31,Organic,2025-09-18
23928,6,Organic,2025-08-19
23930,12,Referral,2025-10-28
23932,16,Influencer,2025-07-10
23933,28,Organic,2025-07-16
23934,32,Influencer,2025-05-07
23935,7,Referral,2025-06-20
23936,31,Organic,2025-08-02
23937,4,Paid ads,2025-05-31
23939,30,Organic,2025-03-14
23940,11,Organic,2025-05-30
23941,30,Referral,2025-07-11
23942,32,Organic,2025-05-18
23943,29,Organic,2025-12-07
23944,28,Influencer,2025-09-17
23945,23,Influencer,2025-04-11
23946,25,Organic,2025-06-28
23947,11,Organic,2025-04-02
23950,25,Organic,2025-07-15
23951,28,Paid ads,2025-04-20
23952,8,Organic,2025-10-10
23954,22,Organic,2025-07-18
23955,29,Organic,2025-04-27
23956,16,Organic,2025-08-20
23957,25,Paid ads,2025-10-28
23958,20,Paid ads,2025-08-12
23959,25,Organic,2025-10-18
23961,8,Organic,2025-10-22
23962,26,Organic,2025-09-25
23963,20,Organic,2025-10-09
23964,18,Referral,2025-06-18
23965,21,Influencer,2025-05-14
23966,18,Paid ads,2025-07-22
23967,15,Organic,2025-07-26
23968,29,Paid ads,2025-07-18
23969,13,Influencer,2025-05-17
23970,3,Influencer,2025-07-15
23972,22,Influencer,2025-11-04
23973,30,Influencer,2025-08-31
23974,30,Organic,2025-03-25
23976,17,Paid ads,2025-04-11
23977,32,Paid ads,2025-02-23
23978,27,Paid ads,2025-11-10
23979,21,Referral,2025-06-01
23980,23,Referral,2025-05-06
23982,13,Paid ads,2025-04-25
23983,24,Paid ads,2025-09-16
23984,20,Paid ads,2025-08-13
23985,10,Paid ads,2025-07-18
23986,21,Referral,2025-11-20
23988,23,Paid ads,2025-03-04
23990,27,Organic,2025-06-08
23991,29,Organic,2025-08-01
23992,23,Referral,2025-06-29
23993,1,Referral,2025-08-05
23994,3,Paid ads,2025-10-26
23996,29,Organic,2025-06-10
23997,15,Referral,2025-09-26
23998,28,Referral,2025-06-29
24000,32,Organic,2025-10-27
24003,26,Organic,2025-08-02
24004,31,Paid ads,2025-05-04
24005,31,Organic,2025-12-05
24006,7,Paid ads,2025-09-23
24007,6,Paid ads,2025-05-09
24008,24,Organic,2025-08-04
24009,29,Organic,2025-06-02
24010,23,Referral,2025-11-02
24011,21,Organic,2025-06-13
24012,4,Influencer,2025-08-20
24015,22,Paid ads,2025-07-15
24016,24,Referral,2025-05-07
24018,13,Organic,2025-05-13
24019,26,Referral,2025-05-20
24020,32,Influencer,2025-05-07
24021,24,Referral,2025-09-12
24022,20,Organic,2025-07-31
24023,11,Organic,2025-05-02
24024,25,Organic,2025-10-28
24025,31,Referral,2025-07-13
24026,5,Organic,2025-10-20
24027,20,Paid ads,2025-04-13
24029,25,Paid ads,2025-05-17
24030,32,Paid ads,2025-08-05
24031,20,Organic,2025-07-18
24032,8,Organic,2025-09-22
24033,16,Organic,2025-08-16
24036,32,Organic,2025-03-27
24037,30,Organic,2025-10-09
24038,29,Paid ads,2025-08-19
24040,29,Paid ads,2025-08-29
24041,16,Organic,2025-07-03
24043,21,Influencer,2025-05-01
24044,22,Referral,2025-10-04
24045,26,Organic,2025-02-23
24046,7,Paid ads,2025-04-07
24047,19,Paid ads,2025-12-08
24049,12,Organic,2025-10-04
24053,31,Referral,2025-05-27
24054,23,Paid ads,2025-12-11
24055,13,Paid ads,2025-08-12
24056,22,Organic,2025-08-15
24057,30,Referral,2025-08-20
24058,19,Paid ads,2025-12-08
24059,27,Referral,2025-04-18
24060,11,Organic,2025-06-28
24061,31,Organic,2025-06-15
24064,22,Referral,2025-06-16
24066,32,Paid ads,2025-08-06
24067,22,Organic,2025-11-25
24068,4,Influencer,2025-07-11
24070,31,Organic,2025-05-01
24071,22,Referral,2025-07-27
24072,1,Organic,2025-10-10
24073,27,Organic,2025-07-04
24074,23,Organic,2025-12-12
24075,23,Organic,2025-08-24
24076,20,Paid ads,2025-06-23
24077,27,Organic,2025-05-31
24078,25,Organic,2025-07-13
24079,20,Referral,2025-05-31
24080,24,Referral,2025-11-26
24081,31,Paid ads,2025-11-13
24082,15,Influencer,2025-07-12
24083,29,Organic,2025-05-20
24085,9,Referral,2025-03-06
24086,24,Organic,2025-09-11
24087,12,Influencer,2025-04-23
24088,30,Organic,2025-10-18
24089,31,Organic,2025-07-22
24090,6,Organic,2025-11-11
24091,13,Organic,2025-10-07
24092,4,Paid ads,2025-07-23
24093,26,Referral,2025-03-22
24094,13,Organic,2025-05-04
24096,32,Paid ads,2025-11-05
24098,22,Paid ads,2025-11-08
24100,10,Influencer,2025-03-26
24101,9,Organic,2025-06-21
24102,13,Paid ads,2025-07-21
24103,23,Paid ads,2025-11-19
24104,21,Organic,2025-05-23
24105,12,Organic,2025-06-09
24106,20,Paid ads,2025-11-27
24107,12,Organic,2025-08-21
24108,18,Organic,2025-06-30
24109,1,Influencer,2025-05-12
24111,32,Organic,2025-07-28
24112,27,Organic,2025-08-18
24114,32,Organic,2025-04-23
24116,2,Organic,2025-04-14
24118,32,Influencer,2025-07-09
24119,27,Organic,2025-03-26
24120,25,Organic,2025-08-16
24121,31,Influencer,2025-10-14
24122,30,Referral,2025-08-02
24123,25,Referral,2025-10-30
24124,2,Paid ads,2025-05-05
24126,26,Organic,2025-11-04
24127,21,Influencer,2025-03-20
24128,25,Influencer,2025-12-26
24129,29,Organic,2025-05-14
24130,24,Organic,2025-06-03
24131,19,Paid ads,2025-10-13
24132,9,Influencer,2025-04-11
24133,4,Paid ads,2025-05-20
24134,9,Influencer,2025-05-29
24135,27,Paid ads,2025-05-22
24136,19,Paid ads,2025-06-04
24137,30,Referral,2025-05-01
24141,28,Organic,2025-09-17
24142,30,Organic,2025-11-09
24144,15,Organic,2025-05-06
24145,21,Referral,2025-05-14
24146,24,Organic,2025-05-01
24147,23,Organic,2025-10-16
24150,4,Organic,2025-10-25
24151,28,Paid ads,2025-08-11
24152,21,Organic,2025-11-24
24153,2,Organic,2025-04-25
24155,23,Paid ads,2025-06-07
24156,29,Influencer,2025-11-06
24157,9,Paid ads,2025-06-11
24158,29,Referral,2025-04-08
24160,13,Organic,2025-08-20
24161,18,Referral,2025-05-13
24164,18,Influencer,2025-11-12
24165,7,Organic,2025-11-24
24166,30,Paid ads,2025-06-19
24167,21,Organic,2025-11-16
24168,27,Organic,2025-07-12
24169,1,Influencer,2025-08-15
24171,12,Influencer,2025-08-19
24173,29,Referral,2025-10-05
24177,29,Organic,2025-11-11
24178,21,Paid ads,2025-11-03
24179,31,Organic,2025-04-25
24180,17,Paid ads,2025-05-30
24182,31,Organic,2025-08-19
24183,25,Paid ads,2025-03-09
24184,12,Influencer,2025-04-29
24185,30,Referral,2025-09-01
24186,19,Organic,2025-04-12
24187,7,Influencer,2025-04-24
24188,26,Organic,2025-06-03
24189,23,Organic,2025-10-29
24193,19,Referral,2025-10-04
24195,30,Organic,2025-08-17
24196,25,Organic,2025-11-03
24197,25,Organic,2025-12-10
24198,23,Paid ads,2025-06-25
24199,21,Organic,2025-05-11
24200,16,Paid ads,2025-08-25
24201,27,Referral,2025-04-11
24202,11,Organic,2025-04-25
24203,13,Paid ads,2025-04-20
24204,18,Organic,2025-07-22
24206,32,Organic,2025-08-03
24207,17,Paid ads,2025-10-26
24208,28,Paid ads,2025-08-10
24210,19,Organic,2025-08-16
24211,29,Influencer,2025-07-21
24212,13,Organic,2025-06-28
24214,20,Influencer,2025-07-18
24216,29,Organic,2025-03-12
24218,24,Paid ads,2025-09-23
24219,32,Organic,2025-06-07
24220,32,Paid ads,2025-06-10
24222,20,Paid ads,2025-10-01
24223,22,Referral,2025-05-04
24224,8,Referral,2025-05-18
24225,21,Paid ads,2025-06-25
24226,17,Paid ads,2025-11-07
24227,25,Referral,2025-05-08
24228,32,Organic,2025-05-30
24231,5,Paid ads,2025-07-31
24233,24,Influencer,2025-06-08
24234,15,Influencer,2025-07-31
24235,29,Organic,2025-11-04
24236,22,Paid ads,2025-08-02
24237,12,Organic,2025-09-09
24238,26,Influencer,2025-06-11
24239,19,Influencer,2025-11-21
24240,20,Paid ads,2025-07-14
24241,16,Organic,2025-08-13
24242,22,Paid ads,2025-09-28
24243,9,Referral,2025-08-11
24244,21,Influencer,2025-04-15
24245,28,Organic,2025-03-22
24246,23,Organic,2025-07-26
24247,32,Paid ads,2025-09-06
24248,19,Organic,2025-08-01
24250,32,Influencer,2025-05-09
24251,32,Organic,2025-07-01
24252,12,Paid ads,2025-07-17
24255,1,Organic,2025-08-19
24256,20,Influencer,2025-06-12
24258,26,Referral,2025-10-25
24260,23,Organic,2025-09-22
24261,15,Influencer,2025-09-22
24262,30,Organic,2025-06-25
24263,5,Organic,2025-10-23
24264,29,Referral,2025-03-26
24265,23,Organic,2025-06-08
24268,29,Organic,2025-09-29
24270,29,Organic,2025-03-30
24271,26,Organic,2025-06-16
24272,8,Paid ads,2025-10-07
24273,19,Influencer,2025-07-21
24274,22,Organic,2025-05-04
24276,28,Influencer,2025-10-30
24277,22,Organic,2025-09-04
24278,21,Organic,2025-04-02
24280,11,Paid ads,2025-07-21
24282,30,Referral,2025-10-07
24283,29,Paid ads,2025-06-16
24284,16,Influencer,2025-08-18
24286,29,Influencer,2025-03-28
24288,15,Referral,2025-10-17
24289,27,Organic,2025-05-15
24290,32,Organic,2025-06-26
24292,17,Referral,2025-11-04
24295,25,Influencer,2025-03-29
24296,5,Organic,2025-06-04
24297,6,Organic,2025-11-06
24299,16,Organic,2025-09-24
24301,31,Paid ads,2025-07-17
24303,25,Organic,2025-10-06
24304,11,Paid ads,2025-05-11
24306,27,Organic,2025-06-17
24307,24,Organic,2025-06-14
24308,22,Organic,2025-07-08
24309,2,Organic,2025-05-21
24310,30,Paid ads,2025-11-13
24311,26,Paid ads,2025-07-06
24312,22,Paid ads,2025-07-02
24314,28,Influencer,2025-05-26
24315,11,Influencer,2025-10-17
24318,31,Organic,2025-05-31
24319,30,Organic,2025-04-14
24322,9,Paid ads,2025-05-28
24323,19,Paid ads,2025-06-08
24324,17,Organic,2025-04-12
24325,3,Paid ads,2025-09-16
24326,29,Organic,2025-09-12
24327,28,Organic,2025-06-14
24328,32,Organic,2025-04-06
24330,28,Organic,2025-11-03
24332,22,Influencer,2025-09-09
24334,29,Influencer,2025-06-23
24335,28,Organic,2025-06-14
24336,25,Referral,2025-05-12
24337,3,Organic,2025-08-03
24339,11,Referral,2025-04-15
24340,10,Paid ads,2025-07-23
24341,12,Organic,2025-07-07
24342,25,Influencer,2025-07-30
24344,1,Paid ads,2025-06-25
24345,11,Referral,2025-08-10
24346,23,Organic,2025-10-20
24347,32,Organic,2025-09-23
24348,28,Influencer,2025-07-10
24350,10,Paid ads,2025-11-22
24351,13,Organic,2025-06-16
24352,18,Organic,2025-06-09
24353,29,Organic,2025-10-23
24355,20,Referral,2025-09-19
24356,6,Paid ads,2025-06-19
24357,19,Referral,2025-12-19
24358,24,Paid ads,2025-05-25
24359,14,Influencer,2025-03-09
24360,22,Organic,2025-07-20
24362,14,Influencer,2025-12-11
24364,18,Organic,2025-10-01
24365,13,Organic,2025-06-03
24366,12,Referral,2025-11-02
24367,29,Paid ads,2025-06-29
24368,25,Referral,2025-05-21
24369,24,Paid ads,2025-04-22
24370,19,Organic,2025-07-17
24371,16,Organic,2025-07-28
24372,24,Influencer,2025-03-25
24374,22,Paid ads,2025-05-13
24375,29,Referral,2025-05-23
24377,9,Organic,2025-06-30
24378,1,Organic,2025-09-07
24380,19,Influencer,2025-09-20
24381,32,Paid ads,2025-07-23
24382,10,Organic,2025-08-03
24383,12,Organic,2025-07-25
24384,16,Referral,2025-03-13
24385,7,Organic,2025-08-20
24387,18,Organic,2025-09-15
24388,23,Organic,2025-07-01
24389,31,Paid ads,2025-04-14
24391,7,Paid ads,2025-12-12
24392,9,Referral,2025-08-08
24393,23,Organic,2025-08-19
24394,2,Organic,2025-06-09
24395,10,Paid ads,2025-11-04
24397,26,Influencer,2025-09-07
24398,28,Paid ads,2025-04-20
24399,28,Organic,2025-03-23
24400,27,Referral,2025-05-12
24401,26,Influencer,2025-05-17
24402,27,Organic,2025-12-06
24403,4,Paid ads,2025-08-25
24404,1,Organic,2025-03-02
24405,29,Paid ads,2025-11-17
24406,23,Paid ads,2025-02-23
24407,24,Organic,2025-07-04
24408,2,Referral,2025-09-25
24411,3,Organic,2025-05-08
24412,29,Referral,2025-04-17
24413,10,Influencer,2025-04-27
24414,28,Organic,2025-11-02
24416,30,Organic,2025-11-10
24417,31,Organic,2025-08-15
24419,15,Influencer,2025-07-16
24420,18,Organic,2025-04-19
24421,11,Organic,2025-10-30
24422,28,Influencer,2025-06-13
24423,3,Organic,2025-06-04
24424,31,Referral,2025-04-13
24425,8,Influencer,2025-08-10
24426,29,Influencer,2025-05-22
24427,17,Organic,2025-10-25
24428,23,Organic,2025-11-24
24429,12,Influencer,2025-11-23
24430,25,Influencer,2025-02-20
24433,23,Organic,2025-11-18
24434,11,Paid ads,2025-11-14
24435,30,Referral,2025-12-27
24436,32,Organic,2025-04-13
24437,27,Organic,2025-03-26
24438,11,Organic,2025-10-03
24440,28,Organic,2025-03-28
24441,12,Organic,2025-06-11
24442,29,Organic,2025-09-30
24443,26,Paid ads,2025-07-01
24444,3,Influencer,2025-05-25
24445,20,Influencer,2025-04-24
24448,32,Organic,2025-09-29
24449,24,Organic,2025-10-18
24454,1,Organic,2025-10-14
24455,11,Organic,2025-04-11
24458,13,Paid ads,2025-06-06
24459,14,Influencer,2025-02-02
24460,23,Organic,2025-09-24
24462,7,Organic,2025-08-26
24464,26,Organic,2025-08-14
24465,26,Organic,2025-10-23
24466,25,Paid ads,2025-07-15
24467,21,Organic,2025-07-17
24468,14,Influencer,2025-06-23
24471,30,Organic,2025-09-15
24472,26,Organic,2025-03-02
24474,27,Organic,2025-07-10
24475,9,Paid ads,2025-08-14
24476,18,Referral,2025-05-09
24478,9,Influencer,2025-03-17
24479,2,Organic,2025-08-09
24480,22,Paid ads,2025-09-13
24481,24,Organic,2025-04-15
24482,27,Organic,2025-07-06
24483,4,Referral,2025-08-11
24486,17,Influencer,2025-11-08
24487,11,Organic,2025-10-03
24488,23,Influencer,2025-04-06
24489,24,Organic,2025-05-28
24490,26,Paid ads,2025-08-25
24491,31,Influencer,2025-05-18
24492,26,Referral,2025-09-15
24493,24,Organic,2025-09-27
24494,18,Organic,2025-06-01
24495,26,Organic,2025-10-09
24496,15,Paid ads,2025-11-21
24498,13,Paid ads,2025-07-24
24499,11,Paid ads,2025-04-22
24500,31,Organic,2025-02-28
24501,9,Paid ads,2025-07-27
24502,20,Organic,2025-11-25
24503,29,Influencer,2025-10-02
24504,19,Paid ads,2025-06-29
24506,29,Influencer,2025-04-17
24508,21,Paid ads,2025-08-23
24510,23,Paid ads,2025-03-04
24511,19,Influencer,2025-03-15
24512,18,Organic,2025-07-02
24513,29,Referral,2025-09-12
24514,23,Organic,2025-07-02
24515,9,Referral,2025-11-06
24516,20,Paid ads,2025-05-16
24517,20,Organic,2025-07-02
24518,18,Paid ads,2025-04-29
24520,22,Organic,2025-11-25
24521,26,Paid ads,2025-03-11
24522,21,Referral,2025-06-06
24523,31,Organic,2025-09-25
24524,21,Referral,2025-07-30
24525,22,Influencer,2025-10-14
24526,16,Influencer,2025-03-12
24527,31,Organic,2025-04-26
24528,15,Influencer,2025-06-29
24529,32,Organic,2025-07-13
24530,13,Referral,2025-07-23
24531,14,Organic,2025-09-06
24532,31,Influencer,2025-06-22
24533,11,Organic,2025-04-19
24535,5,Paid ads,2025-07-10
24536,6,Paid ads,2025-06-18
24537,24,Paid ads,2025-04-07
24538,32,Organic,2025-09-18
24539,28,Influencer,2025-06-19
24541,12,Paid ads,2025-06-06
24542,21,Paid ads,2025-10-28
24543,19,Paid ads,2025-06-26
24544,9,Paid ads,2025-06-20
24545,9,Organic,2025-09-09
24546,19,Organic,2025-06-22
24547,22,Influencer,2025-07-21
24548,31,Paid ads,2025-11-20
24549,3,Referral,2025-04-25
24551,21,Referral,2025-05-23
24552,13,Influencer,2025-08-02
24554,27,Organic,2025-07-24
24555,15,Organic,2025-07-09
24556,32,Paid ads,2025-04-23
24559,28,Influencer,2025-07-25
24560,1,Organic,2025-08-22
24561,11,Organic,2025-07-22
24564,2,Organic,2025-09-18
24566,26,Organic,2025-09-23
24567,10,Organic,2025-04-27
24568,31,Referral,2025-11-06
24569,25,Referral,2025-10-24
24570,24,Influencer,2025-06-25
24571,24,Organic,2025-04-30
24572,29,Organic,2025-09-11
24573,16,Organic,2025-09-13
24574,22,Paid ads,2025-09-22
24577,23,Referral,2025-09-14
24578,18,Influencer,2025-03-10
24579,31,Paid ads,2025-11-23
24581,24,Organic,2025-07-15
24582,13,Influencer,2025-09-16
24584,29,Organic,2025-08-17
24585,29,Organic,2025-07-31
24586,9,Referral,2025-06-12
24587,14,Referral,2025-06-07
24588,31,Organic,2025-11-07
24589,30,Organic,2025-12-03
24592,21,Paid ads,2025-08-02
24593,31,Organic,2025-05-22
24594,30,Organic,2025-06-04
24595,14,Organic,2025-06-16
24596,30,Influencer,2025-07-01
24597,29,Referral,2025-08-07
24598,21,Organic,2025-03-21
24600,8,Organic,2025-07-18
24601,12,Organic,2025-06-08
24602,29,Influencer,2025-09-25
24603,30,Referral,2025-09-16
24604,28,Organic,2025-07-20
24605,30,Organic,2025-07-14
24606,28,Referral,2025-10-19
24608,17,Organic,2025-04-15
24609,25,Organic,2025-06-23
24611,18,Organic,2025-08-17
24612,26,Organic,2025-10-11
24613,24,Organic,2025-04-07
24614,6,Referral,2025-03-11
24615,12,Referral,2025-08-25
24616,21,Paid ads,2025-10-27
24617,20,Organic,2025-09-14
24618,11,Paid ads,2025-09-07
24619,26,Paid ads,2025-11-29
24620,24,Paid ads,2025-03-27
24622,32,Organic,2025-05-31
24623,29,Organic,2025-05-12
24624,32,Paid ads,2025-09-01
24627,30,Organic,2025-06-21
24628,29,Influencer,2025-06-20
24629,11,Organic,2025-08-25
24630,22,Organic,2025-08-12
24631,21,Paid ads,2025-05-15
24632,10,Referral,2025-11-20
24633,15,Organic,2025-09-10
24634,22,Organic,2025-07-07
24636,1,Paid ads,2025-07-26
24637,26,Organic,2025-11-20
24638,7,Organic,2025-04-13
24639,28,Influencer,2025-04-18
24641,8,Organic,2025-08-10
24643,26,Organic,2025-07-17
24644,11,Organic,2025-08-13
24645,9,Paid ads,2025-04-27
24646,28,Organic,2025-12-22
24647,24,Organic,2025-02-12
24648,22,Referral,2025-04-29
24649,20,Paid ads,2025-05-30
24650,22,Referral,2025-04-22
24651,17,Organic,2025-04-01
24652,17,Paid ads,2025-08-16
24653,32,Referral,2025-07-06
24654,23,Organic,2025-05-26
24657,8,Organic,2025-05-30
24658,22,Organic,2025-07-11
24659,31,Influencer,2025-09-30
24660,25,Paid ads,2025-03-30
24661,11,Organic,2025-06-10
24662,19,Paid ads,2025-05-22
24663,32,Paid ads,2025-04-08
24665,5,Organic,2025-08-19
24666,14,Paid ads,2025-03-09
24667,22,Influencer,2025-11-14
24668,21,Referral,2025-10-31
24669,8,Organic,2025-10-12
24670,19,Referral,2025-10-18
24671,25,Organic,2025-09-18
24672,31,Organic,2025-06-25
24673,25,Organic,2025-12-15
24674,4,Influencer,2025-07-10
24676,28,Paid ads,2025-10-20
24677,21,Paid ads,2025-08-30
24680,19,Organic,2025-12-10
24681,9,Paid ads,2025-07-09
24682,30,Organic,2025-05-04
24683,22,Organic,2025-10-08
24684,19,Organic,2025-08-17
24686,31,Organic,2025-06-17
24687,9,Organic,2025-10-25
24688,18,Paid ads,2025-11-08
24690,16,Organic,2025-06-10
24691,29,Referral,2025-05-22
24692,21,Organic,2025-06-26
24693,21,Influencer,2025-06-19
24694,11,Organic,2025-04-25
24696,26,Organic,2025-07-18
24698,14,Organic,2025-10-03
24699,22,Organic,2025-08-15
24700,13,Referral,2025-03-09
24702,20,Paid ads,2025-04-16
24703,15,Referral,2025-05-12
24704,11,Organic,2025-09-02
24705,28,Organic,2025-07-31
24706,2,Organic,2025-08-09
24707,22,Paid ads,2025-08-19
24709,19,Organic,2025-11-19
24710,30,Referral,2025-06-10
24711,28,Organic,2025-11-30
24712,10,Paid ads,2025-03-04
24713,27,Organic,2025-10-03
24714,22,Influencer,2025-03-13
24715,7,Organic,2025-04-11
24716,25,Paid ads,2025-05-22
24718,27,Influencer,2025-10-03
24720,31,Organic,2025-05-31
24721,31,Influencer,2025-05-18
24722,25,Influencer,2025-05-31
24723,6,Organic,2025-08-26
24724,29,Paid ads,2025-02-23
24725,26,Organic,2025-11-07
24726,24,Organic,2025-08-12
24728,16,Organic,2025-08-22
24729,24,Organic,2025-05-08
24730,6,Paid ads,2025-03-29
24731,28,Organic,2025-10-02
24733,28,Referral,2025-05-29
24734,26,Paid ads,2025-10-05
24735,13,Organic,2025-02-02
24736,21,Paid ads,2025-10-09
24737,18,Organic,2025-07-26
24738,25,Influencer,2025-07-04
24739,31,Referral,2025-12-11
24741,10,Paid ads,2025-03-20
24742,23,Paid ads,2025-08-25
24743,25,Paid ads,2025-12-11
24744,16,Organic,2025-06-01
24745,14,Organic,2025-07-22
24746,14,Organic,2025-06-21
24748,22,Organic,2025-10-15
24749,16,Influencer,2025-12-13
24750,23,Organic,2025-04-19
24751,24,Influencer,2025-03-26
24753,26,Referral,2025-07-28
24754,13,Influencer,2025-08-11
24756,26,Organic,2025-03-09
24758,23,Organic,2025-05-02
24759,29,Organic,2025-09-09
24760,27,Paid ads,2025-07-27
24761,23,Organic,2025-02-17
24762,24,Organic,2025-08-17
24763,12,Paid ads,2025-05-06
24764,28,Influencer,2025-10-17
24765,24,Organic,2025-11-06
24766,12,Influencer,2025-10-03
24767,22,Paid ads,2025-08-13
24768,20,Referral,2025-09-29
24769,3,Influencer,2025-07-08
24770,30,Paid ads,2025-09-03
24771,14,Influencer,2025-07-08
24772,13,Organic,2025-06-03
24774,28,Influencer,2025-03-17
24775,31,Paid ads,2025-03-27
24776,5,Paid ads,2025-08-22
24777,21,Referral,2025-08-29
24778,4,Influencer,2025-06-02
24779,18,Organic,2025-09-25
24780,10,Paid ads,2025-05-27
24781,18,Organic,2025-11-10
24782,22,Organic,2025-06-20
24783,9,Organic,2025-07-14
24784,24,Paid ads,2025-06-24
24785,28,Organic,2025-10-03
24786,9,Referral,2025-05-13
24787,21,Influencer,2025-07-13
24789,30,Organic,2025-05-22
24791,9,Influencer,2025-10-07
24792,27,Referral,2025-09-11
24793,14,Organic,2025-09-23
24795,3,Referral,2025-06-19
24799,2,Organic,2025-07-10
24800,23,Referral,2025-09-19
24801,27,Organic,2025-06-19
24802,23,Organic,2025-04-07
24804,1,Referral,2025-07-10
24805,27,Organic,2025-07-18
24806,11,Paid ads,2025-04-24
24807,21,Organic,2025-03-16
24808,32,Referral,2025-12-31
24809,29,Organic,2025-06-21
24810,10,Organic,2025-07-05
24811,23,Organic,2025-09-21
24812,32,Organic,2025-05-07
24813,27,Referral,2025-02-09
24814,24,Referral,2025-07-03
24816,14,Paid ads,2025-11-09
24817,10,Organic,2025-03-28
24818,6,Paid ads,2025-05-18
24819,25,Organic,2025-06-30
24821,20,Paid ads,2025-04-21
24823,2,Organic,2025-08-07
24824,29,Organic,2025-08-12
24825,25,Organic,2025-05-18
24826,32,Influencer,2025-01-24
24827,21,Paid ads,2025-07-24
24828,26,Organic,2025-10-18
24829,24,Influencer,2025-09-26
24830,13,Paid ads,2025-10-23
24832,23,Organic,2025-12-15
24833,11,Referral,2025-08-06
24834,32,Paid ads,2025-12-22
24835,29,Organic,2025-05-17
24836,8,Organic,2025-09-21
24837,8,Organic,2025-07-05
24838,31,Paid ads,2025-04-01
24839,5,Organic,2025-10-21
24840,25,Organic,2025-09-19
24841,3,Referral,2025-08-23
24842,23,Influencer,2025-05-10
24843,23,Organic,2025-07-20
24844,18,Referral,2025-03-23
24846,8,Paid ads,2025-05-04
24847,22,Organic,2025-05-25
24848,25,Influencer,2025-08-12
24849,26,Organic,2025-06-15
24850,23,Influencer,2025-09-02
24851,26,Referral,2025-06-26
24852,26,Referral,2025-04-02
24853,16,Organic,2025-10-26
24854,2,Paid ads,2025-09-28
24855,1,Referral,2025-06-10
24856,22,Influencer,2025-04-16
24857,5,Organic,2025-07-13
24858,26,Organic,2025-08-20
24859,9,Organic,2025-07-18
24860,27,Referral,2025-02-06
24861,5,Referral,2025-07-13
24862,28,Referral,2025-07-31
24864,24,Organic,2025-03-23
24865,20,Referral,2025-10-07
24866,24,Organic,2025-11-03
24868,32,Organic,2025-09-10
24869,21,Paid ads,2025-06-15
24870,24,Paid ads,2025-05-08
24871,2,Influencer,2025-09-20
24872,14,Paid ads,2025-08-13
24873,24,Referral,2025-02-23
24874,23,Influencer,2025-05-14
24875,30,Organic,2025-06-01
24876,18,Paid ads,2025-06-24
24877,31,Paid ads,2025-07-05
24878,16,Organic,2025-07-18
24879,31,Organic,2025-07-23
24880,18,Paid ads,2025-10-06
24883,11,Referral,2025-10-17
24884,18,Organic,2025-06-18
24885,21,Organic,2025-10-19
24886,31,Paid ads,2025-11-19
24887,23,Organic,2025-04-29
24888,30,Organic,2025-11-21
24889,3,Referral,2025-05-05
24891,28,Paid ads,2025-09-23
24892,26,Paid ads,2025-08-04
24893,31,Paid ads,2025-07-22
24894,23,Referral,2025-04-20
24895,21,Organic,2025-09-26
24896,19,Referral,2025-11-07
24897,30,Influencer,2025-12-02
24898,25,Referral,2025-08-19
24899,2,Organic,2025-12-05
24900,9,Organic,2025-06-23
24901,30,Influencer,2025-07-09
24902,24,Organic,2025-09-25
24903,26,Paid ads,2025-12-06
24905,26,Organic,2025-10-20
24906,10,Organic,2025-10-03
24907,14,Organic,2025-09-23
24908,28,Influencer,2025-10-20
24909,12,Paid ads,2025-08-02
24910,27,Influencer,2025-04-04
24911,26,Paid ads,2025-07-10
24912,19,Referral,2025-09-02
24913,1,Referral,2025-10-22
24914,23,Organic,2025-10-06
24915,15,Organic,2025-06-09
24916,10,Organic,2025-03-27
24917,14,Organic,2025-10-14
24918,23,Organic,2025-06-12
24920,1,Paid ads,2025-11-08
24921,31,Organic,2025-03-28
24922,29,Influencer,2025-11-20
24923,22,Paid ads,2025-09-21
24924,1,Influencer,2025-07-29
24925,11,Organic,2025-10-27
24926,22,Organic,2025-07-08
24927,17,Influencer,2025-10-31
24928,25,Organic,2025-05-30
24929,24,Paid ads,2025-03-03
24930,2,Organic,2025-08-06
24932,16,Organic,2025-11-08
24934,15,Paid ads,2025-05-18
24936,31,Organic,2025-10-10
24937,30,Organic,2025-04-29
24939,27,Organic,2025-03-27
24940,21,Organic,2025-02-24
24941,32,Referral,2025-11-02
24942,22,Organic,2025-05-15
24943,12,Paid ads,2025-08-13
24944,16,Organic,2025-05-29
24945,11,Referral,2025-11-06
24947,23,Paid ads,2025-02-09
24949,15,Paid ads,2025-07-22
24950,32,Organic,2025-06-20
24951,28,Paid ads,2025-11-19
24952,27,Organic,2025-08-04
24953,21,Referral,2025-10-05
24954,29,Influencer,2025-08-04
24955,21,Organic,2025-02-05
24956,27,Paid ads,2025-11-04
24957,31,Organic,2025-06-18
24958,30,Organic,2025-09-22
24960,22,Organic,2025-05-26
24961,24,Influencer,2025-04-22
24963,11,Influencer,2025-04-07
24964,25,Organic,2025-05-11
24965,28,Referral,2025-10-17
24966,16,Organic,2025-05-07
24968,19,Paid ads,2025-09-13
24970,17,Paid ads,2025-10-21
24972,31,Paid ads,2025-10-31
24973,13,Influencer,2025-05-09
24974,31,Organic,2025-07-08
24976,16,Organic,2025-12-18
24978,4,Paid ads,2025-06-05
24979,30,Influencer,2025-07-31
24981,27,Organic,2025-10-08
24982,18,Influencer,2025-09-03
24983,2,Organic,2025-11-18
24984,30,Referral,2025-09-28
24985,1,Organic,2025-08-06
24986,20,Organic,2025-03-03
24988,30,Organic,2025-06-24
24989,17,Organic,2025-04-15
24990,26,Organic,2025-07-17
24992,12,Organic,2025-08-05
24993,16,Organic,2025-12-24
24994,32,Influencer,2025-06-17
24995,13,Organic,2025-05-05
24997,15,Paid ads,2025-04-28
24998,32,Organic,2025-09-28
25000,16,Referral,2025-11-26
25001,24,Influencer,2025-06-26
25002,32,Referral,2025-08-28
25003,25,Referral,2025-05-18
25004,30,Organic,2025-04-28
25005,28,Organic,2025-06-15
25006,19,Paid ads,2025-05-17
25008,17,Organic,2025-09-05
25009,31,Influencer,2025-11-21
25011,22,Organic,2025-06-01
25012,27,Referral,2025-10-04
25013,11,Organic,2025-06-30
25014,28,Organic,2025-05-18
25015,15,Organic,2025-06-28
25016,13,Paid ads,2025-06-07
25017,29,Referral,2025-04-14
25018,29,Organic,2025-04-22
25021,1,Paid ads,2025-05-08
25022,9,Paid ads,2025-08-11
25023,20,Paid ads,2025-08-05
25024,30,Organic,2025-05-18
25027,28,Paid ads,2025-04-17
25028,15,Organic,2025-08-05
25029,18,Organic,2025-09-01
25030,18,Paid ads,2025-06-16
25031,9,Referral,2025-06-28
25032,10,Paid ads,2025-06-06
25033,29,Influencer,2025-06-17
25034,26,Organic,2025-11-06
25036,19,Paid ads,2025-07-23
25037,7,Organic,2025-08-12
25038,32,Organic,2025-06-06
25039,11,Referral,2025-05-27
25040,29,Organic,2025-07-09
25041,2,Paid ads,2025-09-16
25042,25,Influencer,2025-04-03
25043,25,Organic,2025-02-16
25044,28,Referral,2025-06-13
25045,17,Paid ads,2025-11-28
25046,26,Organic,2025-09-30
25047,21,Organic,2025-10-09
25048,22,Organic,2025-02-12
25049,27,Referral,2025-09-21
25050,7,Paid ads,2025-09-18
25053,25,Paid ads,2025-11-19
25054,20,Paid ads,2025-07-14
25056,6,Organic,2025-11-12
25057,30,Paid ads,2025-08-14
25058,31,Organic,2025-11-20
25059,28,Organic,2025-08-16
25060,19,Paid ads,2025-05-05
25061,20,Organic,2025-10-06
25062,19,Organic,2025-08-17
25063,6,Referral,2025-06-09
25064,9,Referral,2025-09-27
25066,29,Referral,2025-10-24
25067,28,Organic,2025-07-16
25068,31,Organic,2025-11-03
25069,3,Organic,2025-11-18
25070,24,Referral,2025-04-12
25071,11,Organic,2025-05-14
25073,12,Referral,2025-07-11
25075,32,Organic,2025-07-10
25076,9,Paid ads,2025-07-03
25077,30,Organic,2025-04-13
25078,28,Organic,2025-11-07
25079,22,Organic,2025-11-04
25080,13,Organic,2025-09-19
25081,10,Organic,2025-08-02
25082,17,Paid ads,2025-11-25
25084,24,Referral,2025-03-09
25085,16,Influencer,2025-05-28
25086,5,Organic,2025-11-08
25088,24,Influencer,2025-08-13
25090,17,Organic,2025-07-12
25091,5,Paid ads,2025-10-19
25092,31,Organic,2025-07-18
25093,25,Influencer,2025-12-21
25095,32,Organic,2025-05-28
25096,29,Paid ads,2025-06-29
25097,15,Organic,2025-08-17
25098,27,Paid ads,2025-10-13
25100,22,Organic,2025-04-16
25102,21,Organic,2025-05-24
25103,22,Organic,2025-07-25
25105,28,Organic,2025-04-24
25106,14,Organic,2025-04-25
25107,29,Influencer,2025-03-21
25109,23,Organic,2025-05-14
25113,21,Referral,2025-06-27
25114,28,Paid ads,2025-10-13
25116,12,Influencer,2025-09-11
25117,5,Paid ads,2025-07-31
25118,24,Influencer,2025-09-16
25119,26,Organic,2025-05-22
25120,26,Organic,2025-09-01
25122,30,Organic,2025-12-19
25124,18,Paid ads,2025-05-20
25125,32,Organic,2025-12-16
25126,5,Paid ads,2025-09-19
25127,7,Referral,2025-02-24
25129,29,Organic,2025-09-04
25130,26,Influencer,2025-11-18
25132,11,Organic,2025-07-10
25133,24,Paid ads,2025-10-19
25134,28,Organic,2025-09-18
25135,27,Influencer,2025-08-20
25136,15,Referral,2025-10-04
25137,31,Influencer,2025-04-14
25138,16,Organic,2025-07-12
25139,26,Organic,2025-10-14
25140,29,Referral,2025-07-08
25141,18,Influencer,2025-06-06
25143,10,Organic,2025-10-24
25144,19,Organic,2025-04-16
25146,11,Organic,2025-06-24
25147,10,Organic,2025-07-11
25148,13,Influencer,2025-06-04
25149,26,Organic,2025-05-17
25151,11,Paid ads,2025-03-29
25152,6,Influencer,2025-10-08
25153,2,Organic,2025-02-22
25155,25,Organic,2025-06-12
25156,28,Organic,2025-10-04
25157,16,Organic,2025-09-17
25158,11,Referral,2025-03-24
25159,17,Influencer,2025-05-02
25161,22,Referral,2025-08-25
25162,22,Organic,2025-12-08
25163,12,Organic,2025-09-08
25166,3,Organic,2025-12-10
25167,23,Organic,2025-10-07
25169,9,Organic,2025-04-28
25170,10,Influencer,2025-09-03
25171,25,Organic,2025-04-03
25172,21,Influencer,2025-11-13
25173,16,Influencer,2025-06-12
25174,32,Referral,2025-11-16
25175,28,Influencer,2025-10-06
25176,9,Paid ads,2025-07-30
25177,28,Paid ads,2025-06-02
25178,28,Organic,2025-06-08
25182,6,Influencer,2025-08-01
25183,21,Organic,2025-12-29
25184,12,Organic,2025-10-18
25185,12,Referral,2025-08-25
25186,22,Organic,2025-06-17
25187,30,Organic,2025-04-14
25189,25,Organic,2025-07-07
25190,3,Paid ads,2025-05-01
25191,16,Organic,2025-04-02
25192,32,Paid ads,2025-09-14
25194,26,Organic,2025-07-08
25195,31,Referral,2025-05-18
25196,29,Influencer,2025-05-28
25197,13,Organic,2025-04-08
25198,27,Organic,2025-04-11
25199,27,Referral,2025-08-07
25200,32,Paid ads,2025-08-01
25201,26,Influencer,2025-12-17
25202,5,Influencer,2025-10-22
25203,24,Influencer,2025-10-08
25206,5,Organic,2025-11-17
25207,21,Organic,2025-04-20
25208,31,Organic,2025-10-21
25209,31,Organic,2025-06-10
25210,28,Referral,2025-10-28
25211,8,Organic,2025-12-09
25212,23,Referral,2025-11-19
25213,29,Organic,2025-03-29
25214,32,Influencer,2025-03-20
25217,22,Referral,2025-02-17
25218,15,Organic,2025-07-06
25219,23,Paid ads,2025-06-02
25220,24,Organic,2025-04-10
25221,10,Organic,2025-05-20
25222,2,Organic,2025-08-23
25223,15,Influencer,2025-07-26
25224,20,Referral,2025-07-14
25226,24,Organic,2025-08-30
25227,21,Paid ads,2025-03-26
25228,22,Influencer,2025-06-16
25229,24,Organic,2025-06-23
25230,24,Organic,2025-10-31
25232,29,Paid ads,2025-09-13
25233,14,Paid ads,2025-08-17
25234,30,Organic,2025-11-06
25235,30,Organic,2025-08-06
25236,3,Organic,2025-07-05
25237,31,Paid ads,2025-05-20
25238,32,Organic,2025-03-30
25239,29,Organic,2025-06-03
25240,25,Influencer,2025-07-10
25242,14,Influencer,2025-08-03
25243,16,Paid ads,2025-10-12
25244,23,Referral,2025-02-12
25245,19,Paid ads,2025-06-18
25246,13,Organic,2025-02-13
25247,9,Organic,2025-03-24
25248,15,Organic,2025-10-28
25249,13,Paid ads,2025-07-21
25250,4,Organic,2025-03-05
25251,19,Organic,2025-06-29
25253,14,Organic,2025-07-22
25254,16,Influencer,2025-08-10
25255,29,Referral,2025-10-07
25256,18,Influencer,2025-07-10
25257,31,Influencer,2025-08-08
25258,21,Referral,2025-03-24
25259,25,Organic,2025-06-30
25260,15,Referral,2025-10-24
25261,6,Paid ads,2025-08-25
25262,26,Paid ads,2025-08-18
25263,13,Referral,2025-05-09
25264,13,Paid ads,2025-03-18
25265,25,Paid ads,2025-01-18
25266,2,Paid ads,2025-09-08
25267,27,Referral,2025-06-15
25268,23,Paid ads,2025-05-29
25270,10,Paid ads,2025-08-02
25271,11,Organic,2025-04-03
25272,10,Paid ads,2025-07-20
25273,11,Influencer,2025-03-23
25274,21,Organic,2025-08-02
25275,21,Paid ads,2025-10-05
25276,10,Organic,2025-07-20
25279,16,Organic,2025-04-07
25280,6,Influencer,2025-12-11
25281,30,Paid ads,2025-02-09
25282,23,Referral,2025-12-01
25283,2,Organic,2025-10-31
25284,25,Influencer,2025-07-10
25285,29,Organic,2025-04-05
25287,7,Organic,2025-07-18
25290,18,Paid ads,2025-06-10
25291,15,Paid ads,2025-11-28
25292,21,Paid ads,2025-08-03
25293,22,Organic,2025-05-16
25294,21,Referral,2025-06-29
25295,12,Organic,2025-07-31
25296,7,Paid ads,2025-05-29
25297,11,Referral,2025-08-11
25298,10,Paid ads,2025-06-02
25300,26,Referral,2025-07-16
25301,11,Organic,2025-04-30
25302,31,Paid ads,2025-05-21
25305,29,Referral,2025-06-29
25308,15,Paid ads,2025-10-14
25309,24,Referral,2025-10-04
25310,26,Organic,2025-11-04
25313,27,Organic,2025-09-18
25314,13,Paid ads,2025-07-17
25315,16,Organic,2025-07-03
25316,30,Organic,2025-04-19
25317,28,Paid ads,2025-10-16
25318,30,Paid ads,2025-05-11
25321,8,Paid ads,2025-09-13
25322,9,Organic,2025-09-06
25323,6,Organic,2025-07-04
25324,21,Paid ads,2025-05-18
25325,12,Influencer,2025-11-10
25326,20,Organic,2025-06-03
25327,25,Organic,2025-03-04
25328,32,Organic,2025-07-29
25329,22,Organic,2025-03-29
25330,14,Paid ads,2025-03-28
25332,32,Paid ads,2025-04-20
25333,25,Organic,2025-04-24
25335,25,Organic,2025-02-26
25337,12,Organic,2025-04-04
25338,28,Organic,2025-05-30
25339,6,Organic,2025-10-16
25340,18,Paid ads,2025-08-22
25341,10,Influencer,2025-05-21
25342,14,Paid ads,2025-04-10
25343,13,Referral,2025-08-29
25344,23,Organic,2025-05-03
25345,25,Influencer,2025-10-07
25346,20,Organic,2025-07-09
25347,9,Organic,2025-05-19
25349,20,Influencer,2025-11-10
25351,12,Organic,2025-04-24
25352,31,Organic,2025-10-01
25353,29,Paid ads,2025-10-31
25354,22,Organic,2025-06-16
25355,28,Paid ads,2025-06-13
25356,23,Paid ads,2025-06-03
25357,32,Organic,2025-11-27
25358,29,Organic,2025-08-13
25359,14,Organic,2025-03-21
25360,7,Referral,2025-10-05
25361,17,Paid ads,2025-11-12
25362,10,Paid ads,2025-10-23
25363,27,Organic,2025-12-16
25364,12,Organic,2025-05-03
25365,23,Influencer,2025-08-29
25366,7,Referral,2025-04-15
25367,32,Influencer,2025-06-04
25368,4,Paid ads,2025-10-14
25370,28,Referral,2025-10-29
25372,14,Organic,2025-05-12
25373,29,Referral,2025-09-28
25374,30,Paid ads,2025-01-29
25376,18,Organic,2025-02-25
25377,19,Organic,2025-05-21
25383,2,Influencer,2025-04-17
25386,30,Organic,2025-10-07
25387,9,Organic,2025-04-16
25388,29,Referral,2025-03-09
25390,20,Paid ads,2025-06-21
25391,12,Paid ads,2025-04-28
25392,1,Influencer,2025-08-02
25393,26,Referral,2025-05-02
25394,12,Paid ads,2025-03-17
25395,12,Influencer,2025-08-04
25396,29,Influencer,2025-05-26
25397,17,Influencer,2025-08-20
25398,29,Organic,2025-09-14
25399,3,Paid ads,2025-10-14
25400,22,Referral,2025-04-15
25401,14,Paid ads,2025-07-18
25402,28,Referral,2025-10-24
25403,21,Organic,2025-10-20
25404,18,Organic,2025-10-17
25405,31,Paid ads,2025-02-15
25406,21,Organic,2025-08-28
25407,30,Referral,2025-06-02
25408,13,Organic,2025-07-15
25409,5,Influencer,2025-11-08
25410,21,Organic,2025-05-16
25412,29,Referral,2025-09-01
25413,21,Influencer,2025-06-09
25416,3,Paid ads,2025-01-30
25417,28,Paid ads,2025-07-12
25418,23,Organic,2025-08-03
25419,30,Organic,2025-11-04
25420,19,Influencer,2025-04-17
25421,32,Paid ads,2025-10-12
25422,26,Organic,2025-10-07
25423,23,Referral,2025-04-28
25424,18,Paid ads,2025-06-21
25425,13,Organic,2025-06-29
25426,17,Paid ads,2025-07-29
25427,27,Organic,2025-07-12
25428,22,Referral,2025-10-24
25429,32,Paid ads,2025-08-29
25430,21,Organic,2025-04-25
25431,14,Organic,2025-08-16
25432,12,Referral,2025-09-20
25433,4,Organic,2025-06-28
25434,12,Organic,2025-12-06
25435,18,Referral,2025-12-06
25436,2,Influencer,2025-06-08
25437,30,Organic,2025-11-04
25439,29,Organic,2025-10-30
25440,19,Organic,2025-08-25
25442,30,Organic,2025-07-24
25443,13,Organic,2025-09-07
25444,15,Organic,2025-10-15
25448,10,Organic,2025-11-02
25449,27,Influencer,2025-06-28
25450,32,Organic,2025-11-20
25451,28,Organic,2025-11-10
25452,24,Organic,2025-10-30
25453,25,Referral,2025-06-06
25454,18,Paid ads,2025-06-27
25455,24,Organic,2025-08-06
25456,11,Organic,2025-08-24
25457,16,Paid ads,2025-03-06
25458,29,Organic,2025-11-30
25459,23,Influencer,2025-07-25
25460,32,Organic,2025-07-17
25461,29,Organic,2025-07-31
25462,23,Paid ads,2025-09-05
25464,19,Paid ads,2025-10-11
25465,24,Referral,2025-11-26
25466,27,Referral,2025-08-31
25468,18,Organic,2025-03-01
25469,16,Paid ads,2025-11-23
25472,29,Organic,2025-12-28
25473,23,Paid ads,2025-05-26
25474,30,Organic,2025-08-09
25475,17,Organic,2025-07-09
25476,30,Organic,2025-11-01
25477,16,Paid ads,2025-10-01
25478,24,Paid ads,2025-07-06
25480,30,Organic,2025-07-03
25481,30,Organic,2025-06-18
25482,16,Organic,2025-09-06
25483,24,Organic,2025-06-20
25484,27,Referral,2025-05-01
25485,21,Organic,2025-03-21
25486,31,Organic,2025-10-19
25487,29,Organic,2025-06-30
25489,21,Paid ads,2025-05-11
25490,13,Organic,2025-07-11
25491,13,Organic,2025-06-09
25493,30,Organic,2025-03-13
25494,23,Organic,2025-06-04
25495,18,Paid ads,2025-04-09
25496,27,Referral,2025-11-28
25500,21,Influencer,2025-07-04
25501,29,Paid ads,2025-11-30
25502,32,Paid ads,2025-08-20
25503,30,Paid ads,2025-11-23
25505,4,Organic,2025-10-04
25507,17,Referral,2025-11-06
25508,32,Paid ads,2025-06-10
25510,27,Organic,2025-06-06
25511,25,Paid ads,2025-07-24
25512,13,Referral,2025-10-01
25513,31,Influencer,2025-07-02
25514,23,Organic,2025-06-14
25515,28,Organic,2025-02-12
25516,22,Organic,2025-05-02
25517,28,Organic,2025-08-17
25518,24,Referral,2025-07-10
25519,23,Organic,2025-06-10
25520,30,Influencer,2025-12-16
25521,32,Influencer,2025-12-18
25522,29,Organic,2025-07-21
25525,26,Paid ads,2025-04-16
25526,29,Paid ads,2025-10-10
25527,18,Paid ads,2025-06-18
25528,32,Referral,2025-05-19
25529,7,Influencer,2025-08-27
25530,30,Organic,2025-04-20
25531,25,Paid ads,2025-02-20
25532,27,Influencer,2025-05-11
25533,26,Referral,2025-12-21
25534,5,Organic,2025-05-17
25535,27,Organic,2025-06-29
25537,6,Organic,2025-11-10
25540,30,Influencer,2025-09-15
25541,14,Organic,2025-08-15
25542,27,Referral,2025-04-20
25543,23,Referral,2025-05-26
25544,31,Paid ads,2025-07-24
25545,32,Referral,2025-04-21
25546,19,Paid ads,2025-08-24
25547,27,Paid ads,2025-02-04
25548,21,Organic,2025-02-14
25550,19,Referral,2025-06-08
25551,28,Paid ads,2025-03-13
25552,21,Paid ads,2025-08-06
25553,31,Paid ads,2025-09-02
25554,22,Paid ads,2025-09-27
25555,29,Referral,2025-09-19
25557,29,Organic,2025-08-11
25558,7,Organic,2025-07-16
25559,28,Referral,2025-06-24
25560,6,Organic,2025-11-10
25562,24,Organic,2025-06-01
25563,13,Paid ads,2025-08-04
25564,31,Referral,2025-07-02
25565,30,Influencer,2025-02-28
25568,8,Organic,2025-05-21
25569,6,Organic,2025-06-20
25570,12,Organic,2025-06-17
25571,14,Organic,2025-11-11
25572,30,Referral,2025-10-05
25573,17,Influencer,2025-07-11
25574,19,Organic,2025-12-18
25575,1,Referral,2025-04-13
25576,7,Referral,2025-08-22
25578,5,Referral,2025-04-03
25579,7,Influencer,2025-07-24
25580,17,Organic,2025-08-09
25581,25,Organic,2025-12-02
25582,19,Organic,2025-06-01
25583,9,Referral,2025-11-08
25586,25,Organic,2025-08-16
25587,19,Referral,2025-03-29
25590,27,Organic,2025-09-22
25591,24,Paid ads,2025-11-05
25592,10,Paid ads,2025-03-31
25593,10,Referral,2025-03-25
25594,13,Organic,2025-03-03
25595,23,Organic,2025-10-03
25596,25,Paid ads,2025-12-09
25597,30,Paid ads,2025-11-24
25599,13,Organic,2025-06-19
25602,12,Organic,2025-10-22
25603,14,Influencer,2025-09-01
25604,9,Organic,2025-09-03
25607,1,Referral,2025-10-23
25609,7,Referral,2025-01-25
25611,20,Organic,2025-12-27
25612,23,Organic,2025-12-08
25613,25,Organic,2025-08-21
25614,20,Organic,2025-04-01
25615,21,Paid ads,2025-04-29
25616,15,Organic,2025-09-26
25617,23,Influencer,2025-06-05
25618,29,Paid ads,2025-06-08
25620,26,Paid ads,2025-09-17
25621,10,Paid ads,2025-04-06
25624,20,Organic,2025-06-28
25625,29,Influencer,2025-10-15
25626,11,Organic,2025-11-29
25627,2,Influencer,2025-03-29
25628,11,Organic,2025-10-27
25629,9,Paid ads,2025-09-14
25630,19,Referral,2025-05-04
25631,12,Referral,2025-10-31
25632,24,Referral,2025-06-12
25633,28,Organic,2025-05-10
25634,28,Influencer,2025-09-20
25635,28,Paid ads,2025-12-14
25636,24,Organic,2025-10-02
25637,24,Influencer,2025-05-01
25638,14,Referral,2025-03-24
25639,28,Paid ads,2025-06-30
25640,9,Organic,2025-06-23
25642,27,Referral,2025-04-02
25643,26,Paid ads,2025-06-13
25644,6,Organic,2025-07-11
25645,12,Referral,2025-05-08
25647,22,Organic,2025-08-02
25648,29,Organic,2025-08-29
25649,7,Referral,2025-08-08
25651,11,Organic,2025-04-23
25652,25,Paid ads,2025-07-20
25653,22,Organic,2025-01-22
25654,30,Referral,2025-09-05
25655,23,Referral,2025-06-19
25656,29,Organic,2025-08-03
25657,26,Referral,2025-04-01
25658,30,Organic,2025-04-09
25659,26,Paid ads,2025-05-07
25661,20,Influencer,2025-11-25
25662,14,Organic,2025-07-16
25663,11,Referral,2025-05-10
25666,11,Organic,2025-05-06
25667,29,Paid ads,2025-07-03
25668,28,Paid ads,2025-07-21
25669,6,Organic,2025-05-07
25671,2,Organic,2025-05-12
25672,31,Organic,2025-05-28
25673,32,Paid ads,2025-04-21
25674,18,Organic,2025-08-28
25675,22,Organic,2025-11-24
25677,31,Paid ads,2025-08-01
25678,20,Organic,2025-11-18
25680,22,Organic,2025-11-29
25681,31,Influencer,2025-09-22
25682,27,Organic,2025-11-12
25685,21,Influencer,2025-04-29
25686,28,Influencer,2025-04-05
25687,11,Referral,2025-06-21
25689,32,Organic,2025-09-30
25690,31,Paid ads,2025-08-16
25691,19,Organic,2025-04-13
25692,10,Paid ads,2025-07-15
25694,13,Paid ads,2025-02-16
25695,30,Referral,2025-05-12
25696,13,Referral,2025-11-09
25697,25,Organic,2025-08-22
25698,14,Referral,2025-03-15
25700,11,Organic,2025-04-29
25701,30,Organic,2025-08-18
25702,26,Organic,2025-10-30
25704,10,Referral,2025-04-28
25708,30,Referral,2025-06-15
25709,29,Organic,2025-04-11
25710,32,Paid ads,2025-11-25
25712,21,Organic,2025-07-18
25713,17,Organic,2025-08-14
25714,30,Influencer,2025-04-07
25715,20,Organic,2025-04-01
25716,20,Referral,2025-06-29
25719,16,Influencer,2025-09-05
25720,9,Organic,2025-11-24
25721,25,Paid ads,2025-10-31
25722,23,Organic,2025-09-17
25723,22,Paid ads,2025-12-16
25724,19,Paid ads,2025-07-08
25725,20,Organic,2025-03-24
25726,32,Referral,2025-05-24
25727,32,Organic,2025-10-29
25728,24,Organic,2025-07-22
25729,5,Referral,2025-06-07
25730,3,Organic,2025-04-10
25731,15,Influencer,2025-06-15
25732,32,Influencer,2025-06-23
25733,15,Organic,2025-03-05
25734,5,Paid ads,2025-08-04
25735,30,Paid ads,2025-02-21
25736,28,Organic,2025-11-25
25737,27,Influencer,2025-04-19
25738,2,Organic,2025-06-04
25739,18,Organic,2025-03-15
25740,25,Influencer,2025-05-25
25741,4,Organic,2025-08-02
25742,31,Organic,2025-05-08
25743,28,Paid ads,2025-11-26
25744,31,Organic,2025-06-12
25745,32,Influencer,2025-11-04
25746,31,Paid ads,2025-05-28
25747,31,Paid ads,2025-04-27
25748,3,Paid ads,2025-03-04
25750,13,Referral,2025-09-22
25751,28,Organic,2025-02-24
25752,24,Referral,2025-08-22
25753,26,Paid ads,2025-09-10
25754,29,Influencer,2025-06-27
25755,27,Influencer,2025-10-19
25756,17,Influencer,2025-04-29
25757,22,Paid ads,2025-10-27
25759,29,Organic,2025-02-28
25760,29,Referral,2025-09-05
25761,11,Organic,2025-04-29
25762,24,Paid ads,2025-09-13
25763,8,Influencer,2025-09-23
25764,23,Influencer,2025-04-07
25766,18,Organic,2025-07-22
25767,30,Paid ads,2025-07-17
25768,15,Paid ads,2025-08-06
25769,32,Organic,2025-08-04
25770,12,Organic,2025-11-04
25771,29,Organic,2025-05-11
25772,29,Paid ads,2025-09-23
25773,21,Paid ads,2025-06-21
25774,26,Referral,2025-06-10
25775,1,Organic,2025-07-29
25776,27,Paid ads,2025-06-09
25777,22,Organic,2025-11-12
25779,21,Referral,2025-03-11
25782,27,Organic,2025-11-14
25783,6,Influencer,2025-07-10
25784,29,Paid ads,2025-03-17
25785,22,Referral,2025-09-26
25787,4,Organic,2025-05-13
25788,30,Organic,2025-12-15
25789,27,Organic,2025-06-11
25790,5,Organic,2025-09-04
25791,31,Paid ads,2025-03-30
25792,22,Paid ads,2025-07-16
25793,27,Organic,2025-05-17
25794,28,Paid ads,2025-08-01
25795,31,Paid ads,2025-02-15
25796,20,Referral,2025-04-10
25797,10,Organic,2025-10-24
25798,3,Referral,2025-12-01
25799,19,Referral,2025-05-25
25800,15,Influencer,2025-08-26
25801,7,Organic,2025-06-01
25802,27,Referral,2025-07-16
25803,11,Organic,2025-06-19
25805,24,Paid ads,2025-03-13
25806,23,Organic,2025-07-06
25807,24,Organic,2025-08-01
25808,20,Organic,2025-12-21
25809,23,Organic,2025-06-21
25810,11,Paid ads,2025-11-24
25811,15,Paid ads,2025-07-22
25812,17,Influencer,2025-06-19
25815,23,Referral,2025-07-31
25816,11,Organic,2025-10-26
25817,12,Organic,2025-09-18
25818,26,Paid ads,2025-10-31
25819,13,Organic,2025-10-22
25821,32,Paid ads,2025-09-01
25823,32,Organic,2025-07-04
25824,16,Referral,2025-05-03
25825,16,Influencer,2025-03-02
25826,15,Influencer,2025-04-18
25827,27,Referral,2025-05-22
25828,27,Referral,2025-05-05
25829,13,Organic,2025-12-03
25830,3,Paid ads,2025-09-18
25831,30,Paid ads,2025-06-01
25832,30,Referral,2025-07-18
25833,18,Organic,2025-05-20
25834,14,Paid ads,2025-06-19
25835,19,Organic,2025-09-21
25836,8,Paid ads,2025-10-18
25837,12,Influencer,2025-10-27
25839,17,Paid ads,2025-08-07
25840,30,Organic,2025-11-15
25841,15,Influencer,2025-08-20
25842,31,Organic,2025-04-29
25843,11,Organic,2025-10-07
25844,4,Influencer,2025-07-05
25845,10,Referral,2025-03-19
25846,25,Organic,2025-08-23
25847,21,Organic,2025-05-14
25848,26,Referral,2025-06-23
25849,10,Influencer,2025-11-17
25850,23,Referral,2025-05-24
25851,31,Organic,2025-10-11
25853,6,Referral,2025-06-14
25854,29,Organic,2025-08-26
25856,28,Organic,2025-08-14
25857,24,Organic,2025-06-15
25859,30,Paid ads,2025-08-27
25860,15,Referral,2025-05-10
25861,8,Organic,2025-09-05
25862,17,Paid ads,2025-08-13
25863,22,Influencer,2025-06-09
25864,30,Paid ads,2025-12-25
25865,10,Influencer,2025-08-05
25866,11,Influencer,2025-10-21
25867,26,Paid ads,2025-03-24
25868,26,Influencer,2025-04-16
25869,16,Referral,2025-05-01
25873,21,Organic,2025-05-18
25874,30,Paid ads,2025-06-06
25875,15,Referral,2025-03-29
25876,1,Paid ads,2025-09-22
25877,32,Influencer,2025-04-22
25878,32,Paid ads,2025-08-20
25879,24,Organic,2025-09-20
25880,25,Referral,2025-10-08
25881,24,Organic,2025-08-22
25882,30,Paid ads,2025-07-29
25883,28,Referral,2025-11-08
25884,7,Influencer,2025-09-02
25885,10,Organic,2025-04-10
25886,28,Influencer,2025-09-22
25887,32,Paid ads,2025-08-13
25888,31,Organic,2025-05-08
25891,26,Organic,2025-07-04
25892,32,Organic,2025-05-17
25893,1,Organic,2025-07-26
25894,26,Paid ads,2025-05-02
25895,25,Influencer,2025-05-30
25896,15,Influencer,2025-10-28
25897,24,Paid ads,2025-06-05
25898,29,Influencer,2025-09-12
25899,11,Organic,2025-05-17
25900,12,Referral,2025-03-22
25901,10,Paid ads,2025-06-28
25902,29,Organic,2025-03-04
25903,26,Organic,2025-06-18
25908,21,Paid ads,2025-10-15
25909,25,Paid ads,2025-10-06
25910,20,Organic,2025-04-24
25911,25,Paid ads,2025-07-24
25912,27,Influencer,2025-11-12
25913,21,Influencer,2025-09-04
25914,16,Organic,2025-10-30
25915,30,Paid ads,2025-07-30
25916,24,Organic,2025-04-20
25918,26,Organic,2025-10-13
25919,27,Organic,2025-10-13
25920,10,Organic,2025-09-03
25922,5,Paid ads,2025-06-06
25923,21,Organic,2025-08-06
25924,13,Paid ads,2025-07-23
25925,25,Paid ads,2025-06-03
25926,21,Organic,2025-04-17
25927,30,Influencer,2025-05-18
25929,26,Paid ads,2025-08-15
25930,21,Organic,2025-10-19
25931,13,Referral,2025-08-05
25932,28,Organic,2025-11-27
25933,13,Referral,2025-11-26
25934,23,Organic,2025-06-30
25935,21,Paid ads,2025-09-06
25936,32,Referral,2025-06-21
25937,11,Influencer,2025-04-11
25938,10,Organic,2025-05-15
25940,20,Organic,2025-06-06
25941,23,Organic,2025-09-26
25943,19,Organic,2025-04-09
25944,9,Referral,2025-07-31
25945,12,Influencer,2025-06-27
25946,4,Paid ads,2025-05-19
25948,10,Organic,2025-07-06
25949,9,Organic,2025-09-14
25950,16,Paid ads,2025-10-26
25951,30,Paid ads,2025-05-15
25955,8,Organic,2025-04-24
25957,22,Organic,2025-09-11
25958,21,Organic,2025-03-06
25959,15,Organic,2025-09-27
25960,23,Paid ads,2025-05-25
25961,32,Organic,2025-05-25
25962,11,Organic,2025-06-16
25963,21,Paid ads,2025-04-18
25964,21,Organic,2025-09-15
25966,29,Referral,2025-06-26
25968,31,Organic,2025-10-14
25969,13,Organic,2025-09-03
25972,25,Organic,2025-07-26
25973,10,Referral,2025-12-06
25975,32,Organic,2025-05-10
25976,12,Paid ads,2025-10-26
25977,1,Paid ads,2025-05-14
25978,26,Paid ads,2025-05-23
25980,25,Organic,2025-04-06
25981,31,Organic,2025-08-18
25982,21,Paid ads,2025-05-11
25983,22,Influencer,2025-09-30
25984,17,Organic,2025-05-09
25987,30,Organic,2025-06-23
25988,8,Organic,2025-08-26
25989,32,Organic,2025-03-06
25991,24,Influencer,2025-05-22
25992,12,Referral,2025-08-31
25993,28,Organic,2025-04-01
25994,23,Paid ads,2025-03-29
25995,12,Organic,2025-07-17
25996,22,Organic,2025-10-04
25997,19,Referral,2025-12-08
25998,4,Referral,2025-05-04
25999,26,Influencer,2025-10-08
26000,14,Influencer,2025-09-28
26002,17,Paid ads,2025-04-19
26003,32,Organic,2025-08-30
26004,21,Organic,2025-09-19
26005,8,Organic,2025-09-11
26006,10,Organic,2025-07-22
26007,31,Organic,2025-06-07
26008,21,Organic,2025-09-19
26009,9,Influencer,2025-09-23
26010,6,Referral,2025-07-11
26011,32,Organic,2025-04-30
26012,4,Organic,2025-05-31
26013,27,Referral,2025-08-24
26014,30,Organic,2025-08-22
26015,28,Influencer,2025-05-07
26018,22,Organic,2025-02-21
26019,21,Referral,2025-06-18
26020,30,Organic,2025-11-03
26021,12,Paid ads,2025-10-16
26022,22,Organic,2025-05-27
26024,12,Organic,2025-08-17
26025,29,Referral,2025-07-11
26027,28,Paid ads,2025-06-18
26028,25,Paid ads,2025-12-25
26029,31,Organic,2025-06-02
26031,12,Organic,2025-07-11
26032,11,Paid ads,2025-09-29
26033,5,Organic,2025-08-05
26034,26,Paid ads,2025-06-18
26035,20,Referral,2025-10-09
26036,21,Influencer,2025-12-19
26037,24,Organic,2025-08-24
26039,3,Organic,2025-08-05
26040,23,Paid ads,2025-09-30
26041,12,Organic,2025-06-23
26042,9,Organic,2025-04-29
26043,2,Paid ads,2025-11-06
26045,29,Organic,2025-04-13
26046,29,Paid ads,2025-08-23
26048,18,Organic,2025-07-19
26049,26,Influencer,2025-04-04
26050,19,Organic,2025-10-25
26051,13,Organic,2025-07-28
26052,25,Organic,2025-10-06
26053,27,Paid ads,2025-09-12
26054,26,Organic,2025-08-19
26055,26,Organic,2025-05-14
26057,22,Paid ads,2025-05-01
26059,6,Referral,2025-05-18
26060,10,Organic,2025-03-04
26061,7,Referral,2025-04-01
26062,31,Organic,2025-11-09
26063,9,Organic,2025-02-22
26064,24,Paid ads,2025-04-18
26065,17,Influencer,2025-10-06
26067,25,Organic,2025-05-02
26068,32,Paid ads,2025-06-08
26069,32,Organic,2025-06-30
26070,31,Organic,2025-06-21
26071,15,Organic,2025-11-05
26073,9,Influencer,2025-11-15
26074,27,Referral,2025-09-15
26075,11,Organic,2025-11-24
26077,3,Paid ads,2025-10-03
26078,24,Influencer,2025-06-10
26080,22,Organic,2025-11-20
26081,27,Organic,2025-06-01
26082,29,Influencer,2025-06-25
26083,29,Organic,2025-09-03
26084,1,Organic,2025-06-25
26085,12,Organic,2025-03-29
26087,32,Referral,2025-08-28
26088,9,Paid ads,2025-03-26
26089,11,Paid ads,2025-08-30
26090,6,Referral,2025-09-29
26091,32,Organic,2025-05-21
26092,2,Organic,2025-05-23
26093,21,Organic,2025-07-23
26094,25,Organic,2025-06-29
26097,25,Referral,2025-11-23
26098,15,Organic,2025-02-07
26099,1,Organic,2025-07-09
26100,16,Organic,2025-06-07
26102,16,Organic,2025-06-07
26103,12,Referral,2025-02-24
26104,7,Organic,2025-06-27
26105,1,Organic,2025-09-17
26106,10,Organic,2025-10-15
26107,11,Paid ads,2025-10-26
26108,15,Paid ads,2025-10-19
26109,28,Organic,2025-08-05
26110,27,Organic,2025-10-22
26111,16,Organic,2025-08-22
26112,22,Paid ads,2025-09-20
26113,24,Organic,2025-05-01
26114,20,Influencer,2025-05-05
26115,22,Organic,2025-08-12
26116,16,Paid ads,2025-06-21
26122,26,Organic,2025-10-18
26123,24,Organic,2025-06-17
26125,29,Paid ads,2025-01-27
26126,4,Organic,2025-06-28
26127,14,Paid ads,2025-11-22
26128,27,Influencer,2025-02-28
26129,11,Organic,2025-05-24
26130,3,Influencer,2025-06-27
26133,21,Organic,2025-11-16
26134,30,Organic,2025-05-13
26135,30,Organic,2025-11-27
26137,20,Organic,2025-07-18
26140,13,Influencer,2025-12-21
26141,32,Influencer,2025-10-05
26142,28,Paid ads,2025-05-28
26143,5,Organic,2025-06-03
26144,13,Paid ads,2025-10-30
26145,5,Organic,2025-10-14
26146,1,Influencer,2025-08-10
26147,20,Paid ads,2025-09-18
26148,28,Referral,2025-10-02
26150,10,Paid ads,2025-10-13
26151,1,Influencer,2025-05-18
26152,30,Influencer,2025-05-13
26153,32,Referral,2025-10-05
26154,31,Referral,2025-06-02
26155,28,Organic,2025-09-16
26156,26,Paid ads,2025-03-26
26157,7,Influencer,2025-09-23
26158,26,Organic,2025-06-12
26160,25,Referral,2025-11-14
26161,31,Organic,2025-10-03
26163,10,Paid ads,2025-05-02
26164,16,Paid ads,2025-08-20
26165,22,Organic,2025-04-20
26166,20,Organic,2025-05-17
26167,23,Paid ads,2025-03-28
26169,26,Paid ads,2025-12-11
26170,30,Paid ads,2025-09-25
26171,27,Organic,2025-04-03
26172,23,Organic,2025-07-09
26173,22,Organic,2025-12-24
26174,16,Paid ads,2025-08-10
26175,23,Referral,2025-07-08
26176,23,Organic,2025-07-08
26180,15,Influencer,2025-08-03
26181,22,Organic,2025-07-17
26182,12,Paid ads,2025-04-25
26183,1,Influencer,2025-08-03
26184,11,Influencer,2025-12-08
26185,25,Organic,2025-11-12
26186,2,Influencer,2025-04-19
26187,31,Influencer,2025-03-24
26188,27,Organic,2025-06-29
26189,21,Organic,2025-08-10
26190,24,Referral,2025-07-19
26192,6,Paid ads,2025-08-25
26193,25,Organic,2025-04-25
26194,27,Organic,2025-08-04
26198,18,Paid ads,2025-03-27
26200,2,Paid ads,2025-07-22
26201,16,Referral,2025-09-24
26202,27,Organic,2025-07-23
26203,26,Organic,2025-07-20
26205,10,Referral,2025-07-25
26206,25,Referral,2025-12-15
26207,27,Organic,2025-10-07
26208,22,Referral,2025-04-18
26210,8,Paid ads,2025-10-15
26212,22,Organic,2025-01-21
26214,12,Paid ads,2025-04-01
26215,24,Organic,2025-06-15
26216,17,Organic,2025-02-10
26218,20,Organic,2025-05-19
26219,30,Paid ads,2025-05-27
26220,16,Organic,2025-09-20
26223,4,Paid ads,2025-09-15
26224,25,Organic,2025-08-26
26225,8,Influencer,2025-08-15
26226,18,Referral,2025-05-24
26227,32,Paid ads,2025-09-05
26229,23,Paid ads,2025-05-06
26230,12,Organic,2025-11-17
26231,32,Organic,2025-04-15
26232,25,Referral,2025-05-27
26233,19,Influencer,2025-03-21
26234,25,Paid ads,2025-05-25
26235,22,Influencer,2025-08-27
26238,20,Influencer,2025-10-25
26239,17,Paid ads,2025-06-19
26241,10,Organic,2025-05-26
26242,28,Paid ads,2025-10-12
26243,4,Organic,2025-03-17
26244,17,Referral,2025-05-17
26245,15,Organic,2025-09-01
26246,8,Influencer,2025-04-10
26248,27,Paid ads,2025-07-03
26249,24,Paid ads,2025-07-31
26250,21,Paid ads,2025-10-14
26251,24,Paid ads,2025-11-21
26252,9,Influencer,2025-02-28
26253,32,Organic,2025-07-26
26254,1,Organic,2025-09-14
26255,13,Paid ads,2025-10-09
26256,15,Influencer,2025-06-21
26257,25,Organic,2025-10-06
26259,10,Influencer,2025-07-30
26261,16,Paid ads,2025-08-06
26262,16,Referral,2025-12-04
26263,5,Referral,2025-09-30
26264,23,Organic,2025-07-23
26265,29,Influencer,2025-03-11
26266,26,Paid ads,2025-05-16
26267,24,Organic,2025-05-02
26268,24,Organic,2025-10-26
26269,7,Organic,2025-08-04
26270,18,Organic,2025-11-19
26271,27,Referral,2025-10-06
26272,32,Paid ads,2025-04-22
26273,14,Organic,2025-09-29
26274,11,Paid ads,2025-04-24
26275,30,Organic,2025-11-14
26276,27,Organic,2025-07-18
26277,10,Organic,2025-05-03
26278,11,Influencer,2025-07-08
26280,3,Paid ads,2025-05-14
26281,29,Organic,2025-05-22
26282,8,Organic,2025-07-15
26283,23,Organic,2025-05-26
26284,31,Referral,2025-08-21
26285,27,Paid ads,2025-04-29
26286,22,Organic,2025-09-16
26287,24,Organic,2025-06-14
26288,26,Organic,2025-09-25
26289,32,Organic,2025-05-27
26291,28,Paid ads,2025-09-27
26292,21,Organic,2025-04-28
26293,27,Influencer,2025-06-17
26295,24,Influencer,2025-11-28
26296,30,Organic,2025-04-06
26297,20,Organic,2025-09-03
26298,21,Influencer,2025-11-26
26299,4,Organic,2025-03-13
26301,21,Organic,2025-11-07
26302,27,Influencer,2025-08-22
26304,25,Paid ads,2025-05-10
26305,25,Paid ads,2025-08-16
26306,28,Paid ads,2025-05-14
26307,25,Organic,2025-04-25
26308,31,Organic,2025-08-01
26311,26,Organic,2025-06-03
26314,25,Paid ads,2025-04-13
26315,29,Organic,2025-04-21
26316,21,Paid ads,2025-09-07
26317,15,Paid ads,2025-10-08
26318,25,Paid ads,2025-05-08
26319,11,Organic,2025-09-02
26320,17,Organic,2025-05-01
26321,9,Organic,2025-07-25
26322,28,Referral,2025-06-03
26323,10,Paid ads,2025-04-01
26324,25,Referral,2025-04-16
26325,24,Organic,2025-11-29
26326,26,Referral,2025-12-26
26327,16,Organic,2025-09-26
26328,15,Referral,2025-08-20
26329,27,Organic,2025-07-31
26330,26,Organic,2025-09-18
26331,16,Paid ads,2025-03-01
26332,30,Organic,2025-11-19
26333,17,Referral,2025-07-20
26334,19,Organic,2025-09-06
26335,27,Referral,2025-10-09
26336,9,Influencer,2025-10-13
26337,18,Paid ads,2025-07-10
26338,1,Paid ads,2025-09-11
26341,31,Paid ads,2025-05-29
26344,2,Organic,2025-08-21
26346,14,Paid ads,2025-06-11
26348,14,Influencer,2025-04-27
26349,5,Organic,2025-08-10
26350,15,Referral,2025-07-12
26351,15,Referral,2025-11-30
26352,23,Influencer,2025-04-11
26353,31,Organic,2025-04-23
26354,3,Referral,2025-02-21
26355,27,Paid ads,2025-10-16
26356,7,Organic,2025-07-26
26357,8,Paid ads,2025-05-10
26358,28,Paid ads,2025-11-21
26359,12,Organic,2025-08-10
26360,9,Paid ads,2025-08-02
26361,17,Organic,2025-07-30
26362,31,Paid ads,2025-11-08
26363,27,Paid ads,2025-08-28
26364,30,Organic,2025-04-11
26366,19,Paid ads,2025-05-01
26367,19,Organic,2025-05-08
26368,24,Organic,2025-10-27
26370,19,Paid ads,2025-07-05
26371,11,Referral,2025-11-17
26372,19,Paid ads,2025-05-20
26373,23,Organic,2025-11-18
26374,30,Paid ads,2025-06-13
26375,7,Organic,2025-10-12
26376,31,Organic,2025-02-18
26377,16,Organic,2025-08-28
26378,15,Paid ads,2025-06-01
26380,32,Organic,2025-09-14
26383,30,Paid ads,2025-10-02
26385,31,Influencer,2025-05-16
26386,10,Referral,2025-06-22
26388,30,Organic,2025-06-08
26389,32,Paid ads,2025-10-26
26390,6,Referral,2025-08-22
26391,31,Organic,2025-06-19
26392,29,Paid ads,2025-06-22
26394,6,Referral,2025-03-01
26395,25,Organic,2025-11-24
26396,19,Referral,2025-10-28
26398,4,Paid ads,2025-03-29
26399,23,Organic,2025-05-26
26400,19,Organic,2025-06-26
26401,22,Paid ads,2025-09-03
26402,26,Referral,2025-07-10
26403,6,Paid ads,2025-04-06
26404,18,Paid ads,2025-07-25
26405,18,Paid ads,2025-05-28
26406,21,Paid ads,2025-06-14
26407,23,Referral,2025-10-10
26408,10,Referral,2025-10-09
26413,21,Organic,2025-06-04
26414,30,Organic,2025-08-26
26415,24,Organic,2025-06-29
26416,1,Organic,2025-08-30
26417,31,Referral,2025-03-18
26418,24,Paid ads,2025-11-27
26419,19,Influencer,2025-07-01
26420,28,Organic,2025-05-24
26421,2,Organic,2025-04-23
26422,4,Organic,2025-10-02
26423,24,Organic,2025-07-12
26424,17,Organic,2025-07-14
26425,27,Influencer,2025-08-02
26427,25,Organic,2025-06-24
26431,24,Organic,2025-07-29
26432,22,Referral,2025-10-22
26433,29,Influencer,2025-09-05
26434,25,Influencer,2025-09-12
26435,26,Paid ads,2025-12-22
26436,18,Organic,2025-11-01
26440,9,Referral,2025-07-12
26441,26,Paid ads,2025-08-30
26442,22,Referral,2025-12-18
26443,28,Paid ads,2025-11-26
26444,25,Organic,2025-05-01
26446,28,Organic,2025-05-21
26447,21,Organic,2025-10-11
26448,14,Paid ads,2025-09-26
26449,7,Paid ads,2025-06-06
26450,22,Organic,2025-06-20
26451,5,Organic,2025-11-15
26452,31,Organic,2025-06-13
26453,29,Influencer,2025-05-31
26455,12,Organic,2025-07-25
26456,22,Referral,2025-07-13
26457,27,Paid ads,2025-04-15
26458,29,Organic,2025-12-18
26459,14,Organic,2025-04-11
26462,14,Paid ads,2025-07-24
26463,15,Referral,2025-11-11
26464,30,Organic,2025-04-04
26465,32,Organic,2025-05-11
26466,13,Paid ads,2025-02-25
26467,18,Referral,2025-08-25
26468,31,Organic,2025-11-06
26469,22,Influencer,2025-04-06
26470,25,Referral,2025-08-19
26471,10,Organic,2025-07-05
26472,17,Referral,2025-07-20
26473,22,Organic,2025-05-08
26474,22,Organic,2025-05-22
26475,32,Influencer,2025-06-08
26476,15,Organic,2025-09-06
26477,8,Organic,2025-05-14
26478,25,Organic,2025-09-16
26479,32,Paid ads,2025-09-25
26480,32,Influencer,2025-12-21
26482,8,Paid ads,2025-02-23
26484,26,Referral,2025-06-29
26485,13,Referral,2025-02-28
26486,11,Paid ads,2025-06-03
26487,12,Organic,2025-04-30
26488,27,Organic,2025-05-29
26489,16,Organic,2025-08-11
26490,10,Paid ads,2025-07-12
26491,11,Organic,2025-10-02
26492,22,Organic,2025-08-23
26493,14,Organic,2025-07-14
26495,28,Referral,2025-07-03
26496,16,Paid ads,2025-10-11
26497,31,Referral,2025-09-28
26498,1,Organic,2025-07-22
26500,23,Organic,2025-08-04
26501,13,Organic,2025-11-17
26503,25,Paid ads,2025-09-06
26504,18,Organic,2025-12-03
26505,28,Paid ads,2025-05-08
26506,29,Paid ads,2025-04-17
26508,11,Influencer,2025-11-18
26510,23,Organic,2025-05-25
26511,23,Influencer,2025-08-12
26513,18,Paid ads,2025-10-09
26514,30,Paid ads,2025-10-16
26515,4,Organic,2025-05-31
26517,28,Organic,2025-11-18
26518,15,Paid ads,2025-04-15
26519,12,Paid ads,2025-08-07
26521,22,Paid ads,2025-04-23
26523,20,Paid ads,2025-07-19
26525,16,Paid ads,2025-09-12
26526,18,Referral,2025-07-02
26527,6,Influencer,2025-10-15
26529,14,Paid ads,2025-06-20
26530,3,Referral,2025-06-29
26531,18,Organic,2025-06-14
26532,21,Paid ads,2025-11-10
26533,8,Influencer,2025-10-14
26534,27,Referral,2025-09-12
26535,24,Organic,2025-08-09
26536,26,Organic,2025-03-24
26537,18,Organic,2025-04-10
26538,28,Influencer,2025-07-03
26539,12,Organic,2025-04-28
26541,26,Paid ads,2025-10-30
26542,30,Influencer,2025-04-11
26543,30,Paid ads,2025-07-31
26544,28,Organic,2025-03-02
26545,27,Influencer,2025-07-13
26546,27,Organic,2025-08-09
26547,23,Organic,2025-09-07
26548,26,Referral,2025-05-06
26549,9,Referral,2025-09-26
26551,9,Paid ads,2025-03-20
26552,32,Referral,2025-08-27
26553,24,Organic,2025-02-16
26554,15,Organic,2025-03-14
26555,29,Organic,2025-09-20
26556,12,Organic,2025-07-07
26557,23,Organic,2025-05-14
26558,4,Referral,2025-07-13
26559,22,Paid ads,2025-10-24
26560,32,Paid ads,2025-11-14
26562,15,Referral,2025-08-29
26564,7,Organic,2025-05-07
26566,28,Organic,2025-04-21
26567,24,Organic,2025-07-08
26568,24,Organic,2025-07-10
26569,30,Organic,2025-06-05
26570,12,Referral,2025-09-21
26571,24,Referral,2025-08-09
26572,4,Paid ads,2025-09-27
26573,21,Organic,2025-07-15
26575,30,Organic,2025-10-16
26576,30,Paid ads,2025-08-16
26577,28,Referral,2025-05-28
26578,30,Influencer,2025-10-04
26579,16,Paid ads,2025-11-25
26580,13,Organic,2025-07-02
26581,30,Organic,2025-08-03
26583,26,Organic,2025-07-14
26584,18,Paid ads,2025-07-04
26585,1,Influencer,2025-08-29
26586,30,Influencer,2025-04-28
26587,29,Paid ads,2025-04-23
26588,3,Paid ads,2025-11-12
26589,10,Organic,2025-11-03
26590,6,Organic,2025-10-03
26591,16,Organic,2025-11-11
26592,27,Paid ads,2025-05-21
26594,22,Organic,2025-12-07
26595,4,Influencer,2025-11-26
26596,30,Organic,2025-06-02
26597,21,Paid ads,2025-11-06
26599,27,Organic,2025-10-20
26600,10,Paid ads,2025-10-08
26601,27,Organic,2025-06-10
26602,3,Organic,2025-03-05
26603,10,Paid ads,2025-09-19
26604,1,Organic,2025-04-11
26605,32,Organic,2025-04-13
26606,23,Paid ads,2025-06-13
26607,18,Organic,2025-11-01
26608,19,Paid ads,2025-05-11
26610,9,Organic,2025-06-12
26611,11,Organic,2025-10-19
26612,6,Paid ads,2025-06-12
26613,17,Organic,2025-07-10
26614,29,Referral,2025-10-19
26616,5,Organic,2025-08-02
26617,31,Organic,2025-06-11
26619,27,Referral,2025-11-09
26620,6,Influencer,2025-11-11
26621,18,Organic,2025-03-08
26622,31,Paid ads,2025-11-27
26624,15,Organic,2025-04-27
26625,29,Organic,2025-06-13
26627,27,Organic,2025-09-23
26629,24,Referral,2025-11-09
26630,21,Organic,2025-11-12
26632,30,Organic,2025-10-17
26633,21,Organic,2025-11-07
26634,2,Paid ads,2025-04-12
26636,26,Influencer,2025-12-15
26637,14,Organic,2025-09-16
26638,14,Influencer,2025-02-28
26639,24,Organic,2025-10-31
26640,17,Organic,2025-07-13
26642,30,Referral,2025-04-09
26643,3,Influencer,2025-06-11
26644,2,Paid ads,2025-05-15
26646,8,Influencer,2025-06-17
26647,18,Organic,2025-09-18
26648,9,Referral,2025-04-18
26651,13,Paid ads,2025-10-08
26652,31,Organic,2025-10-14
26653,28,Organic,2025-07-18
26654,4,Organic,2025-09-03
26655,16,Organic,2025-06-22
26656,6,Organic,2025-10-08
26658,6,Influencer,2025-06-06
26659,26,Organic,2025-07-25
26661,23,Organic,2025-08-10
26662,25,Referral,2025-09-18
26663,20,Influencer,2025-08-29
26664,16,Organic,2025-08-22
26665,5,Organic,2025-06-13
26667,9,Referral,2025-08-30
26668,23,Paid ads,2025-12-11
26669,27,Paid ads,2025-05-01
26670,28,Organic,2025-02-22
26671,30,Referral,2025-06-21
26672,11,Organic,2025-07-02
26673,19,Referral,2025-10-16
26675,28,Influencer,2025-04-01
26676,16,Organic,2025-05-01
26677,22,Organic,2025-04-02
26678,31,Paid ads,2025-08-13
26679,14,Organic,2025-04-03
26680,32,Influencer,2025-07-06
26682,31,Paid ads,2025-08-15
26683,23,Organic,2025-06-08
26684,24,Paid ads,2025-07-01
26685,21,Organic,2025-03-05
26687,9,Organic,2025-11-03
26688,30,Paid ads,2025-07-15
26689,23,Paid ads,2025-12-27
26691,20,Organic,2025-11-24
26693,24,Organic,2025-12-28
26694,26,Organic,2025-07-12
26695,18,Influencer,2025-07-21
26696,25,Organic,2025-05-09
26697,22,Organic,2025-05-21
26698,22,Paid ads,2025-10-19
26699,27,Organic,2025-09-30
26700,20,Paid ads,2025-06-27
26701,15,Referral,2025-11-04
26702,32,Referral,2025-10-12
26703,23,Paid ads,2025-09-04
26704,32,Influencer,2025-05-14
26707,22,Organic,2025-06-23
26708,10,Paid ads,2025-07-12
26709,14,Organic,2025-06-12
26710,29,Organic,2025-12-02
26711,32,Paid ads,2025-08-16
26712,11,Organic,2025-07-14
26713,6,Organic,2025-09-14
26715,24,Organic,2025-08-06
26718,20,Paid ads,2025-08-22
26719,5,Organic,2025-07-09
26720,31,Paid ads,2025-04-27
26721,16,Organic,2025-09-07
26723,22,Organic,2025-08-28
26724,14,Organic,2025-09-12
26725,9,Paid ads,2025-09-06
26726,28,Organic,2025-04-13
26727,26,Paid ads,2025-05-18
26728,6,Organic,2025-08-28
26729,23,Organic,2025-06-12
26730,10,Referral,2025-05-09
26731,2,Organic,2025-05-26
26732,16,Organic,2025-10-03
26733,9,Organic,2025-07-08
26734,17,Influencer,2025-11-18
26738,24,Influencer,2025-10-04
26739,31,Paid ads,2025-08-24
26740,21,Referral,2025-11-15
26742,11,Organic,2025-05-12
26744,4,Organic,2025-07-12
26745,1,Organic,2025-11-03
26746,5,Organic,2025-06-10
26748,28,Organic,2025-04-03
26751,12,Paid ads,2025-09-30
26752,25,Organic,2025-11-22
26754,25,Organic,2025-11-08
26755,13,Paid ads,2025-10-07
26756,29,Paid ads,2025-10-01
26757,5,Organic,2025-05-29
26759,13,Organic,2025-05-20
26760,25,Organic,2025-08-10
26761,8,Organic,2025-09-16
26762,22,Organic,2025-09-13
26764,29,Referral,2025-03-23
26765,11,Organic,2025-07-13
26767,26,Referral,2025-08-16
26768,19,Paid ads,2025-09-30
26769,4,Influencer,2025-08-11
26770,29,Organic,2025-09-18
26771,11,Paid ads,2025-07-25
26772,7,Paid ads,2025-09-20
26773,26,Influencer,2025-08-15
26774,29,Influencer,2025-11-08
26775,18,Paid ads,2025-08-23
26776,20,Influencer,2025-08-17
26777,14,Organic,2025-11-21
26779,28,Referral,2025-08-13
26780,1,Organic,2025-12-28
26781,1,Referral,2025-06-05
26782,22,Paid ads,2025-03-07
26783,21,Paid ads,2025-10-05
26786,30,Organic,2025-05-09
26789,11,Organic,2025-09-06
26790,12,Organic,2025-06-06
26791,13,Organic,2025-03-09
26792,24,Organic,2025-09-28
26793,22,Organic,2025-06-13
26794,3,Paid ads,2025-06-11
26795,7,Organic,2025-02-06
26796,31,Paid ads,2025-07-09
26797,22,Paid ads,2025-04-22
26798,25,Paid ads,2025-09-10
26799,25,Organic,2025-07-30
26801,16,Referral,2025-11-19
26802,32,Paid ads,2025-04-30
26803,16,Influencer,2025-06-20
26805,4,Influencer,2025-09-03
26806,28,Paid ads,2025-10-15
26807,25,Referral,2025-08-21
26809,27,Organic,2025-06-02
26810,3,Referral,2025-10-22
26811,9,Referral,2025-03-17
26812,31,Organic,2025-03-20
26813,32,Paid ads,2025-06-23
26815,8,Organic,2025-10-01
26816,24,Organic,2025-04-05
26817,18,Organic,2025-10-21
26818,27,Organic,2025-05-14
26819,25,Paid ads,2025-05-21
26820,19,Organic,2025-02-26
26821,2,Organic,2025-10-24
26822,21,Organic,2025-09-20
26824,31,Organic,2025-05-10
26825,26,Organic,2025-05-28
26827,10,Paid ads,2025-03-27
26828,30,Organic,2025-09-28
26830,21,Paid ads,2025-06-18
26832,24,Organic,2025-07-20
26834,16,Organic,2025-12-15
26835,32,Organic,2025-08-13
26838,5,Referral,2025-10-12
26839,6,Organic,2025-10-26
26840,14,Organic,2025-11-05
26842,26,Organic,2025-05-27
26843,24,Organic,2025-06-27
26844,20,Paid ads,2025-12-04
26845,29,Paid ads,2025-07-25
26846,21,Referral,2025-07-05
26847,24,Organic,2025-08-07
26848,23,Organic,2025-06-28
26850,22,Organic,2025-10-28
26851,18,Influencer,2025-08-07
26852,31,Organic,2025-08-05
26853,16,Organic,2025-02-05
26854,26,Paid ads,2025-04-04
26855,32,Paid ads,2025-06-30
26856,23,Organic,2025-03-10
26857,32,Organic,2025-04-20
26858,27,Influencer,2025-11-28
26859,22,Influencer,2025-04-01
26860,7,Organic,2025-12-15
26862,23,Organic,2025-04-28
26863,26,Influencer,2025-08-19
26864,13,Organic,2025-07-26
26865,14,Referral,2025-04-09
26866,29,Paid ads,2025-09-19
26867,30,Organic,2025-09-27
26868,32,Influencer,2025-05-13
26869,4,Organic,2025-06-05
26870,14,Referral,2025-08-29
26872,10,Paid ads,2025-07-13
26873,9,Referral,2025-06-05
26874,31,Referral,2025-09-21
26875,27,Organic,2025-11-29
26877,17,Organic,2025-08-05
26878,21,Organic,2025-01-17
26879,22,Paid ads,2025-10-28
26880,9,Organic,2025-07-15
26881,14,Organic,2025-03-27
26883,10,Organic,2025-05-07
26885,22,Referral,2025-08-24
26886,14,Organic,2025-02-17
26887,30,Paid ads,2025-06-22
26888,27,Organic,2025-07-31
26889,25,Influencer,2025-11-17
26890,13,Organic,2025-05-18
26891,9,Organic,2025-06-21
26892,26,Organic,2025-05-12
26893,12,Paid ads,2025-05-16
26894,29,Organic,2025-06-05
26895,32,Organic,2025-07-09
26897,27,Paid ads,2025-04-28
26898,23,Organic,2025-05-19
26899,25,Referral,2025-05-23
26900,24,Organic,2025-06-01
26901,9,Referral,2025-10-30
26902,13,Influencer,2025-03-20
26905,29,Organic,2025-07-21
26906,29,Organic,2025-07-22
26907,9,Paid ads,2025-08-10
26908,21,Organic,2025-10-26
26909,21,Organic,2025-11-06
26910,32,Paid ads,2025-09-20
26911,26,Organic,2025-06-20
26912,32,Organic,2025-11-17
26913,22,Organic,2025-05-27
26914,25,Paid ads,2025-11-25
26916,12,Paid ads,2025-10-20
26917,27,Influencer,2025-07-24
26918,23,Organic,2025-10-02
26920,24,Organic,2025-10-31
26921,15,Organic,2025-07-29
26922,14,Paid ads,2025-11-12
26924,26,Organic,2025-07-17
26925,25,Organic,2025-09-19
26927,29,Referral,2025-08-25
26928,3,Influencer,2025-06-22
26929,23,Organic,2025-04-26
26930,24,Organic,2025-06-14
26931,26,Organic,2025-11-08
26932,20,Paid ads,2025-10-19
26933,24,Organic,2025-07-09
26934,19,Referral,2025-07-13
26935,15,Organic,2025-08-22
26936,9,Influencer,2025-07-03
26937,18,Influencer,2025-07-17
26939,23,Referral,2025-07-12
26940,26,Organic,2025-04-26
26941,26,Paid ads,2025-10-17
26944,18,Organic,2025-08-10
26945,19,Organic,2025-08-09
26947,14,Influencer,2025-07-21
26948,1,Organic,2025-11-18
26949,14,Paid ads,2025-07-18
26950,11,Organic,2025-08-30
26951,9,Influencer,2025-07-18
26954,7,Organic,2025-08-28
26955,27,Influencer,2025-10-10
26956,26,Organic,2025-04-18
26957,17,Organic,2025-06-21
26959,9,Paid ads,2025-06-26
26962,27,Influencer,2025-07-15
26964,19,Organic,2025-12-26
26965,24,Organic,2025-07-13
26966,11,Organic,2025-11-17
26967,15,Influencer,2025-10-29
26969,19,Organic,2025-05-06
26970,4,Organic,2025-06-26
26972,30,Referral,2025-03-14
26973,27,Organic,2025-04-18
26974,30,Paid ads,2025-08-15
26975,22,Organic,2025-03-31
26976,31,Organic,2025-09-28
26977,10,Paid ads,2025-07-24
26978,23,Organic,2025-11-26
26980,2,Influencer,2025-06-03
26983,18,Paid ads,2025-03-15
26984,26,Referral,2025-01-25
26985,25,Influencer,2025-08-11
26986,12,Referral,2025-07-19
26989,16,Referral,2025-06-01
26990,4,Paid ads,2025-03-19
26991,30,Organic,2025-04-16
26992,22,Organic,2025-03-08
26993,31,Referral,2025-06-25
26994,16,Influencer,2025-05-31
26995,22,Organic,2025-02-12
26996,28,Influencer,2025-11-17
26997,31,Paid ads,2025-06-01
26999,3,Organic,2025-10-14
27000,28,Organic,2025-12-01
27001,19,Referral,2025-10-26
27002,10,Organic,2025-04-29
27003,25,Influencer,2025-07-10
27004,28,Organic,2025-05-23
27005,31,Organic,2025-07-16
27007,4,Paid ads,2025-08-02
27008,20,Influencer,2025-05-04
27009,5,Organic,2025-03-08
27010,18,Referral,2025-08-20
27012,20,Paid ads,2025-09-14
27013,5,Referral,2025-09-11
27014,28,Organic,2025-10-06
27017,29,Paid ads,2025-04-23
27018,23,Paid ads,2025-05-29
27019,27,Organic,2025-07-03
27021,10,Influencer,2025-06-17
27022,23,Organic,2025-11-29
27024,31,Organic,2025-03-13
27025,18,Paid ads,2025-05-03
27026,15,Organic,2025-05-24
27027,31,Organic,2025-07-02
27028,2,Referral,2025-03-30
27029,30,Influencer,2025-11-02
27030,31,Influencer,2025-06-27
27031,30,Organic,2025-11-20
27032,8,Paid ads,2025-03-02
27034,2,Paid ads,2025-06-01
27035,18,Paid ads,2025-12-11
27037,10,Organic,2025-04-21
27038,28,Referral,2025-07-08
27039,30,Influencer,2025-04-30
27040,26,Organic,2025-08-07
27041,29,Paid ads,2025-10-10
27042,14,Organic,2025-08-02
27043,22,Organic,2025-12-12
27044,25,Organic,2025-11-17
27045,19,Organic,2025-07-14
27046,18,Organic,2025-09-22
27047,16,Organic,2025-10-07
27049,26,Influencer,2025-09-08
27050,27,Organic,2025-03-22
27051,15,Organic,2025-02-25
27052,7,Organic,2025-07-03
27054,29,Organic,2025-03-04
27056,12,Organic,2025-06-07
27057,32,Organic,2025-04-14
27060,30,Influencer,2025-09-25
27061,4,Organic,2025-05-26
27063,24,Paid ads,2025-05-12
27064,15,Organic,2025-08-26
27066,22,Organic,2025-03-22
27067,22,Influencer,2025-12-27
27068,20,Organic,2025-07-29
27069,27,Organic,2025-07-28
27070,21,Referral,2025-08-20
27072,27,Organic,2025-06-13
27073,23,Paid ads,2025-04-04
27075,15,Influencer,2025-07-23
27077,14,Organic,2025-06-23
27078,27,Organic,2025-05-31
27080,11,Organic,2025-06-21
27081,1,Paid ads,2025-12-14
27082,32,Paid ads,2025-08-30
27083,13,Referral,2025-03-22
27085,31,Organic,2025-12-17
27086,10,Paid ads,2025-04-13
27088,27,Paid ads,2025-12-19
27089,12,Organic,2025-05-07
27090,30,Influencer,2025-07-26
27091,32,Referral,2025-11-16
27092,23,Paid ads,2025-05-16
27093,31,Paid ads,2025-06-23
27094,6,Paid ads,2025-10-30
27095,32,Paid ads,2025-08-11
27096,25,Referral,2025-02-26
27097,16,Referral,2025-05-08
27098,32,Organic,2025-06-08
27099,25,Organic,2025-07-13
27100,6,Referral,2025-07-27
27101,28,Organic,2025-05-05
27102,2,Paid ads,2025-04-21
27103,15,Organic,2025-11-13
27104,21,Organic,2025-03-29
27107,24,Organic,2025-08-06
27108,30,Organic,2025-05-05
27109,26,Paid ads,2025-10-12
27110,20,Referral,2025-10-14
27111,9,Paid ads,2025-08-30
27112,12,Paid ads,2025-08-12
27113,22,Organic,2025-03-18
27114,17,Influencer,2025-11-11
27117,10,Organic,2025-10-19
27118,10,Paid ads,2025-04-26
27119,12,Paid ads,2025-04-17
27121,20,Organic,2025-08-16
27124,27,Organic,2025-10-29
27125,12,Organic,2025-08-02
27126,19,Referral,2025-07-19
27127,16,Influencer,2025-08-05
27128,12,Organic,2025-12-21
27129,8,Organic,2025-05-27
27130,30,Referral,2025-03-19
27131,32,Referral,2025-11-28
27132,29,Paid ads,2025-03-21
27135,27,Paid ads,2025-05-16
27136,20,Organic,2025-12-02
27137,4,Organic,2025-11-21
27138,8,Paid ads,2025-07-24
27140,31,Influencer,2025-10-08
27141,21,Organic,2025-12-06
27142,32,Paid ads,2025-10-22
27143,20,Influencer,2025-08-17
27144,22,Organic,2025-10-05
27146,4,Organic,2025-06-05
27147,18,Influencer,2025-11-27
27148,7,Referral,2025-02-11
27149,32,Organic,2025-06-27
27150,24,Organic,2025-06-26
27151,21,Paid ads,2025-04-11
27152,29,Organic,2025-12-10
27153,13,Influencer,2025-05-07
27154,32,Referral,2025-04-25
27157,29,Referral,2025-04-14
27158,24,Organic,2025-09-03
27159,31,Organic,2025-06-20
27160,20,Organic,2025-12-17
27161,28,Referral,2025-06-05
27162,21,Influencer,2025-12-08
27163,3,Paid ads,2025-06-21
27164,9,Organic,2025-03-08
27165,23,Paid ads,2025-09-29
27166,11,Paid ads,2025-04-23
27167,3,Referral,2025-05-11
27171,29,Organic,2025-08-09
27172,21,Paid ads,2025-08-22
27173,10,Influencer,2025-08-22
27174,27,Paid ads,2025-03-23
27176,24,Paid ads,2025-06-05
27178,27,Organic,2025-04-13
27179,17,Paid ads,2025-12-27
27180,28,Paid ads,2025-11-07
27181,27,Organic,2025-06-04
27182,10,Referral,2025-06-15
27184,11,Paid ads,2025-04-03
27185,18,Paid ads,2025-10-08
27187,14,Influencer,2025-05-14
27188,22,Organic,2025-05-19
27189,29,Organic,2025-12-21
27191,26,Influencer,2025-08-13
27192,5,Organic,2025-02-02
27193,20,Paid ads,2025-07-29
27194,26,Referral,2025-08-19
27195,19,Paid ads,2025-07-11
27196,27,Organic,2025-07-05
27198,31,Organic,2025-06-14
27199,15,Paid ads,2025-09-20
27200,5,Paid ads,2025-05-29
27201,27,Organic,2025-03-28
27203,10,Influencer,2025-11-29
27204,19,Referral,2025-08-26
27205,29,Referral,2025-12-14
27206,30,Paid ads,2025-05-10
27207,26,Paid ads,2025-08-15
27208,17,Referral,2025-02-06
27209,23,Organic,2025-09-17
27210,15,Referral,2025-09-25
27211,10,Influencer,2025-11-01
27212,29,Referral,2025-05-18
27214,22,Paid ads,2025-10-29
27215,5,Influencer,2025-11-03
27217,20,Referral,2025-02-09
27218,28,Organic,2025-11-06
27219,11,Organic,2025-05-19
27220,12,Referral,2025-11-21
27221,24,Paid ads,2025-05-12
27224,26,Organic,2025-05-17
27225,30,Organic,2025-06-27
27227,21,Paid ads,2025-03-31
27229,22,Organic,2025-06-21
27230,30,Paid ads,2025-06-23
27231,12,Paid ads,2025-06-12
27232,32,Referral,2025-05-16
27234,23,Organic,2025-08-04
27235,4,Organic,2025-10-31
27237,22,Organic,2025-05-28
27238,12,Organic,2025-04-06
27239,27,Organic,2025-05-02
27240,24,Organic,2025-12-11
27241,23,Organic,2025-06-21
27242,25,Organic,2025-06-07
27243,22,Influencer,2025-11-04
27244,32,Paid ads,2025-11-05
27245,6,Organic,2025-04-17
27246,31,Organic,2025-10-03
27247,18,Organic,2025-06-22
27248,31,Referral,2025-10-16
27249,4,Organic,2025-03-31
27251,31,Referral,2025-10-03
27252,22,Referral,2025-08-25
27253,26,Paid ads,2025-11-09
27254,13,Organic,2025-05-11
27256,21,Paid ads,2025-02-09
27257,23,Organic,2025-11-28
27259,17,Referral,2025-08-18
27260,23,Organic,2025-08-13
27261,2,Organic,2025-05-06
27262,3,Paid ads,2025-09-15
27263,16,Influencer,2025-08-17
27265,12,Organic,2025-05-31
27266,29,Paid ads,2025-10-14
27268,17,Organic,2025-10-13
27269,32,Paid ads,2025-09-24
27271,25,Organic,2025-11-01
27272,21,Organic,2025-09-22
27273,31,Paid ads,2025-09-16
27274,19,Paid ads,2025-05-05
27275,31,Referral,2025-08-11
27276,31,Paid ads,2025-01-22
27277,9,Organic,2025-09-02
27278,17,Organic,2025-11-28
27279,4,Paid ads,2025-03-27
27282,27,Referral,2025-11-20
27283,29,Referral,2025-08-25
27284,30,Referral,2025-05-28
27285,30,Paid ads,2025-11-07
27287,26,Referral,2025-06-26
27288,22,Organic,2025-11-29
27289,25,Organic,2025-02-25
27291,32,Influencer,2025-04-03
27292,10,Paid ads,2025-04-23
27293,22,Organic,2025-10-09
27294,17,Influencer,2025-08-11
27295,31,Influencer,2025-07-01
27296,29,Organic,2025-06-11
27297,25,Organic,2025-03-12
27298,32,Organic,2025-04-10
27299,21,Referral,2025-08-15
27300,24,Paid ads,2025-10-19
27301,2,Paid ads,2025-07-27
27302,5,Paid ads,2025-03-04
27303,21,Influencer,2025-08-10
27304,26,Influencer,2025-04-19
27305,30,Paid ads,2025-10-18
27306,8,Organic,2025-05-17
27307,10,Paid ads,2025-09-21
27308,26,Paid ads,2025-09-13
27309,18,Organic,2025-08-29
27310,18,Organic,2025-05-18
27311,25,Referral,2025-07-08
27312,14,Organic,2025-05-10
27313,23,Referral,2025-07-26
27314,3,Organic,2025-07-24
27315,25,Paid ads,2025-11-26
27316,21,Paid ads,2025-08-17
27317,16,Referral,2025-06-05
27319,30,Organic,2025-09-24
27321,14,Paid ads,2025-09-13
27323,26,Organic,2025-10-20
27324,5,Organic,2025-09-09
27327,3,Paid ads,2025-05-03
27328,27,Referral,2025-06-23
27329,29,Paid ads,2025-08-13
27330,29,Organic,2025-04-24
27333,15,Organic,2025-05-01
27334,13,Organic,2025-09-06
27335,28,Influencer,2025-05-11
27336,23,Paid ads,2025-09-24
27337,24,Organic,2025-05-12
27338,22,Organic,2025-06-20
27339,14,Influencer,2025-09-15
27340,20,Referral,2025-04-15
27341,24,Paid ads,2025-05-16
27344,25,Influencer,2025-07-14
27345,25,Paid ads,2025-07-05
27346,28,Organic,2025-04-24
27347,32,Organic,2025-12-26
27348,24,Organic,2025-08-03
27349,30,Organic,2025-07-08
27351,32,Organic,2025-04-12
27352,31,Paid ads,2025-06-28
27353,23,Influencer,2025-06-30
27354,13,Referral,2025-05-30
27355,17,Influencer,2025-10-22
27356,7,Referral,2025-11-23
27357,23,Organic,2025-07-24
27359,25,Influencer,2025-04-26
27360,19,Paid ads,2025-10-20
27361,2,Organic,2025-01-31
27362,26,Referral,2025-03-15
27364,17,Paid ads,2025-04-26
27365,22,Organic,2025-08-17
27366,19,Influencer,2025-05-21
27367,19,Organic,2025-10-10
27368,22,Influencer,2025-08-26
27369,25,Referral,2025-08-01
27371,32,Organic,2025-08-03
27374,21,Paid ads,2025-05-08
27376,28,Paid ads,2025-05-12
27377,6,Organic,2025-09-08
27378,17,Influencer,2025-08-09
27379,20,Organic,2025-07-26
27382,32,Organic,2025-07-05
27383,25,Influencer,2025-05-09
27384,31,Paid ads,2025-06-15
27387,24,Paid ads,2025-05-11
27388,14,Organic,2025-10-27
27390,23,Paid ads,2025-07-23
27391,30,Influencer,2025-04-02
27393,7,Paid ads,2025-05-20
27394,17,Paid ads,2025-07-31
27396,2,Organic,2025-08-18
27397,11,Paid ads,2025-07-09
27398,10,Influencer,2025-07-15
27399,1,Organic,2025-04-03
27400,27,Paid ads,2025-09-28
27401,23,Organic,2025-08-17
27402,23,Organic,2025-11-10
27403,25,Organic,2025-02-05
27404,13,Organic,2025-11-03
27405,22,Organic,2025-06-05
27406,26,Organic,2025-11-09
27407,20,Influencer,2025-06-05
27408,24,Influencer,2025-09-12
27409,25,Organic,2025-10-10
27410,23,Organic,2025-11-23
27411,22,Influencer,2025-09-29
27412,17,Organic,2025-12-19
27413,29,Paid ads,2025-04-11
27414,24,Organic,2025-07-15
27415,14,Influencer,2025-04-12
27416,27,Influencer,2025-09-13
27417,2,Influencer,2025-06-28
27418,26,Paid ads,2025-03-14
27420,18,Organic,2025-08-29
27421,14,Organic,2025-05-28
27422,1,Organic,2025-09-18
27423,24,Paid ads,2025-01-22
27424,22,Organic,2025-06-09
27425,2,Influencer,2025-07-27
27426,6,Influencer,2025-08-13
27427,27,Paid ads,2025-09-07
27428,1,Organic,2025-10-19
27430,24,Paid ads,2025-09-06
27431,30,Paid ads,2025-05-16
27433,10,Organic,2025-07-28
27434,22,Referral,2025-07-15
27435,19,Organic,2025-05-14
27436,23,Organic,2025-09-30
27437,31,Organic,2025-02-09
27438,24,Influencer,2025-04-25
27439,26,Referral,2025-10-23
27441,26,Organic,2025-09-20
27442,23,Organic,2025-11-12
27443,25,Paid ads,2025-05-27
27445,31,Paid ads,2025-03-02
27448,32,Referral,2025-07-15
27449,7,Referral,2025-05-20
27450,25,Referral,2025-08-17
27451,18,Organic,2025-08-15
27452,24,Organic,2025-08-30
27453,19,Paid ads,2025-09-28
27454,16,Referral,2025-06-10
27455,23,Organic,2025-11-06
27456,20,Organic,2025-08-06
27459,17,Influencer,2025-06-02
27460,28,Organic,2025-08-12
27461,18,Organic,2025-06-12
27462,3,Organic,2025-07-29
27463,16,Organic,2025-05-30
27464,13,Organic,2025-12-07
27465,11,Organic,2025-05-21
27466,16,Organic,2025-09-07
27468,29,Organic,2025-06-07
27469,30,Referral,2025-06-08
27470,17,Organic,2025-08-18
27475,16,Organic,2025-07-19
27476,26,Organic,2025-02-09
27477,3,Organic,2025-05-31
27478,17,Paid ads,2025-12-24
27479,29,Referral,2025-10-16
27480,13,Referral,2025-03-28
27481,26,Organic,2025-09-11
27482,30,Paid ads,2025-06-17
27484,9,Paid ads,2025-06-29
27485,20,Referral,2025-06-25
27486,24,Organic,2025-08-14
27489,11,Referral,2025-07-21
27490,8,Organic,2025-10-29
27493,24,Organic,2025-04-04
27494,19,Paid ads,2025-04-25
27495,17,Organic,2025-12-12
27496,23,Influencer,2025-03-27
27497,20,Referral,2025-05-29
27498,16,Organic,2025-11-05
27499,9,Referral,2025-06-28
27500,28,Organic,2025-10-07
27501,9,Organic,2025-06-29
27502,24,Referral,2025-10-21
27504,18,Organic,2025-08-24
27505,14,Organic,2025-06-06
27506,15,Paid ads,2025-11-11
27507,30,Referral,2025-06-02
27508,26,Organic,2025-10-03
27509,23,Organic,2025-05-18
27510,25,Influencer,2025-04-16
27511,16,Paid ads,2025-06-24
27512,15,Paid ads,2025-09-27
27513,20,Paid ads,2025-07-14
27514,26,Organic,2025-07-22
27516,27,Organic,2025-08-29
27518,4,Paid ads,2025-03-31
27519,25,Referral,2025-08-01
27520,10,Influencer,2025-05-15
27521,26,Organic,2025-05-14
27522,22,Referral,2025-10-03
27523,21,Paid ads,2025-02-26
27524,10,Paid ads,2025-04-13
27525,26,Organic,2025-09-06
27526,29,Referral,2025-05-29
27527,28,Paid ads,2025-01-28
27528,21,Referral,2025-10-02
27529,26,Influencer,2025-11-12
27530,27,Organic,2025-05-10
27531,30,Paid ads,2025-10-07
27532,17,Organic,2025-09-24
27534,15,Organic,2025-05-07
27535,14,Referral,2025-05-30
27536,19,Influencer,2025-07-11
27537,29,Paid ads,2025-06-14
27538,5,Organic,2025-06-16
27539,14,Influencer,2025-05-28
27540,19,Organic,2025-06-15
27541,21,Paid ads,2025-02-22
27543,26,Referral,2025-05-22
27544,32,Organic,2025-06-16
27545,32,Organic,2025-10-04
27546,13,Paid ads,2025-05-08
27547,30,Organic,2025-06-14
27548,28,Paid ads,2025-05-10
27550,15,Referral,2025-12-02
27551,25,Paid ads,2025-06-29
27553,25,Organic,2025-04-16
27554,19,Organic,2025-07-04
27556,21,Paid ads,2025-04-10
27557,24,Organic,2025-08-01
27559,9,Paid ads,2025-01-31
27560,14,Organic,2025-07-22
27563,29,Organic,2025-02-13
27564,27,Paid ads,2025-07-09
27565,13,Influencer,2025-07-10
27566,23,Organic,2025-05-21
27568,31,Paid ads,2025-03-07
27569,2,Organic,2025-09-12
27573,23,Organic,2025-09-08
27574,29,Organic,2025-04-14
27576,12,Referral,2025-04-24
27579,2,Paid ads,2025-09-20
27580,21,Influencer,2025-09-25
27581,8,Organic,2025-07-18
27582,24,Organic,2025-03-29
27583,11,Referral,2025-05-17
27584,23,Influencer,2025-06-16
27585,32,Influencer,2025-08-20
27586,17,Influencer,2025-09-02
27587,32,Organic,2025-06-26
27589,32,Influencer,2025-04-22
27590,32,Influencer,2025-05-25
27591,32,Organic,2025-03-27
27592,7,Paid ads,2025-03-20
27593,20,Paid ads,2025-08-03
27594,18,Referral,2025-05-06
27595,17,Paid ads,2025-10-07
27597,15,Organic,2025-07-29
27598,22,Paid ads,2025-10-08
27599,29,Referral,2025-09-06
27600,6,Influencer,2025-03-22
27601,20,Organic,2025-11-20
27606,27,Organic,2025-05-25
27607,22,Referral,2025-04-09
27608,32,Referral,2025-12-21
27610,11,Organic,2025-09-11
27613,14,Organic,2025-06-28
27615,16,Paid ads,2025-08-19
27616,27,Paid ads,2025-05-21
27617,14,Referral,2025-06-08
27618,27,Organic,2025-06-28
27620,18,Influencer,2025-10-30
27621,10,Paid ads,2025-10-04
27622,26,Organic,2025-05-27
27623,17,Influencer,2025-07-01
27624,31,Paid ads,2025-08-22
27625,22,Influencer,2025-10-26
27626,22,Paid ads,2025-10-13
27628,21,Organic,2025-11-14
27629,20,Organic,2025-05-17
27631,11,Referral,2025-06-24
27632,21,Organic,2025-10-10
27635,5,Organic,2025-04-08
27636,28,Organic,2025-06-08
27637,28,Referral,2025-03-26
27639,29,Paid ads,2025-10-26
27640,30,Organic,2025-09-29
27641,30,Organic,2025-04-25
27642,14,Organic,2025-11-25
27643,31,Organic,2025-10-16
27644,30,Influencer,2025-05-12
27645,12,Organic,2025-04-30
27646,12,Organic,2025-07-18
27648,1,Paid ads,2025-02-23
27649,23,Organic,2025-03-29
27650,19,Organic,2025-11-23
27651,32,Paid ads,2025-05-17
27652,29,Referral,2025-02-18
27653,2,Organic,2025-08-08
27655,14,Organic,2025-07-21
27656,22,Organic,2025-10-06
27657,15,Organic,2025-06-02
27658,26,Referral,2025-02-21
27660,32,Referral,2025-09-11
27661,1,Influencer,2025-08-27
27662,32,Organic,2025-03-31
27664,29,Organic,2025-05-08
27666,22,Organic,2025-05-16
27667,28,Paid ads,2025-08-02
27668,24,Referral,2025-11-28
27669,24,Influencer,2025-10-05
27672,29,Paid ads,2025-04-01
27673,26,Organic,2025-06-03
27674,25,Organic,2025-11-27
27675,24,Influencer,2025-07-15
27676,12,Paid ads,2025-10-22
27677,24,Organic,2025-03-15
27678,30,Organic,2025-03-11
27679,24,Referral,2025-10-21
27680,28,Referral,2025-07-08
27681,9,Organic,2025-04-25
27682,10,Referral,2025-06-23
27683,24,Organic,2025-10-29
27684,6,Organic,2025-10-05
27685,19,Paid ads,2025-06-21
27686,29,Referral,2025-08-17
27687,16,Influencer,2025-06-25
27689,17,Organic,2025-08-27
27690,17,Organic,2025-05-21
27691,11,Referral,2025-04-23
27692,12,Paid ads,2025-02-15
27693,17,Organic,2025-05-28
27694,22,Organic,2025-07-09
27696,3,Referral,2025-07-02
27697,25,Organic,2025-07-13
27698,23,Referral,2025-05-21
27699,7,Paid ads,2025-07-29
27700,12,Organic,2025-03-11
27701,16,Organic,2025-08-16
27702,22,Organic,2025-03-17
27703,29,Organic,2025-05-12
27705,24,Organic,2025-07-12
27706,14,Influencer,2025-05-07
27707,18,Organic,2025-05-12
27708,23,Paid ads,2025-03-10
27709,15,Organic,2025-06-12
27710,9,Organic,2025-09-07
27711,16,Organic,2025-06-27
27712,24,Paid ads,2025-08-29
27713,23,Paid ads,2025-06-07
27714,20,Paid ads,2025-06-07
27715,18,Organic,2025-05-23
27716,28,Organic,2025-08-23
27717,27,Organic,2025-05-13
27718,22,Influencer,2025-11-13
27720,32,Organic,2025-06-11
27721,6,Organic,2025-05-29
27722,31,Referral,2025-04-19
27724,24,Organic,2025-04-23
27725,27,Organic,2025-05-18
27726,7,Influencer,2025-06-27
27727,16,Paid ads,2025-05-08
27728,26,Paid ads,2025-04-08
27729,21,Referral,2025-11-30
27732,19,Paid ads,2025-12-18
27733,19,Organic,2025-10-13
27734,27,Organic,2025-12-10
27735,24,Organic,2025-09-13
27736,31,Organic,2025-07-18
27737,27,Paid ads,2025-10-03
27738,9,Paid ads,2025-08-23
27739,25,Referral,2025-12-07
27740,29,Organic,2025-06-03
27741,15,Organic,2025-07-02
27742,23,Influencer,2025-03-17
27743,23,Influencer,2025-04-16
27744,18,Referral,2025-04-08
27745,10,Influencer,2025-12-20
27746,1,Organic,2025-08-17
27747,28,Referral,2025-08-10
27748,20,Organic,2025-10-14
27749,19,Organic,2025-09-28
27750,30,Organic,2025-11-30
27751,30,Influencer,2025-02-17
27752,15,Organic,2025-07-24
27753,6,Organic,2025-02-10
27754,29,Organic,2025-08-07
27755,17,Influencer,2025-12-24
27756,29,Referral,2025-06-11
27757,9,Organic,2025-06-29
27758,12,Organic,2025-03-03
27759,29,Organic,2025-04-06
27760,10,Paid ads,2025-10-17
27761,15,Influencer,2025-07-27
27762,18,Organic,2025-05-13
27763,13,Organic,2025-03-24
27764,13,Paid ads,2025-08-28
27765,30,Paid ads,2025-09-05
27766,4,Paid ads,2025-06-23
27767,28,Influencer,2025-10-17
27768,7,Referral,2025-07-11
27769,9,Paid ads,2025-05-31
27770,27,Influencer,2025-11-17
27771,23,Organic,2025-09-21
27773,14,Organic,2025-11-19
27774,14,Organic,2025-08-23
27775,30,Paid ads,2025-07-08
27776,28,Organic,2025-07-08
27777,23,Organic,2025-10-16
27778,11,Organic,2025-08-12
27779,24,Referral,2025-12-25
27780,32,Paid ads,2025-07-04
27781,31,Influencer,2025-06-26
27782,21,Organic,2025-04-27
27783,1,Organic,2025-05-05
27785,21,Referral,2025-10-27
27787,29,Organic,2025-06-04
27788,27,Organic,2025-06-21
27789,10,Organic,2025-09-05
27790,17,Organic,2025-05-24
27791,10,Influencer,2025-10-20
27792,4,Influencer,2025-09-13
27793,31,Referral,2025-08-01
27794,13,Paid ads,2025-10-25
27795,11,Organic,2025-06-26
27796,12,Organic,2025-12-13
27797,26,Organic,2025-11-16
27799,18,Paid ads,2025-06-28
27802,24,Organic,2025-09-16
27803,18,Organic,2025-12-01
27804,13,Influencer,2025-08-03
27805,22,Influencer,2025-11-22
27806,8,Organic,2025-05-19
27807,18,Referral,2025-04-17
27809,10,Organic,2025-12-05
27811,11,Paid ads,2025-02-19
27813,26,Organic,2025-09-19
27814,27,Organic,2025-11-11
27815,4,Organic,2025-04-24
27816,29,Organic,2025-03-27
27818,23,Organic,2025-03-08
27819,12,Referral,2025-09-14
27821,3,Paid ads,2025-06-06
27822,13,Influencer,2025-04-04
27824,23,Influencer,2025-03-03
27826,10,Organic,2025-08-24
27828,22,Organic,2025-08-07
27829,27,Influencer,2025-04-27
27830,16,Influencer,2025-05-08
27831,29,Organic,2025-07-26
27834,14,Paid ads,2025-11-08
27835,9,Organic,2025-06-16
27837,32,Influencer,2025-06-20
27838,11,Paid ads,2025-04-24
27841,22,Paid ads,2025-09-08
27842,13,Paid ads,2025-07-11
27843,23,Referral,2025-06-13
27844,30,Influencer,2025-07-15
27845,22,Organic,2025-10-05
27846,20,Paid ads,2025-12-08
27847,19,Paid ads,2025-10-31
27848,29,Paid ads,2025-11-01
27849,22,Organic,2025-11-03
27850,32,Organic,2025-05-05
27851,18,Organic,2025-10-15
27852,27,Influencer,2025-12-10
27854,23,Referral,2025-09-23
27855,27,Organic,2025-07-09
27856,23,Influencer,2025-10-27
27857,27,Paid ads,2025-11-30
27858,30,Influencer,2025-05-09
27860,19,Paid ads,2025-08-28
27861,32,Organic,2025-04-10
27865,27,Organic,2025-11-02
27866,7,Organic,2025-07-03
27867,14,Influencer,2025-10-22
27869,30,Organic,2025-06-02
27871,26,Organic,2025-08-10
27872,26,Organic,2025-06-18
27873,32,Influencer,2025-04-26
27874,26,Paid ads,2025-04-16
27876,4,Organic,2025-04-19
27878,30,Organic,2025-02-26
27879,30,Paid ads,2025-09-08
27880,10,Paid ads,2025-04-04
27881,32,Organic,2025-06-17
27882,22,Organic,2025-08-18
27884,3,Paid ads,2025-09-29
27885,29,Organic,2025-12-20
27886,23,Paid ads,2025-09-23
27887,5,Influencer,2025-10-25
27888,2,Organic,2025-08-04
27889,27,Organic,2025-06-28
27890,28,Paid ads,2025-10-22
27891,15,Organic,2025-09-28
27892,18,Paid ads,2025-08-06
27894,5,Paid ads,2025-10-22
27895,24,Organic,2025-11-03
27896,31,Referral,2025-09-03
27897,17,Organic,2025-07-25
27899,24,Organic,2025-05-02
27901,30,Organic,2025-09-01
27902,4,Organic,2025-03-30
27903,10,Influencer,2025-04-28
27904,27,Organic,2025-05-03
27905,32,Organic,2025-09-27
27906,9,Organic,2025-11-22
27907,22,Influencer,2025-08-22
27908,28,Paid ads,2025-07-17
27909,22,Paid ads,2025-06-28
27910,8,Organic,2025-10-31
27911,5,Influencer,2025-07-18
27912,17,Organic,2025-04-27
27913,8,Organic,2025-11-20
27914,30,Organic,2025-09-12
27915,3,Organic,2025-06-03
27920,25,Organic,2025-08-16
27921,14,Influencer,2025-06-13
27922,27,Influencer,2025-05-25
27923,20,Organic,2025-04-12
27924,23,Influencer,2025-05-23
27926,26,Paid ads,2025-10-27
27927,27,Influencer,2025-11-30
27930,14,Paid ads,2025-12-22
27932,20,Influencer,2025-04-09
27935,10,Paid ads,2025-07-11
27936,9,Organic,2025-03-09
27938,24,Paid ads,2025-11-13
27939,19,Paid ads,2025-10-19
27940,29,Paid ads,2025-10-01
27941,31,Paid ads,2025-08-03
27943,23,Referral,2025-05-09
27945,32,Organic,2025-10-30
27946,28,Organic,2025-07-14
27949,31,Referral,2025-05-02
27950,21,Influencer,2025-08-31
27951,31,Organic,2025-11-23
27952,10,Organic,2025-08-27
27953,28,Organic,2025-02-05
27954,13,Referral,2025-05-08
27956,28,Organic,2025-06-29
27957,21,Organic,2025-05-05
27958,29,Paid ads,2025-08-01
27959,15,Referral,2025-08-29
27960,21,Paid ads,2025-12-11
27961,25,Paid ads,2025-09-23
27962,28,Paid ads,2025-09-26
27963,32,Paid ads,2025-06-21
27964,26,Paid ads,2025-07-12
27965,18,Influencer,2025-06-10
27966,15,Organic,2025-04-30
27968,16,Paid ads,2025-06-13
27969,1,Paid ads,2025-10-27
27970,29,Referral,2025-08-23
27971,31,Paid ads,2025-07-05
27972,31,Organic,2025-03-20
27973,5,Referral,2025-09-07
27974,12,Paid ads,2025-10-11
27975,26,Influencer,2025-06-04
27976,31,Influencer,2025-09-20
27977,32,Paid ads,2025-07-22
27978,25,Referral,2025-05-25
27980,21,Organic,2025-08-11
27981,17,Organic,2025-05-03
27982,9,Influencer,2025-02-20
27983,22,Organic,2025-06-01
27984,32,Paid ads,2025-04-10
27985,15,Organic,2025-11-01
27986,14,Organic,2025-05-22
27987,29,Organic,2025-02-18
27989,23,Paid ads,2025-09-05
27990,29,Paid ads,2025-08-31
27991,2,Organic,2025-03-09
27992,16,Paid ads,2025-06-22
27993,17,Paid ads,2025-08-30
27994,23,Organic,2025-03-30
27995,31,Referral,2025-03-02
27998,13,Referral,2025-04-26
27999,31,Influencer,2025-06-08
28000,28,Influencer,2025-08-07
28002,28,Organic,2025-12-04
28003,29,Organic,2025-05-17
28004,12,Paid ads,2025-05-15
28007,27,Referral,2025-04-29
28008,9,Organic,2025-08-09
28009,28,Referral,2025-07-13
28012,12,Organic,2025-05-01
28013,26,Referral,2025-11-13
28015,29,Organic,2025-08-07
28017,11,Referral,2025-05-09
28018,17,Paid ads,2025-06-07
28019,22,Paid ads,2025-02-19
28020,21,Organic,2025-06-06
28021,29,Influencer,2025-05-01
28022,28,Paid ads,2025-09-17
28023,21,Paid ads,2025-08-10
28025,18,Organic,2025-05-06
28026,11,Paid ads,2025-10-03
28028,27,Influencer,2025-07-11
28029,28,Organic,2025-07-18
28030,11,Paid ads,2025-07-12
28031,26,Paid ads,2025-04-23
28032,7,Organic,2025-09-01
28034,4,Paid ads,2025-06-01
28035,27,Paid ads,2025-08-15
28036,14,Referral,2025-11-08
28037,32,Referral,2025-10-19
28038,22,Organic,2025-06-08
28039,25,Paid ads,2025-08-30
28040,29,Referral,2025-04-23
28041,26,Organic,2025-10-03
28043,16,Referral,2025-11-25
28045,14,Organic,2025-10-27
28046,24,Organic,2025-06-18
28047,22,Organic,2025-09-12
28048,15,Referral,2025-08-22
28051,19,Influencer,2025-07-13
28053,16,Organic,2025-05-12
28054,19,Organic,2025-07-17
28056,11,Paid ads,2025-08-11
28058,30,Organic,2025-05-02
28059,28,Influencer,2025-08-10
28060,14,Referral,2025-07-31
28061,26,Influencer,2025-10-01
28062,23,Referral,2025-04-03
28064,24,Referral,2025-11-30
28065,27,Paid ads,2025-12-17
28066,30,Influencer,2025-05-23
28069,25,Influencer,2025-09-12
28071,25,Organic,2025-08-26
28072,22,Organic,2025-07-27
28073,22,Organic,2025-09-15
28074,13,Influencer,2025-07-11
28075,3,Referral,2025-02-26
28076,19,Paid ads,2025-08-13
28077,23,Organic,2025-05-09
28078,11,Paid ads,2025-10-23
28079,21,Influencer,2025-04-09
28080,26,Organic,2025-05-07
28081,14,Organic,2025-06-26
28083,28,Organic,2025-04-18
28084,20,Referral,2025-06-08
28085,12,Organic,2025-07-07
28086,2,Paid ads,2025-04-28
28088,27,Organic,2025-04-21
28089,32,Referral,2025-06-29
28090,15,Influencer,2025-04-16
28091,27,Paid ads,2025-12-08
28092,21,Organic,2025-08-01
28095,25,Paid ads,2025-04-14
28096,23,Organic,2025-09-30
28097,26,Organic,2025-07-09
28098,26,Referral,2025-04-11
28100,29,Organic,2025-05-01
28101,10,Organic,2025-05-22
28102,20,Referral,2025-10-27
28103,19,Paid ads,2025-12-09
28104,28,Organic,2025-03-01
28105,23,Organic,2025-08-09
28106,23,Organic,2025-05-24
28107,22,Organic,2025-09-30
28109,23,Organic,2025-04-19
28110,13,Influencer,2025-10-23
28112,32,Organic,2025-10-04
28113,27,Organic,2025-08-08
28114,23,Organic,2025-08-10
28116,19,Paid ads,2025-06-10
28117,27,Paid ads,2025-09-23
28118,27,Paid ads,2025-09-19
28119,3,Influencer,2025-04-08
28120,19,Organic,2025-03-23
28121,15,Referral,2025-04-27
28122,28,Paid ads,2025-05-24
28123,31,Referral,2025-07-01
28124,25,Organic,2025-03-04
28127,32,Organic,2025-09-19
28128,20,Influencer,2025-10-23
28129,26,Influencer,2025-06-10
28130,27,Referral,2025-06-21
28131,32,Referral,2025-06-29
28134,21,Referral,2025-07-11
28135,30,Paid ads,2025-07-12
28137,31,Organic,2025-09-16
28138,31,Paid ads,2025-08-27
28139,2,Organic,2025-04-19
28140,26,Organic,2025-09-17
28141,12,Referral,2025-06-30
28142,18,Organic,2025-04-28
28143,29,Organic,2025-11-10
28144,31,Organic,2025-07-17
28146,19,Organic,2025-04-17
28147,26,Organic,2025-03-17
28148,26,Paid ads,2025-11-01
28149,26,Organic,2025-06-06
28150,17,Organic,2025-05-01
28151,18,Paid ads,2025-08-22
28152,15,Influencer,2025-05-05
28153,16,Paid ads,2025-07-08
28154,29,Paid ads,2025-07-13
28155,27,Paid ads,2025-09-15
28156,10,Referral,2025-11-04
28157,10,Organic,2025-11-10
28158,22,Influencer,2025-04-23
28159,26,Organic,2025-08-31
28160,25,Paid ads,2025-05-25
28162,4,Paid ads,2025-08-22
28163,31,Organic,2025-05-09
28164,31,Paid ads,2025-07-11
28165,28,Paid ads,2025-05-25
28166,32,Paid ads,2025-05-05
28168,1,Organic,2025-09-03
28169,4,Organic,2025-07-20
28170,18,Organic,2025-06-10
28171,27,Paid ads,2025-10-20
28172,29,Organic,2025-08-21
28174,20,Paid ads,2025-05-08
28175,30,Organic,2025-04-15
28177,23,Organic,2025-05-03
28178,18,Paid ads,2025-08-09
28179,5,Paid ads,2025-06-30
28180,17,Organic,2025-05-18
28182,29,Organic,2025-12-09
28183,32,Paid ads,2025-08-15
28185,15,Referral,2025-08-17
28190,25,Influencer,2025-11-06
28191,12,Referral,2025-04-27
28192,20,Organic,2025-05-31
28193,26,Organic,2025-04-16
28194,27,Influencer,2025-07-20
28195,19,Referral,2025-09-12
28196,14,Organic,2025-07-06
28197,10,Organic,2025-06-25
28198,11,Paid ads,2025-08-05
28199,18,Organic,2025-10-06
28200,21,Influencer,2025-09-26
28201,17,Paid ads,2025-12-25
28202,22,Influencer,2025-08-07
28203,24,Organic,2025-05-01
28205,23,Paid ads,2025-05-05
28206,22,Influencer,2025-10-06
28207,26,Influencer,2025-04-01
28208,19,Paid ads,2025-10-16
28211,32,Referral,2025-05-04
28212,9,Paid ads,2025-09-30
28213,12,Paid ads,2025-06-10
28215,16,Paid ads,2025-08-10
28218,4,Paid ads,2025-04-13
28219,10,Referral,2025-09-03
28220,31,Organic,2025-09-24
28222,30,Referral,2025-10-29
28223,22,Influencer,2025-10-27
28224,19,Organic,2025-08-12
28225,4,Referral,2025-05-17
28226,30,Organic,2025-06-23
28227,13,Paid ads,2025-06-05
28229,26,Influencer,2025-07-30
28233,18,Organic,2025-08-19
28234,1,Organic,2025-04-12
28235,21,Influencer,2025-07-03
28236,18,Organic,2025-07-22
28238,4,Paid ads,2025-05-15
28239,20,Paid ads,2025-06-11
28241,4,Referral,2025-07-08
28242,21,Organic,2025-11-01
28243,31,Referral,2025-06-06
28246,3,Organic,2025-10-15
28248,31,Paid ads,2025-03-31
28249,13,Organic,2025-04-08
28250,27,Organic,2025-08-03
28251,20,Organic,2025-12-21
28253,18,Referral,2025-11-23
28254,4,Organic,2025-07-30
28256,17,Paid ads,2025-07-28
28257,16,Organic,2025-11-27
28258,31,Influencer,2025-07-28
28259,21,Paid ads,2025-10-16
28261,12,Paid ads,2025-07-12
28263,29,Organic,2025-08-20
28265,11,Organic,2025-07-21
28266,16,Organic,2025-03-28
28267,21,Influencer,2025-05-13
28268,31,Referral,2025-12-24
28269,14,Paid ads,2025-03-01
28270,31,Paid ads,2025-07-14
28271,21,Organic,2025-12-22
28272,22,Organic,2025-08-29
28275,21,Organic,2025-06-02
28277,26,Paid ads,2025-07-04
28278,16,Influencer,2025-09-21
28279,24,Organic,2025-10-08
28280,23,Influencer,2025-02-10
28281,24,Paid ads,2025-11-11
28282,30,Referral,2025-06-08
28284,27,Referral,2025-11-21
28287,23,Paid ads,2025-08-19
28288,28,Organic,2025-04-22
28289,25,Paid ads,2025-08-15
28291,23,Paid ads,2025-04-25
28293,25,Paid ads,2025-08-08
28295,2,Referral,2025-10-05
28297,26,Organic,2025-02-17
28298,17,Organic,2025-06-25
28299,28,Paid ads,2025-09-27
28300,14,Organic,2025-08-08
28301,31,Paid ads,2025-07-16
28302,28,Organic,2025-12-10
28303,32,Organic,2025-03-18
28304,24,Organic,2025-05-04
28306,23,Influencer,2025-10-25
28307,15,Organic,2025-11-20
28309,30,Paid ads,2025-06-23
28310,30,Influencer,2025-09-21
28313,23,Organic,2025-09-04
28314,31,Referral,2025-11-07
28317,28,Referral,2025-11-23
28318,8,Organic,2025-08-30
28319,11,Influencer,2025-05-02
28321,23,Referral,2025-09-23
28322,1,Referral,2025-03-06
28324,28,Paid ads,2025-07-17
28326,27,Organic,2025-06-04
28327,24,Organic,2025-04-26
28329,15,Organic,2025-03-15
28330,25,Organic,2025-05-01
28331,23,Organic,2025-04-05
28332,20,Organic,2025-09-20
28333,21,Organic,2025-04-19
28334,31,Organic,2025-03-08
28335,8,Organic,2025-08-22
28336,16,Organic,2025-08-29
28337,10,Organic,2025-09-21
28338,30,Organic,2025-11-01
28339,29,Organic,2025-10-14
28340,16,Organic,2025-08-08
28341,30,Referral,2025-08-22
28342,16,Organic,2025-07-03
28343,31,Organic,2025-04-11
28344,18,Organic,2025-11-07
28345,21,Paid ads,2025-10-02
28346,25,Organic,2025-08-03
28348,6,Influencer,2025-08-22
28349,29,Referral,2025-10-18
28350,1,Organic,2025-06-06
28351,21,Organic,2025-04-17
28352,9,Paid ads,2025-06-13
28353,7,Referral,2025-05-23
28354,28,Organic,2025-09-03
28355,19,Influencer,2025-10-30
28357,25,Organic,2025-08-07
28358,31,Paid ads,2025-07-16
28360,30,Influencer,2025-06-10
28361,3,Referral,2025-06-03
28362,29,Organic,2025-05-26
28363,30,Referral,2025-10-06
28364,19,Organic,2025-07-30
28365,22,Referral,2025-10-17
28366,31,Referral,2025-08-17
28367,13,Paid ads,2025-09-09
28368,28,Organic,2025-02-24
28369,21,Paid ads,2025-08-28
28370,27,Referral,2025-08-08
28371,16,Influencer,2025-06-26
28372,25,Referral,2025-09-21
28373,11,Paid ads,2025-08-29
28374,4,Organic,2025-08-29
28375,9,Referral,2025-06-02
28376,28,Organic,2025-07-10
28377,9,Referral,2025-09-18
28379,9,Paid ads,2025-06-25
28380,14,Referral,2025-05-06
28381,21,Organic,2025-08-24
28382,29,Influencer,2025-09-04
28383,12,Organic,2025-11-20
28384,30,Organic,2025-10-14
28385,1,Organic,2025-07-08
28386,26,Paid ads,2025-06-29
28387,25,Organic,2025-07-23
28388,29,Influencer,2025-08-16
28389,24,Organic,2025-12-06
28390,1,Organic,2025-04-26
28391,7,Paid ads,2025-07-03
28392,30,Referral,2025-08-05
28393,27,Organic,2025-06-28
28394,5,Organic,2025-08-18
28395,21,Influencer,2025-05-08
28396,29,Organic,2025-12-26
28397,32,Influencer,2025-04-12
28400,16,Influencer,2025-06-02
28401,30,Influencer,2025-08-03
28402,26,Organic,2025-03-28
28404,19,Referral,2025-09-14
28406,27,Paid ads,2025-04-25
28408,22,Referral,2025-01-19
28409,23,Influencer,2025-07-30
28410,25,Referral,2025-04-13
28411,31,Influencer,2025-03-16
28412,26,Organic,2025-05-09
28413,29,Paid ads,2025-07-24
28414,32,Organic,2025-08-07
28415,8,Influencer,2025-07-26
28417,16,Organic,2025-12-25
28418,22,Paid ads,2025-06-03
28420,8,Organic,2025-08-22
28421,13,Paid ads,2025-04-18
28422,13,Influencer,2025-10-23
28423,8,Paid ads,2025-03-31
28424,16,Organic,2025-11-04
28425,19,Organic,2025-06-09
28426,27,Organic,2025-07-26
28427,15,Organic,2025-07-30
28428,4,Paid ads,2025-10-06
28429,13,Paid ads,2025-10-29
28431,11,Influencer,2025-09-24
28432,10,Organic,2025-05-27
28433,22,Paid ads,2025-06-09
28434,26,Organic,2025-06-18
28435,7,Organic,2025-11-24
28436,12,Paid ads,2025-12-04
28437,18,Organic,2025-06-14
28438,23,Organic,2025-11-03
28439,25,Influencer,2025-05-27
28440,28,Referral,2025-08-04
28441,22,Influencer,2025-05-24
28442,24,Organic,2025-12-22
28443,27,Influencer,2025-08-25
28444,13,Referral,2025-10-24
28445,19,Organic,2025-03-15
28446,24,Paid ads,2025-02-26
28447,18,Organic,2025-06-27
28449,18,Organic,2025-08-12
28450,27,Organic,2025-08-19
28451,29,Influencer,2025-10-04
28453,30,Organic,2025-11-18
28454,17,Referral,2025-04-27
28455,24,Organic,2025-05-19
28456,21,Influencer,2025-08-10
28457,9,Organic,2025-10-01
28458,31,Paid ads,2025-03-22
28459,23,Organic,2025-10-23
28460,25,Paid ads,2025-12-13
28461,27,Organic,2025-11-26
28462,14,Influencer,2025-11-01
28463,6,Paid ads,2025-12-07
28464,30,Organic,2025-08-19
28465,31,Organic,2025-10-25
28466,17,Organic,2025-12-17
28467,25,Organic,2025-10-24
28468,25,Organic,2025-10-31
28469,20,Influencer,2025-09-16
28470,7,Paid ads,2025-09-18
28471,23,Paid ads,2025-10-11
28472,1,Paid ads,2025-06-19
28473,24,Paid ads,2025-06-21
28474,18,Paid ads,2025-07-30
28475,27,Referral,2025-05-25
28476,22,Paid ads,2025-07-10
28477,12,Organic,2025-07-09
28478,7,Organic,2025-08-13
28479,15,Organic,2025-05-15
28481,17,Organic,2025-08-10
28482,23,Organic,2025-04-04
28483,28,Organic,2025-10-01
28485,8,Influencer,2025-10-22
28486,2,Organic,2025-03-28
28487,26,Organic,2025-08-27
28488,23,Paid ads,2025-03-04
28489,24,Organic,2025-08-15
28490,27,Organic,2025-05-06
28491,10,Influencer,2025-07-29
28492,28,Organic,2025-09-17
28495,24,Referral,2025-06-22
28496,14,Paid ads,2025-07-09
28497,19,Organic,2025-05-19
28498,26,Referral,2025-06-13
28499,23,Referral,2025-10-22
28500,8,Paid ads,2025-05-31
28501,2,Organic,2025-08-06
28503,15,Referral,2025-04-11
28504,22,Influencer,2025-03-15
28505,28,Organic,2025-07-08
28506,14,Organic,2025-09-14
28507,23,Paid ads,2025-07-13
28508,12,Paid ads,2025-07-11
28509,8,Paid ads,2025-06-21
28511,12,Paid ads,2025-09-02
28512,14,Influencer,2025-11-08
28513,29,Organic,2025-05-01
28515,11,Organic,2025-06-20
28516,22,Referral,2025-08-23
28518,27,Influencer,2025-12-23
28519,27,Referral,2025-09-16
28520,8,Paid ads,2025-06-01
28521,19,Referral,2025-10-08
28522,25,Organic,2025-08-15
28523,32,Organic,2025-09-14
28524,21,Influencer,2025-12-05
28525,23,Organic,2025-06-26
28527,27,Organic,2025-03-16
28528,19,Organic,2025-06-15
28529,27,Organic,2025-06-09
28530,26,Referral,2025-08-04
28531,27,Organic,2025-11-02
28532,15,Organic,2025-09-27
28533,16,Organic,2025-12-04
28535,17,Influencer,2025-06-11
28536,29,Organic,2025-10-10
28537,20,Paid ads,2025-09-20
28538,27,Paid ads,2025-06-11
28541,20,Organic,2025-06-16
28542,4,Organic,2025-07-05
28544,9,Influencer,2025-07-06
28546,26,Paid ads,2025-09-19
28548,26,Influencer,2025-03-19
28549,29,Paid ads,2025-11-26
28552,22,Influencer,2025-08-17
28553,14,Paid ads,2025-04-10
28555,30,Organic,2025-05-02
28556,28,Organic,2025-07-02
28557,25,Referral,2025-11-29
28559,9,Influencer,2025-10-12
28561,30,Referral,2025-05-15
28565,27,Organic,2025-06-23
28566,31,Paid ads,2025-11-18
28567,12,Referral,2025-05-24
28568,21,Referral,2025-07-18
28569,15,Organic,2025-10-13
28570,13,Organic,2025-08-30
28571,11,Paid ads,2025-04-15
28574,25,Referral,2025-03-06
28577,22,Organic,2025-11-14
28581,31,Organic,2025-07-21
28583,14,Organic,2025-06-06
28586,25,Paid ads,2025-08-07
28588,26,Referral,2025-11-16
28589,16,Paid ads,2025-08-28
28590,9,Influencer,2025-12-10
28592,25,Influencer,2025-07-11
28593,25,Referral,2025-10-14
28594,17,Influencer,2025-11-04
28595,23,Organic,2025-05-01
28598,10,Organic,2025-08-19
28599,24,Organic,2025-09-16
28600,10,Paid ads,2025-07-31
28601,15,Organic,2025-05-19
28602,16,Referral,2025-10-12
28603,5,Organic,2025-07-19
28605,16,Organic,2025-08-14
28606,23,Influencer,2025-11-27
28607,6,Organic,2025-08-05
28608,9,Organic,2025-08-28
28610,23,Influencer,2025-12-23
28612,32,Influencer,2025-10-09
28613,14,Organic,2025-03-19
28614,23,Organic,2025-05-01
28616,10,Organic,2025-10-14
28617,2,Influencer,2025-05-21
28619,30,Paid ads,2025-10-14
28620,3,Organic,2025-11-02
28621,2,Organic,2025-04-01
28622,31,Paid ads,2025-08-05
28623,18,Organic,2025-05-07
28624,20,Influencer,2025-08-31
28626,27,Organic,2025-05-12
28628,24,Organic,2025-03-09
28630,30,Organic,2025-09-04
28631,25,Paid ads,2025-06-05
28632,30,Paid ads,2025-05-22
28633,26,Organic,2025-03-08
28634,14,Paid ads,2025-11-26
28635,29,Influencer,2025-05-04
28636,28,Paid ads,2025-06-12
28637,26,Paid ads,2025-04-15
28638,25,Organic,2025-10-13
28639,16,Paid ads,2025-08-27
28640,30,Influencer,2025-09-14
28641,9,Referral,2025-06-09
28642,24,Paid ads,2025-04-16
28643,28,Paid ads,2025-09-14
28644,24,Influencer,2025-04-05
28645,6,Organic,2025-04-23
28646,28,Organic,2025-10-11
28647,23,Organic,2025-05-21
28648,13,Referral,2025-10-31
28649,27,Paid ads,2025-07-03
28650,12,Referral,2025-08-14
28652,27,Referral,2025-09-17
28653,22,Referral,2025-05-05
28654,10,Influencer,2025-05-27
28655,21,Organic,2025-07-26
28656,23,Organic,2025-09-18
28658,9,Organic,2025-05-20
28660,24,Paid ads,2025-08-02
28662,25,Organic,2025-07-29
28665,26,Paid ads,2025-05-18
28666,17,Paid ads,2025-06-29
28667,24,Referral,2025-04-07
28668,21,Organic,2025-05-28
28669,1,Organic,2025-11-15
28670,21,Organic,2025-07-16
28671,32,Organic,2025-04-09
28672,29,Organic,2025-05-28
28673,19,Referral,2025-06-11
28675,31,Paid ads,2025-09-07
28676,21,Paid ads,2025-06-23
28677,23,Paid ads,2025-04-07
28681,18,Organic,2025-08-02
28682,22,Influencer,2025-06-20
28683,26,Paid ads,2025-07-13
28685,30,Referral,2025-10-09
28686,19,Organic,2025-06-16
28687,24,Organic,2025-02-10
28688,1,Influencer,2025-06-29
28689,15,Organic,2025-04-23
28691,9,Influencer,2025-03-17
28692,30,Organic,2025-04-30
28693,23,Paid ads,2025-06-02
28695,14,Referral,2025-03-05
28696,8,Referral,2025-07-15
28698,9,Referral,2025-08-22
28699,2,Organic,2025-10-17
28700,31,Influencer,2025-05-12
28701,29,Referral,2025-12-27
28702,25,Organic,2025-09-09
28703,24,Influencer,2025-04-08
28704,26,Paid ads,2025-07-21
28705,30,Influencer,2025-08-08
28706,25,Paid ads,2025-03-16
28707,13,Organic,2025-04-11
28711,28,Influencer,2025-05-27
28715,32,Influencer,2025-10-18
28717,31,Influencer,2025-09-30
28718,23,Paid ads,2025-06-25
28719,13,Organic,2025-07-31
28720,1,Referral,2025-06-04
28722,15,Referral,2025-05-08
28724,13,Organic,2025-07-25
28725,25,Organic,2025-07-19
28728,27,Paid ads,2025-09-15
28729,6,Referral,2025-05-15
28730,29,Organic,2025-04-01
28731,17,Organic,2025-07-05
28732,23,Referral,2025-10-29
28735,24,Organic,2025-03-10
28736,22,Paid ads,2025-05-18
28737,26,Organic,2025-08-07
28738,23,Paid ads,2025-06-12
28739,5,Paid ads,2025-10-08
28740,30,Organic,2025-08-25
28742,29,Organic,2025-10-11
28743,12,Influencer,2025-03-19
28744,23,Influencer,2025-07-01
28745,27,Influencer,2025-06-03
28746,10,Referral,2025-10-16
28747,9,Referral,2025-04-28
28748,24,Organic,2025-07-23
28749,29,Organic,2025-07-28
28750,13,Influencer,2025-02-18
28751,31,Organic,2025-10-09
28752,24,Paid ads,2025-10-30
28753,26,Organic,2025-07-29
28755,26,Organic,2025-06-12
28756,23,Referral,2025-05-27
28757,9,Paid ads,2025-05-16
28758,1,Paid ads,2025-07-01
28759,21,Organic,2025-09-03
28762,21,Organic,2025-12-04
28763,16,Organic,2025-09-05
28764,21,Organic,2025-08-23
28765,22,Organic,2025-08-31
28767,5,Organic,2025-04-17
28768,30,Paid ads,2025-05-28
28769,31,Organic,2025-06-10
28770,2,Paid ads,2025-02-26
28771,32,Influencer,2025-06-29
28772,32,Referral,2025-09-08
28774,26,Organic,2025-04-19
28775,21,Influencer,2025-06-15
28776,8,Organic,2025-06-27
28777,26,Referral,2025-09-10
28779,10,Organic,2025-11-12
28780,14,Influencer,2025-07-08
28781,28,Influencer,2025-02-15
28783,17,Paid ads,2025-07-17
28784,14,Paid ads,2025-08-12
28785,24,Organic,2025-08-19
28787,20,Referral,2025-04-04
28788,24,Influencer,2025-11-05
28789,20,Organic,2025-10-31
28790,11,Organic,2025-08-29
28791,5,Organic,2025-05-16
28792,31,Paid ads,2025-05-11
28793,31,Influencer,2025-05-28
28794,11,Referral,2025-02-24
28795,29,Influencer,2025-03-20
28796,1,Influencer,2025-05-30
28797,11,Referral,2025-03-07
28798,25,Paid ads,2025-09-06
28799,25,Organic,2025-12-15
28800,27,Organic,2025-08-02
28801,26,Paid ads,2025-04-09
28802,30,Influencer,2025-05-20
28803,4,Paid ads,2025-08-24
28804,29,Paid ads,2025-09-21
28805,23,Paid ads,2025-08-01
28806,32,Referral,2025-08-18
28807,26,Paid ads,2025-09-17
28808,16,Paid ads,2025-04-29
28809,24,Paid ads,2025-06-21
28810,26,Organic,2025-06-05
28811,30,Organic,2025-04-11
28812,16,Organic,2025-10-17
28814,25,Paid ads,2025-04-30
28816,12,Paid ads,2025-11-10
28817,28,Organic,2025-11-15
28818,23,Referral,2025-07-03
28819,10,Paid ads,2025-06-09
28820,27,Paid ads,2025-04-22
28821,12,Referral,2025-05-09
28822,10,Organic,2025-06-20
28823,23,Organic,2025-07-02
28824,19,Organic,2025-09-14
28825,30,Influencer,2025-05-08
28826,23,Organic,2025-04-21
28827,14,Referral,2025-10-24
28828,7,Influencer,2025-05-13
28831,19,Paid ads,2025-08-01
28832,24,Organic,2025-11-14
28834,19,Paid ads,2025-10-12
28835,25,Organic,2025-06-24
28837,12,Paid ads,2025-08-05
28838,10,Paid ads,2025-07-24
28839,16,Influencer,2025-11-04
28840,22,Paid ads,2025-10-31
28841,10,Organic,2025-06-15
28842,17,Organic,2025-06-14
28844,24,Paid ads,2025-05-25
28845,25,Organic,2025-04-07
28847,25,Organic,2025-05-22
28849,32,Organic,2025-07-28
28850,27,Organic,2025-04-04
28851,15,Paid ads,2025-07-29
28852,31,Influencer,2025-11-27
28853,26,Paid ads,2025-10-12
28854,10,Influencer,2025-04-03
28855,5,Paid ads,2025-10-21
28857,30,Referral,2025-11-25
28858,24,Organic,2025-03-11
28859,11,Influencer,2025-09-27
28860,18,Organic,2025-04-23
28861,13,Referral,2025-07-18
28862,27,Paid ads,2025-10-08
28863,15,Referral,2025-10-04
28864,22,Influencer,2025-11-07
28866,24,Organic,2025-08-16
28868,14,Organic,2025-05-17
28869,9,Paid ads,2025-06-13
28870,4,Organic,2025-07-12
28872,25,Paid ads,2025-04-20
28874,10,Organic,2025-09-12
28876,27,Organic,2025-08-21
28877,18,Paid ads,2025-04-12
28878,28,Influencer,2025-05-03
28879,22,Paid ads,2025-04-12
28880,27,Organic,2025-09-24
28881,14,Organic,2025-10-11
28883,6,Organic,2025-11-07
28884,4,Organic,2025-02-10
28885,22,Referral,2025-08-08
28886,25,Organic,2025-10-31
28888,15,Paid ads,2025-11-10
28889,3,Referral,2025-07-12
28893,28,Organic,2025-05-08
28894,29,Referral,2025-06-10
28895,31,Referral,2025-05-22
28896,11,Paid ads,2025-05-06
28897,24,Paid ads,2025-08-03
28898,9,Organic,2025-08-28
28901,2,Organic,2025-06-30
28902,32,Paid ads,2025-10-26
28903,27,Paid ads,2025-09-05
28904,21,Organic,2025-03-24
28905,13,Organic,2025-07-22
28906,16,Influencer,2025-10-20
28907,30,Organic,2025-08-14
28908,25,Referral,2025-04-29
28909,8,Paid ads,2025-06-12
28910,22,Organic,2025-07-06
28911,11,Influencer,2025-06-06
28912,13,Organic,2025-08-22
28913,5,Paid ads,2025-05-18
28914,5,Organic,2025-12-11
28915,9,Paid ads,2025-08-27
28916,32,Referral,2025-03-14
28917,13,Influencer,2025-05-08
28918,1,Paid ads,2025-09-19
28920,30,Paid ads,2025-10-31
28921,24,Paid ads,2025-07-08
28922,21,Organic,2025-10-10
28924,11,Influencer,2025-09-19
28925,25,Organic,2025-09-23
28926,29,Organic,2025-10-01
28927,20,Organic,2025-04-03
28928,29,Influencer,2025-05-15
28931,27,Influencer,2025-07-03
28932,29,Influencer,2025-04-30
28933,15,Paid ads,2025-05-04
28934,32,Paid ads,2025-10-09
28935,32,Organic,2025-10-13
28936,30,Organic,2025-11-30
28937,28,Organic,2025-07-30
28940,31,Organic,2025-07-28
28941,12,Referral,2025-08-03
28943,28,Paid ads,2025-03-26
28944,20,Organic,2025-07-17
28946,11,Referral,2025-05-27
28947,8,Organic,2025-08-23
28948,19,Organic,2025-05-06
28951,19,Referral,2025-09-27
28952,30,Organic,2025-05-21
28953,6,Influencer,2025-05-14
28954,27,Paid ads,2025-07-17
28955,27,Paid ads,2025-07-30
28957,13,Paid ads,2025-04-30
28958,26,Referral,2025-10-14
28960,24,Organic,2025-05-28
28962,11,Paid ads,2025-08-27
28963,26,Referral,2025-05-20
28964,18,Influencer,2025-08-13
28965,19,Organic,2025-03-05
28966,31,Paid ads,2025-06-30
28967,24,Influencer,2025-05-27
28968,26,Referral,2025-05-18
28970,23,Organic,2025-11-11
28971,22,Paid ads,2025-10-08
28972,20,Organic,2025-05-19
28974,18,Organic,2025-08-11
28976,14,Paid ads,2025-05-13
28978,19,Organic,2025-04-20
28979,11,Organic,2025-10-19
28980,28,Organic,2025-06-21
28981,27,Organic,2025-06-29
28982,31,Referral,2025-11-03
28983,29,Organic,2025-06-28
28985,27,Paid ads,2025-07-21
28986,13,Referral,2025-04-14
28987,15,Paid ads,2025-10-11
28988,23,Influencer,2025-06-21
28989,21,Referral,2025-02-12
28991,10,Organic,2025-05-25
28992,17,Influencer,2025-08-13
28993,18,Influencer,2025-05-19
28994,23,Paid ads,2025-09-23
28995,16,Referral,2025-06-30
28996,30,Organic,2025-05-27
28997,15,Paid ads,2025-07-30
28998,22,Paid ads,2025-07-10
28999,32,Influencer,2025-07-22
29000,12,Organic,2025-09-30
29001,19,Paid ads,2025-03-01
29003,27,Influencer,2025-08-15
29004,4,Influencer,2025-08-20
29005,25,Paid ads,2025-04-02
29006,14,Organic,2025-08-07
29007,21,Referral,2025-08-10
29008,24,Organic,2025-08-05
29010,16,Organic,2025-04-01
29011,18,Organic,2025-10-21
29012,4,Organic,2025-09-29
29013,10,Referral,2025-07-21
29014,15,Paid ads,2025-09-25
29016,23,Paid ads,2025-08-22
29017,1,Organic,2025-10-29
29018,32,Organic,2025-03-03
29019,11,Organic,2025-05-26
29021,1,Organic,2025-07-04
29022,8,Organic,2025-07-14
29023,21,Paid ads,2025-11-23
29024,13,Paid ads,2025-09-29
29025,26,Organic,2025-06-01
29026,25,Organic,2025-03-25
29027,16,Paid ads,2025-07-15
29028,18,Paid ads,2025-03-24
29029,25,Paid ads,2025-06-20
29030,16,Paid ads,2025-06-24
29032,26,Organic,2025-10-15
29034,19,Organic,2025-09-04
29035,22,Organic,2025-10-06
29038,28,Influencer,2025-04-15
29040,31,Organic,2025-05-18
29041,25,Paid ads,2025-10-18
29042,27,Influencer,2025-06-14
29045,30,Referral,2025-09-03
29046,12,Organic,2025-06-10
29047,17,Organic,2025-09-01
29050,31,Organic,2025-07-30
29051,27,Organic,2025-05-03
29052,31,Organic,2025-07-02
29053,11,Paid ads,2025-06-10
29054,27,Paid ads,2025-03-31
29055,22,Organic,2025-04-17
29056,26,Influencer,2025-11-23
29057,20,Organic,2025-11-25
29059,3,Paid ads,2025-06-30
29060,8,Influencer,2025-09-25
29061,13,Influencer,2025-05-18
29062,14,Referral,2025-03-16
29063,23,Paid ads,2025-07-27
29064,26,Organic,2025-12-09
29066,21,Paid ads,2025-09-17
29067,20,Organic,2025-03-23
29068,24,Influencer,2025-05-21
29069,26,Referral,2025-12-26
29070,15,Influencer,2025-10-11
29071,25,Organic,2025-06-14
29072,26,Organic,2025-10-18
29073,24,Organic,2025-11-25
29074,11,Paid ads,2025-07-12
29075,25,Organic,2025-04-27
29078,23,Organic,2025-02-09
29079,30,Influencer,2025-06-20
29080,24,Organic,2025-06-03
29081,32,Paid ads,2025-11-15
29082,4,Organic,2025-07-03
29083,25,Organic,2025-04-19
29084,22,Referral,2025-06-18
29085,27,Organic,2025-07-05
29086,31,Referral,2025-06-21
29087,27,Organic,2025-12-05
29088,25,Organic,2025-05-07
29089,31,Referral,2025-11-11
29090,27,Organic,2025-09-04
29091,26,Organic,2025-07-09
29092,22,Organic,2025-07-21
29093,28,Referral,2025-09-28
29094,22,Paid ads,2025-11-24
29095,29,Organic,2025-08-30
29096,30,Paid ads,2025-11-27
29097,27,Organic,2025-08-31
29099,10,Organic,2025-06-08
29100,6,Organic,2025-10-24
29101,27,Organic,2025-07-22
29103,5,Paid ads,2025-04-05
29104,23,Paid ads,2025-09-16
29105,22,Referral,2025-07-22
29106,2,Organic,2025-06-23
29107,12,Organic,2025-05-11
29108,5,Paid ads,2025-11-29
29109,32,Organic,2025-08-24
29110,24,Organic,2025-07-11
29112,31,Referral,2025-09-15
29113,16,Organic,2025-04-06
29114,5,Organic,2025-06-26
29115,22,Organic,2025-04-29
29116,20,Organic,2025-06-03
29118,14,Organic,2025-04-23
29119,19,Influencer,2025-11-21
29120,2,Organic,2025-07-07
29121,30,Organic,2025-04-15
29122,9,Organic,2025-04-12
29123,23,Paid ads,2025-06-29
29124,23,Paid ads,2025-04-12
29125,25,Paid ads,2025-07-05
29126,29,Organic,2025-05-26
29128,14,Organic,2025-07-31
29129,13,Paid ads,2025-07-12
29130,29,Paid ads,2025-03-16
29131,19,Organic,2025-08-05
29132,24,Referral,2025-04-23
29134,26,Organic,2025-07-02
29137,32,Referral,2025-09-05
29139,20,Organic,2025-06-22
29140,32,Organic,2025-05-28
29141,27,Paid ads,2025-10-29
29142,26,Influencer,2025-04-04
29143,22,Organic,2025-07-26
29144,31,Organic,2025-12-01
29145,14,Influencer,2025-10-14
29146,24,Influencer,2025-10-15
29148,25,Paid ads,2025-08-30
29149,26,Influencer,2025-04-23
29150,20,Organic,2025-11-07
29151,8,Referral,2025-11-26
29152,25,Organic,2025-09-18
29154,16,Organic,2025-06-01
29156,23,Organic,2025-02-11
29157,30,Paid ads,2025-03-23
29159,21,Referral,2025-06-09
29160,30,Organic,2025-11-12
29161,14,Organic,2025-03-01
29163,9,Organic,2025-04-05
29164,28,Influencer,2025-03-24
29167,26,Influencer,2025-04-20
29168,28,Paid ads,2025-12-06
29169,21,Organic,2025-07-28
29170,17,Organic,2025-09-13
29171,24,Referral,2025-06-27
29172,13,Paid ads,2025-07-15
29173,17,Influencer,2025-04-13
29175,31,Organic,2025-11-08
29176,13,Referral,2025-06-13
29177,23,Organic,2025-02-05
29178,29,Organic,2025-09-09
29179,32,Paid ads,2025-08-04
29180,31,Paid ads,2025-11-02
29181,10,Paid ads,2025-05-05
29182,29,Paid ads,2025-02-27
29183,30,Paid ads,2025-05-20
29184,4,Paid ads,2025-10-26
29185,28,Organic,2025-08-04
29186,5,Influencer,2025-07-30
29187,19,Organic,2025-10-06
29188,26,Paid ads,2025-11-11
29189,31,Influencer,2025-10-01
29190,29,Organic,2025-11-07
29191,31,Paid ads,2025-07-28
29192,22,Organic,2025-08-23
29193,22,Referral,2025-06-06
29194,19,Organic,2025-08-31
29196,12,Organic,2025-06-29
29197,25,Influencer,2025-08-15
29198,22,Organic,2025-02-26
29199,16,Influencer,2025-07-26
29200,28,Organic,2025-06-10
29201,31,Paid ads,2025-06-11
29202,18,Paid ads,2025-08-04
29203,14,Referral,2025-05-26
29206,20,Organic,2025-06-25
29207,30,Organic,2025-08-17
29210,25,Paid ads,2025-05-21
29211,26,Organic,2025-06-07
29212,12,Organic,2025-09-05
29213,17,Influencer,2025-04-19
29214,32,Organic,2025-04-21
29215,20,Organic,2025-11-09
29217,27,Organic,2025-10-03
29219,17,Paid ads,2025-05-10
29220,18,Organic,2025-11-06
29221,20,Organic,2025-10-17
29222,17,Organic,2025-11-07
29223,26,Organic,2025-10-11
29224,24,Paid ads,2025-05-28
29225,30,Organic,2025-05-22
29226,19,Organic,2025-03-16
29227,21,Organic,2025-03-31
29228,26,Influencer,2025-07-11
29229,10,Influencer,2025-10-31
29230,21,Referral,2025-05-25
29231,11,Referral,2025-09-08
29232,21,Influencer,2025-08-24
29233,21,Organic,2025-06-26
29234,14,Influencer,2025-10-29
29235,18,Paid ads,2025-04-13
29236,14,Organic,2025-12-25
29237,6,Paid ads,2025-04-08
29240,24,Organic,2025-07-16
29241,32,Organic,2025-07-12
29243,8,Organic,2025-02-27
29245,12,Organic,2025-05-21
29246,31,Organic,2025-12-07
29247,26,Organic,2025-09-18
29248,14,Organic,2025-07-07
29249,18,Paid ads,2025-08-24
29250,13,Organic,2025-05-26
29252,30,Organic,2025-03-30
29254,27,Paid ads,2025-02-08
29256,17,Paid ads,2025-07-09
29257,20,Organic,2025-11-01
29258,30,Organic,2025-10-23
29259,11,Organic,2025-06-13
29260,6,Organic,2025-04-07
29262,16,Referral,2025-02-26
29263,31,Organic,2025-03-10
29265,7,Organic,2025-02-12
29266,32,Paid ads,2025-04-21
29267,14,Influencer,2025-07-14
29270,18,Organic,2025-04-22
29271,23,Organic,2025-06-11
29272,32,Paid ads,2025-08-23
29274,27,Referral,2025-10-01
29275,26,Organic,2025-07-21
29276,9,Paid ads,2025-10-02
29277,28,Organic,2025-09-16
29278,12,Referral,2025-05-18
29279,29,Influencer,2025-09-26
29280,23,Organic,2025-09-22
29282,26,Paid ads,2025-03-27
29283,30,Referral,2025-11-02
29284,25,Organic,2025-10-05
29285,31,Organic,2025-08-19
29287,9,Organic,2025-07-07
29288,26,Organic,2025-11-11
29289,25,Organic,2025-05-23
29290,19,Influencer,2025-09-13
29291,15,Organic,2025-04-20
29292,27,Paid ads,2025-08-03
29293,16,Paid ads,2025-09-17
29295,23,Paid ads,2025-08-06
29297,11,Influencer,2025-11-21
29298,29,Referral,2025-05-09
29299,29,Referral,2025-09-12
29300,28,Organic,2025-09-07
29301,24,Organic,2025-06-22
29302,22,Paid ads,2025-08-05
29303,29,Paid ads,2025-10-06
29304,2,Organic,2025-08-24
29307,28,Referral,2025-06-22
29308,10,Paid ads,2025-09-07
29309,26,Paid ads,2025-11-14
29310,26,Influencer,2025-09-30
29311,32,Influencer,2025-03-06
29312,28,Organic,2025-09-21
29314,25,Paid ads,2025-07-26
29315,15,Organic,2025-02-22
29316,17,Paid ads,2025-10-30
29317,18,Referral,2025-12-26
29318,24,Organic,2025-11-20
29319,13,Organic,2025-10-16
29321,9,Paid ads,2025-11-04
29324,32,Organic,2025-11-27
29325,26,Organic,2025-09-02
29326,21,Organic,2025-08-01
29327,23,Organic,2025-04-17
29329,22,Paid ads,2025-11-09
29331,24,Referral,2025-12-24
29332,15,Organic,2025-08-12
29333,16,Organic,2025-04-29
29334,19,Organic,2025-09-05
29336,25,Referral,2025-07-18
29337,10,Referral,2025-07-07
29338,31,Referral,2025-07-15
29339,30,Organic,2025-09-05
29340,20,Organic,2025-02-15
29341,29,Organic,2025-05-02
29342,32,Influencer,2025-11-15
29344,24,Organic,2025-03-18
29345,15,Organic,2025-10-01
29348,32,Paid ads,2025-11-24
29349,20,Referral,2025-06-10
29350,21,Paid ads,2025-06-24
29351,21,Paid ads,2025-09-06
29352,30,Paid ads,2025-07-31
29353,26,Referral,2025-04-07
29354,17,Referral,2025-06-01
29355,31,Paid ads,2025-06-12
29357,14,Organic,2025-09-24
29360,21,Influencer,2025-09-14
29361,11,Organic,2025-10-03
29364,18,Paid ads,2025-11-27
29365,32,Referral,2025-04-29
29367,18,Influencer,2025-04-18
29370,23,Organic,2025-04-03
29371,23,Paid ads,2025-07-25
29373,18,Organic,2025-06-05
29374,30,Organic,2025-08-18
29375,32,Influencer,2025-05-17
29376,29,Organic,2025-10-27
29377,18,Referral,2025-07-11
29378,2,Organic,2025-05-25
29380,21,Organic,2025-08-13
29381,23,Organic,2025-08-21
29382,10,Influencer,2025-07-03
29384,14,Organic,2025-11-04
29385,26,Paid ads,2025-08-01
29386,19,Organic,2025-09-14
29388,13,Organic,2025-07-04
29389,13,Paid ads,2025-08-04
29390,16,Organic,2025-07-09
29391,10,Paid ads,2025-09-19
29392,23,Organic,2025-11-14
29393,26,Referral,2025-06-30
29394,11,Paid ads,2025-07-26
29395,11,Organic,2025-11-25
29397,8,Influencer,2025-05-06
29398,3,Organic,2025-07-12
29399,19,Referral,2025-07-11
29400,5,Organic,2025-04-15
29401,25,Organic,2025-08-09
29402,29,Referral,2025-03-23
29404,11,Influencer,2025-07-05
29405,6,Influencer,2025-06-19
29406,29,Referral,2025-11-13
29407,9,Organic,2025-09-18
29408,15,Referral,2025-07-16
29410,19,Organic,2025-08-02
29411,9,Influencer,2025-06-27
29412,22,Influencer,2025-07-21
29413,32,Organic,2025-12-03
29414,15,Paid ads,2025-07-24
29417,17,Organic,2025-11-06
29418,25,Influencer,2025-06-30
29419,15,Organic,2025-04-09
29420,20,Organic,2025-07-08
29421,7,Influencer,2025-10-15
29422,1,Organic,2025-06-02
29424,29,Referral,2025-12-30
29425,9,Organic,2025-05-20
29426,20,Paid ads,2025-04-05
29427,28,Organic,2025-07-04
29428,11,Influencer,2025-06-14
29429,31,Organic,2025-05-10
29430,19,Referral,2025-09-28
29431,22,Organic,2025-08-11
29433,18,Influencer,2025-05-22
29434,29,Influencer,2025-06-26
29435,7,Referral,2025-08-22
29436,13,Influencer,2025-05-29
29437,15,Organic,2025-06-17
29438,15,Referral,2025-05-03
29439,30,Organic,2025-09-08
29440,11,Influencer,2025-10-04
29441,20,Organic,2025-02-27
29442,6,Paid ads,2025-04-05
29443,29,Organic,2025-09-19
29444,27,Organic,2025-10-26
29446,32,Organic,2025-08-15
29447,29,Organic,2025-07-14
29448,25,Organic,2025-03-10
29449,14,Influencer,2025-08-05
29452,31,Influencer,2025-10-18
29453,17,Organic,2025-10-24
29454,25,Referral,2025-04-13
29455,15,Organic,2025-05-09
29456,22,Paid ads,2025-05-05
29457,23,Influencer,2025-12-09
29458,32,Organic,2025-12-15
29459,32,Organic,2025-08-07
29460,9,Referral,2025-11-06
29461,30,Paid ads,2025-10-12
29462,22,Paid ads,2025-05-14
29463,26,Paid ads,2025-06-29
29464,28,Paid ads,2025-11-06
29465,11,Referral,2025-11-01
29466,21,Organic,2025-09-20
29467,20,Paid ads,2025-12-02
29468,16,Organic,2025-12-26
29471,15,Referral,2025-03-27
29472,28,Organic,2025-07-16
29474,30,Referral,2025-08-30
29476,29,Organic,2025-06-16
29477,1,Influencer,2025-07-13
29478,28,Referral,2025-05-26
29479,1,Paid ads,2025-06-04
29480,17,Paid ads,2025-12-06
29482,26,Organic,2025-04-05
29483,26,Organic,2025-06-18
29484,20,Paid ads,2025-10-29
29485,30,Organic,2025-04-30
29486,23,Organic,2025-04-21
29487,31,Influencer,2025-04-03
29490,16,Organic,2025-07-29
29491,32,Paid ads,2025-08-25
29493,28,Paid ads,2025-04-04
29495,19,Organic,2025-08-20
29497,14,Paid ads,2025-08-21
29498,11,Influencer,2025-07-19
29499,21,Influencer,2025-08-01
29500,26,Organic,2025-12-06
29501,31,Organic,2025-02-21
29502,27,Paid ads,2025-11-04
29503,21,Organic,2025-05-20
29504,15,Referral,2025-07-10
29505,30,Referral,2025-05-29
29506,26,Organic,2025-07-17
29507,24,Influencer,2025-04-06
29508,20,Organic,2025-08-19
29509,16,Organic,2025-07-16
29511,27,Referral,2025-06-16
29512,9,Influencer,2025-12-11
29513,6,Referral,2025-09-26
29514,30,Influencer,2025-05-20
29515,30,Organic,2025-08-13
29516,22,Influencer,2025-06-23
29517,13,Referral,2025-07-06
29519,7,Influencer,2025-07-15
29520,11,Organic,2025-06-13
29521,30,Organic,2025-07-14
29522,24,Organic,2025-03-30
29523,16,Paid ads,2025-11-06
29525,13,Organic,2025-10-22
29526,6,Organic,2025-11-24
29527,12,Organic,2025-09-24
29528,4,Organic,2025-05-09
29529,20,Influencer,2025-05-07
29530,18,Influencer,2025-06-29
29532,19,Organic,2025-06-24
29534,2,Paid ads,2025-11-12
29535,22,Influencer,2025-10-30
29539,12,Organic,2025-03-02
29541,13,Paid ads,2025-06-26
29542,16,Paid ads,2025-05-31
29544,19,Organic,2025-04-22
29547,26,Influencer,2025-10-19
29548,13,Paid ads,2025-11-24
29549,22,Paid ads,2025-10-18
29550,16,Paid ads,2025-07-27
29552,9,Influencer,2025-04-29
29553,14,Organic,2025-12-10
29554,21,Organic,2025-07-05
29555,12,Organic,2025-05-07
29556,30,Paid ads,2025-08-25
29557,7,Organic,2025-05-27
29558,31,Influencer,2025-04-04
29560,17,Paid ads,2025-12-02
29561,23,Referral,2025-08-17
29562,8,Organic,2025-10-05
29565,19,Organic,2025-11-12
29566,29,Influencer,2025-07-28
29567,13,Organic,2025-10-11
29568,31,Influencer,2025-08-07
29569,30,Paid ads,2025-04-30
29570,21,Organic,2025-06-16
29571,9,Organic,2025-09-27
29574,14,Paid ads,2025-07-27
29575,14,Influencer,2025-10-26
29576,21,Influencer,2025-03-23
29577,20,Organic,2025-12-08
29578,29,Organic,2025-03-10
29579,10,Organic,2025-05-04
29580,26,Paid ads,2025-07-17
29581,30,Organic,2025-09-10
29582,13,Organic,2025-08-13
29583,29,Organic,2025-10-03
29584,23,Paid ads,2025-05-09
29585,25,Organic,2025-06-26
29586,9,Organic,2025-10-17
29587,19,Paid ads,2025-08-14
29588,8,Paid ads,2025-08-09
29589,30,Paid ads,2025-11-30
29591,18,Organic,2025-04-29
29592,17,Organic,2025-07-12
29593,23,Paid ads,2025-06-24
29594,16,Paid ads,2025-11-17
29596,14,Referral,2025-09-24
29597,18,Organic,2025-07-06
29598,19,Organic,2025-08-16
29599,11,Referral,2025-10-04
29600,10,Organic,2025-07-21
29601,16,Organic,2025-07-26
29602,20,Organic,2025-07-17
29603,28,Organic,2025-11-24
29605,3,Organic,2025-06-28
29606,16,Referral,2025-07-03
29607,17,Organic,2025-06-15
29608,12,Organic,2025-03-08
29609,27,Paid ads,2025-10-13
29613,10,Influencer,2025-05-31
29614,5,Referral,2025-08-28
29615,6,Organic,2025-07-21
29616,14,Paid ads,2025-08-24
29617,4,Referral,2025-10-17
29619,2,Organic,2025-11-04
29620,23,Organic,2025-10-22
29621,20,Organic,2025-03-20
29622,26,Referral,2025-07-23
29624,23,Organic,2025-12-17
29625,28,Influencer,2025-08-28
29626,30,Influencer,2025-10-04
29627,16,Organic,2025-04-23
29629,14,Referral,2025-02-17
29630,21,Organic,2025-09-10
29631,15,Organic,2025-07-16
29632,2,Paid ads,2025-09-28
29633,7,Influencer,2025-09-30
29634,13,Organic,2025-08-08
29635,32,Referral,2025-03-10
29636,30,Referral,2025-06-21
29637,18,Organic,2025-11-04
29638,28,Organic,2025-11-26
29639,31,Influencer,2025-10-01
29641,32,Organic,2025-11-24
29642,21,Organic,2025-10-13
29643,31,Organic,2025-08-23
29644,9,Paid ads,2025-05-12
29645,27,Organic,2025-11-04
29647,30,Influencer,2025-05-13
29648,25,Organic,2025-06-11
29650,26,Organic,2025-09-17
29651,6,Organic,2025-09-16
29652,29,Organic,2025-07-11
29653,25,Paid ads,2025-04-19
29655,24,Influencer,2025-09-30
29656,22,Influencer,2025-09-30
29657,21,Referral,2025-09-05
29658,31,Paid ads,2025-04-25
29660,16,Paid ads,2025-05-17
29662,11,Organic,2025-11-02
29663,4,Referral,2025-05-30
29664,26,Organic,2025-05-06
29665,24,Organic,2025-11-08
29666,28,Influencer,2025-07-16
29667,32,Influencer,2025-07-27
29668,18,Paid ads,2025-06-14
29670,8,Organic,2025-11-21
29671,4,Organic,2025-03-25
29672,29,Paid ads,2025-12-13
29673,27,Organic,2025-07-13
29674,30,Paid ads,2025-04-11
29675,21,Organic,2025-03-19
29676,6,Organic,2025-10-19
29677,16,Referral,2025-07-31
29678,17,Influencer,2025-06-06
29679,8,Organic,2025-09-26
29680,10,Paid ads,2025-04-06
29681,32,Organic,2025-07-06
29682,29,Organic,2025-08-06
29683,30,Organic,2025-04-06
29685,23,Organic,2025-08-24
29686,24,Referral,2025-05-13
29687,28,Organic,2025-06-18
29688,32,Referral,2025-08-06
29690,11,Referral,2025-11-28
29691,19,Organic,2025-08-10
29692,12,Paid ads,2025-08-23
29693,15,Organic,2025-04-20
29694,23,Paid ads,2025-08-04
29695,29,Organic,2025-09-20
29696,13,Influencer,2025-07-27
29697,10,Organic,2025-07-19
29698,11,Referral,2025-06-04
29699,2,Paid ads,2025-09-30
29700,18,Influencer,2025-05-13
29701,24,Referral,2025-08-26
29702,13,Influencer,2025-07-20
29703,17,Referral,2025-10-17
29704,31,Organic,2025-06-07
29706,18,Organic,2025-03-29
29707,4,Organic,2025-06-14
29710,22,Influencer,2025-07-04
29711,16,Organic,2025-06-17
29712,25,Organic,2025-09-14
29713,29,Paid ads,2025-09-09
29717,5,Organic,2025-05-24
29718,25,Referral,2025-05-11
29720,24,Paid ads,2025-09-01
29721,31,Referral,2025-06-17
29722,23,Organic,2025-10-18
29723,5,Influencer,2025-06-25
29724,28,Paid ads,2025-05-24
29725,1,Influencer,2025-11-14
29726,22,Paid ads,2025-10-12
29727,19,Referral,2025-09-24
29728,26,Influencer,2025-07-09
29729,16,Organic,2025-09-25
29730,25,Organic,2025-05-08
29732,17,Organic,2025-05-28
29733,30,Organic,2025-05-16
29734,20,Influencer,2025-03-13
29735,7,Referral,2025-05-04
29737,18,Influencer,2025-09-03
29738,27,Organic,2025-08-25
29740,14,Organic,2025-09-11
29741,25,Paid ads,2025-11-10
29742,21,Organic,2025-05-02
29743,15,Paid ads,2025-06-15
29744,9,Paid ads,2025-06-16
29745,23,Organic,2025-11-04
29746,22,Influencer,2025-06-05
29747,28,Paid ads,2025-05-29
29748,18,Paid ads,2025-07-02
29749,28,Organic,2025-10-04
29750,11,Organic,2025-07-29
29752,14,Organic,2025-03-12
29753,14,Referral,2025-02-21
29754,21,Influencer,2025-10-14
29755,3,Paid ads,2025-03-26
29756,14,Paid ads,2025-03-10
29757,25,Paid ads,2025-10-01
29758,26,Paid ads,2025-04-14
29759,20,Organic,2025-08-13
29760,21,Organic,2025-11-22
29761,28,Organic,2025-04-06
29762,26,Organic,2025-12-07
29763,16,Referral,2025-09-10
29766,7,Paid ads,2025-12-01
29767,18,Referral,2025-09-10
29769,10,Referral,2025-01-13
29770,5,Organic,2025-09-16
29771,10,Paid ads,2025-07-17
29772,25,Organic,2025-08-30
29773,3,Organic,2025-04-11
29774,32,Organic,2025-04-15
29775,14,Organic,2025-10-23
29776,32,Paid ads,2025-10-25
29778,8,Organic,2025-10-19
29779,31,Referral,2025-05-03
29780,30,Organic,2025-06-28
29781,24,Organic,2025-04-20
29783,23,Organic,2025-03-14
29784,19,Organic,2025-09-08
29786,19,Organic,2025-06-12
29787,21,Paid ads,2025-04-25
29788,21,Referral,2025-04-22
29789,15,Organic,2025-05-04
29790,26,Influencer,2025-05-04
29791,21,Organic,2025-05-17
29792,15,Organic,2025-07-04
29794,14,Referral,2025-07-04
29796,9,Organic,2025-07-11
29797,24,Paid ads,2025-09-07
29798,23,Organic,2025-07-10
29799,4,Organic,2025-05-06
29800,14,Paid ads,2025-08-19
29802,24,Organic,2025-11-02
29803,14,Referral,2025-06-22
29804,3,Organic,2025-06-06
29805,5,Referral,2025-07-24
29806,27,Paid ads,2025-06-26
29807,12,Referral,2025-12-26
29808,23,Influencer,2025-07-06
29810,25,Organic,2025-06-26
29811,32,Organic,2025-04-25
29812,15,Organic,2025-06-27
29816,19,Organic,2025-11-22
29817,22,Organic,2025-08-15
29818,31,Paid ads,2025-06-23
29819,29,Influencer,2025-10-16
29821,21,Influencer,2025-05-27
29822,10,Influencer,2025-07-18
29823,29,Paid ads,2025-07-13
29824,14,Paid ads,2025-05-21
29826,28,Referral,2025-09-06
29827,31,Referral,2025-07-20
29828,1,Organic,2025-04-03
29829,21,Paid ads,2025-10-07
29830,10,Organic,2025-09-09
29831,32,Organic,2025-05-18
29832,27,Organic,2025-05-22
29833,27,Organic,2025-04-22
29834,30,Referral,2025-09-15
29836,24,Organic,2025-10-25
29837,27,Referral,2025-09-18
29838,31,Organic,2025-10-03
29839,27,Influencer,2025-07-18
29840,13,Organic,2025-06-08
29841,2,Influencer,2025-05-10
29842,32,Organic,2025-03-25
29843,15,Organic,2025-08-06
29844,16,Influencer,2025-10-30
29845,21,Influencer,2025-07-04
29846,11,Organic,2025-07-14
29847,30,Organic,2025-09-08
29848,19,Paid ads,2025-04-16
29850,32,Organic,2025-08-06
29851,8,Paid ads,2025-06-16
29852,27,Organic,2025-07-16
29853,2,Paid ads,2025-10-18
29854,21,Influencer,2025-12-05
29855,19,Organic,2025-07-19
29856,22,Organic,2025-06-26
29857,3,Paid ads,2025-09-05
29858,24,Referral,2025-10-24
29859,12,Organic,2025-09-12
29860,14,Paid ads,2025-02-28
29861,12,Organic,2025-07-04
29864,4,Organic,2025-06-21
29865,28,Paid ads,2025-09-12
29866,30,Organic,2025-07-30
29867,5,Organic,2025-11-22
29868,12,Referral,2025-08-28
29870,23,Influencer,2025-07-05
29871,20,Organic,2025-07-11
29872,11,Organic,2025-12-25
29873,10,Influencer,2025-03-17
29874,22,Paid ads,2025-11-09
29875,14,Paid ads,2025-12-18
29877,23,Paid ads,2025-10-17
29879,19,Referral,2025-08-06
29880,9,Paid ads,2025-11-08
29881,30,Paid ads,2025-05-21
29882,25,Organic,2025-08-16
29883,19,Influencer,2025-05-13
29884,30,Paid ads,2025-05-11
29885,27,Paid ads,2025-08-13
29886,29,Paid ads,2025-12-02
29889,18,Referral,2025-04-15
29890,21,Influencer,2025-10-18
29891,3,Influencer,2025-10-04
29892,25,Organic,2025-09-17
29893,26,Organic,2025-08-28
29894,30,Organic,2025-10-03
29895,24,Influencer,2025-08-14
29896,19,Paid ads,2025-09-27
29897,4,Paid ads,2025-03-09
29898,23,Referral,2025-09-13
29899,28,Organic,2025-05-20
29900,27,Paid ads,2025-02-13
29901,26,Paid ads,2025-07-18
29902,15,Organic,2025-11-04
29903,27,Organic,2025-09-28
29906,31,Organic,2025-09-23
29907,22,Organic,2025-11-22
29908,29,Organic,2025-07-09
29909,20,Influencer,2025-05-30
29910,23,Paid ads,2025-04-01
29912,30,Paid ads,2025-09-27
29913,13,Organic,2025-07-08
29914,23,Paid ads,2025-05-08
29915,28,Organic,2025-08-04
29916,10,Paid ads,2025-10-23
29917,9,Paid ads,2025-11-23
29918,32,Referral,2025-03-18
29919,15,Organic,2025-07-08
29920,9,Organic,2025-07-10
29921,31,Organic,2025-12-05
29922,23,Organic,2025-04-23
29923,1,Organic,2025-09-25
29924,28,Influencer,2025-03-29
29925,24,Referral,2025-10-13
29926,10,Organic,2025-08-14
29927,20,Organic,2025-03-18
29928,21,Organic,2025-12-02
29929,12,Referral,2025-09-20
29932,27,Organic,2025-04-30
29933,26,Referral,2025-11-25
29935,23,Influencer,2025-05-09
29936,31,Organic,2025-03-07
29937,26,Organic,2025-10-03
29938,27,Organic,2025-05-26
29941,23,Referral,2025-10-21
29942,31,Paid ads,2025-04-27
29944,18,Organic,2025-06-28
29945,22,Paid ads,2025-05-31
29946,26,Organic,2025-04-14
29947,26,Organic,2025-06-01
29948,27,Referral,2025-07-19
29949,27,Organic,2025-03-05
29950,12,Organic,2025-03-24
29951,24,Influencer,2025-05-22
29952,31,Organic,2025-05-22
29953,24,Organic,2025-05-07
29954,19,Paid ads,2025-07-11
29955,29,Organic,2025-09-01
29957,22,Paid ads,2025-04-30
29958,12,Organic,2025-03-25
29959,14,Referral,2025-10-24
29960,9,Organic,2025-04-24
29962,8,Organic,2025-12-11
29963,26,Influencer,2025-06-07
29964,19,Referral,2025-08-19
29966,22,Organic,2025-06-05
29967,31,Organic,2025-11-11
29970,32,Paid ads,2025-08-05
29972,30,Organic,2025-05-19
29973,16,Referral,2025-11-01
29974,25,Organic,2025-07-11
29975,14,Organic,2025-05-26
29976,25,Influencer,2025-11-14
29977,21,Paid ads,2025-06-11
29978,19,Paid ads,2025-03-02
29979,9,Paid ads,2025-10-04
29980,23,Influencer,2025-10-18
29981,20,Paid ads,2025-11-09
29982,26,Organic,2025-09-21
29983,18,Paid ads,2025-06-30
29984,30,Organic,2025-05-21
29985,15,Organic,2025-10-17
29986,31,Organic,2025-03-26
29987,28,Paid ads,2025-09-14
29988,8,Paid ads,2025-06-24
29989,12,Referral,2025-03-19
29991,23,Influencer,2025-10-30
29992,24,Organic,2025-10-14
29994,30,Organic,2025-07-31
29995,31,Organic,2025-04-02
29996,27,Paid ads,2025-02-20
29997,25,Referral,2025-08-20
29998,30,Organic,2025-08-30
29999,8,Organic,2025-08-25
30000,7,Organic,2025-05-08
