SellerID,CityID,CategoryID,OnboardingChannel,GSTStatus,RegistrationDate,FirstListingDate,FirstOrderDate,NumListings,RegistrationMonth,IsListed,HasFirstOrder,LifetimeOrders,LifetimeDeliveredGMV,LastOrderDate,ActivityStatus
1,1,3,Social / ads,GST registered,2025-05-09,,,0,2025-05-01,0,0,0,0.0,,Never sold
2,18,2,Referral,GST registered,2025-07-28,2025-07-28,2025-08-02,29,2025-07-01,1,1,2,1189.0,2025-08-07,Dormant
3,9,5,Referral,GST registered,2025-11-08,2025-11-10,,16,2025-11-01,1,0,0,0.0,,Never sold
4,29,6,Referral,No GST,2025-04-09,2025-04-14,,8,2025-04-01,1,0,0,0.0,,Never sold
5,17,3,Organic,No GST,2025-06-15,2025-06-20,2025-07-04,23,2025-06-01,1,1,7,1761.0,2025-07-20,Dormant
6,9,2,Organic,GST registered,2025-07-16,,,0,2025-07-01,0,0,0,0.0,,Never sold
7,32,6,Organic,No GST,2025-08-06,2025-08-06,2025-08-14,11,2025-08-01,1,1,15,1411.0,2025-12-04,Active (last 30 days)
8,16,1,Social / ads,GST registered,2025-04-16,,,0,2025-04-01,0,0,0,0.0,,Never sold
9,8,4,Organic,No GST,2025-07-26,2025-08-03,2025-09-26,12,2025-07-01,1,1,7,1029.0,2025-12-31,Active (last 30 days)
10,16,6,Field sales,No GST,2025-08-20,2025-08-21,,64,2025-08-01,1,0,0,0.0,,Never sold
11,31,2,Referral,GST registered,2025-07-18,2025-07-19,2025-07-29,20,2025-07-01,1,1,93,24854.0,2025-12-31,Active (last 30 days)
12,14,5,Organic,GST registered,2025-10-24,2025-10-25,2025-10-28,14,2025-10-01,1,1,2,320.0,2025-11-04,Dormant
13,14,6,Social / ads,GST registered,2025-03-29,,,0,2025-03-01,0,0,0,0.0,,Never sold
14,14,1,Field sales,No GST,2025-07-10,2025-07-11,,89,2025-07-01,1,0,0,0.0,,Never sold
15,11,2,Organic,GST registered,2025-09-22,2025-09-24,,16,2025-09-01,1,0,0,0.0,,Never sold
16,8,2,Social / ads,No GST,2025-11-22,2025-11-22,2025-11-27,2,2025-11-01,1,1,10,3699.0,2025-12-13,Active (last 30 days)
17,17,6,Referral,GST registered,2025-04-01,2025-04-01,,36,2025-04-01,1,0,0,0.0,,Never sold
18,28,4,Organic,GST registered,2025-08-14,2025-08-15,,15,2025-08-01,1,0,0,0.0,,Never sold
19,22,3,Field sales,No GST,2025-05-30,2025-05-30,,7,2025-05-01,1,0,0,0.0,,Never sold
20,5,2,Field sales,GST registered,2025-04-18,2025-04-19,2025-05-11,34,2025-04-01,1,1,41,10907.0,2025-08-09,Dormant
21,14,1,Organic,GST registered,2025-07-06,2025-07-14,,2,2025-07-01,1,0,0,0.0,,Never sold
22,1,1,Social / ads,No GST,2025-08-20,,,0,2025-08-01,0,0,0,0.0,,Never sold
23,12,1,Field sales,GST registered,2025-06-27,2025-07-03,2025-07-08,12,2025-06-01,1,1,230,54308.0,2025-12-31,Active (last 30 days)
24,20,1,Field sales,No GST,2025-03-26,2025-03-26,2025-04-07,32,2025-03-01,1,1,213,41300.0,2025-12-31,Active (last 30 days)
25,11,1,Organic,No GST,2025-05-07,2025-05-15,2025-05-19,98,2025-05-01,1,1,21,7557.0,2025-07-08,Dormant
26,26,4,Organic,GST registered,2025-09-29,2025-10-08,,13,2025-09-01,1,0,0,0.0,,Never sold
27,15,4,Referral,GST registered,2025-11-06,2025-11-07,2025-12-02,23,2025-11-01,1,1,9,1723.0,2025-12-31,Active (last 30 days)
28,20,1,Field sales,GST registered,2025-07-31,2025-07-31,2025-08-10,148,2025-07-01,1,1,155,32121.0,2025-12-30,Active (last 30 days)
29,28,4,Referral,No GST,2025-09-20,2025-09-24,,16,2025-09-01,1,0,0,0.0,,Never sold
30,20,1,Social / ads,No GST,2025-10-04,2025-10-05,2025-10-14,23,2025-10-01,1,1,13,2632.0,2025-12-24,Active (last 30 days)
31,28,2,Organic,No GST,2025-08-25,,,0,2025-08-01,0,0,0,0.0,,Never sold
32,25,9,Field sales,No GST,2025-01-27,2025-02-08,2025-02-09,78,2025-01-01,1,1,46,5871.0,2025-08-21,Dormant
33,17,4,Social / ads,GST registered,2025-05-28,2025-05-28,2025-05-31,9,2025-05-01,1,1,112,24733.0,2025-12-31,Active (last 30 days)
34,12,1,Social / ads,GST registered,2025-09-27,2025-09-30,2025-10-11,20,2025-09-01,1,1,3,428.0,2025-11-30,Dormant
35,12,2,Social / ads,GST registered,2025-08-06,,,0,2025-08-01,0,0,0,0.0,,Never sold
36,28,5,Social / ads,No GST,2025-09-27,2025-09-28,2025-10-04,17,2025-09-01,1,1,34,5073.0,2025-12-26,Active (last 30 days)
37,3,1,Organic,GST registered,2025-09-23,2025-09-24,2025-09-27,11,2025-09-01,1,1,11,1278.0,2025-12-27,Active (last 30 days)
38,30,9,Field sales,GST registered,2025-02-07,2025-02-07,2025-02-11,19,2025-02-01,1,1,163,27296.0,2025-07-05,Dormant
39,12,3,Social / ads,GST registered,2025-06-30,2025-07-01,,67,2025-06-01,1,0,0,0.0,,Never sold
40,22,1,Referral,GST registered,2025-08-19,2025-08-19,2025-09-02,101,2025-08-01,1,1,41,11080.0,2025-12-27,Active (last 30 days)
41,12,4,Organic,GST registered,2025-07-15,2025-07-15,,14,2025-07-01,1,0,0,0.0,,Never sold
42,31,5,Social / ads,GST registered,2025-05-02,,,0,2025-05-01,0,0,0,0.0,,Never sold
43,2,3,Organic,No GST,2025-07-28,2025-07-28,2025-08-06,8,2025-07-01,1,1,22,5540.0,2025-11-16,Dormant
44,13,8,Organic,No GST,2025-08-21,2025-08-21,2025-08-23,141,2025-08-01,1,1,123,24714.0,2025-12-31,Active (last 30 days)
45,27,8,Organic,GST registered,2025-02-09,,,0,2025-02-01,0,0,0,0.0,,Never sold
46,11,1,Referral,No GST,2025-10-21,2025-10-22,2025-11-05,40,2025-10-01,1,1,42,7465.0,2025-12-31,Active (last 30 days)
47,11,1,Referral,GST registered,2025-08-14,2025-08-19,2025-08-26,28,2025-08-01,1,1,116,27046.0,2025-12-31,Active (last 30 days)
48,28,2,Referral,No GST,2025-09-08,2025-09-09,2025-09-27,96,2025-09-01,1,1,38,14175.0,2025-12-24,Active (last 30 days)
49,26,4,Social / ads,GST registered,2025-04-03,2025-04-05,2025-04-18,13,2025-04-01,1,1,3,846.0,2025-04-26,Dormant
50,5,4,Referral,No GST,2025-04-04,2025-04-11,2025-04-19,6,2025-04-01,1,1,294,65867.0,2025-12-31,Active (last 30 days)
51,17,2,Referral,GST registered,2025-03-29,2025-03-29,2025-04-04,72,2025-03-01,1,1,2,1327.0,2025-04-17,Dormant
52,10,9,Social / ads,GST registered,2025-11-01,,,0,2025-11-01,0,0,0,0.0,,Never sold
53,9,2,Social / ads,No GST,2025-08-28,2025-08-28,,23,2025-08-01,1,0,0,0.0,,Never sold
54,18,6,Organic,No GST,2025-04-26,,,0,2025-04-01,0,0,0,0.0,,Never sold
55,6,7,Organic,No GST,2025-05-09,2025-05-09,,24,2025-05-01,1,0,0,0.0,,Never sold
56,14,1,Field sales,GST registered,2025-06-27,2025-07-09,2025-07-30,57,2025-06-01,1,1,104,27679.0,2025-12-31,Active (last 30 days)
57,10,1,Social / ads,GST registered,2025-09-17,2025-09-20,,20,2025-09-01,1,0,0,0.0,,Never sold
58,27,1,Referral,No GST,2025-04-24,2025-04-25,,33,2025-04-01,1,0,0,0.0,,Never sold
59,17,8,Organic,GST registered,2025-07-07,2025-07-08,2025-07-10,25,2025-07-01,1,1,10,1625.0,2025-08-21,Dormant
60,9,2,Field sales,GST registered,2025-06-25,2025-06-25,2025-06-28,12,2025-06-01,1,1,114,29697.0,2025-12-31,Active (last 30 days)
61,30,7,Field sales,GST registered,2025-08-09,2025-08-18,2025-08-26,13,2025-08-01,1,1,48,9512.0,2025-12-30,Active (last 30 days)
62,25,3,Referral,GST registered,2025-07-07,2025-07-15,2025-07-20,12,2025-07-01,1,1,58,12735.0,2025-12-26,Active (last 30 days)
63,11,3,Social / ads,GST registered,2025-10-16,2025-10-21,2025-10-22,20,2025-10-01,1,1,21,4378.0,2025-12-29,Active (last 30 days)
64,31,8,Social / ads,GST registered,2025-03-03,,,0,2025-03-01,0,0,0,0.0,,Never sold
65,11,3,Field sales,No GST,2025-10-20,2025-10-21,2025-10-28,23,2025-10-01,1,1,40,7464.0,2025-12-31,Active (last 30 days)
66,11,6,Field sales,No GST,2025-09-21,2025-09-25,2025-09-28,22,2025-09-01,1,1,6,848.0,2025-12-22,Active (last 30 days)
67,14,3,Field sales,No GST,2025-10-29,2025-11-01,2025-11-09,19,2025-10-01,1,1,7,1183.0,2025-12-26,Active (last 30 days)
68,8,1,Referral,No GST,2025-09-04,2025-09-04,2025-09-10,19,2025-09-01,1,1,37,5718.0,2025-12-20,Active (last 30 days)
69,20,1,Referral,GST registered,2025-07-24,2025-07-24,2025-08-02,10,2025-07-01,1,1,375,87258.0,2025-12-31,Active (last 30 days)
70,17,1,Field sales,No GST,2025-04-19,2025-04-19,2025-04-24,13,2025-04-01,1,1,9,1858.0,2025-12-30,Active (last 30 days)
71,28,6,Field sales,No GST,2025-09-30,2025-10-18,,4,2025-09-01,1,0,0,0.0,,Never sold
72,10,2,Referral,GST registered,2025-05-30,2025-06-05,2025-06-19,14,2025-05-01,1,1,19,4488.0,2025-12-29,Active (last 30 days)
73,8,3,Organic,GST registered,2025-07-30,,,0,2025-07-01,0,0,0,0.0,,Never sold
74,13,1,Field sales,No GST,2025-04-01,2025-04-01,2025-04-05,17,2025-04-01,1,1,88,20078.0,2025-12-31,Active (last 30 days)
75,7,4,Field sales,No GST,2025-10-08,2025-10-16,2025-10-29,9,2025-10-01,1,1,8,1291.0,2025-12-24,Active (last 30 days)
76,30,6,Organic,No GST,2025-09-26,,,0,2025-09-01,0,0,0,0.0,,Never sold
77,21,4,Organic,No GST,2025-06-27,,,0,2025-06-01,0,0,0,0.0,,Never sold
78,24,9,Organic,No GST,2025-11-08,,,0,2025-11-01,0,0,0,0.0,,Never sold
79,23,1,Social / ads,No GST,2025-06-05,2025-06-12,2025-06-17,52,2025-06-01,1,1,138,26136.0,2025-11-07,Dormant
80,10,1,Social / ads,No GST,2025-06-30,,,0,2025-06-01,0,0,0,0.0,,Never sold
81,7,4,Referral,No GST,2025-10-30,2025-11-07,2025-11-10,63,2025-10-01,1,1,12,1912.0,2025-11-22,Dormant
82,14,2,Referral,No GST,2025-07-08,2025-07-12,2025-07-22,6,2025-07-01,1,1,18,2823.0,2025-12-28,Active (last 30 days)
83,26,5,Field sales,GST registered,2025-02-21,2025-02-25,2025-03-12,18,2025-02-01,1,1,10,1116.0,2025-05-19,Dormant
84,13,6,Referral,No GST,2025-07-19,2025-07-22,2025-07-28,6,2025-07-01,1,1,55,7898.0,2025-12-24,Active (last 30 days)
85,1,1,Social / ads,GST registered,2025-09-25,,,0,2025-09-01,0,0,0,0.0,,Never sold
86,19,8,Organic,GST registered,2025-11-18,,,0,2025-11-01,0,0,0,0.0,,Never sold
87,9,1,Organic,GST registered,2025-08-03,2025-08-04,2025-08-09,31,2025-08-01,1,1,9,2425.0,2025-11-05,Dormant
88,16,5,Referral,GST registered,2025-10-31,2025-11-05,,23,2025-10-01,1,0,0,0.0,,Never sold
89,1,2,Organic,GST registered,2025-09-23,2025-09-24,,16,2025-09-01,1,0,0,0.0,,Never sold
90,15,5,Field sales,GST registered,2025-08-25,2025-09-05,2025-09-11,24,2025-08-01,1,1,7,1360.0,2025-12-31,Active (last 30 days)
91,14,1,Social / ads,GST registered,2025-04-26,2025-05-04,,48,2025-04-01,1,0,0,0.0,,Never sold
92,28,8,Organic,No GST,2025-10-03,2025-10-03,2025-10-06,28,2025-10-01,1,1,43,9678.0,2025-12-30,Active (last 30 days)
93,21,8,Referral,No GST,2025-11-13,2025-11-16,2025-11-21,18,2025-11-01,1,1,9,1159.0,2025-12-28,Active (last 30 days)
94,2,4,Field sales,No GST,2025-09-28,,,0,2025-09-01,0,0,0,0.0,,Never sold
95,24,4,Social / ads,GST registered,2025-07-18,2025-07-21,2025-08-04,76,2025-07-01,1,1,78,16359.0,2025-12-31,Active (last 30 days)
96,24,5,Referral,GST registered,2025-10-09,2025-10-09,2025-10-22,11,2025-10-01,1,1,15,2962.0,2025-12-14,Active (last 30 days)
97,20,4,Organic,No GST,2025-06-22,,,0,2025-06-01,0,0,0,0.0,,Never sold
98,30,4,Referral,GST registered,2025-04-08,2025-04-18,,6,2025-04-01,1,0,0,0.0,,Never sold
99,25,4,Referral,No GST,2025-05-22,2025-05-23,,7,2025-05-01,1,0,0,0.0,,Never sold
100,9,7,Social / ads,No GST,2025-07-29,2025-07-30,2025-08-05,8,2025-07-01,1,1,16,1348.0,2025-12-19,Active (last 30 days)
101,14,4,Referral,GST registered,2025-06-17,2025-06-22,2025-07-03,8,2025-06-01,1,1,8,2415.0,2025-07-20,Dormant
102,13,1,Organic,GST registered,2025-08-05,2025-08-05,2025-08-17,16,2025-08-01,1,1,18,4348.0,2025-12-25,Active (last 30 days)
103,15,8,Social / ads,GST registered,2025-09-23,2025-09-26,,20,2025-09-01,1,0,0,0.0,,Never sold
104,31,1,Referral,GST registered,2025-07-13,2025-07-15,2025-07-18,19,2025-07-01,1,1,66,16152.0,2025-12-27,Active (last 30 days)
105,18,1,Organic,GST registered,2025-08-11,2025-08-11,,9,2025-08-01,1,0,0,0.0,,Never sold
106,12,9,Referral,No GST,2025-10-16,2025-10-21,2025-10-26,36,2025-10-01,1,1,269,38924.0,2025-12-31,Active (last 30 days)
107,30,1,Social / ads,No GST,2025-09-27,2025-10-03,2025-10-04,25,2025-09-01,1,1,16,2151.0,2025-12-27,Active (last 30 days)
108,21,1,Field sales,GST registered,2025-08-04,2025-08-06,2025-08-11,58,2025-08-01,1,1,86,15586.0,2025-12-30,Active (last 30 days)
109,11,4,Organic,GST registered,2025-10-30,,,0,2025-10-01,0,0,0,0.0,,Never sold
110,29,7,Field sales,GST registered,2025-10-28,2025-11-05,2025-11-11,12,2025-10-01,1,1,4,507.0,2025-12-20,Active (last 30 days)
111,13,1,Organic,GST registered,2025-09-02,,,0,2025-09-01,0,0,0,0.0,,Never sold
112,16,3,Referral,No GST,2025-08-05,2025-08-09,2025-08-13,20,2025-08-01,1,1,2,0.0,2025-08-26,Dormant
113,15,1,Referral,No GST,2025-10-07,2025-10-08,2025-10-12,31,2025-10-01,1,1,249,46620.0,2025-12-31,Active (last 30 days)
114,29,3,Organic,No GST,2025-02-10,,,0,2025-02-01,0,0,0,0.0,,Never sold
115,11,2,Organic,GST registered,2025-05-17,2025-05-19,2025-05-31,14,2025-05-01,1,1,2,1885.0,2025-06-11,Dormant
116,13,1,Social / ads,GST registered,2025-08-20,2025-08-20,2025-08-27,17,2025-08-01,1,1,16,3105.0,2025-10-01,Dormant
117,19,8,Organic,No GST,2025-05-13,2025-05-15,,14,2025-05-01,1,0,0,0.0,,Never sold
118,28,5,Social / ads,No GST,2025-10-09,2025-10-11,,8,2025-10-01,1,0,0,0.0,,Never sold
119,6,7,Field sales,No GST,2025-10-14,2025-10-16,2025-10-26,2,2025-10-01,1,1,43,10612.0,2025-12-29,Active (last 30 days)
120,9,8,Referral,GST registered,2025-07-04,,,0,2025-07-01,0,0,0,0.0,,Never sold
121,30,8,Organic,No GST,2025-08-22,,,0,2025-08-01,0,0,0,0.0,,Never sold
122,24,6,Organic,GST registered,2025-09-03,2025-09-12,2025-10-04,39,2025-09-01,1,1,19,3524.0,2025-12-30,Active (last 30 days)
123,13,2,Organic,GST registered,2025-10-08,,,0,2025-10-01,0,0,0,0.0,,Never sold
124,13,7,Referral,No GST,2025-09-27,2025-09-27,2025-09-29,13,2025-09-01,1,1,40,10504.0,2025-12-14,Active (last 30 days)
125,14,4,Social / ads,GST registered,2025-05-30,2025-06-03,2025-06-06,9,2025-05-01,1,1,1,0.0,2025-06-06,Dormant
126,20,2,Social / ads,No GST,2025-08-12,2025-08-12,,14,2025-08-01,1,0,0,0.0,,Never sold
127,17,2,Organic,GST registered,2025-10-28,,,0,2025-10-01,0,0,0,0.0,,Never sold
128,24,2,Organic,GST registered,2025-04-26,2025-05-02,2025-05-04,3,2025-04-01,1,1,1,0.0,2025-05-04,Dormant
129,3,3,Organic,GST registered,2025-01-08,,,0,2025-01-01,0,0,0,0.0,,Never sold
130,25,6,Social / ads,No GST,2025-06-11,2025-06-12,,49,2025-06-01,1,0,0,0.0,,Never sold
131,3,3,Organic,No GST,2025-05-28,2025-05-28,2025-06-05,72,2025-05-01,1,1,25,5273.0,2025-09-26,Dormant
132,28,2,Organic,GST registered,2025-08-12,2025-08-20,,30,2025-08-01,1,0,0,0.0,,Never sold
133,2,1,Field sales,GST registered,2025-06-02,2025-06-03,,15,2025-06-01,1,0,0,0.0,,Never sold
134,6,7,Referral,GST registered,2025-11-15,2025-11-25,2025-12-01,5,2025-11-01,1,1,3,624.0,2025-12-18,Active (last 30 days)
135,8,2,Organic,GST registered,2025-09-27,2025-09-30,,14,2025-09-01,1,0,0,0.0,,Never sold
136,10,3,Field sales,No GST,2025-09-28,2025-10-01,2025-10-10,26,2025-09-01,1,1,7,792.0,2025-12-25,Active (last 30 days)
137,14,6,Organic,GST registered,2025-10-27,2025-10-31,2025-11-13,31,2025-10-01,1,1,2,271.0,2025-12-05,Active (last 30 days)
138,19,7,Organic,GST registered,2025-06-20,,,0,2025-06-01,0,0,0,0.0,,Never sold
139,28,4,Organic,GST registered,2025-02-20,2025-03-03,2025-03-24,43,2025-02-01,1,1,35,5566.0,2025-08-30,Dormant
140,16,5,Organic,No GST,2025-03-16,2025-03-19,2025-03-26,77,2025-03-01,1,1,8,1450.0,2025-07-30,Dormant
141,16,1,Social / ads,No GST,2025-06-01,2025-06-04,2025-06-26,11,2025-06-01,1,1,20,5049.0,2025-12-31,Active (last 30 days)
142,12,8,Referral,No GST,2025-08-20,2025-08-20,,155,2025-08-01,1,0,0,0.0,,Never sold
143,25,4,Social / ads,No GST,2025-09-02,2025-09-18,,3,2025-09-01,1,0,0,0.0,,Never sold
144,5,6,Organic,No GST,2025-08-16,,,0,2025-08-01,0,0,0,0.0,,Never sold
145,12,1,Field sales,GST registered,2025-05-16,2025-05-16,2025-05-22,19,2025-05-01,1,1,104,23325.0,2025-12-29,Active (last 30 days)
146,5,5,Social / ads,No GST,2025-02-15,2025-02-17,2025-02-21,25,2025-02-01,1,1,4,354.0,2025-04-04,Dormant
147,9,2,Organic,No GST,2025-08-29,,,0,2025-08-01,0,0,0,0.0,,Never sold
148,17,3,Social / ads,GST registered,2025-09-13,2025-09-13,2025-09-23,11,2025-09-01,1,1,33,5220.0,2025-12-30,Active (last 30 days)
149,6,5,Field sales,No GST,2025-04-05,2025-04-12,,95,2025-04-01,1,0,0,0.0,,Never sold
150,5,6,Field sales,No GST,2025-10-06,2025-10-09,2025-10-15,10,2025-10-01,1,1,12,1338.0,2025-12-30,Active (last 30 days)
151,26,2,Organic,No GST,2025-06-11,2025-06-21,2025-07-04,7,2025-06-01,1,1,52,15576.0,2025-12-31,Active (last 30 days)
152,6,7,Field sales,GST registered,2025-08-21,2025-08-21,2025-09-10,63,2025-08-01,1,1,79,15649.0,2025-12-30,Active (last 30 days)
153,18,1,Referral,GST registered,2025-09-16,2025-09-21,2025-10-03,32,2025-09-01,1,1,102,26377.0,2025-12-31,Active (last 30 days)
154,13,4,Social / ads,No GST,2025-11-25,2025-11-26,2025-11-28,39,2025-11-01,1,1,4,1133.0,2025-12-26,Active (last 30 days)
155,28,1,Social / ads,GST registered,2025-09-17,,,0,2025-09-01,0,0,0,0.0,,Never sold
156,21,2,Organic,GST registered,2025-07-08,2025-07-10,2025-07-15,5,2025-07-01,1,1,2,251.0,2025-07-18,Dormant
157,3,8,Social / ads,GST registered,2025-04-20,2025-04-23,,17,2025-04-01,1,0,0,0.0,,Never sold
158,28,1,Social / ads,GST registered,2025-07-01,,,0,2025-07-01,0,0,0,0.0,,Never sold
159,14,8,Referral,No GST,2025-10-29,,,0,2025-10-01,0,0,0,0.0,,Never sold
160,12,2,Organic,No GST,2025-06-17,2025-06-21,2025-06-25,27,2025-06-01,1,1,35,8833.0,2025-11-18,Dormant
161,20,5,Organic,No GST,2025-04-11,2025-04-14,2025-04-24,38,2025-04-01,1,1,483,88883.0,2025-09-13,Dormant
162,21,1,Organic,GST registered,2025-09-27,2025-09-28,2025-10-01,15,2025-09-01,1,1,8,1761.0,2025-10-29,Dormant
163,12,5,Organic,GST registered,2025-09-05,2025-09-10,,29,2025-09-01,1,0,0,0.0,,Never sold
164,13,8,Social / ads,GST registered,2025-09-04,2025-09-05,,7,2025-09-01,1,0,0,0.0,,Never sold
165,7,4,Organic,GST registered,2025-08-02,2025-08-10,2025-08-30,35,2025-08-01,1,1,58,11695.0,2025-12-29,Active (last 30 days)
166,18,2,Field sales,No GST,2025-08-21,2025-08-24,2025-08-28,28,2025-08-01,1,1,65,23858.0,2025-12-30,Active (last 30 days)
167,31,6,Field sales,GST registered,2025-11-12,2025-11-12,2025-11-14,8,2025-11-01,1,1,21,3096.0,2025-12-30,Active (last 30 days)
168,14,6,Field sales,GST registered,2025-08-20,2025-08-27,2025-08-29,25,2025-08-01,1,1,5,721.0,2025-09-03,Dormant
169,32,1,Organic,No GST,2025-11-23,,,0,2025-11-01,0,0,0,0.0,,Never sold
170,8,5,Referral,No GST,2025-07-16,2025-07-16,2025-07-21,17,2025-07-01,1,1,149,26975.0,2025-12-31,Active (last 30 days)
171,24,5,Field sales,GST registered,2025-01-27,2025-01-29,2025-02-09,8,2025-01-01,1,1,1,225.0,2025-02-09,Dormant
172,30,6,Referral,No GST,2025-11-05,2025-11-09,2025-11-15,18,2025-11-01,1,1,6,795.0,2025-12-29,Active (last 30 days)
173,20,2,Organic,GST registered,2025-07-27,2025-08-05,2025-08-21,25,2025-07-01,1,1,18,5875.0,2025-10-30,Dormant
174,5,2,Field sales,No GST,2025-09-13,2025-09-19,,8,2025-09-01,1,0,0,0.0,,Never sold
175,12,9,Organic,No GST,2025-09-18,,,0,2025-09-01,0,0,0,0.0,,Never sold
176,4,4,Referral,GST registered,2025-07-28,,,0,2025-07-01,0,0,0,0.0,,Never sold
177,18,4,Referral,GST registered,2025-07-09,2025-07-18,2025-07-20,31,2025-07-01,1,1,46,7598.0,2025-12-27,Active (last 30 days)
178,32,9,Organic,GST registered,2025-11-02,,,0,2025-11-01,0,0,0,0.0,,Never sold
179,14,1,Social / ads,No GST,2025-06-01,2025-06-02,2025-06-05,28,2025-06-01,1,1,41,7993.0,2025-10-18,Dormant
180,8,2,Organic,GST registered,2025-05-04,2025-05-05,2025-05-08,6,2025-05-01,1,1,3,128.0,2025-07-09,Dormant
181,11,6,Social / ads,No GST,2025-08-01,2025-08-01,2025-08-10,84,2025-08-01,1,1,2,140.0,2025-08-11,Dormant
182,17,6,Social / ads,GST registered,2025-04-24,2025-04-26,2025-05-02,38,2025-04-01,1,1,31,5282.0,2025-10-08,Dormant
183,17,9,Organic,GST registered,2025-02-13,2025-02-19,,3,2025-02-01,1,0,0,0.0,,Never sold
184,10,5,Organic,GST registered,2025-05-03,2025-05-06,,7,2025-05-01,1,0,0,0.0,,Never sold
185,23,2,Organic,GST registered,2025-09-22,,,0,2025-09-01,0,0,0,0.0,,Never sold
186,4,2,Social / ads,GST registered,2025-08-27,,,0,2025-08-01,0,0,0,0.0,,Never sold
187,18,1,Field sales,No GST,2025-07-30,,,0,2025-07-01,0,0,0,0.0,,Never sold
188,14,8,Organic,No GST,2025-05-30,2025-06-04,2025-06-08,14,2025-05-01,1,1,112,25532.0,2025-12-12,Active (last 30 days)
189,6,1,Referral,GST registered,2025-08-26,,,0,2025-08-01,0,0,0,0.0,,Never sold
190,19,4,Organic,No GST,2025-10-15,,,0,2025-10-01,0,0,0,0.0,,Never sold
191,20,2,Referral,GST registered,2025-06-06,2025-06-07,2025-06-09,29,2025-06-01,1,1,312,89028.0,2025-12-31,Active (last 30 days)
192,14,1,Referral,No GST,2025-07-05,2025-07-13,,32,2025-07-01,1,0,0,0.0,,Never sold
193,24,2,Organic,GST registered,2025-11-20,,,0,2025-11-01,0,0,0,0.0,,Never sold
194,15,5,Social / ads,No GST,2025-08-02,,,0,2025-08-01,0,0,0,0.0,,Never sold
195,11,1,Organic,GST registered,2025-02-08,2025-02-11,,8,2025-02-01,1,0,0,0.0,,Never sold
196,31,9,Referral,GST registered,2025-04-17,,,0,2025-04-01,0,0,0,0.0,,Never sold
197,30,8,Field sales,No GST,2025-01-28,2025-02-02,2025-02-08,12,2025-01-01,1,1,26,4227.0,2025-05-27,Dormant
198,5,1,Social / ads,GST registered,2025-09-05,2025-09-10,2025-09-24,19,2025-09-01,1,1,53,8993.0,2025-12-30,Active (last 30 days)
199,30,7,Referral,GST registered,2025-06-11,2025-06-12,2025-06-21,6,2025-06-01,1,1,22,4223.0,2025-12-27,Active (last 30 days)
200,24,2,Social / ads,GST registered,2025-02-23,2025-03-01,2025-03-04,35,2025-02-01,1,1,41,9008.0,2025-08-24,Dormant
201,5,1,Organic,No GST,2025-01-12,2025-01-14,2025-01-18,17,2025-01-01,1,1,7,2507.0,2025-05-01,Dormant
202,16,2,Social / ads,GST registered,2025-02-18,2025-02-20,2025-03-13,20,2025-02-01,1,1,26,7847.0,2025-04-27,Dormant
203,2,6,Organic,GST registered,2025-02-17,2025-02-20,2025-03-09,11,2025-02-01,1,1,1,0.0,2025-03-09,Dormant
204,18,5,Field sales,No GST,2025-08-29,2025-08-30,,29,2025-08-01,1,0,0,0.0,,Never sold
205,30,1,Organic,No GST,2025-11-19,2025-11-26,2025-12-10,46,2025-11-01,1,1,3,558.0,2025-12-18,Active (last 30 days)
206,14,6,Social / ads,GST registered,2025-07-27,2025-07-27,,11,2025-07-01,1,0,0,0.0,,Never sold
207,15,5,Social / ads,No GST,2025-06-07,2025-06-09,2025-06-18,30,2025-06-01,1,1,1,660.0,2025-06-18,Dormant
208,10,6,Referral,GST registered,2025-04-26,2025-04-28,2025-05-05,30,2025-04-01,1,1,40,7375.0,2025-11-17,Dormant
209,16,4,Referral,GST registered,2025-10-12,2025-10-21,2025-11-14,22,2025-10-01,1,1,28,5707.0,2025-12-30,Active (last 30 days)
210,25,7,Referral,GST registered,2025-05-18,2025-05-26,2025-05-31,62,2025-05-01,1,1,18,2380.0,2025-12-22,Active (last 30 days)
211,9,5,Organic,No GST,2025-03-05,2025-03-05,2025-03-13,9,2025-03-01,1,1,30,5718.0,2025-08-01,Dormant
212,17,1,Field sales,No GST,2025-09-29,,,0,2025-09-01,0,0,0,0.0,,Never sold
213,13,7,Field sales,GST registered,2025-01-03,2025-01-12,2025-01-14,8,2025-01-01,1,1,86,21573.0,2025-08-06,Dormant
214,23,2,Referral,GST registered,2025-08-21,2025-08-22,2025-09-17,29,2025-08-01,1,1,15,2797.0,2025-12-30,Active (last 30 days)
215,21,5,Organic,GST registered,2025-05-30,2025-05-30,2025-06-10,13,2025-05-01,1,1,38,7162.0,2025-12-22,Active (last 30 days)
216,21,5,Social / ads,GST registered,2025-09-07,2025-09-07,2025-09-13,9,2025-09-01,1,1,209,34037.0,2025-12-31,Active (last 30 days)
217,14,2,Organic,GST registered,2025-10-15,2025-10-23,2025-10-30,62,2025-10-01,1,1,33,8017.0,2025-12-31,Active (last 30 days)
218,18,1,Field sales,No GST,2025-06-23,,,0,2025-06-01,0,0,0,0.0,,Never sold
219,19,5,Organic,GST registered,2025-02-20,2025-02-23,2025-02-28,12,2025-02-01,1,1,94,16197.0,2025-12-16,Active (last 30 days)
220,20,7,Organic,No GST,2025-10-29,2025-10-29,2025-10-31,5,2025-10-01,1,1,5,1252.0,2025-12-20,Active (last 30 days)
221,17,7,Organic,GST registered,2025-10-07,2025-10-09,2025-10-15,73,2025-10-01,1,1,309,67087.0,2025-12-31,Active (last 30 days)
222,27,4,Organic,GST registered,2025-06-28,2025-07-06,2025-07-17,23,2025-06-01,1,1,185,43017.0,2025-12-27,Active (last 30 days)
223,10,1,Field sales,GST registered,2025-07-25,2025-08-03,2025-08-13,23,2025-07-01,1,1,144,31618.0,2025-12-29,Active (last 30 days)
224,3,2,Referral,No GST,2025-04-01,2025-04-01,2025-04-23,17,2025-04-01,1,1,32,6802.0,2025-10-17,Dormant
225,31,6,Field sales,GST registered,2025-01-14,2025-01-14,2025-01-23,8,2025-01-01,1,1,118,19612.0,2025-12-24,Active (last 30 days)
226,3,2,Field sales,GST registered,2025-06-25,2025-06-27,2025-06-28,11,2025-06-01,1,1,133,35595.0,2025-12-31,Active (last 30 days)
227,29,6,Organic,GST registered,2025-10-22,,,0,2025-10-01,0,0,0,0.0,,Never sold
228,18,2,Organic,No GST,2025-08-13,2025-08-17,2025-08-21,11,2025-08-01,1,1,3,621.0,2025-09-09,Dormant
229,29,1,Field sales,No GST,2025-10-19,2025-10-22,,23,2025-10-01,1,0,0,0.0,,Never sold
230,17,4,Field sales,GST registered,2025-05-23,2025-05-23,2025-05-30,16,2025-05-01,1,1,57,10390.0,2025-12-27,Active (last 30 days)
231,25,4,Referral,GST registered,2025-09-22,2025-10-06,2025-10-14,7,2025-09-01,1,1,26,4923.0,2025-12-25,Active (last 30 days)
232,21,4,Organic,GST registered,2025-06-13,2025-06-14,2025-06-21,60,2025-06-01,1,1,42,7332.0,2025-12-28,Active (last 30 days)
233,16,2,Social / ads,GST registered,2025-07-10,2025-07-10,2025-07-17,26,2025-07-01,1,1,148,37432.0,2025-12-30,Active (last 30 days)
234,13,7,Organic,No GST,2025-04-18,2025-04-18,,21,2025-04-01,1,0,0,0.0,,Never sold
235,1,3,Field sales,GST registered,2025-11-18,2025-11-20,,25,2025-11-01,1,0,0,0.0,,Never sold
236,10,6,Organic,No GST,2025-10-26,2025-10-27,2025-11-07,3,2025-10-01,1,1,9,1278.0,2025-12-23,Active (last 30 days)
237,31,4,Field sales,No GST,2025-04-06,2025-04-07,2025-04-14,11,2025-04-01,1,1,397,82574.0,2025-12-27,Active (last 30 days)
238,11,2,Referral,No GST,2025-09-19,2025-09-26,2025-10-22,4,2025-09-01,1,1,25,6536.0,2025-12-29,Active (last 30 days)
239,23,5,Field sales,GST registered,2025-10-08,2025-10-09,2025-10-12,18,2025-10-01,1,1,18,2998.0,2025-12-30,Active (last 30 days)
240,15,4,Organic,No GST,2025-10-26,,,0,2025-10-01,0,0,0,0.0,,Never sold
241,12,4,Referral,GST registered,2025-06-11,2025-06-17,2025-06-22,18,2025-06-01,1,1,354,86381.0,2025-12-31,Active (last 30 days)
242,32,5,Organic,GST registered,2025-07-25,2025-07-27,2025-08-05,42,2025-07-01,1,1,200,35249.0,2025-12-30,Active (last 30 days)
243,3,1,Field sales,No GST,2025-01-27,2025-01-28,2025-02-06,4,2025-01-01,1,1,7,2245.0,2025-03-10,Dormant
244,17,8,Organic,GST registered,2025-08-23,2025-08-26,2025-08-27,8,2025-08-01,1,1,61,11279.0,2025-12-30,Active (last 30 days)
245,14,2,Organic,GST registered,2025-01-17,2025-01-17,2025-01-19,22,2025-01-01,1,1,83,22377.0,2025-12-31,Active (last 30 days)
246,4,1,Field sales,GST registered,2025-10-24,2025-10-24,,20,2025-10-01,1,0,0,0.0,,Never sold
247,9,6,Organic,GST registered,2025-04-14,,,0,2025-04-01,0,0,0,0.0,,Never sold
248,20,1,Organic,No GST,2025-08-02,,,0,2025-08-01,0,0,0,0.0,,Never sold
249,5,9,Social / ads,No GST,2025-11-11,2025-11-11,2025-11-29,56,2025-11-01,1,1,8,680.0,2025-12-02,Active (last 30 days)
250,25,3,Social / ads,No GST,2025-08-18,2025-08-19,2025-08-25,23,2025-08-01,1,1,87,16807.0,2025-11-04,Dormant
251,19,2,Social / ads,GST registered,2025-06-18,2025-06-26,2025-07-01,4,2025-06-01,1,1,10,2705.0,2025-07-18,Dormant
252,5,1,Organic,GST registered,2025-04-08,2025-04-16,2025-05-09,18,2025-04-01,1,1,21,3802.0,2025-09-30,Dormant
253,11,1,Referral,GST registered,2025-06-20,2025-06-24,,21,2025-06-01,1,0,0,0.0,,Never sold
254,6,1,Social / ads,GST registered,2025-03-01,,,0,2025-03-01,0,0,0,0.0,,Never sold
255,24,1,Organic,No GST,2025-05-24,2025-06-08,2025-06-29,48,2025-05-01,1,1,36,7339.0,2025-12-21,Active (last 30 days)
256,16,2,Field sales,No GST,2025-02-18,2025-02-18,2025-03-05,14,2025-02-01,1,1,4,1164.0,2025-03-20,Dormant
257,1,2,Organic,No GST,2025-09-13,2025-09-16,2025-10-03,88,2025-09-01,1,1,38,9161.0,2025-12-31,Active (last 30 days)
258,16,3,Social / ads,No GST,2025-11-25,2025-11-28,,30,2025-11-01,1,0,0,0.0,,Never sold
259,15,1,Field sales,GST registered,2025-04-09,2025-04-10,2025-04-14,20,2025-04-01,1,1,9,1897.0,2025-12-25,Active (last 30 days)
260,19,1,Referral,No GST,2025-02-02,2025-02-05,,34,2025-02-01,1,0,0,0.0,,Never sold
261,2,1,Referral,No GST,2025-09-03,2025-09-07,2025-09-09,55,2025-09-01,1,1,129,26297.0,2025-11-28,Dormant
262,2,1,Organic,No GST,2025-06-22,2025-06-22,2025-07-20,33,2025-06-01,1,1,51,11272.0,2025-09-15,Dormant
263,13,2,Organic,GST registered,2025-06-26,2025-06-26,2025-07-03,15,2025-06-01,1,1,31,5954.0,2025-12-30,Active (last 30 days)
264,20,1,Field sales,No GST,2025-04-30,2025-05-10,,9,2025-04-01,1,0,0,0.0,,Never sold
265,20,2,Referral,GST registered,2025-05-24,,,0,2025-05-01,0,0,0,0.0,,Never sold
266,11,8,Referral,No GST,2025-10-07,2025-10-10,2025-10-15,2,2025-10-01,1,1,54,10328.0,2025-12-31,Active (last 30 days)
267,9,2,Organic,No GST,2025-10-03,2025-10-03,2025-10-07,18,2025-10-01,1,1,53,14549.0,2025-12-20,Active (last 30 days)
268,20,1,Field sales,No GST,2025-11-19,2025-11-21,2025-12-22,12,2025-11-01,1,1,2,0.0,2025-12-31,Active (last 30 days)
269,2,5,Organic,GST registered,2025-11-03,2025-11-07,2025-11-09,12,2025-11-01,1,1,32,5359.0,2025-12-31,Active (last 30 days)
270,17,3,Organic,GST registered,2025-03-25,2025-03-25,,37,2025-03-01,1,0,0,0.0,,Never sold
271,14,1,Social / ads,No GST,2025-10-06,,,0,2025-10-01,0,0,0,0.0,,Never sold
272,10,6,Referral,No GST,2025-08-07,2025-08-12,,74,2025-08-01,1,0,0,0.0,,Never sold
273,16,6,Referral,No GST,2025-11-19,,,0,2025-11-01,0,0,0,0.0,,Never sold
274,9,9,Social / ads,GST registered,2025-03-20,2025-03-23,,7,2025-03-01,1,0,0,0.0,,Never sold
275,17,8,Organic,No GST,2025-06-11,2025-06-21,,6,2025-06-01,1,0,0,0.0,,Never sold
276,7,4,Social / ads,No GST,2025-06-15,2025-06-17,2025-06-28,29,2025-06-01,1,1,100,22826.0,2025-12-31,Active (last 30 days)
277,14,5,Field sales,GST registered,2025-01-30,2025-02-03,,41,2025-01-01,1,0,0,0.0,,Never sold
278,15,2,Field sales,GST registered,2025-04-17,2025-04-18,2025-04-23,10,2025-04-01,1,1,36,6715.0,2025-12-29,Active (last 30 days)
279,2,8,Organic,No GST,2025-04-28,2025-04-28,,7,2025-04-01,1,0,0,0.0,,Never sold
280,18,4,Organic,GST registered,2025-07-30,2025-08-05,2025-08-25,55,2025-07-01,1,1,39,8917.0,2025-12-31,Active (last 30 days)
281,23,2,Referral,No GST,2025-07-16,2025-07-17,2025-07-29,5,2025-07-01,1,1,23,4147.0,2025-12-25,Active (last 30 days)
282,31,1,Organic,No GST,2025-11-21,2025-11-21,2025-11-25,36,2025-11-01,1,1,6,1046.0,2025-12-24,Active (last 30 days)
283,9,4,Organic,GST registered,2025-11-01,2025-11-02,,10,2025-11-01,1,0,0,0.0,,Never sold
284,9,4,Referral,GST registered,2025-07-01,2025-07-02,,22,2025-07-01,1,0,0,0.0,,Never sold
285,12,7,Field sales,No GST,2025-11-04,2025-11-08,2025-11-24,38,2025-11-01,1,1,8,1488.0,2025-12-26,Active (last 30 days)
286,28,1,Organic,No GST,2025-07-17,,,0,2025-07-01,0,0,0,0.0,,Never sold
287,14,7,Field sales,No GST,2025-10-05,2025-10-05,,12,2025-10-01,1,0,0,0.0,,Never sold
288,12,1,Social / ads,No GST,2025-10-29,2025-11-13,,50,2025-10-01,1,0,0,0.0,,Never sold
289,22,4,Field sales,No GST,2025-01-30,,,0,2025-01-01,0,0,0,0.0,,Never sold
290,2,2,Social / ads,No GST,2025-11-10,,,0,2025-11-01,0,0,0,0.0,,Never sold
291,16,2,Field sales,No GST,2025-02-09,2025-02-15,2025-02-22,4,2025-02-01,1,1,240,58831.0,2025-12-28,Active (last 30 days)
292,14,3,Organic,GST registered,2025-09-11,2025-09-14,,4,2025-09-01,1,0,0,0.0,,Never sold
293,19,1,Organic,GST registered,2025-10-03,,,0,2025-10-01,0,0,0,0.0,,Never sold
294,22,1,Social / ads,GST registered,2025-02-04,2025-02-06,,16,2025-02-01,1,0,0,0.0,,Never sold
295,12,6,Field sales,No GST,2025-10-03,2025-10-03,,31,2025-10-01,1,0,0,0.0,,Never sold
296,19,1,Social / ads,GST registered,2025-09-09,2025-09-11,2025-09-16,6,2025-09-01,1,1,67,11402.0,2025-12-29,Active (last 30 days)
297,16,6,Social / ads,No GST,2025-04-26,2025-04-28,,17,2025-04-01,1,0,0,0.0,,Never sold
298,6,6,Organic,No GST,2025-06-16,,,0,2025-06-01,0,0,0,0.0,,Never sold
299,28,1,Organic,GST registered,2025-07-04,2025-07-13,2025-07-25,10,2025-07-01,1,1,260,53552.0,2025-12-30,Active (last 30 days)
300,23,8,Field sales,GST registered,2025-09-29,2025-10-01,2025-10-03,19,2025-09-01,1,1,19,3008.0,2025-12-26,Active (last 30 days)
301,29,6,Organic,No GST,2025-06-21,2025-06-24,,5,2025-06-01,1,0,0,0.0,,Never sold
302,21,6,Referral,GST registered,2025-02-06,2025-02-10,,22,2025-02-01,1,0,0,0.0,,Never sold
303,10,6,Social / ads,No GST,2025-05-24,,,0,2025-05-01,0,0,0,0.0,,Never sold
304,14,4,Field sales,GST registered,2025-11-17,2025-11-18,2025-11-27,6,2025-11-01,1,1,2,318.0,2025-12-23,Active (last 30 days)
305,14,9,Organic,GST registered,2025-10-23,2025-10-30,2025-11-02,5,2025-10-01,1,1,3,249.0,2025-12-27,Active (last 30 days)
306,2,1,Field sales,No GST,2025-10-03,2025-10-04,,42,2025-10-01,1,0,0,0.0,,Never sold
307,14,1,Organic,GST registered,2025-06-13,2025-06-18,,5,2025-06-01,1,0,0,0.0,,Never sold
308,13,5,Social / ads,GST registered,2025-04-27,2025-04-27,,32,2025-04-01,1,0,0,0.0,,Never sold
309,1,2,Organic,GST registered,2025-01-19,2025-01-26,2025-02-11,17,2025-01-01,1,1,7,2494.0,2025-04-14,Dormant
310,26,4,Social / ads,GST registered,2025-08-01,2025-08-03,2025-08-06,11,2025-08-01,1,1,9,3869.0,2025-12-02,Active (last 30 days)
311,7,2,Referral,No GST,2025-09-02,2025-09-02,2025-09-05,53,2025-09-01,1,1,34,9219.0,2025-12-30,Active (last 30 days)
312,15,2,Referral,GST registered,2025-11-16,2025-12-01,2025-12-11,34,2025-11-01,1,1,3,939.0,2025-12-20,Active (last 30 days)
313,24,8,Referral,GST registered,2025-06-03,2025-06-06,2025-06-13,20,2025-06-01,1,1,19,2748.0,2025-11-26,Dormant
314,18,1,Organic,GST registered,2025-10-01,2025-10-03,,2,2025-10-01,1,0,0,0.0,,Never sold
315,8,1,Referral,GST registered,2025-09-09,2025-09-11,2025-10-01,29,2025-09-01,1,1,12,3944.0,2025-10-31,Dormant
316,18,5,Social / ads,GST registered,2025-08-22,,,0,2025-08-01,0,0,0,0.0,,Never sold
317,23,6,Social / ads,No GST,2025-10-19,2025-10-20,2025-11-01,13,2025-10-01,1,1,20,3039.0,2025-12-30,Active (last 30 days)
318,27,7,Organic,GST registered,2025-08-08,2025-08-09,2025-08-13,16,2025-08-01,1,1,98,23958.0,2025-12-31,Active (last 30 days)
319,12,1,Field sales,No GST,2025-02-05,2025-02-05,2025-02-28,75,2025-02-01,1,1,2,374.0,2025-03-31,Dormant
320,2,8,Social / ads,GST registered,2025-08-07,2025-08-11,2025-08-17,13,2025-08-01,1,1,12,2347.0,2025-10-19,Dormant
321,18,4,Social / ads,GST registered,2025-07-23,2025-07-23,,5,2025-07-01,1,0,0,0.0,,Never sold
322,10,7,Referral,GST registered,2025-06-21,2025-06-22,2025-06-26,53,2025-06-01,1,1,1,0.0,2025-06-26,Dormant
323,24,1,Organic,No GST,2025-11-22,2025-11-25,2025-12-03,29,2025-11-01,1,1,9,2171.0,2025-12-30,Active (last 30 days)
324,20,2,Social / ads,No GST,2025-09-30,2025-10-07,2025-10-17,30,2025-09-01,1,1,7,2668.0,2025-10-25,Dormant
325,24,4,Organic,GST registered,2025-10-31,,,0,2025-10-01,0,0,0,0.0,,Never sold
326,31,4,Organic,No GST,2025-03-30,2025-04-04,,65,2025-03-01,1,0,0,0.0,,Never sold
327,17,1,Social / ads,GST registered,2025-04-12,,,0,2025-04-01,0,0,0,0.0,,Never sold
328,29,4,Organic,No GST,2025-06-05,2025-06-14,2025-06-25,5,2025-06-01,1,1,64,14425.0,2025-12-30,Active (last 30 days)
329,19,5,Social / ads,No GST,2025-05-07,2025-05-21,,32,2025-05-01,1,0,0,0.0,,Never sold
330,8,2,Organic,GST registered,2025-05-11,2025-05-11,2025-05-12,13,2025-05-01,1,1,63,16374.0,2025-12-31,Active (last 30 days)
331,25,4,Field sales,GST registered,2025-10-09,2025-10-09,,14,2025-10-01,1,0,0,0.0,,Never sold
332,20,2,Social / ads,GST registered,2025-08-28,2025-09-08,2025-09-22,6,2025-08-01,1,1,148,41790.0,2025-12-31,Active (last 30 days)
333,32,7,Social / ads,No GST,2025-10-16,2025-10-17,2025-11-10,26,2025-10-01,1,1,40,10187.0,2025-12-31,Active (last 30 days)
334,10,4,Social / ads,GST registered,2025-06-07,2025-06-26,2025-06-29,22,2025-06-01,1,1,56,11002.0,2025-12-30,Active (last 30 days)
335,13,4,Social / ads,No GST,2025-09-14,2025-09-18,,14,2025-09-01,1,0,0,0.0,,Never sold
336,25,8,Organic,GST registered,2025-08-24,2025-09-05,2025-09-26,5,2025-08-01,1,1,25,3920.0,2025-11-27,Dormant
337,3,5,Social / ads,No GST,2025-06-05,2025-06-08,2025-06-12,43,2025-06-01,1,1,89,15474.0,2025-12-31,Active (last 30 days)
338,19,2,Social / ads,GST registered,2025-10-14,2025-10-22,2025-10-27,20,2025-10-01,1,1,4,1043.0,2025-11-17,Dormant
339,16,5,Referral,No GST,2025-08-11,2025-08-12,,40,2025-08-01,1,0,0,0.0,,Never sold
340,8,9,Referral,GST registered,2025-05-03,2025-05-07,2025-05-25,3,2025-05-01,1,1,126,17023.0,2025-12-28,Active (last 30 days)
341,8,1,Organic,GST registered,2025-07-03,,,0,2025-07-01,0,0,0,0.0,,Never sold
342,25,4,Referral,GST registered,2025-08-22,2025-08-22,,9,2025-08-01,1,0,0,0.0,,Never sold
343,1,1,Field sales,No GST,2025-01-10,2025-01-11,2025-01-14,16,2025-01-01,1,1,26,5833.0,2025-03-08,Dormant
344,22,7,Referral,GST registered,2025-08-21,2025-09-05,2025-09-21,34,2025-08-01,1,1,135,32058.0,2025-12-31,Active (last 30 days)
345,22,5,Referral,No GST,2025-08-06,2025-08-13,2025-08-22,22,2025-08-01,1,1,27,4598.0,2025-12-29,Active (last 30 days)
346,19,8,Referral,No GST,2025-05-14,2025-05-15,,16,2025-05-01,1,0,0,0.0,,Never sold
347,14,5,Organic,GST registered,2025-09-03,,,0,2025-09-01,0,0,0,0.0,,Never sold
348,2,1,Social / ads,GST registered,2025-09-14,2025-09-14,2025-09-30,4,2025-09-01,1,1,10,1881.0,2025-12-05,Active (last 30 days)
349,25,4,Organic,GST registered,2025-03-04,,,0,2025-03-01,0,0,0,0.0,,Never sold
350,6,8,Organic,GST registered,2025-08-08,2025-08-08,2025-08-15,40,2025-08-01,1,1,140,29488.0,2025-12-31,Active (last 30 days)
351,11,1,Organic,GST registered,2025-03-27,,,0,2025-03-01,0,0,0,0.0,,Never sold
352,30,1,Social / ads,No GST,2025-11-13,,,0,2025-11-01,0,0,0,0.0,,Never sold
353,12,6,Social / ads,GST registered,2025-07-22,2025-07-23,2025-08-10,31,2025-07-01,1,1,4,397.0,2025-09-01,Dormant
354,10,4,Organic,GST registered,2025-10-14,,,0,2025-10-01,0,0,0,0.0,,Never sold
355,31,1,Organic,No GST,2025-06-03,2025-06-04,2025-06-12,21,2025-06-01,1,1,35,4553.0,2025-12-31,Active (last 30 days)
356,4,2,Referral,GST registered,2025-04-17,2025-04-18,2025-04-23,11,2025-04-01,1,1,48,12128.0,2025-12-22,Active (last 30 days)
357,8,2,Organic,No GST,2025-09-12,2025-09-13,2025-09-28,14,2025-09-01,1,1,2,0.0,2025-10-01,Dormant
358,14,5,Field sales,No GST,2025-05-23,2025-05-23,2025-06-15,27,2025-05-01,1,1,20,5016.0,2025-08-26,Dormant
359,24,3,Organic,GST registered,2025-10-01,,,0,2025-10-01,0,0,0,0.0,,Never sold
360,28,3,Referral,GST registered,2025-10-09,2025-10-11,2025-10-17,44,2025-10-01,1,1,52,11916.0,2025-12-31,Active (last 30 days)
361,23,6,Organic,No GST,2025-05-09,2025-05-11,,11,2025-05-01,1,0,0,0.0,,Never sold
362,32,2,Referral,No GST,2025-03-29,2025-03-30,2025-04-06,15,2025-03-01,1,1,12,3495.0,2025-05-10,Dormant
363,1,5,Referral,No GST,2025-10-01,2025-10-13,,15,2025-10-01,1,0,0,0.0,,Never sold
364,18,2,Organic,No GST,2025-08-02,2025-08-13,2025-08-21,15,2025-08-01,1,1,177,49818.0,2025-12-30,Active (last 30 days)
365,6,2,Organic,GST registered,2025-09-01,2025-09-01,2025-09-10,5,2025-09-01,1,1,12,2450.0,2025-11-28,Dormant
366,29,4,Organic,GST registered,2025-11-09,2025-11-17,2025-11-20,18,2025-11-01,1,1,13,2091.0,2025-12-29,Active (last 30 days)
367,30,5,Organic,No GST,2025-09-26,,,0,2025-09-01,0,0,0,0.0,,Never sold
368,12,8,Social / ads,No GST,2025-02-26,2025-03-03,,3,2025-02-01,1,0,0,0.0,,Never sold
369,26,2,Organic,No GST,2025-05-26,2025-06-04,2025-06-09,5,2025-05-01,1,1,44,10096.0,2025-12-30,Active (last 30 days)
370,19,1,Organic,GST registered,2025-11-11,2025-11-13,2025-11-17,33,2025-11-01,1,1,11,1455.0,2025-12-28,Active (last 30 days)
371,5,3,Organic,No GST,2025-10-29,2025-10-31,2025-11-05,29,2025-10-01,1,1,6,519.0,2025-12-24,Active (last 30 days)
372,18,4,Social / ads,GST registered,2025-11-24,2025-12-01,2025-12-04,20,2025-11-01,1,1,21,5995.0,2025-12-31,Active (last 30 days)
373,32,1,Social / ads,GST registered,2025-05-13,,,0,2025-05-01,0,0,0,0.0,,Never sold
374,12,8,Social / ads,GST registered,2025-04-30,2025-05-01,2025-05-04,29,2025-04-01,1,1,26,5255.0,2025-07-08,Dormant
375,1,6,Field sales,GST registered,2025-02-27,2025-02-27,,6,2025-02-01,1,0,0,0.0,,Never sold
376,32,3,Social / ads,No GST,2025-03-05,,,0,2025-03-01,0,0,0,0.0,,Never sold
377,14,3,Referral,GST registered,2025-08-24,2025-08-24,,5,2025-08-01,1,0,0,0.0,,Never sold
378,14,1,Social / ads,No GST,2025-07-17,2025-07-20,2025-08-08,14,2025-07-01,1,1,2,714.0,2025-08-10,Dormant
379,21,4,Social / ads,GST registered,2025-04-23,2025-04-26,2025-05-02,7,2025-04-01,1,1,196,44557.0,2025-10-15,Dormant
380,18,4,Organic,GST registered,2025-01-16,2025-01-21,2025-01-25,30,2025-01-01,1,1,27,3618.0,2025-03-07,Dormant
381,12,8,Referral,GST registered,2025-10-24,2025-10-24,,23,2025-10-01,1,0,0,0.0,,Never sold
382,5,4,Organic,GST registered,2025-08-20,2025-08-29,2025-09-07,10,2025-08-01,1,1,29,5697.0,2025-12-29,Active (last 30 days)
383,26,1,Organic,No GST,2025-09-25,2025-10-04,2025-10-17,39,2025-09-01,1,1,71,19998.0,2025-12-31,Active (last 30 days)
384,15,1,Social / ads,GST registered,2025-08-08,2025-08-09,2025-08-26,7,2025-08-01,1,1,17,3638.0,2025-11-05,Dormant
385,20,1,Organic,GST registered,2025-10-31,2025-11-10,,15,2025-10-01,1,0,0,0.0,,Never sold
386,27,8,Field sales,GST registered,2025-03-13,2025-03-16,2025-03-22,10,2025-03-01,1,1,415,91276.0,2025-12-31,Active (last 30 days)
387,1,6,Social / ads,GST registered,2025-02-26,2025-03-06,2025-03-14,29,2025-02-01,1,1,139,21009.0,2025-12-27,Active (last 30 days)
388,27,7,Referral,GST registered,2025-11-23,2025-11-30,2025-12-08,27,2025-11-01,1,1,14,2723.0,2025-12-30,Active (last 30 days)
389,23,7,Organic,No GST,2025-08-05,,,0,2025-08-01,0,0,0,0.0,,Never sold
390,30,1,Field sales,GST registered,2025-08-04,2025-08-06,,17,2025-08-01,1,0,0,0.0,,Never sold
391,10,5,Social / ads,GST registered,2025-02-25,2025-02-26,2025-03-05,1,2025-02-01,1,1,8,1445.0,2025-04-04,Dormant
392,12,5,Organic,No GST,2025-10-07,,,0,2025-10-01,0,0,0,0.0,,Never sold
393,20,1,Organic,No GST,2025-11-17,,,0,2025-11-01,0,0,0,0.0,,Never sold
394,30,3,Field sales,GST registered,2025-07-17,2025-07-30,2025-08-08,12,2025-07-01,1,1,168,36550.0,2025-12-28,Active (last 30 days)
395,32,5,Social / ads,No GST,2025-08-26,2025-08-29,2025-09-01,3,2025-08-01,1,1,12,1418.0,2025-11-13,Dormant
396,14,8,Organic,No GST,2025-06-22,2025-06-23,2025-06-30,23,2025-06-01,1,1,66,16316.0,2025-12-31,Active (last 30 days)
397,16,1,Organic,GST registered,2025-09-03,,,0,2025-09-01,0,0,0,0.0,,Never sold
398,8,8,Social / ads,GST registered,2025-05-11,,,0,2025-05-01,0,0,0,0.0,,Never sold
399,20,8,Organic,No GST,2025-03-30,2025-04-11,,13,2025-03-01,1,0,0,0.0,,Never sold
400,26,8,Organic,No GST,2025-07-16,,,0,2025-07-01,0,0,0,0.0,,Never sold
401,25,1,Referral,No GST,2025-11-02,2025-11-02,,24,2025-11-01,1,0,0,0.0,,Never sold
402,13,1,Organic,GST registered,2025-10-26,2025-10-26,,17,2025-10-01,1,0,0,0.0,,Never sold
403,31,5,Organic,No GST,2025-04-23,2025-04-23,2025-04-29,6,2025-04-01,1,1,209,35372.0,2025-12-31,Active (last 30 days)
404,6,2,Field sales,GST registered,2025-01-04,2025-01-15,2025-01-20,16,2025-01-01,1,1,24,3405.0,2025-12-08,Active (last 30 days)
405,15,1,Field sales,No GST,2025-01-07,,,0,2025-01-01,0,0,0,0.0,,Never sold
406,17,6,Referral,No GST,2025-05-10,2025-05-11,,52,2025-05-01,1,0,0,0.0,,Never sold
407,16,1,Organic,GST registered,2025-07-23,2025-07-24,2025-07-27,33,2025-07-01,1,1,35,10068.0,2025-12-21,Active (last 30 days)
408,23,3,Referral,GST registered,2025-08-14,2025-08-22,2025-08-30,14,2025-08-01,1,1,73,15873.0,2025-12-30,Active (last 30 days)
409,18,8,Field sales,No GST,2025-07-09,2025-07-09,,17,2025-07-01,1,0,0,0.0,,Never sold
410,4,3,Social / ads,No GST,2025-02-21,2025-02-24,2025-02-27,37,2025-02-01,1,1,4,854.0,2025-03-09,Dormant
411,8,8,Social / ads,GST registered,2025-06-11,,,0,2025-06-01,0,0,0,0.0,,Never sold
412,16,2,Field sales,No GST,2025-09-14,2025-09-14,2025-09-26,30,2025-09-01,1,1,30,8409.0,2025-12-28,Active (last 30 days)
413,20,2,Social / ads,GST registered,2025-08-31,,,0,2025-08-01,0,0,0,0.0,,Never sold
414,16,1,Social / ads,GST registered,2025-11-09,2025-11-09,2025-11-19,11,2025-11-01,1,1,32,5994.0,2025-12-31,Active (last 30 days)
415,13,2,Organic,GST registered,2025-06-17,2025-06-22,2025-06-24,61,2025-06-01,1,1,194,51814.0,2025-12-30,Active (last 30 days)
416,3,2,Social / ads,No GST,2025-05-17,,,0,2025-05-01,0,0,0,0.0,,Never sold
417,24,7,Social / ads,GST registered,2025-08-07,2025-08-08,2025-08-26,20,2025-08-01,1,1,27,4804.0,2025-12-30,Active (last 30 days)
418,15,8,Organic,No GST,2025-04-29,,,0,2025-04-01,0,0,0,0.0,,Never sold
419,16,1,Organic,GST registered,2025-09-03,2025-09-13,2025-09-21,19,2025-09-01,1,1,4,1438.0,2025-09-25,Dormant
420,14,1,Field sales,No GST,2025-10-16,2025-10-17,2025-10-31,13,2025-10-01,1,1,15,3279.0,2025-12-28,Active (last 30 days)
421,11,5,Referral,No GST,2025-08-04,,,0,2025-08-01,0,0,0,0.0,,Never sold
422,11,3,Field sales,GST registered,2025-10-01,2025-10-23,2025-10-29,25,2025-10-01,1,1,49,12067.0,2025-12-31,Active (last 30 days)
423,3,2,Referral,GST registered,2025-06-14,2025-06-14,2025-06-28,7,2025-06-01,1,1,38,7976.0,2025-12-31,Active (last 30 days)
424,21,1,Organic,GST registered,2025-06-16,2025-06-16,2025-06-18,12,2025-06-01,1,1,691,160120.0,2025-12-14,Active (last 30 days)
425,11,1,Organic,GST registered,2025-09-05,,,0,2025-09-01,0,0,0,0.0,,Never sold
426,12,4,Social / ads,No GST,2025-06-30,2025-07-03,2025-07-09,5,2025-06-01,1,1,1,0.0,2025-07-09,Dormant
427,32,1,Organic,No GST,2025-01-11,,,0,2025-01-01,0,0,0,0.0,,Never sold
428,14,6,Field sales,GST registered,2025-09-25,2025-09-27,2025-10-02,13,2025-09-01,1,1,4,810.0,2025-12-12,Active (last 30 days)
429,15,2,Organic,No GST,2025-05-11,2025-05-16,2025-05-18,46,2025-05-01,1,1,114,34167.0,2025-11-25,Dormant
430,14,3,Referral,GST registered,2025-03-25,2025-03-26,2025-03-27,13,2025-03-01,1,1,97,20860.0,2025-12-25,Active (last 30 days)
431,11,4,Referral,GST registered,2025-01-09,2025-01-13,2025-01-20,11,2025-01-01,1,1,50,10229.0,2025-12-05,Active (last 30 days)
432,1,1,Organic,GST registered,2025-02-11,2025-02-17,2025-02-22,7,2025-02-01,1,1,27,4618.0,2025-05-26,Dormant
433,27,8,Field sales,GST registered,2025-05-15,2025-05-15,2025-05-18,16,2025-05-01,1,1,108,22421.0,2025-12-31,Active (last 30 days)
434,14,5,Field sales,No GST,2025-09-22,,,0,2025-09-01,0,0,0,0.0,,Never sold
435,21,7,Organic,GST registered,2025-02-16,2025-02-16,,29,2025-02-01,1,0,0,0.0,,Never sold
436,31,3,Organic,No GST,2025-09-23,,,0,2025-09-01,0,0,0,0.0,,Never sold
437,1,3,Field sales,GST registered,2025-05-29,2025-05-29,2025-06-06,87,2025-05-01,1,1,290,65547.0,2025-12-31,Active (last 30 days)
438,20,1,Field sales,No GST,2025-09-05,2025-09-05,,23,2025-09-01,1,0,0,0.0,,Never sold
439,6,4,Referral,GST registered,2025-11-16,2025-11-17,,7,2025-11-01,1,0,0,0.0,,Never sold
440,14,4,Social / ads,GST registered,2025-10-19,2025-10-22,,6,2025-10-01,1,0,0,0.0,,Never sold
441,26,2,Organic,GST registered,2025-08-03,2025-08-07,2025-08-26,25,2025-08-01,1,1,35,11136.0,2025-12-25,Active (last 30 days)
442,4,1,Organic,GST registered,2025-05-30,2025-06-04,2025-06-10,7,2025-05-01,1,1,56,16043.0,2025-12-30,Active (last 30 days)
443,32,2,Field sales,GST registered,2025-11-02,2025-11-13,2025-11-20,26,2025-11-01,1,1,65,19358.0,2025-12-31,Active (last 30 days)
444,17,1,Field sales,GST registered,2025-06-30,2025-07-03,2025-07-08,33,2025-06-01,1,1,19,4322.0,2025-12-24,Active (last 30 days)
445,14,2,Social / ads,No GST,2025-11-18,2025-11-20,2025-12-01,34,2025-11-01,1,1,18,3719.0,2025-12-31,Active (last 30 days)
446,1,4,Organic,GST registered,2025-04-28,2025-05-11,2025-05-24,8,2025-04-01,1,1,103,25925.0,2025-12-30,Active (last 30 days)
447,17,9,Referral,No GST,2025-09-24,2025-09-25,2025-10-04,34,2025-09-01,1,1,3,385.0,2025-10-13,Dormant
448,15,1,Field sales,No GST,2025-04-03,2025-04-04,2025-04-10,21,2025-04-01,1,1,15,3636.0,2025-06-22,Dormant
449,9,1,Organic,GST registered,2025-08-18,2025-08-21,2025-08-23,10,2025-08-01,1,1,11,2467.0,2025-10-01,Dormant
450,15,2,Referral,No GST,2025-11-01,2025-11-02,2025-11-09,14,2025-11-01,1,1,13,2865.0,2025-12-29,Active (last 30 days)
451,1,1,Field sales,GST registered,2025-05-22,2025-05-22,,23,2025-05-01,1,0,0,0.0,,Never sold
452,32,5,Organic,No GST,2025-03-22,2025-03-22,,9,2025-03-01,1,0,0,0.0,,Never sold
453,13,1,Organic,No GST,2025-10-20,2025-10-24,2025-11-01,20,2025-10-01,1,1,31,8073.0,2025-12-11,Active (last 30 days)
454,15,9,Organic,No GST,2025-02-06,,,0,2025-02-01,0,0,0,0.0,,Never sold
455,24,7,Social / ads,GST registered,2025-06-16,,,0,2025-06-01,0,0,0,0.0,,Never sold
456,21,3,Organic,No GST,2025-05-15,2025-05-15,2025-05-17,17,2025-05-01,1,1,18,3598.0,2025-12-21,Active (last 30 days)
457,28,8,Organic,GST registered,2025-06-29,2025-06-30,2025-07-03,19,2025-06-01,1,1,26,5090.0,2025-12-25,Active (last 30 days)
458,30,4,Organic,GST registered,2025-09-08,2025-09-11,2025-09-15,10,2025-09-01,1,1,17,2114.0,2025-10-16,Dormant
459,9,9,Organic,GST registered,2025-06-09,,,0,2025-06-01,0,0,0,0.0,,Never sold
460,14,2,Organic,GST registered,2025-08-14,2025-08-16,2025-08-18,4,2025-08-01,1,1,35,9123.0,2025-12-27,Active (last 30 days)
461,20,9,Field sales,No GST,2025-05-06,2025-05-07,2025-05-10,20,2025-05-01,1,1,42,7346.0,2025-12-25,Active (last 30 days)
462,2,1,Organic,No GST,2025-09-15,,,0,2025-09-01,0,0,0,0.0,,Never sold
463,21,2,Organic,GST registered,2025-11-01,2025-11-02,2025-11-15,15,2025-11-01,1,1,39,9650.0,2025-12-31,Active (last 30 days)
464,1,8,Organic,No GST,2025-09-27,2025-09-29,2025-10-01,8,2025-09-01,1,1,4,1519.0,2025-10-05,Dormant
465,29,2,Referral,No GST,2025-09-14,2025-09-15,2025-09-17,17,2025-09-01,1,1,117,29824.0,2025-12-28,Active (last 30 days)
466,21,1,Organic,No GST,2025-05-18,2025-05-18,2025-05-22,48,2025-05-01,1,1,1679,407437.0,2025-11-27,Dormant
467,17,1,Field sales,No GST,2025-09-16,2025-09-16,2025-09-27,33,2025-09-01,1,1,21,4283.0,2025-12-26,Active (last 30 days)
468,14,1,Field sales,GST registered,2025-06-22,2025-06-28,2025-07-06,16,2025-06-01,1,1,44,10970.0,2025-12-30,Active (last 30 days)
469,32,2,Field sales,GST registered,2025-10-23,2025-10-27,2025-10-31,84,2025-10-01,1,1,8,1384.0,2025-12-19,Active (last 30 days)
470,22,3,Organic,No GST,2025-11-04,2025-11-05,2025-11-17,142,2025-11-01,1,1,1,163.0,2025-11-17,Dormant
471,25,4,Social / ads,GST registered,2025-06-17,2025-06-29,2025-07-07,11,2025-06-01,1,1,4,765.0,2025-07-16,Dormant
472,26,7,Field sales,No GST,2025-06-07,2025-06-13,2025-06-19,13,2025-06-01,1,1,367,78508.0,2025-12-30,Active (last 30 days)
473,1,1,Organic,No GST,2025-10-19,2025-10-22,2025-10-24,28,2025-10-01,1,1,26,4569.0,2025-12-30,Active (last 30 days)
474,3,7,Referral,No GST,2025-05-03,2025-05-05,2025-05-09,7,2025-05-01,1,1,20,3404.0,2025-06-10,Dormant
475,9,4,Social / ads,GST registered,2025-02-21,2025-02-23,2025-03-24,32,2025-02-01,1,1,1523,371260.0,2025-10-12,Dormant
476,19,6,Organic,No GST,2025-08-23,,,0,2025-08-01,0,0,0,0.0,,Never sold
477,19,6,Organic,No GST,2025-11-14,2025-11-15,2025-11-18,22,2025-11-01,1,1,2,299.0,2025-12-31,Active (last 30 days)
478,12,8,Field sales,GST registered,2025-01-25,2025-01-28,2025-02-02,10,2025-01-01,1,1,456,91667.0,2025-12-29,Active (last 30 days)
479,31,1,Organic,GST registered,2025-08-29,2025-08-29,2025-09-06,8,2025-08-01,1,1,14,1902.0,2025-10-08,Dormant
480,5,4,Social / ads,GST registered,2025-10-15,2025-10-24,2025-11-06,3,2025-10-01,1,1,72,14429.0,2025-12-30,Active (last 30 days)
481,24,8,Organic,GST registered,2025-04-23,,,0,2025-04-01,0,0,0,0.0,,Never sold
482,15,6,Organic,No GST,2025-08-09,2025-08-09,2025-08-13,34,2025-08-01,1,1,59,7603.0,2025-12-28,Active (last 30 days)
483,14,1,Organic,No GST,2025-05-12,,,0,2025-05-01,0,0,0,0.0,,Never sold
484,2,4,Organic,GST registered,2025-10-04,2025-10-05,2025-10-18,21,2025-10-01,1,1,21,2871.0,2025-12-31,Active (last 30 days)
485,22,6,Social / ads,GST registered,2025-09-14,,,0,2025-09-01,0,0,0,0.0,,Never sold
486,23,2,Social / ads,GST registered,2025-07-11,2025-07-11,,9,2025-07-01,1,0,0,0.0,,Never sold
487,12,5,Social / ads,GST registered,2025-04-15,2025-04-25,,13,2025-04-01,1,0,0,0.0,,Never sold
488,16,7,Referral,GST registered,2025-03-21,2025-03-21,2025-04-05,6,2025-03-01,1,1,18,4773.0,2025-08-29,Dormant
489,18,4,Referral,No GST,2025-05-11,2025-05-13,,4,2025-05-01,1,0,0,0.0,,Never sold
490,14,1,Organic,No GST,2025-10-22,2025-10-23,2025-10-30,7,2025-10-01,1,1,10,1910.0,2025-12-25,Active (last 30 days)
491,18,4,Organic,No GST,2025-06-08,2025-06-08,,17,2025-06-01,1,0,0,0.0,,Never sold
492,14,4,Social / ads,No GST,2025-10-11,2025-10-14,,17,2025-10-01,1,0,0,0.0,,Never sold
493,28,2,Referral,GST registered,2025-09-25,2025-09-26,,33,2025-09-01,1,0,0,0.0,,Never sold
494,21,5,Referral,No GST,2025-04-17,2025-04-19,,85,2025-04-01,1,0,0,0.0,,Never sold
495,5,3,Referral,GST registered,2025-02-19,2025-02-22,,28,2025-02-01,1,0,0,0.0,,Never sold
496,25,7,Social / ads,GST registered,2025-06-18,2025-06-26,2025-07-28,14,2025-06-01,1,1,100,24555.0,2025-10-14,Dormant
497,13,6,Organic,GST registered,2025-05-02,,,0,2025-05-01,0,0,0,0.0,,Never sold
498,30,6,Field sales,GST registered,2025-11-01,2025-11-03,2025-11-11,4,2025-11-01,1,1,7,703.0,2025-12-28,Active (last 30 days)
499,18,4,Field sales,GST registered,2025-07-14,2025-07-14,2025-07-23,3,2025-07-01,1,1,34,6962.0,2025-12-31,Active (last 30 days)
500,2,1,Social / ads,GST registered,2025-11-11,2025-11-14,2025-11-27,8,2025-11-01,1,1,15,3243.0,2025-12-31,Active (last 30 days)
501,22,6,Organic,GST registered,2025-10-09,2025-10-14,2025-11-02,31,2025-10-01,1,1,14,1462.0,2025-12-29,Active (last 30 days)
502,6,1,Organic,No GST,2025-02-19,2025-02-19,2025-02-26,18,2025-02-01,1,1,63,16137.0,2025-08-06,Dormant
503,28,4,Referral,GST registered,2025-08-21,2025-08-23,2025-08-26,6,2025-08-01,1,1,29,6167.0,2025-12-31,Active (last 30 days)
504,30,1,Social / ads,GST registered,2025-02-04,2025-02-08,2025-02-12,9,2025-02-01,1,1,11,2381.0,2025-12-30,Active (last 30 days)
505,20,4,Social / ads,No GST,2025-08-04,,,0,2025-08-01,0,0,0,0.0,,Never sold
506,16,5,Referral,No GST,2025-06-12,2025-06-15,2025-07-01,6,2025-06-01,1,1,26,3675.0,2025-12-30,Active (last 30 days)
507,18,2,Organic,GST registered,2025-08-11,,,0,2025-08-01,0,0,0,0.0,,Never sold
508,14,2,Organic,No GST,2025-10-31,2025-11-07,2025-11-10,14,2025-10-01,1,1,8,1743.0,2025-12-31,Active (last 30 days)
509,4,1,Field sales,GST registered,2025-01-27,2025-01-30,2025-02-11,67,2025-01-01,1,1,558,133993.0,2025-12-31,Active (last 30 days)
510,30,2,Organic,GST registered,2025-03-17,2025-03-18,2025-03-20,8,2025-03-01,1,1,334,88565.0,2025-12-31,Active (last 30 days)
511,12,3,Referral,GST registered,2025-10-14,2025-10-15,2025-10-18,24,2025-10-01,1,1,24,4447.0,2025-12-30,Active (last 30 days)
512,12,7,Social / ads,GST registered,2025-10-30,2025-11-05,,19,2025-10-01,1,0,0,0.0,,Never sold
513,9,8,Organic,No GST,2025-06-16,2025-06-25,,33,2025-06-01,1,0,0,0.0,,Never sold
514,32,9,Organic,GST registered,2025-01-14,2025-01-14,2025-01-19,20,2025-01-01,1,1,1,0.0,2025-01-19,Dormant
515,30,1,Organic,No GST,2025-05-30,2025-06-11,2025-06-30,36,2025-05-01,1,1,13,2650.0,2025-08-03,Dormant
516,13,2,Organic,No GST,2025-07-26,,,0,2025-07-01,0,0,0,0.0,,Never sold
517,11,3,Field sales,No GST,2025-08-24,2025-08-25,,6,2025-08-01,1,0,0,0.0,,Never sold
518,25,5,Organic,GST registered,2025-06-09,2025-06-10,,29,2025-06-01,1,0,0,0.0,,Never sold
519,14,5,Organic,GST registered,2025-07-03,2025-07-05,,15,2025-07-01,1,0,0,0.0,,Never sold
520,31,6,Organic,No GST,2025-11-18,2025-11-21,,8,2025-11-01,1,0,0,0.0,,Never sold
521,29,3,Organic,No GST,2025-05-15,,,0,2025-05-01,0,0,0,0.0,,Never sold
522,23,4,Field sales,GST registered,2025-11-14,2025-11-17,2025-11-23,34,2025-11-01,1,1,4,276.0,2025-12-22,Active (last 30 days)
523,4,9,Field sales,GST registered,2025-08-17,2025-08-17,2025-08-21,11,2025-08-01,1,1,18,1997.0,2025-12-28,Active (last 30 days)
524,21,1,Referral,No GST,2025-08-15,2025-08-20,2025-08-29,12,2025-08-01,1,1,10,2799.0,2025-12-31,Active (last 30 days)
525,32,6,Referral,No GST,2025-04-04,,,0,2025-04-01,0,0,0,0.0,,Never sold
526,14,6,Organic,No GST,2025-04-27,2025-05-01,2025-05-09,3,2025-04-01,1,1,62,9017.0,2025-12-23,Active (last 30 days)
527,28,1,Referral,No GST,2025-02-27,,,0,2025-02-01,0,0,0,0.0,,Never sold
528,14,8,Organic,GST registered,2025-08-15,2025-08-16,,30,2025-08-01,1,0,0,0.0,,Never sold
529,31,7,Social / ads,GST registered,2025-07-12,2025-07-14,2025-07-17,10,2025-07-01,1,1,353,79116.0,2025-12-25,Active (last 30 days)
530,19,6,Organic,No GST,2025-05-22,2025-05-27,,51,2025-05-01,1,0,0,0.0,,Never sold
531,5,1,Referral,No GST,2025-03-31,2025-04-02,,13,2025-03-01,1,0,0,0.0,,Never sold
532,15,1,Organic,GST registered,2025-06-07,,,0,2025-06-01,0,0,0,0.0,,Never sold
533,3,5,Social / ads,No GST,2025-05-17,,,0,2025-05-01,0,0,0,0.0,,Never sold
534,14,1,Organic,GST registered,2025-06-01,2025-06-01,2025-06-09,36,2025-06-01,1,1,203,45558.0,2025-12-31,Active (last 30 days)
535,29,1,Social / ads,GST registered,2025-03-31,2025-04-10,,7,2025-03-01,1,0,0,0.0,,Never sold
536,10,2,Organic,No GST,2025-11-11,,,0,2025-11-01,0,0,0,0.0,,Never sold
537,31,1,Social / ads,GST registered,2025-09-05,,,0,2025-09-01,0,0,0,0.0,,Never sold
538,5,6,Field sales,GST registered,2025-07-29,2025-07-29,2025-08-03,10,2025-07-01,1,1,95,11692.0,2025-12-31,Active (last 30 days)
539,20,4,Organic,No GST,2025-07-20,,,0,2025-07-01,0,0,0,0.0,,Never sold
540,31,1,Organic,GST registered,2025-02-04,2025-02-07,2025-02-17,15,2025-02-01,1,1,126,31478.0,2025-12-29,Active (last 30 days)
541,19,4,Organic,GST registered,2025-06-15,,,0,2025-06-01,0,0,0,0.0,,Never sold
542,28,1,Social / ads,No GST,2025-02-08,2025-02-19,2025-02-21,16,2025-02-01,1,1,24,5108.0,2025-06-22,Dormant
543,32,1,Social / ads,GST registered,2025-10-17,2025-10-21,2025-10-30,25,2025-10-01,1,1,8,922.0,2025-11-23,Dormant
544,19,3,Organic,No GST,2025-01-17,2025-01-18,,18,2025-01-01,1,0,0,0.0,,Never sold
545,24,3,Organic,GST registered,2025-06-21,2025-06-21,2025-06-23,50,2025-06-01,1,1,6,1518.0,2025-07-07,Dormant
546,2,2,Organic,GST registered,2025-05-18,2025-06-08,,12,2025-05-01,1,0,0,0.0,,Never sold
547,14,4,Organic,No GST,2025-08-13,2025-08-15,,12,2025-08-01,1,0,0,0.0,,Never sold
548,11,2,Field sales,GST registered,2025-06-25,2025-07-02,2025-07-25,29,2025-06-01,1,1,221,58820.0,2025-12-31,Active (last 30 days)
549,26,4,Organic,No GST,2025-01-23,,,0,2025-01-01,0,0,0,0.0,,Never sold
550,20,2,Organic,No GST,2025-11-05,2025-11-05,2025-11-17,24,2025-11-01,1,1,9,2146.0,2025-12-20,Active (last 30 days)
551,18,6,Social / ads,No GST,2025-01-23,2025-01-23,2025-01-26,106,2025-01-01,1,1,19,2915.0,2025-03-02,Dormant
552,30,4,Field sales,GST registered,2025-07-26,2025-08-02,2025-08-05,7,2025-07-01,1,1,33,5752.0,2025-12-24,Active (last 30 days)
553,4,1,Social / ads,GST registered,2025-02-19,2025-02-19,,55,2025-02-01,1,0,0,0.0,,Never sold
554,31,5,Organic,No GST,2025-10-08,2025-10-18,,11,2025-10-01,1,0,0,0.0,,Never sold
555,5,6,Social / ads,GST registered,2025-11-19,,,0,2025-11-01,0,0,0,0.0,,Never sold
556,13,1,Referral,No GST,2025-04-17,2025-04-20,2025-04-25,28,2025-04-01,1,1,42,7237.0,2025-12-27,Active (last 30 days)
557,19,4,Referral,No GST,2025-10-24,2025-10-24,,26,2025-10-01,1,0,0,0.0,,Never sold
558,13,6,Organic,GST registered,2025-04-13,2025-04-13,2025-04-20,14,2025-04-01,1,1,20,5188.0,2025-12-27,Active (last 30 days)
559,20,1,Social / ads,GST registered,2025-09-23,2025-09-24,2025-10-01,13,2025-09-01,1,1,2,0.0,2025-10-04,Dormant
560,24,8,Referral,No GST,2025-05-09,,,0,2025-05-01,0,0,0,0.0,,Never sold
561,26,2,Social / ads,No GST,2025-10-13,,,0,2025-10-01,0,0,0,0.0,,Never sold
562,8,6,Field sales,GST registered,2025-08-09,2025-08-11,2025-09-04,14,2025-08-01,1,1,76,15891.0,2025-12-30,Active (last 30 days)
563,8,8,Social / ads,No GST,2025-06-08,,,0,2025-06-01,0,0,0,0.0,,Never sold
564,3,9,Field sales,No GST,2025-08-24,,,0,2025-08-01,0,0,0,0.0,,Never sold
565,15,4,Social / ads,GST registered,2025-09-16,,,0,2025-09-01,0,0,0,0.0,,Never sold
566,6,5,Organic,GST registered,2025-05-29,2025-05-30,2025-06-03,45,2025-05-01,1,1,4,367.0,2025-07-12,Dormant
567,12,1,Organic,No GST,2025-01-31,2025-02-02,,34,2025-01-01,1,0,0,0.0,,Never sold
568,26,2,Field sales,No GST,2025-04-25,2025-04-25,2025-05-10,16,2025-04-01,1,1,15,5032.0,2025-08-06,Dormant
569,30,7,Referral,No GST,2025-07-06,,,0,2025-07-01,0,0,0,0.0,,Never sold
570,25,2,Referral,GST registered,2025-11-21,2025-11-21,2025-11-26,10,2025-11-01,1,1,2,208.0,2025-12-24,Active (last 30 days)
571,1,7,Field sales,No GST,2025-11-23,2025-11-23,2025-12-02,15,2025-11-01,1,1,5,376.0,2025-12-29,Active (last 30 days)
572,17,1,Referral,No GST,2025-03-22,2025-03-22,2025-03-26,5,2025-03-01,1,1,52,9014.0,2025-10-28,Dormant
573,8,1,Social / ads,No GST,2025-06-05,2025-06-09,2025-06-11,11,2025-06-01,1,1,20,5545.0,2025-07-26,Dormant
574,14,1,Organic,GST registered,2025-04-29,2025-05-06,2025-05-14,68,2025-04-01,1,1,80,17548.0,2025-12-28,Active (last 30 days)
575,14,4,Social / ads,GST registered,2025-10-30,2025-10-30,2025-11-04,12,2025-10-01,1,1,2,1425.0,2025-11-15,Dormant
576,30,1,Organic,GST registered,2025-05-13,2025-05-21,2025-05-28,4,2025-05-01,1,1,24,4747.0,2025-12-18,Active (last 30 days)
577,19,2,Field sales,GST registered,2025-11-02,2025-11-02,2025-11-03,33,2025-11-01,1,1,21,4585.0,2025-12-27,Active (last 30 days)
578,11,9,Social / ads,GST registered,2025-10-16,2025-10-16,2025-10-19,22,2025-10-01,1,1,18,2090.0,2025-12-28,Active (last 30 days)
579,19,6,Organic,No GST,2025-10-15,,,0,2025-10-01,0,0,0,0.0,,Never sold
580,31,6,Organic,GST registered,2025-03-28,2025-03-30,,12,2025-03-01,1,0,0,0.0,,Never sold
581,3,1,Organic,No GST,2025-06-21,2025-06-21,,7,2025-06-01,1,0,0,0.0,,Never sold
582,25,2,Referral,GST registered,2025-09-05,2025-09-11,2025-09-18,14,2025-09-01,1,1,10,2890.0,2025-10-22,Dormant
583,9,5,Referral,No GST,2025-03-28,2025-03-29,2025-04-10,25,2025-03-01,1,1,51,8406.0,2025-12-30,Active (last 30 days)
584,7,1,Organic,GST registered,2025-04-28,2025-05-02,,15,2025-04-01,1,0,0,0.0,,Never sold
585,28,3,Social / ads,No GST,2025-08-27,,,0,2025-08-01,0,0,0,0.0,,Never sold
586,1,8,Organic,No GST,2025-05-13,2025-05-14,2025-05-20,10,2025-05-01,1,1,79,14781.0,2025-12-30,Active (last 30 days)
587,22,1,Referral,No GST,2025-06-25,2025-07-13,,23,2025-06-01,1,0,0,0.0,,Never sold
588,4,8,Referral,GST registered,2025-02-10,2025-02-10,2025-02-26,16,2025-02-01,1,1,371,75762.0,2025-12-30,Active (last 30 days)
589,18,1,Organic,GST registered,2025-07-25,,,0,2025-07-01,0,0,0,0.0,,Never sold
590,18,1,Organic,No GST,2025-11-03,2025-11-09,2025-11-15,18,2025-11-01,1,1,6,1279.0,2025-11-21,Dormant
591,27,1,Social / ads,GST registered,2025-02-27,2025-02-27,,12,2025-02-01,1,0,0,0.0,,Never sold
592,25,8,Field sales,No GST,2025-08-05,2025-08-05,2025-08-07,26,2025-08-01,1,1,90,16056.0,2025-12-30,Active (last 30 days)
593,20,4,Organic,GST registered,2025-03-05,2025-03-06,2025-03-20,33,2025-03-01,1,1,29,8913.0,2025-12-30,Active (last 30 days)
594,14,6,Social / ads,GST registered,2025-02-21,2025-02-21,2025-03-08,24,2025-02-01,1,1,303,46991.0,2025-08-31,Dormant
595,8,2,Referral,No GST,2025-11-01,2025-11-01,2025-11-09,4,2025-11-01,1,1,11,4949.0,2025-12-27,Active (last 30 days)
596,19,7,Organic,No GST,2025-05-11,2025-05-16,2025-05-26,7,2025-05-01,1,1,138,33168.0,2025-12-30,Active (last 30 days)
597,15,4,Field sales,No GST,2025-07-09,2025-07-15,,9,2025-07-01,1,0,0,0.0,,Never sold
598,4,4,Referral,GST registered,2025-04-04,2025-04-04,2025-04-17,8,2025-04-01,1,1,55,13333.0,2025-08-22,Dormant
599,31,6,Organic,No GST,2025-10-03,2025-10-03,,10,2025-10-01,1,0,0,0.0,,Never sold
600,12,6,Social / ads,No GST,2025-01-28,2025-02-04,2025-02-11,34,2025-01-01,1,1,65,9187.0,2025-12-31,Active (last 30 days)
601,1,5,Organic,GST registered,2025-04-26,,,0,2025-04-01,0,0,0,0.0,,Never sold
602,29,1,Organic,GST registered,2025-06-26,2025-07-04,2025-07-11,11,2025-06-01,1,1,46,9113.0,2025-12-30,Active (last 30 days)
603,17,7,Organic,GST registered,2025-06-01,2025-06-01,2025-06-16,26,2025-06-01,1,1,11,3495.0,2025-07-28,Dormant
604,22,2,Social / ads,No GST,2025-07-22,2025-07-31,2025-09-03,21,2025-07-01,1,1,17,4008.0,2025-12-31,Active (last 30 days)
605,7,9,Field sales,GST registered,2025-05-11,2025-05-12,2025-05-18,16,2025-05-01,1,1,40,5612.0,2025-12-29,Active (last 30 days)
606,14,2,Social / ads,No GST,2025-02-18,2025-02-20,2025-03-02,41,2025-02-01,1,1,6,768.0,2025-09-04,Dormant
607,19,1,Organic,GST registered,2025-05-25,2025-05-26,2025-05-30,9,2025-05-01,1,1,9,884.0,2025-07-21,Dormant
608,10,2,Social / ads,No GST,2025-08-22,2025-08-22,,17,2025-08-01,1,0,0,0.0,,Never sold
609,21,4,Referral,No GST,2025-09-18,2025-09-18,2025-09-23,7,2025-09-01,1,1,14,1262.0,2025-12-27,Active (last 30 days)
610,10,2,Organic,GST registered,2025-10-20,2025-10-21,2025-12-20,7,2025-10-01,1,1,4,989.0,2025-12-28,Active (last 30 days)
611,9,7,Organic,GST registered,2025-04-19,,,0,2025-04-01,0,0,0,0.0,,Never sold
612,1,5,Social / ads,GST registered,2025-11-12,,,0,2025-11-01,0,0,0,0.0,,Never sold
613,11,1,Organic,GST registered,2025-09-07,2025-09-07,2025-09-21,17,2025-09-01,1,1,5,769.0,2025-12-27,Active (last 30 days)
614,10,4,Field sales,GST registered,2025-10-25,2025-11-02,,12,2025-10-01,1,0,0,0.0,,Never sold
615,23,6,Referral,No GST,2025-03-30,2025-03-30,2025-05-06,13,2025-03-01,1,1,15,2327.0,2025-07-04,Dormant
616,17,8,Organic,GST registered,2025-07-05,2025-07-06,2025-07-09,12,2025-07-01,1,1,45,10341.0,2025-12-27,Active (last 30 days)
617,8,2,Social / ads,GST registered,2025-05-25,2025-05-31,2025-06-05,67,2025-05-01,1,1,2,1322.0,2025-06-20,Dormant
618,17,8,Social / ads,GST registered,2025-09-21,,,0,2025-09-01,0,0,0,0.0,,Never sold
619,10,1,Referral,GST registered,2025-10-20,2025-10-29,2025-11-04,6,2025-10-01,1,1,20,4251.0,2025-12-30,Active (last 30 days)
620,14,5,Field sales,No GST,2025-10-04,2025-10-06,,8,2025-10-01,1,0,0,0.0,,Never sold
621,28,6,Referral,GST registered,2025-03-05,2025-03-12,2025-03-25,15,2025-03-01,1,1,55,7690.0,2025-10-17,Dormant
622,21,3,Field sales,GST registered,2025-10-05,2025-10-07,2025-11-16,24,2025-10-01,1,1,8,1315.0,2025-12-31,Active (last 30 days)
623,19,1,Organic,GST registered,2025-06-11,2025-06-14,2025-06-19,26,2025-06-01,1,1,13,2020.0,2025-11-04,Dormant
624,11,5,Referral,No GST,2025-09-01,2025-09-04,,35,2025-09-01,1,0,0,0.0,,Never sold
625,6,2,Organic,No GST,2025-10-28,2025-10-31,2025-11-11,15,2025-10-01,1,1,13,4198.0,2025-12-31,Active (last 30 days)
626,23,1,Referral,GST registered,2025-04-26,2025-04-28,2025-05-03,11,2025-04-01,1,1,9,2297.0,2025-08-10,Dormant
627,17,1,Referral,No GST,2025-03-30,,,0,2025-03-01,0,0,0,0.0,,Never sold
628,18,6,Organic,No GST,2025-07-01,2025-07-08,2025-07-15,1,2025-07-01,1,1,18,2105.0,2025-11-06,Dormant
629,32,1,Social / ads,No GST,2025-07-11,2025-07-14,2025-07-18,17,2025-07-01,1,1,157,35943.0,2025-10-26,Dormant
630,13,3,Organic,GST registered,2025-08-12,2025-08-19,2025-08-22,23,2025-08-01,1,1,110,24289.0,2025-12-31,Active (last 30 days)
631,25,9,Organic,No GST,2025-02-28,2025-03-02,2025-03-13,73,2025-02-01,1,1,6,588.0,2025-03-26,Dormant
632,17,6,Organic,No GST,2025-08-10,2025-08-18,2025-08-24,4,2025-08-01,1,1,57,9185.0,2025-12-29,Active (last 30 days)
633,10,4,Field sales,GST registered,2025-06-19,2025-06-20,,11,2025-06-01,1,0,0,0.0,,Never sold
634,3,4,Organic,GST registered,2025-10-27,2025-10-28,2025-11-03,5,2025-10-01,1,1,8,2059.0,2025-11-13,Dormant
635,18,1,Referral,GST registered,2025-05-26,2025-05-28,2025-06-16,3,2025-05-01,1,1,23,4155.0,2025-08-20,Dormant
636,12,3,Field sales,GST registered,2025-02-13,2025-02-13,2025-02-15,13,2025-02-01,1,1,48,9692.0,2025-12-26,Active (last 30 days)
637,20,1,Organic,GST registered,2025-09-14,2025-09-23,2025-09-25,32,2025-09-01,1,1,28,6847.0,2025-12-30,Active (last 30 days)
638,21,1,Social / ads,No GST,2025-10-25,2025-10-29,2025-11-11,43,2025-10-01,1,1,3,519.0,2025-11-30,Dormant
639,14,1,Organic,No GST,2025-09-15,2025-09-17,2025-09-22,10,2025-09-01,1,1,11,2243.0,2025-10-28,Dormant
640,16,4,Field sales,GST registered,2025-07-12,2025-07-12,2025-07-18,28,2025-07-01,1,1,3,1108.0,2025-09-21,Dormant
641,19,1,Organic,GST registered,2025-08-07,2025-08-11,2025-08-14,14,2025-08-01,1,1,16,5435.0,2025-12-28,Active (last 30 days)
642,14,1,Field sales,No GST,2025-04-01,2025-04-01,2025-04-04,25,2025-04-01,1,1,3,579.0,2025-07-09,Dormant
643,28,7,Social / ads,GST registered,2025-07-13,2025-07-13,2025-07-24,41,2025-07-01,1,1,7,2058.0,2025-08-25,Dormant
644,4,1,Organic,GST registered,2025-05-24,2025-05-27,2025-06-03,14,2025-05-01,1,1,45,8924.0,2025-09-24,Dormant
645,32,5,Organic,No GST,2025-05-20,2025-05-20,2025-05-23,38,2025-05-01,1,1,19,2945.0,2025-10-08,Dormant
646,2,2,Organic,GST registered,2025-08-17,2025-08-18,2025-08-30,6,2025-08-01,1,1,19,5952.0,2025-11-17,Dormant
647,9,4,Organic,GST registered,2025-03-18,2025-03-23,2025-04-08,27,2025-03-01,1,1,52,11069.0,2025-10-12,Dormant
648,21,1,Social / ads,No GST,2025-06-04,,,0,2025-06-01,0,0,0,0.0,,Never sold
649,4,1,Referral,No GST,2025-08-13,2025-08-16,,34,2025-08-01,1,0,0,0.0,,Never sold
650,11,7,Field sales,GST registered,2025-07-29,2025-08-04,2025-08-07,6,2025-07-01,1,1,175,41947.0,2025-12-31,Active (last 30 days)
651,7,3,Social / ads,No GST,2025-09-12,2025-09-13,2025-09-24,13,2025-09-01,1,1,187,44452.0,2025-12-31,Active (last 30 days)
652,22,1,Social / ads,No GST,2025-08-08,2025-08-09,,20,2025-08-01,1,0,0,0.0,,Never sold
653,17,2,Social / ads,GST registered,2025-05-19,2025-05-26,2025-05-30,23,2025-05-01,1,1,19,4129.0,2025-07-12,Dormant
654,3,4,Organic,No GST,2025-06-01,2025-06-05,2025-07-06,18,2025-06-01,1,1,6,1463.0,2025-08-08,Dormant
655,14,1,Organic,GST registered,2025-06-24,2025-07-04,,51,2025-06-01,1,0,0,0.0,,Never sold
656,9,4,Organic,GST registered,2025-10-30,2025-10-31,2025-11-04,5,2025-10-01,1,1,31,5671.0,2025-12-28,Active (last 30 days)
657,31,4,Organic,GST registered,2025-10-25,2025-10-27,2025-11-03,13,2025-10-01,1,1,103,21860.0,2025-12-31,Active (last 30 days)
658,5,4,Organic,GST registered,2025-07-06,2025-07-10,2025-07-14,4,2025-07-01,1,1,53,11432.0,2025-10-03,Dormant
659,18,7,Organic,GST registered,2025-02-10,2025-02-12,2025-02-15,27,2025-02-01,1,1,67,18267.0,2025-12-24,Active (last 30 days)
660,15,2,Organic,No GST,2025-06-22,,,0,2025-06-01,0,0,0,0.0,,Never sold
661,17,8,Referral,GST registered,2025-06-22,2025-07-01,2025-07-06,239,2025-06-01,1,1,118,24013.0,2025-12-31,Active (last 30 days)
662,31,3,Organic,No GST,2025-11-12,2025-11-18,2025-11-22,37,2025-11-01,1,1,11,2161.0,2025-12-16,Active (last 30 days)
663,13,3,Organic,GST registered,2025-07-07,2025-07-07,2025-07-24,21,2025-07-01,1,1,63,13147.0,2025-12-29,Active (last 30 days)
664,23,5,Organic,No GST,2025-09-08,2025-09-11,,20,2025-09-01,1,0,0,0.0,,Never sold
665,14,4,Referral,GST registered,2025-06-15,2025-06-18,,12,2025-06-01,1,0,0,0.0,,Never sold
666,20,1,Field sales,GST registered,2025-11-10,2025-11-18,2025-11-21,18,2025-11-01,1,1,8,4327.0,2025-12-29,Active (last 30 days)
667,13,9,Field sales,No GST,2025-08-10,2025-08-11,2025-08-14,20,2025-08-01,1,1,37,3670.0,2025-12-28,Active (last 30 days)
668,10,8,Organic,No GST,2025-03-29,2025-03-29,,3,2025-03-01,1,0,0,0.0,,Never sold
669,4,2,Organic,GST registered,2025-07-13,2025-07-17,,19,2025-07-01,1,0,0,0.0,,Never sold
670,5,4,Organic,GST registered,2025-06-09,2025-06-11,,17,2025-06-01,1,0,0,0.0,,Never sold
671,31,6,Organic,No GST,2025-09-24,2025-09-25,2025-10-10,66,2025-09-01,1,1,16,2265.0,2025-10-17,Dormant
672,24,8,Organic,No GST,2025-06-15,2025-07-14,2025-07-19,14,2025-06-01,1,1,25,4419.0,2025-08-17,Dormant
673,10,4,Social / ads,GST registered,2025-09-05,,,0,2025-09-01,0,0,0,0.0,,Never sold
674,16,1,Organic,No GST,2025-09-14,2025-09-15,2025-09-19,20,2025-09-01,1,1,1,439.0,2025-09-19,Dormant
675,21,5,Organic,GST registered,2025-09-25,,,0,2025-09-01,0,0,0,0.0,,Never sold
676,13,1,Field sales,GST registered,2025-08-07,2025-08-16,2025-08-25,14,2025-08-01,1,1,69,16164.0,2025-12-29,Active (last 30 days)
677,14,5,Referral,No GST,2025-02-09,2025-02-09,2025-02-17,5,2025-02-01,1,1,113,16871.0,2025-12-29,Active (last 30 days)
678,21,4,Organic,No GST,2025-09-15,2025-09-22,2025-09-30,14,2025-09-01,1,1,45,8744.0,2025-12-31,Active (last 30 days)
679,10,5,Organic,GST registered,2025-11-22,2025-11-22,2025-12-07,10,2025-11-01,1,1,15,2352.0,2025-12-31,Active (last 30 days)
680,16,1,Social / ads,GST registered,2025-08-07,2025-08-07,,13,2025-08-01,1,0,0,0.0,,Never sold
681,9,3,Organic,GST registered,2025-01-19,2025-01-21,2025-01-30,29,2025-01-01,1,1,8,1727.0,2025-02-17,Dormant
682,1,4,Field sales,No GST,2025-06-30,2025-07-03,,9,2025-06-01,1,0,0,0.0,,Never sold
683,20,2,Social / ads,GST registered,2025-08-25,2025-09-05,2025-09-13,13,2025-08-01,1,1,15,3104.0,2025-12-22,Active (last 30 days)
684,21,1,Organic,GST registered,2025-10-26,,,0,2025-10-01,0,0,0,0.0,,Never sold
685,32,1,Field sales,GST registered,2025-09-18,2025-09-18,2025-09-20,13,2025-09-01,1,1,57,12648.0,2025-12-23,Active (last 30 days)
686,8,7,Organic,No GST,2025-08-16,2025-08-16,2025-10-15,132,2025-08-01,1,1,50,9886.0,2025-12-31,Active (last 30 days)
687,22,3,Organic,GST registered,2025-07-02,2025-07-03,,20,2025-07-01,1,0,0,0.0,,Never sold
688,30,5,Organic,No GST,2025-08-26,,,0,2025-08-01,0,0,0,0.0,,Never sold
689,19,4,Social / ads,GST registered,2025-09-11,,,0,2025-09-01,0,0,0,0.0,,Never sold
690,31,7,Organic,GST registered,2025-07-03,2025-07-03,,7,2025-07-01,1,0,0,0.0,,Never sold
691,32,4,Organic,GST registered,2025-08-22,2025-08-29,2025-09-02,8,2025-08-01,1,1,28,4754.0,2025-12-30,Active (last 30 days)
692,25,1,Social / ads,GST registered,2025-06-30,2025-07-02,2025-07-12,25,2025-06-01,1,1,4,195.0,2025-10-06,Dormant
693,32,1,Organic,GST registered,2025-07-30,2025-07-30,2025-08-03,6,2025-07-01,1,1,33,6743.0,2025-12-29,Active (last 30 days)
694,19,1,Social / ads,GST registered,2025-06-12,,,0,2025-06-01,0,0,0,0.0,,Never sold
695,15,7,Field sales,GST registered,2025-08-22,2025-08-23,2025-09-03,41,2025-08-01,1,1,12,3509.0,2025-12-29,Active (last 30 days)
696,29,5,Referral,GST registered,2025-08-07,2025-08-10,2025-08-14,10,2025-08-01,1,1,34,5710.0,2025-12-28,Active (last 30 days)
697,26,6,Social / ads,GST registered,2025-10-25,2025-11-04,,28,2025-10-01,1,0,0,0.0,,Never sold
698,5,6,Field sales,GST registered,2025-11-16,2025-11-18,2025-11-29,4,2025-11-01,1,1,10,1430.0,2025-12-24,Active (last 30 days)
699,12,7,Organic,GST registered,2025-09-05,2025-09-05,,12,2025-09-01,1,0,0,0.0,,Never sold
700,11,9,Social / ads,GST registered,2025-11-17,2025-11-17,2025-11-20,8,2025-11-01,1,1,25,3543.0,2025-12-31,Active (last 30 days)
701,27,5,Social / ads,No GST,2025-07-20,2025-08-13,2025-08-19,20,2025-07-01,1,1,5,780.0,2025-09-29,Dormant
702,10,1,Social / ads,No GST,2025-09-28,2025-09-30,,7,2025-09-01,1,0,0,0.0,,Never sold
703,12,1,Field sales,No GST,2025-06-07,2025-06-08,2025-06-15,86,2025-06-01,1,1,20,4587.0,2025-12-26,Active (last 30 days)
704,16,4,Referral,GST registered,2025-08-04,2025-08-04,2025-09-17,4,2025-08-01,1,1,42,8910.0,2025-12-31,Active (last 30 days)
705,4,6,Referral,No GST,2025-06-25,,,0,2025-06-01,0,0,0,0.0,,Never sold
706,31,4,Organic,No GST,2025-09-24,2025-09-28,,33,2025-09-01,1,0,0,0.0,,Never sold
707,15,2,Referral,GST registered,2025-05-11,2025-05-26,2025-06-01,21,2025-05-01,1,1,37,7423.0,2025-08-31,Dormant
708,9,6,Field sales,GST registered,2025-10-05,2025-10-05,,17,2025-10-01,1,0,0,0.0,,Never sold
709,11,3,Field sales,No GST,2025-10-18,2025-10-21,2025-10-27,72,2025-10-01,1,1,47,8870.0,2025-12-31,Active (last 30 days)
710,24,2,Organic,No GST,2025-03-29,,,0,2025-03-01,0,0,0,0.0,,Never sold
711,19,7,Referral,No GST,2025-07-14,2025-07-14,2025-07-16,13,2025-07-01,1,1,20,4262.0,2025-11-05,Dormant
712,14,4,Field sales,No GST,2025-04-08,2025-04-09,2025-05-12,18,2025-04-01,1,1,158,33659.0,2025-12-28,Active (last 30 days)
713,13,2,Referral,No GST,2025-07-24,2025-07-29,2025-08-07,10,2025-07-01,1,1,14,3059.0,2025-10-11,Dormant
714,29,2,Social / ads,No GST,2025-03-10,,,0,2025-03-01,0,0,0,0.0,,Never sold
715,23,4,Field sales,GST registered,2025-05-20,2025-05-20,2025-06-21,23,2025-05-01,1,1,7,1095.0,2025-07-08,Dormant
716,21,3,Organic,GST registered,2025-10-17,,,0,2025-10-01,0,0,0,0.0,,Never sold
717,14,1,Organic,No GST,2025-05-15,2025-05-15,,4,2025-05-01,1,0,0,0.0,,Never sold
718,32,4,Field sales,GST registered,2025-05-17,2025-05-21,,23,2025-05-01,1,0,0,0.0,,Never sold
719,21,5,Referral,GST registered,2025-07-06,2025-07-06,2025-07-18,20,2025-07-01,1,1,10,1744.0,2025-12-23,Active (last 30 days)
720,14,1,Social / ads,GST registered,2025-09-14,,,0,2025-09-01,0,0,0,0.0,,Never sold
721,31,4,Organic,GST registered,2025-11-21,2025-11-23,2025-12-03,9,2025-11-01,1,1,2,314.0,2025-12-08,Active (last 30 days)
722,28,4,Organic,GST registered,2025-02-10,,,0,2025-02-01,0,0,0,0.0,,Never sold
723,22,2,Organic,No GST,2025-10-07,,,0,2025-10-01,0,0,0,0.0,,Never sold
724,23,2,Field sales,GST registered,2025-10-11,2025-10-15,2025-10-16,22,2025-10-01,1,1,28,7493.0,2025-12-31,Active (last 30 days)
725,14,2,Social / ads,No GST,2025-04-21,,,0,2025-04-01,0,0,0,0.0,,Never sold
726,15,3,Social / ads,GST registered,2025-02-11,2025-02-11,2025-02-21,8,2025-02-01,1,1,376,79259.0,2025-12-31,Active (last 30 days)
727,9,7,Referral,No GST,2025-03-26,2025-03-30,,11,2025-03-01,1,0,0,0.0,,Never sold
728,18,3,Social / ads,No GST,2025-10-28,2025-11-03,2025-11-23,26,2025-10-01,1,1,27,6667.0,2025-12-26,Active (last 30 days)
729,14,9,Organic,No GST,2025-05-13,2025-05-21,2025-06-11,5,2025-05-01,1,1,232,33743.0,2025-12-31,Active (last 30 days)
730,13,2,Referral,GST registered,2025-08-01,2025-08-04,2025-08-10,19,2025-08-01,1,1,129,33007.0,2025-12-31,Active (last 30 days)
731,30,5,Social / ads,GST registered,2025-10-29,2025-10-29,2025-11-02,24,2025-10-01,1,1,16,2765.0,2025-12-31,Active (last 30 days)
732,8,4,Organic,No GST,2025-11-17,,,0,2025-11-01,0,0,0,0.0,,Never sold
733,26,6,Social / ads,No GST,2025-04-10,,,0,2025-04-01,0,0,0,0.0,,Never sold
734,11,8,Organic,GST registered,2025-04-16,2025-04-16,2025-04-26,17,2025-04-01,1,1,7,2805.0,2025-05-02,Dormant
735,2,4,Organic,No GST,2025-03-29,2025-04-04,2025-04-06,9,2025-03-01,1,1,68,15137.0,2025-10-05,Dormant
736,2,3,Referral,No GST,2025-10-15,2025-10-15,2025-10-18,6,2025-10-01,1,1,24,4106.0,2025-12-29,Active (last 30 days)
737,14,8,Social / ads,GST registered,2025-11-01,2025-11-02,2025-11-12,15,2025-11-01,1,1,5,536.0,2025-12-29,Active (last 30 days)
738,14,8,Organic,No GST,2025-02-11,2025-02-11,2025-02-15,46,2025-02-01,1,1,103,18608.0,2025-09-18,Dormant
739,12,9,Social / ads,GST registered,2025-02-08,2025-02-13,2025-02-22,37,2025-02-01,1,1,6,722.0,2025-03-16,Dormant
740,20,1,Organic,GST registered,2025-07-26,2025-08-07,2025-08-11,12,2025-07-01,1,1,16,2209.0,2025-12-12,Active (last 30 days)
741,15,1,Field sales,No GST,2025-10-13,2025-10-14,,12,2025-10-01,1,0,0,0.0,,Never sold
742,4,3,Referral,GST registered,2025-11-22,2025-11-23,2025-11-27,11,2025-11-01,1,1,37,10180.0,2025-12-31,Active (last 30 days)
743,13,6,Organic,No GST,2025-10-19,2025-10-19,2025-10-20,11,2025-10-01,1,1,41,6033.0,2025-12-28,Active (last 30 days)
744,5,1,Field sales,No GST,2025-10-02,,,0,2025-10-01,0,0,0,0.0,,Never sold
745,3,2,Field sales,No GST,2025-09-20,2025-09-26,2025-09-30,38,2025-09-01,1,1,45,11167.0,2025-12-30,Active (last 30 days)
746,9,4,Referral,GST registered,2025-05-19,2025-05-22,2025-05-28,100,2025-05-01,1,1,44,9468.0,2025-12-17,Active (last 30 days)
747,21,1,Organic,GST registered,2025-07-28,2025-07-29,2025-08-02,8,2025-07-01,1,1,66,12595.0,2025-12-29,Active (last 30 days)
748,20,6,Organic,GST registered,2025-09-20,,,0,2025-09-01,0,0,0,0.0,,Never sold
749,27,1,Social / ads,No GST,2025-05-02,2025-05-05,2025-05-14,25,2025-05-01,1,1,108,23099.0,2025-12-30,Active (last 30 days)
750,23,7,Field sales,GST registered,2025-06-28,2025-07-06,2025-07-16,12,2025-06-01,1,1,25,6343.0,2025-11-29,Dormant
751,16,2,Social / ads,No GST,2025-10-26,2025-11-24,2025-11-29,7,2025-10-01,1,1,8,2730.0,2025-12-28,Active (last 30 days)
752,12,4,Field sales,GST registered,2025-08-23,2025-08-29,2025-09-05,20,2025-08-01,1,1,67,12520.0,2025-12-31,Active (last 30 days)
753,1,4,Social / ads,GST registered,2025-10-15,2025-10-19,2025-10-28,89,2025-10-01,1,1,1,0.0,2025-10-28,Dormant
754,19,2,Organic,No GST,2025-05-19,2025-05-20,,20,2025-05-01,1,0,0,0.0,,Never sold
755,11,3,Referral,No GST,2025-11-16,2025-11-18,2025-11-27,8,2025-11-01,1,1,2,883.0,2025-11-30,Dormant
756,10,7,Field sales,GST registered,2025-07-04,2025-07-09,2025-07-12,14,2025-07-01,1,1,31,7125.0,2025-12-28,Active (last 30 days)
757,32,4,Organic,No GST,2025-10-10,,,0,2025-10-01,0,0,0,0.0,,Never sold
758,8,1,Organic,GST registered,2025-09-08,,,0,2025-09-01,0,0,0,0.0,,Never sold
759,2,6,Field sales,No GST,2025-03-29,2025-03-31,,28,2025-03-01,1,0,0,0.0,,Never sold
760,30,1,Social / ads,GST registered,2025-07-25,,,0,2025-07-01,0,0,0,0.0,,Never sold
761,12,3,Field sales,GST registered,2025-11-14,2025-11-16,2025-11-23,1,2025-11-01,1,1,8,1294.0,2025-12-28,Active (last 30 days)
762,14,3,Organic,GST registered,2025-10-31,2025-11-02,2025-11-09,20,2025-10-01,1,1,8,2735.0,2025-12-27,Active (last 30 days)
763,4,3,Social / ads,GST registered,2025-06-18,,,0,2025-06-01,0,0,0,0.0,,Never sold
764,14,1,Organic,No GST,2025-09-26,,,0,2025-09-01,0,0,0,0.0,,Never sold
765,31,2,Organic,GST registered,2025-08-18,2025-08-21,,8,2025-08-01,1,0,0,0.0,,Never sold
766,20,1,Social / ads,GST registered,2025-09-05,,,0,2025-09-01,0,0,0,0.0,,Never sold
767,14,2,Social / ads,GST registered,2025-10-15,2025-10-17,,11,2025-10-01,1,0,0,0.0,,Never sold
768,12,4,Social / ads,GST registered,2025-04-04,,,0,2025-04-01,0,0,0,0.0,,Never sold
769,13,5,Social / ads,No GST,2025-10-24,2025-10-25,2025-11-01,35,2025-10-01,1,1,54,11143.0,2025-12-31,Active (last 30 days)
770,18,1,Field sales,GST registered,2025-02-25,2025-02-25,2025-03-01,13,2025-02-01,1,1,187,43426.0,2025-12-30,Active (last 30 days)
771,10,1,Organic,No GST,2025-10-29,,,0,2025-10-01,0,0,0,0.0,,Never sold
772,7,5,Organic,No GST,2025-09-20,2025-09-22,,18,2025-09-01,1,0,0,0.0,,Never sold
773,20,4,Social / ads,GST registered,2025-07-15,2025-07-18,2025-07-26,14,2025-07-01,1,1,103,19061.0,2025-12-30,Active (last 30 days)
774,27,7,Social / ads,No GST,2025-04-26,,,0,2025-04-01,0,0,0,0.0,,Never sold
775,29,1,Organic,GST registered,2025-06-25,,,0,2025-06-01,0,0,0,0.0,,Never sold
776,26,1,Organic,GST registered,2025-08-15,2025-08-17,,29,2025-08-01,1,0,0,0.0,,Never sold
777,16,2,Organic,GST registered,2025-08-11,2025-08-18,2025-09-08,11,2025-08-01,1,1,35,8070.0,2025-12-28,Active (last 30 days)
778,24,5,Organic,GST registered,2025-10-07,2025-10-13,,3,2025-10-01,1,0,0,0.0,,Never sold
779,30,3,Social / ads,GST registered,2025-07-08,2025-07-15,2025-07-23,14,2025-07-01,1,1,102,20761.0,2025-12-30,Active (last 30 days)
780,2,1,Organic,GST registered,2025-09-28,2025-10-01,2025-10-09,10,2025-09-01,1,1,23,3410.0,2025-12-28,Active (last 30 days)
781,14,1,Referral,No GST,2025-10-05,2025-10-11,2025-10-12,15,2025-10-01,1,1,14,3261.0,2025-11-04,Dormant
782,9,5,Social / ads,GST registered,2025-10-01,2025-10-18,2025-10-31,2,2025-10-01,1,1,2,478.0,2025-11-12,Dormant
783,32,2,Referral,No GST,2025-11-01,,,0,2025-11-01,0,0,0,0.0,,Never sold
784,30,5,Referral,GST registered,2025-04-22,2025-04-22,2025-05-18,11,2025-04-01,1,1,48,8604.0,2025-08-28,Dormant
785,25,2,Organic,No GST,2025-03-12,2025-03-12,2025-03-17,14,2025-03-01,1,1,6,520.0,2025-04-02,Dormant
786,12,2,Organic,GST registered,2025-02-22,2025-03-02,2025-03-05,13,2025-02-01,1,1,52,12006.0,2025-08-02,Dormant
787,31,1,Organic,GST registered,2025-01-31,,,0,2025-01-01,0,0,0,0.0,,Never sold
788,2,9,Organic,GST registered,2025-11-03,,,0,2025-11-01,0,0,0,0.0,,Never sold
789,9,1,Organic,No GST,2025-01-23,2025-01-26,2025-02-08,10,2025-01-01,1,1,16,2679.0,2025-03-21,Dormant
790,18,1,Organic,No GST,2025-06-30,2025-07-06,2025-07-10,7,2025-06-01,1,1,7,692.0,2025-07-28,Dormant
791,24,7,Organic,GST registered,2025-02-23,2025-02-24,,4,2025-02-01,1,0,0,0.0,,Never sold
792,28,1,Organic,No GST,2025-05-04,2025-05-06,2025-05-09,10,2025-05-01,1,1,51,13715.0,2025-08-10,Dormant
793,12,2,Social / ads,No GST,2025-07-17,2025-07-18,,5,2025-07-01,1,0,0,0.0,,Never sold
794,14,2,Organic,No GST,2025-04-25,2025-04-29,2025-05-04,35,2025-04-01,1,1,55,12229.0,2025-12-28,Active (last 30 days)
795,14,5,Organic,GST registered,2025-07-02,,,0,2025-07-01,0,0,0,0.0,,Never sold
796,2,2,Social / ads,No GST,2025-02-18,,,0,2025-02-01,0,0,0,0.0,,Never sold
797,27,7,Organic,No GST,2025-04-08,2025-04-08,2025-04-09,53,2025-04-01,1,1,9,4297.0,2025-05-10,Dormant
798,13,6,Referral,GST registered,2025-10-21,2025-10-25,,8,2025-10-01,1,0,0,0.0,,Never sold
799,9,4,Social / ads,GST registered,2025-09-01,2025-09-01,2025-09-10,12,2025-09-01,1,1,8,1920.0,2025-10-13,Dormant
800,14,1,Referral,GST registered,2025-05-30,2025-05-30,2025-06-04,47,2025-05-01,1,1,138,31076.0,2025-12-09,Active (last 30 days)
801,21,6,Organic,No GST,2025-03-08,2025-03-19,2025-03-22,19,2025-03-01,1,1,31,3543.0,2025-11-29,Dormant
802,27,7,Field sales,GST registered,2025-08-01,,,0,2025-08-01,0,0,0,0.0,,Never sold
803,9,7,Field sales,GST registered,2025-11-05,2025-11-05,,37,2025-11-01,1,0,0,0.0,,Never sold
804,8,1,Organic,GST registered,2025-04-28,2025-05-05,2025-05-16,33,2025-04-01,1,1,11,1736.0,2025-08-25,Dormant
805,30,5,Organic,No GST,2025-03-10,2025-03-10,2025-03-13,22,2025-03-01,1,1,3,495.0,2025-04-05,Dormant
806,17,5,Organic,No GST,2025-08-26,2025-08-29,2025-09-03,50,2025-08-01,1,1,8,1966.0,2025-12-19,Active (last 30 days)
807,13,8,Social / ads,GST registered,2025-10-02,,,0,2025-10-01,0,0,0,0.0,,Never sold
808,9,2,Organic,GST registered,2025-06-18,,,0,2025-06-01,0,0,0,0.0,,Never sold
809,32,6,Organic,No GST,2025-04-29,2025-04-30,2025-05-07,14,2025-04-01,1,1,119,19611.0,2025-11-03,Dormant
810,21,5,Referral,GST registered,2025-06-19,,,0,2025-06-01,0,0,0,0.0,,Never sold
811,9,7,Social / ads,GST registered,2025-04-17,2025-04-17,2025-04-24,9,2025-04-01,1,1,25,4175.0,2025-07-24,Dormant
812,4,5,Organic,No GST,2025-05-07,,,0,2025-05-01,0,0,0,0.0,,Never sold
813,9,7,Organic,GST registered,2025-08-12,2025-08-13,2025-08-15,27,2025-08-01,1,1,12,1230.0,2025-12-25,Active (last 30 days)
814,10,2,Referral,GST registered,2025-10-25,2025-10-31,,7,2025-10-01,1,0,0,0.0,,Never sold
815,5,1,Field sales,GST registered,2025-04-10,2025-04-18,,6,2025-04-01,1,0,0,0.0,,Never sold
816,10,2,Referral,No GST,2025-06-12,2025-06-12,2025-06-23,45,2025-06-01,1,1,16,4481.0,2025-12-30,Active (last 30 days)
817,6,7,Social / ads,No GST,2025-06-23,,,0,2025-06-01,0,0,0,0.0,,Never sold
818,14,1,Organic,GST registered,2025-04-17,2025-04-18,,12,2025-04-01,1,0,0,0.0,,Never sold
819,15,5,Organic,No GST,2025-09-28,,,0,2025-09-01,0,0,0,0.0,,Never sold
820,14,9,Organic,No GST,2025-10-13,2025-10-15,2025-10-25,25,2025-10-01,1,1,12,2688.0,2025-12-27,Active (last 30 days)
821,26,8,Organic,No GST,2025-10-12,2025-10-12,2025-10-24,27,2025-10-01,1,1,45,8960.0,2025-12-30,Active (last 30 days)
822,10,5,Referral,GST registered,2025-10-16,2025-10-20,2025-11-04,24,2025-10-01,1,1,3,777.0,2025-12-02,Active (last 30 days)
823,28,6,Social / ads,GST registered,2025-10-12,2025-10-12,2025-11-03,23,2025-10-01,1,1,12,556.0,2025-12-29,Active (last 30 days)
824,29,1,Organic,No GST,2025-11-20,2025-11-22,2025-11-25,14,2025-11-01,1,1,18,5223.0,2025-12-30,Active (last 30 days)
825,31,3,Field sales,GST registered,2025-11-18,2025-11-20,2025-11-22,11,2025-11-01,1,1,7,1640.0,2025-12-26,Active (last 30 days)
826,8,4,Organic,GST registered,2025-09-16,2025-09-18,2025-09-26,6,2025-09-01,1,1,13,3873.0,2025-12-16,Active (last 30 days)
827,10,6,Referral,GST registered,2025-10-01,2025-10-02,2025-10-05,9,2025-10-01,1,1,9,1477.0,2025-12-30,Active (last 30 days)
828,18,2,Organic,No GST,2025-03-26,2025-04-01,2025-04-04,21,2025-03-01,1,1,141,32234.0,2025-12-30,Active (last 30 days)
829,7,1,Referral,GST registered,2025-09-02,2025-09-15,2025-10-02,21,2025-09-01,1,1,25,4616.0,2025-12-30,Active (last 30 days)
830,4,5,Organic,GST registered,2025-05-17,2025-05-17,2025-05-20,30,2025-05-01,1,1,15,3113.0,2025-07-01,Dormant
831,4,3,Social / ads,No GST,2025-03-15,2025-03-15,2025-03-22,5,2025-03-01,1,1,8,1945.0,2025-05-13,Dormant
832,18,7,Social / ads,GST registered,2025-10-26,2025-10-26,2025-10-28,4,2025-10-01,1,1,32,7258.0,2025-12-27,Active (last 30 days)
833,25,3,Social / ads,GST registered,2025-08-14,,,0,2025-08-01,0,0,0,0.0,,Never sold
834,11,7,Social / ads,GST registered,2025-10-04,,,0,2025-10-01,0,0,0,0.0,,Never sold
835,30,4,Organic,GST registered,2025-05-20,2025-05-23,,19,2025-05-01,1,0,0,0.0,,Never sold
836,24,6,Referral,No GST,2025-09-17,,,0,2025-09-01,0,0,0,0.0,,Never sold
837,4,6,Organic,GST registered,2025-06-06,2025-06-10,,42,2025-06-01,1,0,0,0.0,,Never sold
838,14,2,Social / ads,No GST,2025-11-05,,,0,2025-11-01,0,0,0,0.0,,Never sold
839,3,2,Organic,GST registered,2025-04-16,2025-04-17,2025-04-26,58,2025-04-01,1,1,1,0.0,2025-04-26,Dormant
840,29,8,Organic,GST registered,2025-03-26,2025-03-26,2025-03-31,25,2025-03-01,1,1,72,11348.0,2025-12-29,Active (last 30 days)
841,22,1,Field sales,GST registered,2025-02-08,2025-02-08,,7,2025-02-01,1,0,0,0.0,,Never sold
842,20,5,Organic,GST registered,2025-05-31,,,0,2025-05-01,0,0,0,0.0,,Never sold
843,20,1,Field sales,GST registered,2025-08-11,2025-08-15,2025-08-17,20,2025-08-01,1,1,58,12725.0,2025-11-04,Dormant
844,11,6,Organic,GST registered,2025-07-10,2025-07-12,2025-07-15,18,2025-07-01,1,1,65,7762.0,2025-12-29,Active (last 30 days)
845,30,1,Field sales,No GST,2025-04-22,2025-04-25,2025-05-01,15,2025-04-01,1,1,421,88898.0,2025-12-31,Active (last 30 days)
846,29,4,Social / ads,GST registered,2025-10-24,,,0,2025-10-01,0,0,0,0.0,,Never sold
847,22,4,Field sales,No GST,2025-07-21,2025-07-25,2025-07-28,25,2025-07-01,1,1,21,3737.0,2025-12-16,Active (last 30 days)
848,14,1,Organic,GST registered,2025-11-23,2025-11-25,2025-11-30,8,2025-11-01,1,1,12,4287.0,2025-12-30,Active (last 30 days)
849,3,3,Organic,GST registered,2025-08-19,2025-08-20,2025-09-03,13,2025-08-01,1,1,79,15295.0,2025-12-31,Active (last 30 days)
850,2,7,Organic,No GST,2025-08-23,,,0,2025-08-01,0,0,0,0.0,,Never sold
851,7,5,Organic,GST registered,2025-10-29,2025-10-29,,26,2025-10-01,1,0,0,0.0,,Never sold
852,18,9,Referral,GST registered,2025-10-15,2025-10-30,,26,2025-10-01,1,0,0,0.0,,Never sold
853,24,6,Organic,GST registered,2025-07-23,2025-07-27,2025-08-27,18,2025-07-01,1,1,6,1217.0,2025-09-16,Dormant
854,30,5,Organic,GST registered,2025-06-13,2025-06-15,2025-06-20,10,2025-06-01,1,1,40,5682.0,2025-11-03,Dormant
855,8,4,Organic,No GST,2025-08-10,2025-08-10,2025-08-18,10,2025-08-01,1,1,29,4846.0,2025-12-28,Active (last 30 days)
856,11,8,Social / ads,GST registered,2025-09-10,2025-09-10,2025-09-14,6,2025-09-01,1,1,5,1068.0,2025-12-28,Active (last 30 days)
857,3,4,Organic,No GST,2025-10-15,2025-10-23,2025-10-26,26,2025-10-01,1,1,15,3613.0,2025-12-28,Active (last 30 days)
858,32,2,Organic,GST registered,2025-07-17,2025-07-23,2025-08-08,10,2025-07-01,1,1,46,10395.0,2025-12-31,Active (last 30 days)
859,24,7,Referral,GST registered,2025-03-27,2025-03-27,2025-04-01,14,2025-03-01,1,1,62,11519.0,2025-12-21,Active (last 30 days)
860,15,8,Organic,GST registered,2025-09-07,2025-09-08,2025-09-20,19,2025-09-01,1,1,91,21066.0,2025-12-31,Active (last 30 days)
861,17,3,Social / ads,GST registered,2025-09-17,,,0,2025-09-01,0,0,0,0.0,,Never sold
862,17,1,Organic,No GST,2025-01-26,2025-01-30,,16,2025-01-01,1,0,0,0.0,,Never sold
863,10,4,Field sales,No GST,2025-10-20,2025-10-21,,7,2025-10-01,1,0,0,0.0,,Never sold
864,9,6,Field sales,GST registered,2025-07-16,2025-07-19,2025-08-04,20,2025-07-01,1,1,13,1181.0,2025-12-20,Active (last 30 days)
865,12,2,Social / ads,GST registered,2025-10-21,,,0,2025-10-01,0,0,0,0.0,,Never sold
866,10,6,Field sales,No GST,2025-10-07,2025-10-14,2025-10-16,15,2025-10-01,1,1,8,904.0,2025-12-06,Active (last 30 days)
867,17,4,Social / ads,GST registered,2025-04-19,,,0,2025-04-01,0,0,0,0.0,,Never sold
868,12,2,Referral,GST registered,2025-05-07,2025-05-08,,24,2025-05-01,1,0,0,0.0,,Never sold
869,22,4,Referral,GST registered,2025-07-30,2025-08-03,2025-08-26,10,2025-07-01,1,1,84,20047.0,2025-12-08,Active (last 30 days)
870,17,2,Field sales,GST registered,2025-10-18,2025-10-18,2025-10-30,14,2025-10-01,1,1,119,27281.0,2025-12-30,Active (last 30 days)
871,16,6,Referral,GST registered,2025-06-18,2025-07-15,2025-07-20,59,2025-06-01,1,1,63,10049.0,2025-12-31,Active (last 30 days)
872,31,1,Referral,GST registered,2025-09-29,2025-10-11,2025-10-14,12,2025-09-01,1,1,62,14122.0,2025-12-28,Active (last 30 days)
873,12,7,Organic,No GST,2025-07-01,2025-07-04,,16,2025-07-01,1,0,0,0.0,,Never sold
874,19,2,Organic,GST registered,2025-08-20,2025-08-21,2025-08-26,27,2025-08-01,1,1,34,8318.0,2025-12-20,Active (last 30 days)
875,1,9,Organic,No GST,2025-09-30,,,0,2025-09-01,0,0,0,0.0,,Never sold
876,22,6,Organic,No GST,2025-05-19,2025-06-05,2025-06-11,12,2025-05-01,1,1,81,10750.0,2025-12-27,Active (last 30 days)
877,15,1,Referral,GST registered,2025-09-21,2025-09-21,2025-10-04,9,2025-09-01,1,1,8,2251.0,2025-11-15,Dormant
878,9,9,Organic,GST registered,2025-04-22,2025-04-25,2025-05-21,16,2025-04-01,1,1,3,276.0,2025-06-01,Dormant
879,1,3,Referral,GST registered,2025-03-14,2025-03-17,2025-04-01,27,2025-03-01,1,1,167,36571.0,2025-12-29,Active (last 30 days)
880,21,4,Field sales,No GST,2025-08-09,2025-08-09,2025-08-16,47,2025-08-01,1,1,13,1231.0,2025-11-07,Dormant
881,20,8,Referral,GST registered,2025-06-28,2025-07-02,2025-07-05,5,2025-06-01,1,1,43,7547.0,2025-12-27,Active (last 30 days)
882,20,8,Field sales,No GST,2025-06-21,2025-06-21,2025-07-02,67,2025-06-01,1,1,17,2690.0,2025-12-15,Active (last 30 days)
883,14,5,Organic,No GST,2025-11-19,2025-11-22,2025-12-15,13,2025-11-01,1,1,2,356.0,2025-12-29,Active (last 30 days)
884,19,9,Organic,No GST,2025-06-07,2025-06-07,2025-06-21,34,2025-06-01,1,1,10,1357.0,2025-09-12,Dormant
885,17,2,Field sales,GST registered,2025-10-01,2025-10-11,2025-10-19,9,2025-10-01,1,1,9,1454.0,2025-12-31,Active (last 30 days)
886,10,1,Social / ads,No GST,2025-10-29,2025-11-08,2025-11-13,4,2025-10-01,1,1,17,2923.0,2025-12-26,Active (last 30 days)
887,16,1,Field sales,No GST,2025-07-20,2025-08-03,,5,2025-07-01,1,0,0,0.0,,Never sold
888,16,2,Field sales,No GST,2025-02-05,2025-02-05,2025-02-21,12,2025-02-01,1,1,41,11418.0,2025-07-02,Dormant
889,26,4,Field sales,GST registered,2025-07-29,2025-08-08,2025-08-16,25,2025-07-01,1,1,201,44509.0,2025-12-31,Active (last 30 days)
890,14,2,Field sales,No GST,2025-07-22,2025-07-27,2025-08-02,16,2025-07-01,1,1,42,12965.0,2025-11-20,Dormant
891,14,4,Field sales,GST registered,2025-11-16,2025-11-16,,13,2025-11-01,1,0,0,0.0,,Never sold
892,32,1,Field sales,No GST,2025-08-12,2025-08-13,2025-09-27,40,2025-08-01,1,1,97,23583.0,2025-12-31,Active (last 30 days)
893,28,2,Organic,GST registered,2025-11-20,2025-11-24,2025-11-27,16,2025-11-01,1,1,6,1264.0,2025-12-28,Active (last 30 days)
894,10,6,Organic,GST registered,2025-10-30,2025-10-30,2025-11-02,20,2025-10-01,1,1,9,418.0,2025-12-28,Active (last 30 days)
895,29,1,Organic,No GST,2025-08-28,,,0,2025-08-01,0,0,0,0.0,,Never sold
896,7,6,Referral,GST registered,2025-10-19,2025-10-19,2025-10-25,16,2025-10-01,1,1,9,1972.0,2025-12-31,Active (last 30 days)
897,27,6,Social / ads,No GST,2025-09-17,2025-09-28,2025-10-13,9,2025-09-01,1,1,18,2918.0,2025-12-27,Active (last 30 days)
898,8,4,Organic,No GST,2025-08-31,,,0,2025-08-01,0,0,0,0.0,,Never sold
899,14,8,Organic,No GST,2025-05-29,2025-05-29,2025-06-01,29,2025-05-01,1,1,7,1623.0,2025-07-10,Dormant
900,32,9,Social / ads,No GST,2025-08-22,2025-08-22,2025-08-26,20,2025-08-01,1,1,9,1335.0,2025-10-19,Dormant
901,5,1,Organic,GST registered,2025-08-30,2025-09-07,2025-09-11,18,2025-08-01,1,1,24,4342.0,2025-12-17,Active (last 30 days)
902,26,5,Social / ads,GST registered,2025-07-09,2025-07-13,2025-07-25,53,2025-07-01,1,1,5,1196.0,2025-08-10,Dormant
903,15,1,Organic,No GST,2025-11-19,2025-11-21,,48,2025-11-01,1,0,0,0.0,,Never sold
904,5,2,Organic,GST registered,2025-09-11,2025-09-17,2025-09-22,14,2025-09-01,1,1,115,34877.0,2025-11-19,Dormant
905,31,4,Referral,GST registered,2025-11-01,2025-11-04,2025-11-12,9,2025-11-01,1,1,20,4589.0,2025-12-31,Active (last 30 days)
906,16,6,Organic,GST registered,2025-11-08,2025-11-13,2025-11-16,23,2025-11-01,1,1,29,4644.0,2025-12-28,Active (last 30 days)
907,28,7,Organic,GST registered,2025-07-26,2025-07-28,2025-08-01,9,2025-07-01,1,1,32,8545.0,2025-12-27,Active (last 30 days)
908,27,5,Organic,No GST,2025-06-11,2025-06-15,,33,2025-06-01,1,0,0,0.0,,Never sold
909,1,6,Organic,GST registered,2025-11-05,2025-11-09,2025-11-17,23,2025-11-01,1,1,19,3125.0,2025-12-29,Active (last 30 days)
910,11,4,Organic,GST registered,2025-07-04,,,0,2025-07-01,0,0,0,0.0,,Never sold
911,13,1,Social / ads,No GST,2025-08-11,2025-08-14,,53,2025-08-01,1,0,0,0.0,,Never sold
912,16,1,Organic,No GST,2025-02-05,2025-02-06,2025-02-15,6,2025-02-01,1,1,39,8392.0,2025-12-24,Active (last 30 days)
913,4,4,Organic,GST registered,2025-08-01,2025-08-02,,10,2025-08-01,1,0,0,0.0,,Never sold
914,14,6,Organic,No GST,2025-04-24,,,0,2025-04-01,0,0,0,0.0,,Never sold
915,25,1,Social / ads,GST registered,2025-08-07,2025-08-09,,2,2025-08-01,1,0,0,0.0,,Never sold
916,8,3,Social / ads,No GST,2025-11-09,2025-11-22,,18,2025-11-01,1,0,0,0.0,,Never sold
917,21,1,Social / ads,GST registered,2025-08-21,,,0,2025-08-01,0,0,0,0.0,,Never sold
918,14,4,Social / ads,GST registered,2025-09-26,2025-09-29,2025-10-01,61,2025-09-01,1,1,42,7042.0,2025-12-31,Active (last 30 days)
919,4,2,Organic,GST registered,2025-05-07,,,0,2025-05-01,0,0,0,0.0,,Never sold
920,8,1,Field sales,No GST,2025-07-24,2025-07-24,2025-07-29,13,2025-07-01,1,1,157,38031.0,2025-12-31,Active (last 30 days)
921,7,1,Organic,GST registered,2025-03-25,,,0,2025-03-01,0,0,0,0.0,,Never sold
922,18,2,Social / ads,GST registered,2025-04-26,2025-04-26,2025-05-02,53,2025-04-01,1,1,124,38209.0,2025-12-31,Active (last 30 days)
923,4,4,Referral,No GST,2025-07-01,2025-07-05,2025-07-27,64,2025-07-01,1,1,47,11976.0,2025-12-20,Active (last 30 days)
924,25,8,Organic,GST registered,2025-09-03,2025-09-10,2025-09-16,7,2025-09-01,1,1,13,2452.0,2025-12-21,Active (last 30 days)
925,25,1,Social / ads,No GST,2025-05-10,2025-05-14,,7,2025-05-01,1,0,0,0.0,,Never sold
926,4,4,Social / ads,GST registered,2025-01-23,2025-01-23,,12,2025-01-01,1,0,0,0.0,,Never sold
927,28,4,Social / ads,GST registered,2025-04-18,,,0,2025-04-01,0,0,0,0.0,,Never sold
928,31,5,Organic,GST registered,2025-11-26,2025-11-27,,10,2025-11-01,1,0,0,0.0,,Never sold
929,2,2,Organic,GST registered,2025-06-17,2025-06-25,2025-06-30,23,2025-06-01,1,1,25,6613.0,2025-10-05,Dormant
930,31,1,Organic,GST registered,2025-10-31,2025-11-01,2025-11-06,78,2025-10-01,1,1,31,6064.0,2025-12-31,Active (last 30 days)
931,11,8,Referral,GST registered,2025-10-12,,,0,2025-10-01,0,0,0,0.0,,Never sold
932,20,9,Referral,No GST,2025-06-13,2025-06-13,2025-06-18,11,2025-06-01,1,1,13,2244.0,2025-12-06,Active (last 30 days)
933,8,3,Organic,GST registered,2025-08-19,2025-08-20,2025-08-22,5,2025-08-01,1,1,128,31888.0,2025-12-31,Active (last 30 days)
934,25,4,Social / ads,GST registered,2025-10-06,2025-10-06,2025-10-10,8,2025-10-01,1,1,91,21705.0,2025-12-31,Active (last 30 days)
935,26,1,Organic,No GST,2025-07-07,2025-07-07,2025-07-14,12,2025-07-01,1,1,65,13138.0,2025-12-31,Active (last 30 days)
936,32,1,Field sales,GST registered,2025-09-27,2025-09-27,2025-10-07,9,2025-09-01,1,1,28,5198.0,2025-12-30,Active (last 30 days)
937,32,1,Social / ads,No GST,2025-06-09,2025-06-11,2025-06-15,24,2025-06-01,1,1,35,7998.0,2025-12-27,Active (last 30 days)
938,4,6,Field sales,No GST,2025-09-24,2025-10-03,2025-10-09,18,2025-09-01,1,1,137,18175.0,2025-12-31,Active (last 30 days)
939,19,1,Organic,GST registered,2025-04-12,2025-04-22,2025-04-29,20,2025-04-01,1,1,19,3827.0,2025-07-24,Dormant
940,11,1,Organic,No GST,2025-06-18,2025-06-29,,12,2025-06-01,1,0,0,0.0,,Never sold
941,6,1,Organic,No GST,2025-05-24,,,0,2025-05-01,0,0,0,0.0,,Never sold
942,7,1,Field sales,GST registered,2025-11-14,2025-11-14,,12,2025-11-01,1,0,0,0.0,,Never sold
943,30,2,Referral,No GST,2025-02-11,2025-02-21,,13,2025-02-01,1,0,0,0.0,,Never sold
944,20,4,Organic,GST registered,2025-02-08,2025-02-15,,22,2025-02-01,1,0,0,0.0,,Never sold
945,3,4,Social / ads,No GST,2025-09-03,,,0,2025-09-01,0,0,0,0.0,,Never sold
946,32,3,Field sales,GST registered,2025-08-31,2025-09-13,2025-09-16,20,2025-08-01,1,1,13,3086.0,2025-12-29,Active (last 30 days)
947,25,3,Social / ads,GST registered,2025-08-22,,,0,2025-08-01,0,0,0,0.0,,Never sold
948,12,6,Referral,No GST,2025-05-26,2025-05-31,2025-06-19,12,2025-05-01,1,1,26,3430.0,2025-12-29,Active (last 30 days)
949,14,2,Social / ads,GST registered,2025-07-23,2025-07-28,2025-07-30,4,2025-07-01,1,1,4,963.0,2025-09-01,Dormant
950,22,1,Organic,No GST,2025-11-21,2025-11-21,2025-11-26,12,2025-11-01,1,1,3,707.0,2025-12-22,Active (last 30 days)
951,20,7,Organic,No GST,2025-06-03,2025-06-03,2025-06-10,20,2025-06-01,1,1,1,336.0,2025-06-10,Dormant
952,14,5,Social / ads,No GST,2025-07-28,,,0,2025-07-01,0,0,0,0.0,,Never sold
953,15,3,Social / ads,No GST,2025-07-09,2025-07-09,2025-08-06,6,2025-07-01,1,1,74,16754.0,2025-12-30,Active (last 30 days)
954,2,2,Referral,No GST,2025-09-21,2025-09-23,,22,2025-09-01,1,0,0,0.0,,Never sold
955,15,1,Organic,No GST,2025-10-05,,,0,2025-10-01,0,0,0,0.0,,Never sold
956,13,1,Organic,No GST,2025-09-27,2025-09-30,,11,2025-09-01,1,0,0,0.0,,Never sold
957,11,7,Social / ads,GST registered,2025-08-27,2025-08-27,2025-09-02,16,2025-08-01,1,1,1,512.0,2025-09-02,Dormant
958,11,4,Social / ads,No GST,2025-08-25,2025-09-08,,3,2025-08-01,1,0,0,0.0,,Never sold
959,19,1,Organic,GST registered,2025-02-23,2025-02-27,2025-03-01,8,2025-02-01,1,1,24,5119.0,2025-03-29,Dormant
960,14,1,Organic,GST registered,2025-09-03,2025-09-06,,20,2025-09-01,1,0,0,0.0,,Never sold
961,14,2,Field sales,GST registered,2025-08-17,2025-08-17,2025-08-27,35,2025-08-01,1,1,6,1109.0,2025-09-02,Dormant
962,7,2,Field sales,GST registered,2025-11-18,2025-11-25,2025-11-29,10,2025-11-01,1,1,5,1634.0,2025-12-29,Active (last 30 days)
963,31,4,Referral,GST registered,2025-05-06,2025-05-07,2025-05-17,139,2025-05-01,1,1,12,4907.0,2025-06-09,Dormant
964,10,2,Referral,GST registered,2025-07-24,2025-07-25,2025-07-27,21,2025-07-01,1,1,20,5392.0,2025-12-27,Active (last 30 days)
965,14,8,Social / ads,No GST,2025-09-08,2025-09-19,,5,2025-09-01,1,0,0,0.0,,Never sold
966,9,6,Organic,No GST,2025-06-02,,,0,2025-06-01,0,0,0,0.0,,Never sold
967,21,8,Referral,No GST,2025-08-17,2025-08-27,,6,2025-08-01,1,0,0,0.0,,Never sold
968,14,7,Field sales,No GST,2025-07-18,2025-07-24,2025-07-27,21,2025-07-01,1,1,34,6157.0,2025-10-01,Dormant
969,14,8,Referral,No GST,2025-10-25,2025-11-01,,7,2025-10-01,1,0,0,0.0,,Never sold
970,28,9,Social / ads,No GST,2025-08-14,,,0,2025-08-01,0,0,0,0.0,,Never sold
971,23,2,Field sales,GST registered,2025-08-06,2025-08-09,,35,2025-08-01,1,0,0,0.0,,Never sold
972,16,1,Referral,No GST,2025-11-16,2025-11-21,,13,2025-11-01,1,0,0,0.0,,Never sold
973,14,1,Organic,GST registered,2025-08-09,,,0,2025-08-01,0,0,0,0.0,,Never sold
974,31,4,Field sales,GST registered,2025-07-20,2025-07-20,2025-07-21,7,2025-07-01,1,1,66,15174.0,2025-12-31,Active (last 30 days)
975,31,5,Organic,GST registered,2025-06-11,2025-06-22,2025-06-30,4,2025-06-01,1,1,4,346.0,2025-07-21,Dormant
976,21,1,Organic,No GST,2025-10-19,2025-10-21,,11,2025-10-01,1,0,0,0.0,,Never sold
977,23,7,Referral,No GST,2025-07-22,,,0,2025-07-01,0,0,0,0.0,,Never sold
978,29,6,Referral,GST registered,2025-04-18,2025-04-20,,32,2025-04-01,1,0,0,0.0,,Never sold
979,31,4,Social / ads,No GST,2025-04-24,,,0,2025-04-01,0,0,0,0.0,,Never sold
980,4,3,Field sales,GST registered,2025-05-11,2025-05-11,2025-05-13,26,2025-05-01,1,1,21,3673.0,2025-08-08,Dormant
981,32,1,Social / ads,GST registered,2025-05-14,2025-05-15,2025-05-23,11,2025-05-01,1,1,50,9260.0,2025-12-01,Active (last 30 days)
982,21,4,Organic,GST registered,2025-08-30,,,0,2025-08-01,0,0,0,0.0,,Never sold
983,18,1,Referral,GST registered,2025-03-28,2025-03-28,2025-04-02,23,2025-03-01,1,1,42,12175.0,2025-08-11,Dormant
984,14,4,Social / ads,No GST,2025-07-29,2025-07-30,,22,2025-07-01,1,0,0,0.0,,Never sold
985,13,2,Referral,GST registered,2025-11-01,2025-11-11,2025-11-19,36,2025-11-01,1,1,5,1816.0,2025-12-31,Active (last 30 days)
986,25,1,Social / ads,GST registered,2025-06-25,,,0,2025-06-01,0,0,0,0.0,,Never sold
987,19,3,Referral,GST registered,2025-02-25,2025-03-06,2025-03-10,8,2025-02-01,1,1,67,12266.0,2025-12-31,Active (last 30 days)
988,9,4,Organic,No GST,2025-08-11,,,0,2025-08-01,0,0,0,0.0,,Never sold
989,18,2,Referral,No GST,2025-04-24,2025-04-25,2025-05-03,36,2025-04-01,1,1,263,69311.0,2025-12-17,Active (last 30 days)
990,7,9,Organic,No GST,2025-05-01,2025-05-16,2025-05-26,5,2025-05-01,1,1,2,153.0,2025-05-30,Dormant
991,15,1,Organic,No GST,2025-11-02,,,0,2025-11-01,0,0,0,0.0,,Never sold
992,17,8,Organic,No GST,2025-10-26,,,0,2025-10-01,0,0,0,0.0,,Never sold
993,19,1,Organic,GST registered,2025-10-27,,,0,2025-10-01,0,0,0,0.0,,Never sold
994,7,1,Organic,GST registered,2025-05-10,2025-05-16,2025-05-23,10,2025-05-01,1,1,6,1694.0,2025-08-28,Dormant
995,5,9,Social / ads,GST registered,2025-11-16,2025-11-16,,25,2025-11-01,1,0,0,0.0,,Never sold
996,11,6,Organic,GST registered,2025-09-21,2025-09-21,2025-09-27,5,2025-09-01,1,1,6,198.0,2025-11-11,Dormant
997,18,5,Social / ads,GST registered,2025-07-22,2025-07-22,2025-07-26,50,2025-07-01,1,1,1,0.0,2025-07-26,Dormant
998,30,6,Referral,GST registered,2025-06-29,2025-06-30,2025-07-03,23,2025-06-01,1,1,59,6542.0,2025-12-28,Active (last 30 days)
999,24,2,Organic,GST registered,2025-05-21,2025-05-29,2025-06-03,21,2025-05-01,1,1,66,20260.0,2025-12-28,Active (last 30 days)
1000,22,6,Organic,GST registered,2025-06-28,2025-07-01,2025-07-11,16,2025-06-01,1,1,18,1861.0,2025-12-19,Active (last 30 days)
1001,12,1,Social / ads,GST registered,2025-06-04,2025-06-11,2025-06-14,6,2025-06-01,1,1,70,14412.0,2025-12-05,Active (last 30 days)
1002,5,6,Field sales,GST registered,2025-08-14,2025-08-22,2025-08-29,9,2025-08-01,1,1,10,1092.0,2025-12-26,Active (last 30 days)
1003,28,8,Social / ads,No GST,2025-11-12,2025-11-13,2025-11-19,21,2025-11-01,1,1,14,2602.0,2025-12-31,Active (last 30 days)
1004,15,7,Organic,No GST,2025-10-20,2025-10-22,2025-11-16,9,2025-10-01,1,1,30,5797.0,2025-12-31,Active (last 30 days)
1005,5,6,Field sales,GST registered,2025-09-03,2025-09-07,2025-09-19,19,2025-09-01,1,1,9,1487.0,2025-12-16,Active (last 30 days)
1006,16,5,Social / ads,GST registered,2025-04-14,2025-04-18,2025-04-30,8,2025-04-01,1,1,23,3107.0,2025-07-26,Dormant
1007,20,4,Social / ads,GST registered,2025-09-14,,,0,2025-09-01,0,0,0,0.0,,Never sold
1008,12,2,Organic,GST registered,2025-03-24,2025-03-25,2025-03-30,25,2025-03-01,1,1,62,12623.0,2025-09-23,Dormant
1009,1,7,Social / ads,GST registered,2025-10-09,,,0,2025-10-01,0,0,0,0.0,,Never sold
1010,18,5,Organic,GST registered,2025-08-20,2025-08-20,2025-08-28,17,2025-08-01,1,1,125,21201.0,2025-12-31,Active (last 30 days)
1011,2,3,Social / ads,No GST,2025-11-09,,,0,2025-11-01,0,0,0,0.0,,Never sold
1012,14,6,Referral,No GST,2025-08-05,2025-08-06,2025-08-09,3,2025-08-01,1,1,8,398.0,2025-12-03,Active (last 30 days)
1013,26,1,Referral,No GST,2025-11-26,,,0,2025-11-01,0,0,0,0.0,,Never sold
1014,32,7,Organic,No GST,2025-09-23,,,0,2025-09-01,0,0,0,0.0,,Never sold
1015,14,7,Social / ads,No GST,2025-10-12,2025-10-13,2025-10-19,30,2025-10-01,1,1,44,9313.0,2025-12-18,Active (last 30 days)
1016,1,1,Organic,No GST,2025-10-10,2025-10-11,,50,2025-10-01,1,0,0,0.0,,Never sold
1017,15,1,Referral,No GST,2025-07-01,2025-07-01,2025-07-06,26,2025-07-01,1,1,14,2295.0,2025-12-07,Active (last 30 days)
1018,11,6,Referral,No GST,2025-06-05,2025-06-05,2025-06-07,19,2025-06-01,1,1,46,8472.0,2025-08-23,Dormant
1019,28,1,Field sales,No GST,2025-11-07,2025-11-09,2025-11-21,33,2025-11-01,1,1,26,6055.0,2025-12-29,Active (last 30 days)
1020,21,9,Referral,No GST,2025-03-28,,,0,2025-03-01,0,0,0,0.0,,Never sold
1021,14,1,Field sales,No GST,2025-02-14,2025-02-16,2025-03-12,23,2025-02-01,1,1,67,17207.0,2025-12-29,Active (last 30 days)
1022,23,1,Referral,GST registered,2025-10-06,2025-10-08,2025-10-31,42,2025-10-01,1,1,12,2085.0,2025-12-31,Active (last 30 days)
1023,13,1,Field sales,GST registered,2025-09-07,2025-09-09,,28,2025-09-01,1,0,0,0.0,,Never sold
1024,16,6,Field sales,GST registered,2025-11-03,2025-11-10,2025-11-25,44,2025-11-01,1,1,5,1616.0,2025-12-31,Active (last 30 days)
1025,29,4,Field sales,GST registered,2025-11-21,2025-11-28,2025-12-06,19,2025-11-01,1,1,7,1400.0,2025-12-31,Active (last 30 days)
1026,9,7,Social / ads,GST registered,2025-11-18,2025-11-22,2025-11-27,63,2025-11-01,1,1,11,1740.0,2025-12-31,Active (last 30 days)
1027,12,9,Referral,GST registered,2025-03-04,2025-03-04,2025-03-10,13,2025-03-01,1,1,111,14419.0,2025-12-22,Active (last 30 days)
1028,28,4,Organic,GST registered,2025-10-06,2025-10-08,2025-10-19,89,2025-10-01,1,1,28,5679.0,2025-12-26,Active (last 30 days)
1029,14,1,Field sales,No GST,2025-09-09,2025-09-10,2025-11-09,26,2025-09-01,1,1,21,3931.0,2025-12-27,Active (last 30 days)
1030,12,1,Organic,GST registered,2025-07-07,2025-07-07,,12,2025-07-01,1,0,0,0.0,,Never sold
1031,2,7,Organic,GST registered,2025-11-25,2025-12-02,2025-12-10,6,2025-11-01,1,1,3,250.0,2025-12-24,Active (last 30 days)
1032,14,1,Social / ads,GST registered,2025-10-23,2025-10-24,2025-11-03,8,2025-10-01,1,1,24,4250.0,2025-12-31,Active (last 30 days)
1033,15,8,Referral,GST registered,2025-09-14,2025-09-14,2025-09-24,7,2025-09-01,1,1,158,34141.0,2025-12-31,Active (last 30 days)
1034,14,7,Referral,No GST,2025-09-07,2025-09-07,2025-09-13,15,2025-09-01,1,1,4,1667.0,2025-10-23,Dormant
1035,11,4,Social / ads,No GST,2025-06-16,,,0,2025-06-01,0,0,0,0.0,,Never sold
1036,14,4,Organic,GST registered,2025-03-19,2025-04-06,2025-04-12,46,2025-03-01,1,1,211,45212.0,2025-12-30,Active (last 30 days)
1037,19,9,Organic,GST registered,2025-08-17,2025-08-17,,17,2025-08-01,1,0,0,0.0,,Never sold
1038,28,6,Organic,GST registered,2025-11-21,2025-11-27,2025-12-07,17,2025-11-01,1,1,4,1238.0,2025-12-20,Active (last 30 days)
1039,19,5,Organic,No GST,2025-04-25,2025-05-01,,6,2025-04-01,1,0,0,0.0,,Never sold
1040,19,3,Field sales,No GST,2025-11-23,2025-11-24,,8,2025-11-01,1,0,0,0.0,,Never sold
1041,25,3,Social / ads,No GST,2025-03-26,2025-03-27,2025-04-05,2,2025-03-01,1,1,9,1556.0,2025-05-10,Dormant
1042,8,2,Referral,GST registered,2025-09-24,2025-10-02,,59,2025-09-01,1,0,0,0.0,,Never sold
1043,12,8,Organic,No GST,2025-08-13,,,0,2025-08-01,0,0,0,0.0,,Never sold
1044,3,5,Referral,No GST,2025-05-07,2025-05-27,2025-06-01,5,2025-05-01,1,1,62,11563.0,2025-09-14,Dormant
1045,13,6,Organic,No GST,2025-10-26,2025-10-31,2025-11-04,50,2025-10-01,1,1,25,3277.0,2025-12-28,Active (last 30 days)
1046,32,1,Field sales,GST registered,2025-10-21,2025-11-02,2025-11-08,22,2025-10-01,1,1,10,1549.0,2025-12-02,Active (last 30 days)
1047,12,7,Field sales,GST registered,2025-11-02,2025-11-06,2025-11-27,18,2025-11-01,1,1,4,840.0,2025-12-24,Active (last 30 days)
1048,27,2,Organic,GST registered,2025-03-15,2025-03-18,,21,2025-03-01,1,0,0,0.0,,Never sold
1049,4,6,Social / ads,GST registered,2025-09-26,2025-10-01,2025-10-10,35,2025-09-01,1,1,33,3616.0,2025-12-31,Active (last 30 days)
1050,14,1,Social / ads,No GST,2025-05-09,,,0,2025-05-01,0,0,0,0.0,,Never sold
1051,13,8,Organic,GST registered,2025-05-28,2025-06-01,2025-06-06,4,2025-05-01,1,1,62,9477.0,2025-12-28,Active (last 30 days)
1052,9,5,Field sales,GST registered,2025-11-04,2025-11-04,,29,2025-11-01,1,0,0,0.0,,Never sold
1053,14,3,Field sales,No GST,2025-07-31,2025-08-05,2025-08-12,23,2025-07-01,1,1,12,3054.0,2025-10-19,Dormant
1054,19,2,Organic,GST registered,2025-10-01,2025-10-02,2025-10-07,41,2025-10-01,1,1,4,789.0,2025-10-17,Dormant
1055,15,2,Organic,No GST,2025-09-01,,,0,2025-09-01,0,0,0,0.0,,Never sold
1056,26,2,Field sales,No GST,2025-11-14,2025-11-15,,9,2025-11-01,1,0,0,0.0,,Never sold
1057,29,1,Social / ads,No GST,2025-10-10,,,0,2025-10-01,0,0,0,0.0,,Never sold
1058,15,3,Referral,No GST,2025-10-11,2025-10-23,2025-10-29,7,2025-10-01,1,1,1,230.0,2025-10-29,Dormant
1059,32,3,Referral,GST registered,2025-03-23,2025-03-24,2025-04-02,2,2025-03-01,1,1,112,23686.0,2025-12-26,Active (last 30 days)
1060,4,2,Field sales,GST registered,2025-11-01,2025-11-03,2025-11-23,19,2025-11-01,1,1,48,14821.0,2025-12-28,Active (last 30 days)
1061,11,5,Referral,No GST,2025-07-25,2025-07-29,2025-08-01,33,2025-07-01,1,1,58,9502.0,2025-12-30,Active (last 30 days)
1062,14,2,Organic,GST registered,2025-09-06,2025-09-07,,14,2025-09-01,1,0,0,0.0,,Never sold
1063,17,1,Organic,GST registered,2025-03-22,,,0,2025-03-01,0,0,0,0.0,,Never sold
1064,16,7,Social / ads,No GST,2025-11-16,2025-11-17,2025-12-04,22,2025-11-01,1,1,14,2481.0,2025-12-29,Active (last 30 days)
1065,17,3,Social / ads,GST registered,2025-07-01,2025-07-04,,16,2025-07-01,1,0,0,0.0,,Never sold
1066,28,5,Social / ads,GST registered,2025-04-05,2025-04-07,2025-04-09,18,2025-04-01,1,1,41,6021.0,2025-05-04,Dormant
1067,11,8,Organic,GST registered,2025-08-11,2025-08-11,2025-08-14,48,2025-08-01,1,1,2,493.0,2025-09-05,Dormant
1068,25,6,Referral,GST registered,2025-09-12,2025-09-15,2025-09-28,7,2025-09-01,1,1,16,2139.0,2025-12-22,Active (last 30 days)
1069,17,4,Referral,No GST,2025-05-24,2025-06-02,2025-06-04,30,2025-05-01,1,1,210,40765.0,2025-12-31,Active (last 30 days)
1070,15,4,Organic,GST registered,2025-08-15,2025-08-21,2025-08-29,6,2025-08-01,1,1,56,12232.0,2025-12-31,Active (last 30 days)
1071,12,7,Organic,GST registered,2025-09-25,2025-09-25,2025-09-30,8,2025-09-01,1,1,30,7340.0,2025-12-30,Active (last 30 days)
1072,12,7,Social / ads,GST registered,2025-04-21,2025-04-21,2025-04-27,42,2025-04-01,1,1,118,25703.0,2025-12-31,Active (last 30 days)
1073,14,1,Field sales,No GST,2025-08-16,2025-08-16,,6,2025-08-01,1,0,0,0.0,,Never sold
1074,23,4,Field sales,GST registered,2025-03-11,2025-03-23,2025-03-26,13,2025-03-01,1,1,24,4815.0,2025-06-13,Dormant
1075,14,7,Organic,GST registered,2025-04-20,2025-04-20,2025-04-25,108,2025-04-01,1,1,31,5786.0,2025-08-03,Dormant
1076,7,6,Referral,No GST,2025-06-05,2025-06-05,2025-06-16,37,2025-06-01,1,1,7,964.0,2025-09-27,Dormant
1077,23,1,Organic,GST registered,2025-03-07,,,0,2025-03-01,0,0,0,0.0,,Never sold
1078,20,3,Organic,No GST,2025-10-03,,,0,2025-10-01,0,0,0,0.0,,Never sold
1079,30,4,Referral,GST registered,2025-11-12,2025-11-12,2025-11-18,14,2025-11-01,1,1,19,2988.0,2025-12-24,Active (last 30 days)
1080,16,1,Organic,GST registered,2025-10-30,2025-11-04,,46,2025-10-01,1,0,0,0.0,,Never sold
1081,19,5,Social / ads,GST registered,2025-06-14,2025-06-18,2025-06-27,7,2025-06-01,1,1,10,1171.0,2025-08-16,Dormant
1082,15,3,Referral,No GST,2025-09-03,,,0,2025-09-01,0,0,0,0.0,,Never sold
1083,20,2,Organic,GST registered,2025-09-24,2025-09-24,2025-09-27,29,2025-09-01,1,1,16,6268.0,2025-12-16,Active (last 30 days)
1084,14,2,Organic,GST registered,2025-03-17,2025-03-18,,4,2025-03-01,1,0,0,0.0,,Never sold
1085,7,7,Field sales,GST registered,2025-02-23,2025-02-23,2025-02-27,7,2025-02-01,1,1,381,88391.0,2025-08-02,Dormant
1086,32,7,Organic,GST registered,2025-07-30,2025-07-30,,15,2025-07-01,1,0,0,0.0,,Never sold
1087,21,7,Organic,No GST,2025-03-10,2025-03-12,2025-03-19,16,2025-03-01,1,1,45,10693.0,2025-04-23,Dormant
1088,18,8,Referral,No GST,2025-07-19,2025-07-20,2025-07-25,5,2025-07-01,1,1,113,21629.0,2025-12-30,Active (last 30 days)
1089,15,9,Organic,GST registered,2025-07-25,2025-07-25,2025-08-03,21,2025-07-01,1,1,3,374.0,2025-08-13,Dormant
1090,21,3,Field sales,GST registered,2025-10-10,2025-10-18,2025-11-06,25,2025-10-01,1,1,53,11918.0,2025-12-31,Active (last 30 days)
1091,6,1,Referral,GST registered,2025-09-07,2025-09-17,2025-09-28,9,2025-09-01,1,1,2,325.0,2025-11-07,Dormant
1092,12,6,Organic,No GST,2025-07-17,,,0,2025-07-01,0,0,0,0.0,,Never sold
1093,6,5,Social / ads,GST registered,2025-10-29,,,0,2025-10-01,0,0,0,0.0,,Never sold
1094,6,2,Referral,GST registered,2025-10-31,2025-11-21,2025-11-23,7,2025-10-01,1,1,4,480.0,2025-12-30,Active (last 30 days)
1095,1,9,Field sales,No GST,2025-08-15,2025-08-20,2025-08-23,60,2025-08-01,1,1,85,15137.0,2025-12-30,Active (last 30 days)
1096,23,2,Organic,No GST,2025-04-13,2025-04-13,2025-04-18,10,2025-04-01,1,1,23,5969.0,2025-07-07,Dormant
1097,10,8,Field sales,GST registered,2025-08-09,2025-08-19,2025-09-07,18,2025-08-01,1,1,22,6455.0,2025-12-09,Active (last 30 days)
1098,26,4,Organic,GST registered,2025-05-01,,,0,2025-05-01,0,0,0,0.0,,Never sold
1099,29,1,Referral,No GST,2025-06-12,2025-06-15,2025-06-17,27,2025-06-01,1,1,51,10662.0,2025-12-26,Active (last 30 days)
1100,8,7,Organic,No GST,2025-07-07,2025-07-15,2025-07-20,11,2025-07-01,1,1,38,8857.0,2025-12-08,Active (last 30 days)
1101,21,6,Social / ads,GST registered,2025-09-30,2025-10-05,2025-10-07,11,2025-09-01,1,1,13,2239.0,2025-11-23,Dormant
1102,14,5,Organic,GST registered,2025-11-19,2025-11-19,2025-11-26,14,2025-11-01,1,1,14,2776.0,2025-12-31,Active (last 30 days)
1103,29,4,Social / ads,GST registered,2025-07-27,2025-08-08,2025-08-21,11,2025-07-01,1,1,195,43357.0,2025-12-31,Active (last 30 days)
1104,15,1,Social / ads,GST registered,2025-05-11,2025-05-18,2025-06-01,38,2025-05-01,1,1,180,37934.0,2025-12-29,Active (last 30 days)
1105,14,1,Referral,GST registered,2025-06-07,2025-06-08,2025-06-16,6,2025-06-01,1,1,18,2991.0,2025-12-06,Active (last 30 days)
1106,12,1,Organic,No GST,2025-09-21,2025-09-22,,15,2025-09-01,1,0,0,0.0,,Never sold
1107,29,1,Organic,GST registered,2025-06-02,,,0,2025-06-01,0,0,0,0.0,,Never sold
1108,10,2,Social / ads,GST registered,2025-10-31,2025-11-04,2025-11-15,14,2025-10-01,1,1,3,904.0,2025-11-18,Dormant
1109,26,4,Field sales,No GST,2025-02-27,2025-03-01,2025-04-08,35,2025-02-01,1,1,45,9809.0,2025-11-23,Dormant
1110,9,1,Referral,GST registered,2025-08-15,2025-08-16,2025-08-19,4,2025-08-01,1,1,212,45726.0,2025-12-31,Active (last 30 days)
1111,19,4,Organic,GST registered,2025-01-23,2025-01-26,2025-02-17,25,2025-01-01,1,1,9,1929.0,2025-03-21,Dormant
1112,14,2,Social / ads,No GST,2025-06-30,2025-07-01,,6,2025-06-01,1,0,0,0.0,,Never sold
1113,5,1,Organic,GST registered,2025-11-21,,,0,2025-11-01,0,0,0,0.0,,Never sold
1114,6,8,Organic,No GST,2025-03-29,2025-03-30,2025-04-07,5,2025-03-01,1,1,17,2857.0,2025-07-19,Dormant
1115,11,9,Organic,GST registered,2025-04-30,2025-04-30,2025-05-19,12,2025-04-01,1,1,7,981.0,2025-10-11,Dormant
1116,23,7,Referral,GST registered,2025-06-17,2025-06-17,,10,2025-06-01,1,0,0,0.0,,Never sold
1117,22,1,Social / ads,No GST,2025-02-19,2025-02-19,2025-02-23,60,2025-02-01,1,1,2,867.0,2025-03-02,Dormant
1118,9,6,Social / ads,GST registered,2025-05-19,2025-05-19,2025-05-29,19,2025-05-01,1,1,4,98.0,2025-06-22,Dormant
1119,14,1,Organic,GST registered,2025-03-21,2025-03-21,2025-04-06,23,2025-03-01,1,1,26,4175.0,2025-07-17,Dormant
1120,5,4,Organic,GST registered,2025-05-12,2025-05-19,2025-05-26,6,2025-05-01,1,1,32,5473.0,2025-08-08,Dormant
1121,21,8,Social / ads,No GST,2025-02-05,,,0,2025-02-01,0,0,0,0.0,,Never sold
1122,24,2,Referral,GST registered,2025-06-28,2025-06-28,2025-07-04,60,2025-06-01,1,1,7,1124.0,2025-08-15,Dormant
1123,28,8,Organic,No GST,2025-08-18,2025-08-22,2025-08-29,32,2025-08-01,1,1,276,55913.0,2025-12-31,Active (last 30 days)
1124,28,5,Organic,No GST,2025-03-20,2025-03-24,,5,2025-03-01,1,0,0,0.0,,Never sold
1125,13,2,Field sales,GST registered,2025-08-21,,,0,2025-08-01,0,0,0,0.0,,Never sold
1126,10,1,Social / ads,GST registered,2025-07-12,2025-07-16,2025-08-03,17,2025-07-01,1,1,25,6483.0,2025-12-29,Active (last 30 days)
1127,28,7,Field sales,GST registered,2025-11-26,2025-11-28,2025-11-29,10,2025-11-01,1,1,6,920.0,2025-12-29,Active (last 30 days)
1128,7,3,Organic,No GST,2025-06-30,2025-06-30,2025-07-07,124,2025-06-01,1,1,31,7238.0,2025-12-30,Active (last 30 days)
1129,3,1,Field sales,GST registered,2025-04-18,2025-04-18,,11,2025-04-01,1,0,0,0.0,,Never sold
1130,12,1,Organic,No GST,2025-06-29,2025-06-29,2025-07-31,15,2025-06-01,1,1,125,27896.0,2025-11-10,Dormant
1131,23,9,Social / ads,GST registered,2025-08-01,,,0,2025-08-01,0,0,0,0.0,,Never sold
1132,20,1,Organic,GST registered,2025-11-09,,,0,2025-11-01,0,0,0,0.0,,Never sold
1133,32,9,Organic,No GST,2025-09-26,2025-10-06,2025-10-14,49,2025-09-01,1,1,20,2752.0,2025-12-31,Active (last 30 days)
1134,13,5,Referral,GST registered,2025-09-20,2025-09-26,,18,2025-09-01,1,0,0,0.0,,Never sold
1135,11,2,Organic,GST registered,2025-10-16,2025-10-25,2025-11-19,13,2025-10-01,1,1,5,445.0,2025-12-30,Active (last 30 days)
1136,14,2,Organic,No GST,2025-06-07,2025-06-09,,6,2025-06-01,1,0,0,0.0,,Never sold
1137,24,6,Referral,No GST,2025-10-07,2025-10-10,2025-10-14,43,2025-10-01,1,1,38,4958.0,2025-12-08,Active (last 30 days)
1138,9,3,Social / ads,GST registered,2025-11-03,2025-11-05,,14,2025-11-01,1,0,0,0.0,,Never sold
1139,30,1,Social / ads,GST registered,2025-03-02,2025-03-02,2025-03-10,14,2025-03-01,1,1,51,7338.0,2025-12-27,Active (last 30 days)
1140,15,1,Organic,GST registered,2025-09-27,2025-09-29,2025-10-05,2,2025-09-01,1,1,20,4444.0,2025-12-31,Active (last 30 days)
1141,24,7,Organic,No GST,2025-02-02,2025-02-10,,14,2025-02-01,1,0,0,0.0,,Never sold
1142,26,5,Referral,GST registered,2025-09-07,2025-09-19,2025-10-03,11,2025-09-01,1,1,2,119.0,2025-10-13,Dormant
1143,15,4,Referral,No GST,2025-10-19,2025-10-22,2025-11-01,3,2025-10-01,1,1,6,595.0,2025-12-22,Active (last 30 days)
1144,22,1,Organic,No GST,2025-05-22,2025-05-26,,36,2025-05-01,1,0,0,0.0,,Never sold
1145,13,3,Social / ads,No GST,2025-08-09,2025-08-13,2025-08-21,10,2025-08-01,1,1,4,755.0,2025-11-03,Dormant
1146,25,6,Social / ads,GST registered,2025-08-20,,,0,2025-08-01,0,0,0,0.0,,Never sold
1147,26,1,Organic,GST registered,2025-11-02,2025-11-05,2025-11-15,50,2025-11-01,1,1,109,27215.0,2025-12-31,Active (last 30 days)
1148,17,9,Social / ads,GST registered,2025-10-15,2025-10-15,,9,2025-10-01,1,0,0,0.0,,Never sold
1149,9,7,Field sales,GST registered,2025-03-06,2025-03-06,2025-03-09,49,2025-03-01,1,1,12,2641.0,2025-12-29,Active (last 30 days)
1150,31,2,Organic,GST registered,2025-09-25,2025-10-07,2025-10-18,59,2025-09-01,1,1,183,49323.0,2025-12-31,Active (last 30 days)
1151,30,7,Field sales,No GST,2025-09-23,2025-09-30,2025-10-10,10,2025-09-01,1,1,31,5591.0,2025-12-29,Active (last 30 days)
1152,18,5,Organic,GST registered,2025-06-02,2025-06-03,2025-06-22,7,2025-06-01,1,1,18,1765.0,2025-12-28,Active (last 30 days)
1153,32,5,Organic,GST registered,2025-11-08,2025-11-08,2025-11-10,2,2025-11-01,1,1,22,3780.0,2025-12-30,Active (last 30 days)
1154,15,1,Social / ads,GST registered,2025-09-29,2025-09-29,,22,2025-09-01,1,0,0,0.0,,Never sold
1155,14,8,Field sales,No GST,2025-07-06,2025-07-09,,7,2025-07-01,1,0,0,0.0,,Never sold
1156,14,3,Organic,GST registered,2025-03-14,2025-03-17,,22,2025-03-01,1,0,0,0.0,,Never sold
1157,3,6,Referral,No GST,2025-08-02,2025-08-11,,10,2025-08-01,1,0,0,0.0,,Never sold
1158,16,2,Social / ads,No GST,2025-08-01,,,0,2025-08-01,0,0,0,0.0,,Never sold
1159,20,2,Referral,GST registered,2025-09-26,2025-09-26,2025-10-04,10,2025-09-01,1,1,25,5821.0,2025-11-25,Dormant
1160,5,9,Social / ads,No GST,2025-02-27,,,0,2025-02-01,0,0,0,0.0,,Never sold
1161,10,3,Social / ads,GST registered,2025-09-11,2025-09-14,2025-09-18,10,2025-09-01,1,1,139,27760.0,2025-12-29,Active (last 30 days)
1162,21,1,Organic,GST registered,2025-04-08,2025-04-08,2025-04-28,9,2025-04-01,1,1,7,1638.0,2025-06-09,Dormant
1163,24,7,Field sales,GST registered,2025-10-09,2025-10-10,2025-11-17,16,2025-10-01,1,1,58,12159.0,2025-12-31,Active (last 30 days)
1164,32,1,Field sales,GST registered,2025-06-23,2025-06-25,2025-07-02,17,2025-06-01,1,1,52,10007.0,2025-12-31,Active (last 30 days)
1165,10,7,Social / ads,No GST,2025-07-06,2025-07-06,2025-07-08,6,2025-07-01,1,1,33,7409.0,2025-09-07,Dormant
1166,26,8,Organic,No GST,2025-10-28,2025-10-28,2025-11-06,39,2025-10-01,1,1,8,3050.0,2025-11-30,Dormant
1167,8,1,Organic,GST registered,2025-10-17,2025-10-27,,14,2025-10-01,1,0,0,0.0,,Never sold
1168,6,4,Organic,No GST,2025-11-06,2025-11-08,2025-11-10,54,2025-11-01,1,1,74,16645.0,2025-12-21,Active (last 30 days)
1169,22,9,Field sales,GST registered,2025-03-24,2025-03-27,2025-04-05,19,2025-03-01,1,1,3,687.0,2025-04-05,Dormant
1170,14,8,Social / ads,GST registered,2025-02-18,2025-02-21,2025-02-23,17,2025-02-01,1,1,282,53769.0,2025-12-29,Active (last 30 days)
1171,24,4,Social / ads,No GST,2025-05-12,,,0,2025-05-01,0,0,0,0.0,,Never sold
1172,11,5,Referral,GST registered,2025-06-27,2025-07-02,2025-07-04,26,2025-06-01,1,1,18,2645.0,2025-12-23,Active (last 30 days)
1173,9,4,Organic,No GST,2025-03-29,,,0,2025-03-01,0,0,0,0.0,,Never sold
1174,16,1,Organic,GST registered,2025-11-13,2025-11-15,,32,2025-11-01,1,0,0,0.0,,Never sold
1175,6,5,Social / ads,No GST,2025-11-08,,,0,2025-11-01,0,0,0,0.0,,Never sold
1176,11,2,Referral,GST registered,2025-08-25,2025-08-25,2025-09-01,9,2025-08-01,1,1,68,15334.0,2025-12-31,Active (last 30 days)
1177,8,2,Social / ads,GST registered,2025-10-08,,,0,2025-10-01,0,0,0,0.0,,Never sold
1178,12,2,Organic,No GST,2025-08-14,2025-08-14,,26,2025-08-01,1,0,0,0.0,,Never sold
1179,23,7,Referral,GST registered,2025-03-20,2025-03-23,2025-03-27,23,2025-03-01,1,1,116,29318.0,2025-12-30,Active (last 30 days)
1180,6,1,Social / ads,GST registered,2025-05-27,2025-05-28,2025-06-09,11,2025-05-01,1,1,47,9403.0,2025-10-23,Dormant
1181,18,1,Organic,No GST,2025-11-25,2025-11-25,,11,2025-11-01,1,0,0,0.0,,Never sold
1182,17,1,Organic,GST registered,2025-09-20,2025-09-21,2025-09-26,10,2025-09-01,1,1,7,1499.0,2025-11-07,Dormant
1183,16,1,Field sales,GST registered,2025-11-18,2025-11-22,2025-12-01,10,2025-11-01,1,1,2,0.0,2025-12-30,Active (last 30 days)
1184,15,9,Referral,GST registered,2025-10-14,2025-10-14,2025-10-27,8,2025-10-01,1,1,43,7622.0,2025-12-29,Active (last 30 days)
1185,20,3,Social / ads,No GST,2025-05-08,2025-05-08,2025-05-18,15,2025-05-01,1,1,31,6530.0,2025-06-17,Dormant
1186,27,1,Social / ads,No GST,2025-11-19,2025-11-21,2025-11-28,8,2025-11-01,1,1,2,163.0,2025-12-06,Active (last 30 days)
1187,8,9,Field sales,No GST,2025-01-23,,,0,2025-01-01,0,0,0,0.0,,Never sold
1188,25,1,Organic,GST registered,2025-08-22,2025-08-25,2025-09-08,17,2025-08-01,1,1,81,16837.0,2025-12-31,Active (last 30 days)
1189,3,3,Referral,GST registered,2025-04-29,2025-05-05,2025-05-09,18,2025-04-01,1,1,1,0.0,2025-05-09,Dormant
1190,15,6,Social / ads,GST registered,2025-07-02,2025-07-04,2025-07-08,13,2025-07-01,1,1,1,300.0,2025-07-08,Dormant
1191,15,6,Referral,GST registered,2025-10-28,2025-11-07,2025-11-26,17,2025-10-01,1,1,5,552.0,2025-12-30,Active (last 30 days)
1192,9,1,Social / ads,No GST,2025-04-21,2025-04-21,2025-04-30,13,2025-04-01,1,1,148,33932.0,2025-12-03,Active (last 30 days)
1193,4,5,Field sales,GST registered,2025-03-12,2025-03-12,2025-03-21,30,2025-03-01,1,1,173,29937.0,2025-12-27,Active (last 30 days)
1194,4,4,Organic,No GST,2025-08-27,2025-08-28,2025-09-08,11,2025-08-01,1,1,33,7561.0,2025-12-28,Active (last 30 days)
1195,2,5,Referral,No GST,2025-10-24,2025-10-28,2025-11-03,22,2025-10-01,1,1,24,3405.0,2025-12-29,Active (last 30 days)
1196,17,2,Field sales,No GST,2025-09-12,2025-09-15,2025-09-17,5,2025-09-01,1,1,4,996.0,2025-12-24,Active (last 30 days)
1197,7,7,Organic,GST registered,2025-05-08,2025-05-11,2025-05-19,29,2025-05-01,1,1,32,6647.0,2025-08-26,Dormant
1198,25,4,Organic,GST registered,2025-08-16,2025-08-17,2025-08-24,10,2025-08-01,1,1,15,2569.0,2025-10-06,Dormant
1199,28,6,Field sales,No GST,2025-03-13,2025-03-14,,7,2025-03-01,1,0,0,0.0,,Never sold
1200,11,8,Organic,No GST,2025-04-05,,,0,2025-04-01,0,0,0,0.0,,Never sold
1201,8,7,Organic,GST registered,2025-06-24,2025-06-25,2025-07-02,6,2025-06-01,1,1,58,14577.0,2025-12-27,Active (last 30 days)
1202,14,6,Field sales,No GST,2025-11-05,2025-11-07,2025-11-09,11,2025-11-01,1,1,6,1110.0,2025-12-11,Active (last 30 days)
1203,28,2,Social / ads,No GST,2025-06-08,2025-06-09,2025-06-15,54,2025-06-01,1,1,17,4584.0,2025-09-07,Dormant
1204,14,1,Referral,GST registered,2025-08-02,2025-08-06,2025-08-12,9,2025-08-01,1,1,2,300.0,2025-11-14,Dormant
1205,5,4,Social / ads,No GST,2025-11-13,,,0,2025-11-01,0,0,0,0.0,,Never sold
1206,32,1,Social / ads,GST registered,2025-06-12,2025-06-12,2025-06-21,22,2025-06-01,1,1,9,2952.0,2025-07-16,Dormant
1207,15,6,Referral,No GST,2025-03-03,2025-03-06,2025-03-17,6,2025-03-01,1,1,150,22211.0,2025-09-30,Dormant
1208,13,6,Organic,GST registered,2025-05-30,2025-05-30,2025-06-03,31,2025-05-01,1,1,41,5743.0,2025-12-19,Active (last 30 days)
1209,28,4,Social / ads,GST registered,2025-03-25,2025-03-28,,11,2025-03-01,1,0,0,0.0,,Never sold
1210,30,1,Organic,GST registered,2025-11-25,2025-11-27,2025-12-03,13,2025-11-01,1,1,15,3054.0,2025-12-31,Active (last 30 days)
1211,15,7,Social / ads,No GST,2025-04-12,2025-04-17,2025-05-12,42,2025-04-01,1,1,9,2533.0,2025-06-20,Dormant
1212,12,4,Referral,No GST,2025-09-07,2025-09-11,2025-09-15,26,2025-09-01,1,1,50,8902.0,2025-12-31,Active (last 30 days)
1213,15,4,Organic,GST registered,2025-01-24,2025-02-11,2025-02-13,6,2025-01-01,1,1,93,18726.0,2025-12-28,Active (last 30 days)
1214,9,4,Referral,GST registered,2025-05-18,2025-06-04,,6,2025-05-01,1,0,0,0.0,,Never sold
1215,15,1,Referral,GST registered,2025-05-31,2025-05-31,2025-06-09,3,2025-05-01,1,1,495,121533.0,2025-12-31,Active (last 30 days)
1216,10,6,Social / ads,GST registered,2025-02-18,2025-02-24,2025-03-13,131,2025-02-01,1,1,40,6813.0,2025-08-18,Dormant
1217,18,1,Organic,No GST,2025-03-31,2025-03-31,2025-04-09,8,2025-03-01,1,1,103,25916.0,2025-12-29,Active (last 30 days)
1218,23,4,Social / ads,GST registered,2025-05-02,2025-05-04,,41,2025-05-01,1,0,0,0.0,,Never sold
1219,31,1,Organic,No GST,2025-07-25,,,0,2025-07-01,0,0,0,0.0,,Never sold
1220,26,1,Social / ads,No GST,2025-07-22,2025-07-22,2025-08-06,6,2025-07-01,1,1,8,1756.0,2025-09-25,Dormant
1221,4,1,Social / ads,GST registered,2025-05-11,2025-05-16,2025-05-21,16,2025-05-01,1,1,24,4763.0,2025-10-12,Dormant
1222,9,1,Organic,GST registered,2025-11-20,2025-11-20,2025-11-30,12,2025-11-01,1,1,4,861.0,2025-12-31,Active (last 30 days)
1223,16,8,Organic,No GST,2025-10-13,,,0,2025-10-01,0,0,0,0.0,,Never sold
1224,11,6,Social / ads,No GST,2025-06-08,2025-06-12,2025-06-25,31,2025-06-01,1,1,32,3558.0,2025-08-30,Dormant
1225,1,1,Social / ads,No GST,2025-08-31,,,0,2025-08-01,0,0,0,0.0,,Never sold
1226,23,1,Organic,GST registered,2025-08-12,2025-08-14,2025-08-15,5,2025-08-01,1,1,22,2670.0,2025-12-30,Active (last 30 days)
1227,13,6,Referral,GST registered,2025-09-04,2025-09-11,2025-09-18,6,2025-09-01,1,1,33,5423.0,2025-12-31,Active (last 30 days)
1228,3,1,Social / ads,No GST,2025-10-10,2025-10-11,,2,2025-10-01,1,0,0,0.0,,Never sold
1229,15,3,Organic,GST registered,2025-11-20,2025-11-21,2025-11-26,13,2025-11-01,1,1,48,12153.0,2025-12-31,Active (last 30 days)
1230,32,1,Field sales,No GST,2025-10-05,2025-10-06,2025-10-12,16,2025-10-01,1,1,27,5799.0,2025-12-31,Active (last 30 days)
1231,20,4,Referral,No GST,2025-03-27,2025-04-03,,6,2025-03-01,1,0,0,0.0,,Never sold
1232,7,9,Organic,GST registered,2025-07-09,2025-07-10,,5,2025-07-01,1,0,0,0.0,,Never sold
1233,16,1,Social / ads,GST registered,2025-11-12,2025-11-16,2025-11-21,16,2025-11-01,1,1,6,642.0,2025-12-31,Active (last 30 days)
1234,29,9,Organic,GST registered,2025-05-25,,,0,2025-05-01,0,0,0,0.0,,Never sold
1235,3,7,Social / ads,No GST,2025-06-08,2025-06-08,2025-06-29,13,2025-06-01,1,1,16,3323.0,2025-08-24,Dormant
1236,19,9,Referral,GST registered,2025-06-02,2025-06-04,2025-06-08,12,2025-06-01,1,1,25,2761.0,2025-12-23,Active (last 30 days)
1237,21,6,Referral,GST registered,2025-04-25,2025-04-30,,20,2025-04-01,1,0,0,0.0,,Never sold
1238,21,7,Referral,No GST,2025-09-05,2025-09-06,2025-10-09,10,2025-09-01,1,1,35,6490.0,2025-12-31,Active (last 30 days)
1239,7,4,Referral,No GST,2025-07-06,2025-07-06,2025-07-10,11,2025-07-01,1,1,32,7734.0,2025-12-25,Active (last 30 days)
1240,29,7,Social / ads,GST registered,2025-10-22,2025-10-28,2025-11-03,3,2025-10-01,1,1,11,2054.0,2025-12-27,Active (last 30 days)
1241,12,1,Field sales,No GST,2025-02-04,2025-02-12,2025-02-20,15,2025-02-01,1,1,201,43741.0,2025-09-18,Dormant
1242,3,6,Social / ads,GST registered,2025-09-16,2025-09-16,,17,2025-09-01,1,0,0,0.0,,Never sold
1243,4,4,Referral,No GST,2025-06-24,2025-06-25,2025-06-27,14,2025-06-01,1,1,2,111.0,2025-07-05,Dormant
1244,14,1,Organic,No GST,2025-10-29,2025-11-11,2025-11-16,75,2025-10-01,1,1,4,509.0,2025-12-03,Active (last 30 days)
1245,2,2,Organic,GST registered,2025-11-26,,,0,2025-11-01,0,0,0,0.0,,Never sold
1246,24,1,Social / ads,GST registered,2025-10-17,2025-10-21,,14,2025-10-01,1,0,0,0.0,,Never sold
1247,27,2,Referral,GST registered,2025-11-14,2025-11-27,2025-11-30,24,2025-11-01,1,1,6,948.0,2025-12-17,Active (last 30 days)
1248,1,1,Referral,No GST,2025-07-24,,,0,2025-07-01,0,0,0,0.0,,Never sold
1249,25,2,Referral,No GST,2025-10-28,2025-10-29,2025-10-30,20,2025-10-01,1,1,21,3370.0,2025-12-31,Active (last 30 days)
1250,32,2,Referral,GST registered,2025-03-23,2025-03-23,,2,2025-03-01,1,0,0,0.0,,Never sold
1251,2,4,Field sales,No GST,2025-09-13,2025-09-16,,23,2025-09-01,1,0,0,0.0,,Never sold
1252,22,1,Field sales,GST registered,2025-09-23,2025-09-28,2025-10-07,8,2025-09-01,1,1,40,7005.0,2025-12-31,Active (last 30 days)
1253,32,1,Social / ads,No GST,2025-06-12,2025-06-13,2025-06-19,3,2025-06-01,1,1,207,45003.0,2025-12-30,Active (last 30 days)
1254,24,2,Organic,No GST,2025-03-25,2025-03-26,2025-03-30,63,2025-03-01,1,1,21,4251.0,2025-08-05,Dormant
1255,15,3,Referral,GST registered,2025-06-17,2025-06-17,2025-06-23,53,2025-06-01,1,1,113,25420.0,2025-12-30,Active (last 30 days)
1256,28,1,Organic,GST registered,2025-09-27,2025-10-01,2025-10-18,7,2025-09-01,1,1,28,6765.0,2025-12-26,Active (last 30 days)
1257,21,9,Social / ads,No GST,2025-08-05,2025-08-21,2025-08-25,8,2025-08-01,1,1,90,12291.0,2025-12-27,Active (last 30 days)
1258,11,2,Field sales,No GST,2025-09-03,2025-09-03,2025-09-17,18,2025-09-01,1,1,26,11525.0,2025-12-28,Active (last 30 days)
1259,10,2,Referral,GST registered,2025-10-23,2025-10-28,2025-11-13,8,2025-10-01,1,1,74,21105.0,2025-12-31,Active (last 30 days)
1260,15,4,Social / ads,No GST,2025-03-25,2025-03-25,2025-03-27,14,2025-03-01,1,1,28,3691.0,2025-07-23,Dormant
1261,14,7,Referral,GST registered,2025-04-28,2025-05-02,2025-05-08,9,2025-04-01,1,1,558,137853.0,2025-12-30,Active (last 30 days)
1262,12,3,Organic,GST registered,2025-07-18,2025-07-20,,11,2025-07-01,1,0,0,0.0,,Never sold
1263,8,1,Referral,No GST,2025-06-04,,,0,2025-06-01,0,0,0,0.0,,Never sold
1264,26,4,Organic,GST registered,2025-09-12,2025-09-16,2025-09-28,31,2025-09-01,1,1,267,60909.0,2025-12-31,Active (last 30 days)
1265,21,3,Social / ads,No GST,2025-11-19,2025-12-03,,43,2025-11-01,1,0,0,0.0,,Never sold
1266,13,3,Field sales,No GST,2025-05-17,2025-05-21,,15,2025-05-01,1,0,0,0.0,,Never sold
1267,10,9,Social / ads,GST registered,2025-09-25,2025-10-01,,15,2025-09-01,1,0,0,0.0,,Never sold
1268,6,9,Social / ads,GST registered,2025-03-11,2025-03-11,,27,2025-03-01,1,0,0,0.0,,Never sold
1269,5,4,Social / ads,GST registered,2025-05-03,2025-05-11,2025-05-13,16,2025-05-01,1,1,33,6417.0,2025-12-31,Active (last 30 days)
1270,19,1,Referral,GST registered,2025-02-23,2025-03-11,2025-03-18,65,2025-02-01,1,1,2,282.0,2025-03-19,Dormant
1271,5,4,Organic,No GST,2025-06-12,2025-06-22,,5,2025-06-01,1,0,0,0.0,,Never sold
1272,31,9,Organic,GST registered,2025-09-27,2025-09-28,2025-10-13,32,2025-09-01,1,1,55,8686.0,2025-12-30,Active (last 30 days)
1273,11,8,Social / ads,No GST,2025-03-05,,,0,2025-03-01,0,0,0,0.0,,Never sold
1274,2,1,Social / ads,GST registered,2025-05-16,2025-05-29,2025-06-06,6,2025-05-01,1,1,10,1863.0,2025-08-20,Dormant
1275,27,1,Social / ads,GST registered,2025-04-04,2025-04-09,2025-04-17,99,2025-04-01,1,1,23,4551.0,2025-06-24,Dormant
1276,14,1,Organic,No GST,2025-08-16,2025-08-20,2025-08-27,110,2025-08-01,1,1,5,2125.0,2025-09-09,Dormant
1277,13,7,Organic,GST registered,2025-11-10,2025-11-15,2025-11-22,13,2025-11-01,1,1,2,0.0,2025-12-25,Active (last 30 days)
1278,6,3,Social / ads,No GST,2025-03-31,2025-03-31,2025-04-09,23,2025-03-01,1,1,17,3110.0,2025-05-31,Dormant
1279,19,2,Organic,No GST,2025-08-04,,,0,2025-08-01,0,0,0,0.0,,Never sold
1280,13,2,Referral,No GST,2025-09-14,2025-09-20,2025-09-29,12,2025-09-01,1,1,87,27320.0,2025-12-31,Active (last 30 days)
1281,25,2,Organic,GST registered,2025-06-09,2025-06-12,2025-06-25,6,2025-06-01,1,1,8,1978.0,2025-08-26,Dormant
1282,19,8,Organic,GST registered,2025-08-29,2025-08-31,,5,2025-08-01,1,0,0,0.0,,Never sold
1283,28,2,Field sales,No GST,2025-06-26,2025-06-29,2025-07-04,71,2025-06-01,1,1,3,230.0,2025-07-06,Dormant
1284,18,1,Social / ads,GST registered,2025-11-04,2025-11-06,2025-11-14,15,2025-11-01,1,1,6,968.0,2025-12-21,Active (last 30 days)
1285,24,6,Social / ads,No GST,2025-03-02,2025-03-11,2025-03-16,17,2025-03-01,1,1,151,21783.0,2025-12-31,Active (last 30 days)
1286,20,5,Referral,No GST,2025-11-18,2025-11-18,2025-11-24,8,2025-11-01,1,1,1,0.0,2025-11-24,Dormant
1287,14,6,Referral,No GST,2025-02-14,2025-02-16,2025-02-19,19,2025-02-01,1,1,2,182.0,2025-02-25,Dormant
1288,20,7,Social / ads,No GST,2025-08-07,2025-08-07,2025-08-26,4,2025-08-01,1,1,47,10048.0,2025-12-31,Active (last 30 days)
1289,20,1,Referral,No GST,2025-07-29,2025-07-30,,8,2025-07-01,1,0,0,0.0,,Never sold
1290,1,1,Referral,GST registered,2025-09-23,2025-09-23,2025-09-27,6,2025-09-01,1,1,20,3898.0,2025-12-29,Active (last 30 days)
1291,21,1,Field sales,No GST,2025-08-10,2025-08-15,2025-08-27,46,2025-08-01,1,1,7,1758.0,2025-12-31,Active (last 30 days)
1292,11,5,Organic,No GST,2025-04-14,2025-04-16,2025-05-06,4,2025-04-01,1,1,128,23271.0,2025-12-31,Active (last 30 days)
1293,16,8,Organic,GST registered,2025-05-23,2025-06-01,,6,2025-05-01,1,0,0,0.0,,Never sold
1294,5,2,Social / ads,No GST,2025-04-17,2025-04-27,,3,2025-04-01,1,0,0,0.0,,Never sold
1295,2,6,Field sales,GST registered,2025-08-06,2025-08-13,2025-09-03,8,2025-08-01,1,1,65,10361.0,2025-12-28,Active (last 30 days)
1296,1,6,Organic,GST registered,2025-06-30,2025-07-06,,11,2025-06-01,1,0,0,0.0,,Never sold
1297,7,9,Organic,No GST,2025-06-29,,,0,2025-06-01,0,0,0,0.0,,Never sold
1298,1,3,Social / ads,No GST,2025-07-28,2025-07-30,,13,2025-07-01,1,0,0,0.0,,Never sold
1299,6,1,Field sales,GST registered,2025-06-24,2025-06-30,,11,2025-06-01,1,0,0,0.0,,Never sold
1300,17,6,Field sales,No GST,2025-04-17,2025-04-18,,20,2025-04-01,1,0,0,0.0,,Never sold
1301,14,7,Organic,GST registered,2025-06-29,2025-07-03,2025-07-08,11,2025-06-01,1,1,67,10167.0,2025-12-31,Active (last 30 days)
1302,32,5,Social / ads,GST registered,2025-09-21,2025-09-21,2025-09-30,113,2025-09-01,1,1,4,259.0,2025-11-09,Dormant
1303,25,7,Social / ads,GST registered,2025-10-10,2025-10-13,2025-10-31,10,2025-10-01,1,1,33,6795.0,2025-12-29,Active (last 30 days)
1304,7,2,Referral,No GST,2025-06-21,2025-06-22,2025-07-10,22,2025-06-01,1,1,414,114135.0,2025-12-31,Active (last 30 days)
1305,14,5,Organic,GST registered,2025-08-30,,,0,2025-08-01,0,0,0,0.0,,Never sold
1306,14,2,Field sales,GST registered,2025-09-27,2025-10-01,2025-10-06,10,2025-09-01,1,1,100,27305.0,2025-12-31,Active (last 30 days)
1307,13,3,Social / ads,No GST,2025-11-25,2025-11-28,2025-12-04,18,2025-11-01,1,1,5,857.0,2025-12-21,Active (last 30 days)
1308,15,1,Social / ads,GST registered,2025-10-18,2025-10-20,2025-10-21,11,2025-10-01,1,1,8,1792.0,2025-12-17,Active (last 30 days)
1309,20,1,Social / ads,GST registered,2025-09-22,,,0,2025-09-01,0,0,0,0.0,,Never sold
1310,19,1,Field sales,GST registered,2025-09-08,2025-09-11,2025-09-18,17,2025-09-01,1,1,38,9340.0,2025-12-31,Active (last 30 days)
1311,13,5,Organic,No GST,2025-05-12,,,0,2025-05-01,0,0,0,0.0,,Never sold
1312,21,7,Referral,No GST,2025-11-17,2025-11-19,2025-12-14,6,2025-11-01,1,1,3,473.0,2025-12-30,Active (last 30 days)
1313,11,2,Social / ads,No GST,2025-02-15,2025-02-17,2025-03-01,73,2025-02-01,1,1,168,53275.0,2025-07-06,Dormant
1314,26,3,Organic,GST registered,2025-10-29,2025-10-29,2025-11-13,26,2025-10-01,1,1,22,5465.0,2025-12-30,Active (last 30 days)
1315,31,1,Organic,GST registered,2025-09-05,2025-09-06,,4,2025-09-01,1,0,0,0.0,,Never sold
1316,12,2,Field sales,No GST,2025-08-27,2025-09-03,2025-09-21,11,2025-08-01,1,1,6,1510.0,2025-12-11,Active (last 30 days)
1317,24,2,Referral,GST registered,2025-08-30,2025-09-08,2025-09-15,4,2025-08-01,1,1,138,39756.0,2025-12-16,Active (last 30 days)
1318,25,4,Social / ads,GST registered,2025-03-22,2025-03-24,,30,2025-03-01,1,0,0,0.0,,Never sold
1319,15,8,Organic,GST registered,2025-11-09,2025-11-26,2025-12-08,16,2025-11-01,1,1,4,903.0,2025-12-27,Active (last 30 days)
1320,4,4,Organic,GST registered,2025-05-31,,,0,2025-05-01,0,0,0,0.0,,Never sold
1321,24,5,Organic,GST registered,2025-04-07,2025-04-11,2025-04-13,8,2025-04-01,1,1,43,7213.0,2025-07-12,Dormant
1322,14,5,Field sales,No GST,2025-06-17,2025-06-17,2025-07-02,12,2025-06-01,1,1,48,6283.0,2025-11-06,Dormant
1323,9,1,Social / ads,GST registered,2025-08-19,2025-09-04,2025-09-13,30,2025-08-01,1,1,92,20604.0,2025-12-21,Active (last 30 days)
1324,19,2,Referral,No GST,2025-05-16,2025-05-19,,38,2025-05-01,1,0,0,0.0,,Never sold
1325,14,1,Referral,GST registered,2025-07-17,2025-07-19,2025-07-28,32,2025-07-01,1,1,103,19253.0,2025-12-30,Active (last 30 days)
1326,4,3,Organic,No GST,2025-01-20,2025-01-23,2025-02-02,4,2025-01-01,1,1,140,28129.0,2025-11-10,Dormant
1327,32,8,Field sales,No GST,2025-07-04,2025-07-15,,14,2025-07-01,1,0,0,0.0,,Never sold
1328,10,3,Social / ads,No GST,2025-10-23,,,0,2025-10-01,0,0,0,0.0,,Never sold
1329,15,3,Social / ads,GST registered,2025-11-02,2025-11-03,2025-11-13,9,2025-11-01,1,1,62,13073.0,2025-12-30,Active (last 30 days)
1330,20,1,Organic,No GST,2025-08-13,2025-08-14,,4,2025-08-01,1,0,0,0.0,,Never sold
1331,6,2,Field sales,GST registered,2025-06-28,2025-06-28,2025-07-09,5,2025-06-01,1,1,122,32296.0,2025-12-31,Active (last 30 days)
1332,22,8,Organic,No GST,2025-10-22,2025-10-30,2025-11-07,54,2025-10-01,1,1,15,2303.0,2025-12-26,Active (last 30 days)
1333,19,2,Organic,No GST,2025-05-16,,,0,2025-05-01,0,0,0,0.0,,Never sold
1334,15,6,Organic,No GST,2025-07-30,2025-07-31,,17,2025-07-01,1,0,0,0.0,,Never sold
1335,16,1,Organic,No GST,2025-07-26,2025-07-27,,14,2025-07-01,1,0,0,0.0,,Never sold
1336,31,1,Organic,No GST,2025-10-30,2025-10-30,,14,2025-10-01,1,0,0,0.0,,Never sold
1337,29,2,Social / ads,No GST,2025-06-25,2025-06-26,2025-07-05,12,2025-06-01,1,1,11,2810.0,2025-10-02,Dormant
1338,5,8,Organic,GST registered,2025-08-09,2025-08-14,2025-08-22,30,2025-08-01,1,1,119,21306.0,2025-12-31,Active (last 30 days)
1339,14,1,Social / ads,GST registered,2025-11-13,2025-11-17,2025-11-18,16,2025-11-01,1,1,6,2068.0,2025-12-29,Active (last 30 days)
1340,16,6,Social / ads,No GST,2025-06-22,2025-06-24,,9,2025-06-01,1,0,0,0.0,,Never sold
1341,29,1,Referral,No GST,2025-02-18,2025-02-22,2025-02-27,17,2025-02-01,1,1,314,73016.0,2025-12-30,Active (last 30 days)
1342,25,4,Referral,GST registered,2025-07-01,2025-07-07,2025-07-12,5,2025-07-01,1,1,838,200891.0,2025-12-31,Active (last 30 days)
1343,14,4,Social / ads,GST registered,2025-07-27,2025-07-27,2025-07-30,24,2025-07-01,1,1,61,14465.0,2025-11-22,Dormant
1344,28,4,Organic,GST registered,2025-10-04,2025-10-06,2025-10-13,9,2025-10-01,1,1,5,562.0,2025-12-31,Active (last 30 days)
1345,14,2,Referral,GST registered,2025-10-10,2025-10-12,2025-10-17,9,2025-10-01,1,1,33,7459.0,2025-12-30,Active (last 30 days)
1346,11,1,Referral,GST registered,2025-11-18,2025-11-22,,24,2025-11-01,1,0,0,0.0,,Never sold
1347,18,8,Social / ads,GST registered,2025-02-06,2025-02-06,2025-02-08,11,2025-02-01,1,1,77,18846.0,2025-08-25,Dormant
1348,13,4,Social / ads,GST registered,2025-10-23,2025-10-29,2025-11-01,12,2025-10-01,1,1,81,19420.0,2025-12-30,Active (last 30 days)
1349,18,1,Social / ads,No GST,2025-11-14,2025-11-15,2025-11-18,41,2025-11-01,1,1,16,3375.0,2025-12-23,Active (last 30 days)
1350,14,2,Field sales,GST registered,2025-10-22,2025-10-23,2025-10-31,7,2025-10-01,1,1,35,13472.0,2025-12-31,Active (last 30 days)
1351,24,1,Referral,GST registered,2025-06-28,2025-06-29,2025-07-15,24,2025-06-01,1,1,130,27358.0,2025-12-31,Active (last 30 days)
1352,31,3,Social / ads,GST registered,2025-10-12,2025-10-14,2025-10-24,35,2025-10-01,1,1,13,3176.0,2025-12-30,Active (last 30 days)
1353,11,3,Social / ads,GST registered,2025-07-13,,,0,2025-07-01,0,0,0,0.0,,Never sold
1354,15,1,Referral,GST registered,2025-09-15,2025-09-15,2025-09-20,93,2025-09-01,1,1,6,797.0,2025-10-07,Dormant
1355,22,3,Social / ads,GST registered,2025-08-26,2025-08-26,2025-08-30,9,2025-08-01,1,1,21,4710.0,2025-12-26,Active (last 30 days)
1356,7,5,Social / ads,GST registered,2025-05-14,2025-05-23,2025-06-02,8,2025-05-01,1,1,12,2985.0,2025-08-31,Dormant
1357,24,8,Referral,No GST,2025-10-26,2025-11-04,2025-11-09,31,2025-10-01,1,1,33,8368.0,2025-12-30,Active (last 30 days)
1358,17,5,Organic,GST registered,2025-06-04,2025-06-10,2025-06-12,34,2025-06-01,1,1,88,13872.0,2025-12-29,Active (last 30 days)
1359,7,4,Organic,GST registered,2025-04-13,2025-04-13,2025-04-24,8,2025-04-01,1,1,61,11417.0,2025-08-09,Dormant
1360,27,6,Social / ads,GST registered,2025-04-10,2025-04-12,2025-04-29,24,2025-04-01,1,1,66,10378.0,2025-12-27,Active (last 30 days)
1361,14,2,Organic,GST registered,2025-09-30,2025-10-01,2025-10-07,145,2025-09-01,1,1,86,24383.0,2025-12-31,Active (last 30 days)
1362,8,5,Referral,GST registered,2025-07-14,2025-07-14,2025-07-22,17,2025-07-01,1,1,47,7659.0,2025-10-15,Dormant
1363,9,1,Field sales,GST registered,2025-09-14,2025-09-15,,34,2025-09-01,1,0,0,0.0,,Never sold
1364,24,1,Social / ads,GST registered,2025-01-31,2025-02-20,,58,2025-01-01,1,0,0,0.0,,Never sold
1365,30,4,Social / ads,GST registered,2025-11-16,,,0,2025-11-01,0,0,0,0.0,,Never sold
1366,14,1,Social / ads,No GST,2025-10-19,2025-10-20,2025-10-27,20,2025-10-01,1,1,25,5394.0,2025-12-31,Active (last 30 days)
1367,4,5,Referral,GST registered,2025-06-13,2025-06-13,2025-06-18,44,2025-06-01,1,1,1,157.0,2025-06-18,Dormant
1368,5,5,Organic,GST registered,2025-11-21,2025-11-21,2025-12-01,8,2025-11-01,1,1,11,1632.0,2025-12-31,Active (last 30 days)
1369,19,1,Field sales,GST registered,2025-03-07,2025-03-07,2025-03-13,16,2025-03-01,1,1,3,857.0,2025-03-29,Dormant
1370,14,2,Organic,GST registered,2025-03-15,2025-03-15,2025-03-29,11,2025-03-01,1,1,104,25811.0,2025-12-30,Active (last 30 days)
1371,14,4,Referral,No GST,2025-06-09,,,0,2025-06-01,0,0,0,0.0,,Never sold
1372,13,6,Social / ads,GST registered,2025-05-18,2025-05-19,,4,2025-05-01,1,0,0,0.0,,Never sold
1373,14,7,Referral,GST registered,2025-06-28,2025-07-02,2025-07-05,23,2025-06-01,1,1,60,12141.0,2025-12-30,Active (last 30 days)
1374,19,2,Field sales,No GST,2025-05-13,2025-05-24,2025-05-25,23,2025-05-01,1,1,164,35480.0,2025-12-31,Active (last 30 days)
1375,16,7,Field sales,GST registered,2025-06-30,2025-07-02,,7,2025-06-01,1,0,0,0.0,,Never sold
1376,8,2,Social / ads,GST registered,2025-11-13,2025-11-14,,57,2025-11-01,1,0,0,0.0,,Never sold
1377,15,1,Referral,No GST,2025-04-10,,,0,2025-04-01,0,0,0,0.0,,Never sold
1378,14,4,Referral,No GST,2025-05-25,2025-05-30,2025-06-07,20,2025-05-01,1,1,11,1628.0,2025-07-18,Dormant
1379,16,1,Organic,GST registered,2025-09-11,2025-09-11,2025-09-13,11,2025-09-01,1,1,16,3736.0,2025-11-28,Dormant
1380,5,1,Field sales,No GST,2025-11-11,2025-11-11,2025-11-19,17,2025-11-01,1,1,17,4139.0,2025-12-30,Active (last 30 days)
1381,7,1,Organic,GST registered,2025-11-14,2025-11-17,2025-11-22,33,2025-11-01,1,1,13,1597.0,2025-12-23,Active (last 30 days)
1382,16,7,Referral,No GST,2025-01-28,2025-02-01,2025-02-15,30,2025-01-01,1,1,108,22193.0,2025-12-25,Active (last 30 days)
1383,11,8,Social / ads,GST registered,2025-04-05,2025-04-13,2025-04-26,28,2025-04-01,1,1,10,1686.0,2025-07-10,Dormant
1384,19,9,Organic,No GST,2025-11-22,2025-11-29,2025-12-14,26,2025-11-01,1,1,1,0.0,2025-12-14,Active (last 30 days)
1385,14,2,Referral,GST registered,2025-06-24,2025-06-24,,5,2025-06-01,1,0,0,0.0,,Never sold
1386,10,3,Organic,GST registered,2025-04-20,2025-04-21,2025-04-25,40,2025-04-01,1,1,27,5697.0,2025-07-05,Dormant
1387,19,6,Organic,GST registered,2025-09-19,2025-09-19,2025-09-22,7,2025-09-01,1,1,8,1238.0,2025-12-16,Active (last 30 days)
1388,14,2,Organic,No GST,2025-05-08,2025-05-08,2025-05-13,15,2025-05-01,1,1,117,37031.0,2025-12-28,Active (last 30 days)
1389,7,2,Organic,No GST,2025-08-31,2025-09-02,,12,2025-08-01,1,0,0,0.0,,Never sold
1390,25,1,Social / ads,No GST,2025-10-02,,,0,2025-10-01,0,0,0,0.0,,Never sold
1391,14,4,Social / ads,No GST,2025-08-25,2025-08-26,2025-09-03,11,2025-08-01,1,1,37,6018.0,2025-12-01,Active (last 30 days)
1392,29,5,Field sales,GST registered,2025-09-05,2025-09-07,2025-09-28,14,2025-09-01,1,1,28,5340.0,2025-12-03,Active (last 30 days)
1393,9,2,Field sales,No GST,2025-07-13,,,0,2025-07-01,0,0,0,0.0,,Never sold
1394,28,1,Social / ads,GST registered,2025-04-08,2025-04-10,,5,2025-04-01,1,0,0,0.0,,Never sold
1395,25,6,Social / ads,No GST,2025-11-22,,,0,2025-11-01,0,0,0,0.0,,Never sold
1396,5,4,Referral,No GST,2025-10-19,2025-10-19,2025-10-24,6,2025-10-01,1,1,29,5045.0,2025-12-31,Active (last 30 days)
1397,16,1,Organic,GST registered,2025-05-16,,,0,2025-05-01,0,0,0,0.0,,Never sold
1398,19,2,Field sales,GST registered,2025-10-21,2025-10-23,2025-11-02,9,2025-10-01,1,1,9,2597.0,2025-12-21,Active (last 30 days)
1399,15,9,Social / ads,No GST,2025-11-02,2025-11-05,,16,2025-11-01,1,0,0,0.0,,Never sold
1400,14,5,Organic,No GST,2025-04-18,,,0,2025-04-01,0,0,0,0.0,,Never sold
1401,30,4,Referral,No GST,2025-11-03,2025-11-14,,46,2025-11-01,1,0,0,0.0,,Never sold
1402,21,5,Organic,GST registered,2025-09-08,2025-09-15,2025-09-19,17,2025-09-01,1,1,4,529.0,2025-10-31,Dormant
1403,31,9,Organic,GST registered,2025-11-18,2025-11-20,2025-12-08,18,2025-11-01,1,1,8,747.0,2025-12-30,Active (last 30 days)
1404,26,2,Field sales,No GST,2025-11-09,2025-11-10,,31,2025-11-01,1,0,0,0.0,,Never sold
1405,25,2,Organic,No GST,2025-11-05,2025-11-08,2025-12-04,6,2025-11-01,1,1,2,215.0,2025-12-18,Active (last 30 days)
1406,22,2,Social / ads,GST registered,2025-05-17,2025-05-24,,10,2025-05-01,1,0,0,0.0,,Never sold
1407,19,6,Social / ads,No GST,2025-10-23,2025-11-08,2025-11-13,18,2025-10-01,1,1,19,3725.0,2025-12-23,Active (last 30 days)
1408,28,1,Organic,No GST,2025-03-29,,,0,2025-03-01,0,0,0,0.0,,Never sold
1409,18,1,Social / ads,No GST,2025-06-03,,,0,2025-06-01,0,0,0,0.0,,Never sold
1410,4,1,Social / ads,No GST,2025-05-30,,,0,2025-05-01,0,0,0,0.0,,Never sold
1411,17,5,Referral,No GST,2025-02-16,2025-02-22,2025-02-25,6,2025-02-01,1,1,37,6338.0,2025-04-24,Dormant
1412,5,5,Referral,No GST,2025-06-11,2025-06-11,2025-06-18,12,2025-06-01,1,1,51,10090.0,2025-12-31,Active (last 30 days)
1413,30,2,Social / ads,GST registered,2025-03-23,2025-04-05,2025-04-12,24,2025-03-01,1,1,49,11840.0,2025-11-02,Dormant
1414,19,2,Referral,GST registered,2025-06-05,2025-06-21,2025-06-25,29,2025-06-01,1,1,707,208733.0,2025-12-31,Active (last 30 days)
1415,17,6,Organic,No GST,2025-10-08,2025-10-17,2025-10-29,69,2025-10-01,1,1,13,1380.0,2025-12-29,Active (last 30 days)
1416,9,1,Organic,No GST,2025-08-09,,,0,2025-08-01,0,0,0,0.0,,Never sold
1417,16,6,Organic,GST registered,2025-11-19,2025-11-22,2025-11-24,18,2025-11-01,1,1,3,331.0,2025-12-05,Active (last 30 days)
1418,13,1,Field sales,No GST,2025-10-19,2025-10-19,2025-10-21,16,2025-10-01,1,1,28,5471.0,2025-12-30,Active (last 30 days)
1419,20,8,Organic,GST registered,2025-05-22,2025-05-30,2025-06-23,21,2025-05-01,1,1,32,4768.0,2025-11-23,Dormant
1420,18,2,Field sales,GST registered,2025-11-25,2025-12-02,2025-12-07,22,2025-11-01,1,1,33,9142.0,2025-12-31,Active (last 30 days)
1421,15,5,Referral,No GST,2025-07-18,2025-07-19,2025-07-24,34,2025-07-01,1,1,33,4602.0,2025-12-31,Active (last 30 days)
1422,10,1,Social / ads,No GST,2025-03-21,2025-03-31,2025-04-03,34,2025-03-01,1,1,32,6979.0,2025-07-10,Dormant
1423,16,1,Referral,GST registered,2025-11-18,2025-11-18,2025-12-07,24,2025-11-01,1,1,4,511.0,2025-12-26,Active (last 30 days)
1424,14,5,Social / ads,GST registered,2025-06-23,2025-06-23,2025-06-25,55,2025-06-01,1,1,53,11681.0,2025-08-28,Dormant
1425,27,4,Social / ads,GST registered,2025-06-12,2025-06-18,,16,2025-06-01,1,0,0,0.0,,Never sold
1426,28,6,Organic,GST registered,2025-08-28,2025-09-01,,10,2025-08-01,1,0,0,0.0,,Never sold
1427,23,4,Field sales,GST registered,2025-09-14,2025-09-15,2025-09-22,11,2025-09-01,1,1,31,6966.0,2025-12-28,Active (last 30 days)
1428,12,4,Organic,GST registered,2025-06-01,,,0,2025-06-01,0,0,0,0.0,,Never sold
1429,2,7,Social / ads,GST registered,2025-07-30,2025-08-05,2025-08-09,6,2025-07-01,1,1,102,26199.0,2025-12-30,Active (last 30 days)
1430,30,3,Field sales,No GST,2025-07-10,2025-07-11,2025-08-01,10,2025-07-01,1,1,23,3712.0,2025-12-19,Active (last 30 days)
1431,32,8,Organic,No GST,2025-05-07,2025-05-14,2025-05-18,6,2025-05-01,1,1,1,179.0,2025-05-18,Dormant
1432,6,2,Organic,No GST,2025-10-02,,,0,2025-10-01,0,0,0,0.0,,Never sold
1433,20,2,Referral,GST registered,2025-05-06,,,0,2025-05-01,0,0,0,0.0,,Never sold
1434,14,6,Social / ads,GST registered,2025-04-10,2025-04-16,2025-04-20,3,2025-04-01,1,1,117,16696.0,2025-12-31,Active (last 30 days)
1435,7,1,Social / ads,GST registered,2025-05-13,2025-05-13,2025-05-16,9,2025-05-01,1,1,51,7727.0,2025-11-05,Dormant
1436,32,1,Organic,No GST,2025-08-22,2025-08-22,,70,2025-08-01,1,0,0,0.0,,Never sold
1437,30,1,Organic,GST registered,2025-07-18,2025-07-21,2025-07-24,27,2025-07-01,1,1,39,9204.0,2025-12-27,Active (last 30 days)
1438,32,4,Referral,No GST,2025-07-02,2025-07-05,2025-07-11,23,2025-07-01,1,1,42,7046.0,2025-12-26,Active (last 30 days)
1439,7,4,Referral,GST registered,2025-09-16,2025-09-19,2025-09-22,9,2025-09-01,1,1,45,9250.0,2025-12-28,Active (last 30 days)
1440,15,1,Organic,No GST,2025-03-28,2025-03-29,2025-04-01,20,2025-03-01,1,1,26,4595.0,2025-09-19,Dormant
1441,28,1,Organic,GST registered,2025-01-05,2025-01-07,,16,2025-01-01,1,0,0,0.0,,Never sold
1442,20,2,Social / ads,GST registered,2025-04-08,2025-04-16,2025-05-08,8,2025-04-01,1,1,1,850.0,2025-05-08,Dormant
1443,14,2,Referral,No GST,2025-10-13,2025-10-14,2025-10-31,11,2025-10-01,1,1,26,8834.0,2025-12-30,Active (last 30 days)
1444,16,1,Field sales,GST registered,2025-10-06,2025-10-07,2025-10-09,11,2025-10-01,1,1,43,7099.0,2025-12-31,Active (last 30 days)
1445,2,1,Referral,No GST,2025-10-08,2025-10-09,2025-10-11,4,2025-10-01,1,1,10,2088.0,2025-12-19,Active (last 30 days)
1446,18,7,Referral,GST registered,2025-07-03,2025-07-07,2025-08-05,5,2025-07-01,1,1,11,1077.0,2025-09-21,Dormant
1447,27,5,Field sales,No GST,2025-04-20,2025-04-21,,14,2025-04-01,1,0,0,0.0,,Never sold
1448,1,2,Organic,No GST,2025-07-15,,,0,2025-07-01,0,0,0,0.0,,Never sold
1449,7,2,Organic,GST registered,2025-03-08,2025-03-08,2025-03-23,12,2025-03-01,1,1,6,1658.0,2025-05-12,Dormant
1450,16,1,Social / ads,No GST,2025-02-16,2025-02-17,,4,2025-02-01,1,0,0,0.0,,Never sold
1451,17,2,Social / ads,No GST,2025-08-04,2025-08-06,,31,2025-08-01,1,0,0,0.0,,Never sold
1452,13,2,Field sales,No GST,2025-10-04,2025-10-21,2025-10-22,86,2025-10-01,1,1,15,4885.0,2025-12-27,Active (last 30 days)
1453,2,8,Organic,GST registered,2025-07-11,2025-07-30,2025-08-04,37,2025-07-01,1,1,6,1106.0,2025-10-09,Dormant
1454,22,6,Organic,GST registered,2025-11-14,2025-11-24,2025-12-08,40,2025-11-01,1,1,4,867.0,2025-12-20,Active (last 30 days)
1455,10,3,Organic,No GST,2025-07-22,2025-07-31,,27,2025-07-01,1,0,0,0.0,,Never sold
1456,19,1,Social / ads,GST registered,2025-08-28,2025-08-30,2025-09-16,20,2025-08-01,1,1,13,4171.0,2025-11-07,Dormant
1457,17,5,Social / ads,No GST,2025-08-19,,,0,2025-08-01,0,0,0,0.0,,Never sold
1458,14,8,Referral,GST registered,2025-09-11,2025-09-17,,7,2025-09-01,1,0,0,0.0,,Never sold
1459,18,1,Social / ads,No GST,2025-05-26,2025-06-07,2025-06-30,28,2025-05-01,1,1,6,834.0,2025-07-27,Dormant
1460,20,7,Organic,GST registered,2025-11-01,2025-11-04,2025-11-07,27,2025-11-01,1,1,16,2985.0,2025-12-31,Active (last 30 days)
1461,17,1,Referral,No GST,2025-11-23,2025-11-26,2025-12-04,11,2025-11-01,1,1,1,0.0,2025-12-04,Active (last 30 days)
1462,17,5,Organic,GST registered,2025-10-26,,,0,2025-10-01,0,0,0,0.0,,Never sold
1463,14,1,Organic,GST registered,2025-08-23,2025-08-25,2025-09-01,9,2025-08-01,1,1,34,6533.0,2025-12-14,Active (last 30 days)
1464,14,4,Social / ads,GST registered,2025-06-19,2025-06-23,,9,2025-06-01,1,0,0,0.0,,Never sold
1465,15,1,Social / ads,No GST,2025-08-06,2025-08-06,2025-08-10,30,2025-08-01,1,1,3,234.0,2025-09-05,Dormant
1466,14,4,Organic,GST registered,2025-06-17,2025-06-26,2025-07-04,23,2025-06-01,1,1,12,678.0,2025-12-13,Active (last 30 days)
1467,14,4,Organic,No GST,2025-07-29,2025-07-29,,13,2025-07-01,1,0,0,0.0,,Never sold
1468,9,4,Referral,GST registered,2025-10-28,2025-11-04,2025-11-06,12,2025-10-01,1,1,11,1812.0,2025-12-25,Active (last 30 days)
1469,22,5,Organic,No GST,2025-09-06,,,0,2025-09-01,0,0,0,0.0,,Never sold
1470,6,1,Referral,No GST,2025-07-11,2025-07-12,,3,2025-07-01,1,0,0,0.0,,Never sold
1471,29,5,Referral,GST registered,2025-07-07,2025-07-16,2025-07-18,8,2025-07-01,1,1,8,2186.0,2025-08-14,Dormant
1472,19,1,Organic,GST registered,2025-04-14,,,0,2025-04-01,0,0,0,0.0,,Never sold
1473,3,5,Organic,GST registered,2025-11-06,,,0,2025-11-01,0,0,0,0.0,,Never sold
1474,19,1,Organic,No GST,2025-08-08,2025-08-09,2025-08-15,39,2025-08-01,1,1,36,8072.0,2025-12-29,Active (last 30 days)
1475,13,3,Social / ads,No GST,2025-06-03,2025-06-05,2025-06-08,24,2025-06-01,1,1,89,20212.0,2025-12-27,Active (last 30 days)
1476,30,2,Organic,GST registered,2025-06-01,,,0,2025-06-01,0,0,0,0.0,,Never sold
1477,30,9,Referral,No GST,2025-10-31,2025-11-17,,9,2025-10-01,1,0,0,0.0,,Never sold
1478,26,5,Organic,No GST,2025-10-18,2025-10-18,2025-10-25,8,2025-10-01,1,1,38,6075.0,2025-12-31,Active (last 30 days)
1479,17,1,Field sales,No GST,2025-05-26,2025-05-26,2025-05-28,81,2025-05-01,1,1,22,3648.0,2025-12-21,Active (last 30 days)
1480,29,5,Organic,GST registered,2025-09-06,,,0,2025-09-01,0,0,0,0.0,,Never sold
1481,19,1,Organic,No GST,2025-03-05,2025-03-05,2025-03-13,19,2025-03-01,1,1,35,6631.0,2025-12-28,Active (last 30 days)
1482,28,2,Field sales,GST registered,2025-02-19,2025-02-24,2025-02-25,3,2025-02-01,1,1,51,10800.0,2025-12-27,Active (last 30 days)
1483,7,2,Field sales,No GST,2025-10-11,2025-10-18,,6,2025-10-01,1,0,0,0.0,,Never sold
1484,29,6,Organic,GST registered,2025-09-11,2025-09-13,,15,2025-09-01,1,0,0,0.0,,Never sold
1485,20,8,Organic,No GST,2025-09-01,2025-09-03,2025-09-11,11,2025-09-01,1,1,4,814.0,2025-09-20,Dormant
1486,12,8,Social / ads,No GST,2025-10-11,2025-10-23,2025-11-25,18,2025-10-01,1,1,18,4054.0,2025-12-31,Active (last 30 days)
1487,32,1,Organic,No GST,2025-08-30,2025-09-06,2025-09-09,18,2025-08-01,1,1,19,4429.0,2025-12-31,Active (last 30 days)
1488,20,1,Organic,GST registered,2025-05-12,2025-05-14,2025-05-27,26,2025-05-01,1,1,29,4843.0,2025-08-23,Dormant
1489,29,7,Referral,No GST,2025-11-25,,,0,2025-11-01,0,0,0,0.0,,Never sold
1490,1,2,Organic,GST registered,2025-08-23,2025-08-31,,6,2025-08-01,1,0,0,0.0,,Never sold
1491,17,4,Field sales,No GST,2025-10-31,2025-11-02,2025-11-24,15,2025-10-01,1,1,4,576.0,2025-12-21,Active (last 30 days)
1492,21,9,Field sales,GST registered,2025-11-01,2025-11-05,2025-12-08,9,2025-11-01,1,1,3,186.0,2025-12-25,Active (last 30 days)
1493,1,1,Referral,No GST,2025-11-26,2025-12-04,,12,2025-11-01,1,0,0,0.0,,Never sold
1494,23,2,Field sales,GST registered,2025-10-04,2025-10-09,2025-10-18,17,2025-10-01,1,1,31,7643.0,2025-12-28,Active (last 30 days)
1495,19,7,Referral,GST registered,2025-07-12,2025-07-13,2025-07-20,9,2025-07-01,1,1,16,2000.0,2025-12-17,Active (last 30 days)
1496,11,5,Social / ads,GST registered,2025-07-02,,,0,2025-07-01,0,0,0,0.0,,Never sold
1497,20,8,Organic,GST registered,2025-10-25,2025-10-30,2025-11-08,25,2025-10-01,1,1,5,649.0,2025-11-29,Dormant
1498,6,5,Organic,GST registered,2025-03-15,2025-03-18,2025-03-29,17,2025-03-01,1,1,199,36251.0,2025-12-31,Active (last 30 days)
1499,26,2,Field sales,No GST,2025-09-12,2025-09-19,2025-10-12,29,2025-09-01,1,1,16,3926.0,2025-12-31,Active (last 30 days)
1500,27,6,Organic,No GST,2025-08-15,,,0,2025-08-01,0,0,0,0.0,,Never sold
1501,15,6,Organic,No GST,2025-09-06,2025-09-12,2025-09-20,10,2025-09-01,1,1,47,8032.0,2025-12-30,Active (last 30 days)
1502,15,8,Organic,No GST,2025-05-06,,,0,2025-05-01,0,0,0,0.0,,Never sold
1503,14,3,Field sales,GST registered,2025-08-05,2025-08-13,2025-08-28,8,2025-08-01,1,1,169,37349.0,2025-12-30,Active (last 30 days)
1504,13,4,Organic,GST registered,2025-06-30,2025-07-03,2025-08-11,7,2025-06-01,1,1,6,891.0,2025-09-07,Dormant
1505,27,2,Field sales,GST registered,2025-11-08,2025-11-08,,14,2025-11-01,1,0,0,0.0,,Never sold
1506,12,2,Social / ads,GST registered,2025-08-29,2025-08-30,,16,2025-08-01,1,0,0,0.0,,Never sold
1507,14,9,Field sales,No GST,2025-10-03,2025-10-13,,10,2025-10-01,1,0,0,0.0,,Never sold
1508,12,9,Organic,No GST,2025-06-14,2025-06-14,,71,2025-06-01,1,0,0,0.0,,Never sold
1509,19,4,Social / ads,No GST,2025-09-22,2025-09-29,,20,2025-09-01,1,0,0,0.0,,Never sold
1510,25,9,Organic,No GST,2025-06-29,2025-07-01,,7,2025-06-01,1,0,0,0.0,,Never sold
1511,8,2,Social / ads,GST registered,2025-07-19,2025-07-20,2025-07-31,5,2025-07-01,1,1,168,41317.0,2025-12-31,Active (last 30 days)
1512,10,7,Field sales,No GST,2025-04-25,2025-04-25,2025-04-26,22,2025-04-01,1,1,7,1877.0,2025-08-11,Dormant
1513,5,5,Organic,GST registered,2025-10-19,2025-10-27,2025-11-10,7,2025-10-01,1,1,12,2280.0,2025-12-30,Active (last 30 days)
1514,7,6,Social / ads,No GST,2025-11-12,,,0,2025-11-01,0,0,0,0.0,,Never sold
1515,14,6,Referral,GST registered,2025-06-26,2025-06-29,2025-07-04,23,2025-06-01,1,1,35,4779.0,2025-12-30,Active (last 30 days)
1516,24,5,Referral,GST registered,2025-08-26,2025-08-29,2025-08-30,25,2025-08-01,1,1,38,5788.0,2025-12-31,Active (last 30 days)
1517,16,7,Referral,GST registered,2025-09-14,2025-09-18,2025-09-25,20,2025-09-01,1,1,9,2396.0,2025-11-15,Dormant
1518,3,2,Field sales,GST registered,2025-10-05,2025-10-12,2025-10-20,40,2025-10-01,1,1,12,5544.0,2025-12-25,Active (last 30 days)
1519,19,7,Field sales,GST registered,2025-09-13,2025-09-15,2025-09-22,2,2025-09-01,1,1,44,14759.0,2025-12-28,Active (last 30 days)
1520,24,1,Social / ads,GST registered,2025-11-07,2025-11-11,2025-11-15,6,2025-11-01,1,1,5,1156.0,2025-12-28,Active (last 30 days)
1521,14,1,Organic,No GST,2025-05-14,2025-05-14,2025-05-17,37,2025-05-01,1,1,38,9635.0,2025-12-29,Active (last 30 days)
1522,10,6,Field sales,No GST,2025-10-15,2025-10-18,2025-10-25,54,2025-10-01,1,1,5,201.0,2025-11-20,Dormant
1523,23,6,Field sales,GST registered,2025-03-30,2025-03-31,2025-04-04,6,2025-03-01,1,1,118,19431.0,2025-12-29,Active (last 30 days)
1524,2,8,Field sales,GST registered,2025-08-02,2025-08-03,2025-08-16,3,2025-08-01,1,1,105,20676.0,2025-12-29,Active (last 30 days)
1525,25,2,Referral,No GST,2025-10-02,2025-10-07,2025-10-13,18,2025-10-01,1,1,12,3305.0,2025-12-19,Active (last 30 days)
1526,25,1,Organic,GST registered,2025-09-09,,,0,2025-09-01,0,0,0,0.0,,Never sold
1527,28,4,Social / ads,No GST,2025-08-10,,,0,2025-08-01,0,0,0,0.0,,Never sold
1528,4,7,Organic,GST registered,2025-05-21,,,0,2025-05-01,0,0,0,0.0,,Never sold
1529,5,9,Organic,GST registered,2025-03-29,2025-03-31,,3,2025-03-01,1,0,0,0.0,,Never sold
1530,27,7,Referral,GST registered,2025-05-10,2025-05-11,,12,2025-05-01,1,0,0,0.0,,Never sold
1531,14,3,Organic,GST registered,2025-06-01,2025-06-01,,13,2025-06-01,1,0,0,0.0,,Never sold
1532,14,7,Organic,No GST,2025-07-24,2025-08-01,2025-08-21,10,2025-07-01,1,1,29,7290.0,2025-12-26,Active (last 30 days)
1533,17,1,Organic,No GST,2025-07-01,2025-07-06,2025-07-08,3,2025-07-01,1,1,464,109469.0,2025-12-31,Active (last 30 days)
1534,3,8,Field sales,GST registered,2025-02-28,2025-03-03,2025-03-10,26,2025-02-01,1,1,60,14314.0,2025-10-14,Dormant
1535,19,4,Social / ads,No GST,2025-11-22,,,0,2025-11-01,0,0,0,0.0,,Never sold
1536,30,2,Referral,GST registered,2025-08-30,,,0,2025-08-01,0,0,0,0.0,,Never sold
1537,20,4,Organic,GST registered,2025-05-07,2025-05-07,,14,2025-05-01,1,0,0,0.0,,Never sold
1538,14,6,Social / ads,No GST,2025-06-14,,,0,2025-06-01,0,0,0,0.0,,Never sold
1539,31,1,Organic,No GST,2025-09-05,,,0,2025-09-01,0,0,0,0.0,,Never sold
1540,20,1,Social / ads,GST registered,2025-11-11,2025-11-11,,24,2025-11-01,1,0,0,0.0,,Never sold
1541,3,6,Referral,GST registered,2025-11-19,2025-11-19,2025-11-27,24,2025-11-01,1,1,4,216.0,2025-12-12,Active (last 30 days)
1542,20,9,Organic,GST registered,2025-04-06,2025-04-13,2025-04-17,38,2025-04-01,1,1,287,47553.0,2025-12-31,Active (last 30 days)
1543,3,5,Referral,GST registered,2025-09-01,2025-09-02,2025-09-08,38,2025-09-01,1,1,33,5874.0,2025-12-26,Active (last 30 days)
1544,12,1,Organic,No GST,2025-04-13,,,0,2025-04-01,0,0,0,0.0,,Never sold
1545,18,5,Social / ads,GST registered,2025-04-18,2025-04-23,2025-05-04,159,2025-04-01,1,1,102,19275.0,2025-12-31,Active (last 30 days)
1546,9,1,Organic,No GST,2025-10-31,2025-11-01,2025-12-02,56,2025-10-01,1,1,4,358.0,2025-12-30,Active (last 30 days)
1547,2,2,Social / ads,GST registered,2025-10-24,,,0,2025-10-01,0,0,0,0.0,,Never sold
1548,18,1,Social / ads,GST registered,2025-08-24,2025-08-24,2025-08-29,18,2025-08-01,1,1,18,3978.0,2025-11-09,Dormant
1549,11,3,Social / ads,GST registered,2025-07-13,2025-07-14,2025-07-23,3,2025-07-01,1,1,39,7452.0,2025-12-29,Active (last 30 days)
1550,16,2,Social / ads,GST registered,2025-09-01,2025-09-02,2025-09-14,16,2025-09-01,1,1,33,7696.0,2025-12-30,Active (last 30 days)
1551,11,1,Organic,No GST,2025-07-28,2025-07-28,2025-08-03,62,2025-07-01,1,1,70,11839.0,2025-12-31,Active (last 30 days)
1552,20,2,Referral,No GST,2025-10-19,2025-10-20,2025-11-01,152,2025-10-01,1,1,13,3525.0,2025-12-31,Active (last 30 days)
1553,28,5,Social / ads,No GST,2025-02-22,2025-02-23,,14,2025-02-01,1,0,0,0.0,,Never sold
1554,4,2,Organic,No GST,2025-11-26,,,0,2025-11-01,0,0,0,0.0,,Never sold
1555,24,1,Organic,GST registered,2025-01-01,2025-01-04,2025-01-16,26,2025-01-01,1,1,124,30611.0,2025-05-24,Dormant
1556,7,4,Organic,No GST,2025-04-27,2025-05-08,2025-05-23,80,2025-04-01,1,1,67,13043.0,2025-12-21,Active (last 30 days)
1557,12,6,Organic,No GST,2025-07-29,2025-07-31,2025-08-09,7,2025-07-01,1,1,48,8095.0,2025-12-30,Active (last 30 days)
1558,13,7,Social / ads,No GST,2025-07-15,2025-07-15,,137,2025-07-01,1,0,0,0.0,,Never sold
1559,9,3,Referral,GST registered,2025-08-03,2025-08-09,,12,2025-08-01,1,0,0,0.0,,Never sold
1560,4,6,Field sales,GST registered,2025-05-11,2025-05-14,2025-05-24,6,2025-05-01,1,1,41,5889.0,2025-12-31,Active (last 30 days)
1561,23,7,Social / ads,No GST,2025-11-13,2025-11-13,2025-11-17,12,2025-11-01,1,1,4,651.0,2025-12-15,Active (last 30 days)
1562,24,5,Organic,GST registered,2025-08-02,2025-08-06,2025-08-20,8,2025-08-01,1,1,80,12693.0,2025-11-14,Dormant
1563,32,4,Social / ads,GST registered,2025-05-18,2025-05-22,2025-06-03,22,2025-05-01,1,1,87,20016.0,2025-12-27,Active (last 30 days)
1564,30,1,Organic,GST registered,2025-04-16,2025-04-16,2025-04-24,4,2025-04-01,1,1,215,55573.0,2025-07-28,Dormant
1565,14,2,Organic,No GST,2025-10-06,2025-10-07,2025-10-14,18,2025-10-01,1,1,164,40715.0,2025-12-31,Active (last 30 days)
1566,6,2,Organic,GST registered,2025-01-28,2025-01-30,,27,2025-01-01,1,0,0,0.0,,Never sold
1567,1,2,Organic,No GST,2025-09-25,2025-09-26,2025-10-03,53,2025-09-01,1,1,15,5017.0,2025-11-21,Dormant
1568,16,9,Referral,No GST,2025-06-04,2025-06-04,,28,2025-06-01,1,0,0,0.0,,Never sold
1569,27,1,Referral,GST registered,2025-07-10,2025-07-18,2025-07-23,51,2025-07-01,1,1,4,712.0,2025-08-08,Dormant
1570,11,4,Organic,GST registered,2025-10-07,2025-10-07,,10,2025-10-01,1,0,0,0.0,,Never sold
1571,9,9,Organic,No GST,2025-02-14,2025-02-14,,22,2025-02-01,1,0,0,0.0,,Never sold
1572,14,4,Field sales,GST registered,2025-06-13,2025-06-16,2025-06-27,2,2025-06-01,1,1,89,18632.0,2025-12-31,Active (last 30 days)
1573,28,1,Organic,GST registered,2025-02-28,2025-03-13,2025-04-02,15,2025-02-01,1,1,22,5259.0,2025-12-14,Active (last 30 days)
1574,14,9,Social / ads,GST registered,2025-08-18,2025-08-23,2025-08-25,22,2025-08-01,1,1,255,39417.0,2025-10-26,Dormant
1575,22,2,Social / ads,GST registered,2025-03-10,2025-03-12,2025-03-17,24,2025-03-01,1,1,53,13986.0,2025-05-30,Dormant
1576,14,1,Field sales,No GST,2025-02-03,2025-02-05,2025-03-08,4,2025-02-01,1,1,39,8498.0,2025-12-31,Active (last 30 days)
1577,14,3,Referral,GST registered,2025-11-14,2025-11-17,,12,2025-11-01,1,0,0,0.0,,Never sold
1578,14,1,Field sales,No GST,2025-08-17,2025-08-24,,13,2025-08-01,1,0,0,0.0,,Never sold
1579,23,7,Field sales,GST registered,2025-07-07,2025-07-19,,11,2025-07-01,1,0,0,0.0,,Never sold
1580,23,1,Social / ads,No GST,2025-06-26,2025-06-26,2025-07-26,29,2025-06-01,1,1,249,58302.0,2025-12-31,Active (last 30 days)
1581,14,7,Social / ads,No GST,2025-06-06,2025-06-06,2025-06-10,13,2025-06-01,1,1,2,1013.0,2025-06-14,Dormant
1582,11,1,Referral,GST registered,2025-10-01,,,0,2025-10-01,0,0,0,0.0,,Never sold
1583,7,8,Field sales,No GST,2025-10-30,2025-11-02,2025-11-11,11,2025-10-01,1,1,4,500.0,2025-12-27,Active (last 30 days)
1584,1,1,Social / ads,GST registered,2025-08-06,2025-08-11,2025-08-12,38,2025-08-01,1,1,29,5532.0,2025-12-07,Active (last 30 days)
1585,5,8,Organic,No GST,2025-08-30,2025-09-01,2025-09-08,40,2025-08-01,1,1,71,13117.0,2025-12-06,Active (last 30 days)
1586,8,1,Referral,No GST,2025-04-20,,,0,2025-04-01,0,0,0,0.0,,Never sold
1587,20,7,Field sales,GST registered,2025-03-05,2025-03-13,2025-03-24,160,2025-03-01,1,1,29,5391.0,2025-12-25,Active (last 30 days)
1588,25,7,Field sales,GST registered,2025-04-20,2025-04-27,2025-05-21,8,2025-04-01,1,1,8,3296.0,2025-06-26,Dormant
1589,22,4,Organic,No GST,2025-06-02,2025-06-08,2025-06-13,36,2025-06-01,1,1,113,18510.0,2025-12-31,Active (last 30 days)
1590,22,1,Organic,No GST,2025-02-10,2025-02-10,,7,2025-02-01,1,0,0,0.0,,Never sold
1591,32,4,Organic,GST registered,2025-06-10,2025-06-17,2025-07-30,30,2025-06-01,1,1,97,22076.0,2025-10-28,Dormant
1592,31,4,Referral,GST registered,2025-08-15,2025-08-17,2025-08-21,28,2025-08-01,1,1,57,9249.0,2025-12-25,Active (last 30 days)
1593,11,4,Social / ads,GST registered,2025-10-30,2025-10-30,2025-11-01,7,2025-10-01,1,1,68,13162.0,2025-12-31,Active (last 30 days)
1594,7,5,Social / ads,No GST,2025-08-17,2025-08-17,2025-09-05,14,2025-08-01,1,1,1,235.0,2025-09-05,Dormant
1595,7,9,Organic,No GST,2025-10-23,2025-10-24,2025-10-31,73,2025-10-01,1,1,3,229.0,2025-11-05,Dormant
1596,28,9,Organic,No GST,2025-07-24,2025-07-25,2025-08-03,8,2025-07-01,1,1,64,10620.0,2025-12-27,Active (last 30 days)
1597,5,4,Social / ads,No GST,2025-05-28,,,0,2025-05-01,0,0,0,0.0,,Never sold
1598,13,1,Field sales,No GST,2025-02-26,2025-03-18,,21,2025-02-01,1,0,0,0.0,,Never sold
1599,16,1,Referral,GST registered,2025-03-10,2025-03-11,2025-03-17,15,2025-03-01,1,1,48,5819.0,2025-10-29,Dormant
1600,18,6,Organic,No GST,2025-06-18,2025-06-23,2025-06-26,4,2025-06-01,1,1,12,2038.0,2025-07-24,Dormant
1601,18,9,Organic,GST registered,2025-07-17,2025-07-22,2025-07-31,31,2025-07-01,1,1,73,11091.0,2025-12-31,Active (last 30 days)
1602,24,3,Social / ads,No GST,2025-06-16,2025-06-25,,16,2025-06-01,1,0,0,0.0,,Never sold
1603,17,1,Field sales,GST registered,2025-09-26,2025-09-27,2025-09-30,39,2025-09-01,1,1,125,29549.0,2025-12-31,Active (last 30 days)
1604,27,2,Organic,No GST,2025-04-23,2025-04-27,,19,2025-04-01,1,0,0,0.0,,Never sold
1605,4,2,Social / ads,No GST,2025-05-20,2025-05-21,,17,2025-05-01,1,0,0,0.0,,Never sold
1606,27,9,Field sales,No GST,2025-08-09,2025-08-10,,22,2025-08-01,1,0,0,0.0,,Never sold
1607,18,5,Social / ads,GST registered,2025-05-27,2025-05-28,2025-05-31,7,2025-05-01,1,1,42,9306.0,2025-12-29,Active (last 30 days)
1608,10,1,Referral,No GST,2025-05-22,2025-05-27,2025-06-04,57,2025-05-01,1,1,44,9649.0,2025-08-26,Dormant
1609,32,2,Referral,GST registered,2025-08-29,2025-09-07,,12,2025-08-01,1,0,0,0.0,,Never sold
1610,30,1,Social / ads,GST registered,2025-11-07,2025-11-10,,12,2025-11-01,1,0,0,0.0,,Never sold
1611,26,5,Social / ads,No GST,2025-07-03,2025-07-03,,46,2025-07-01,1,0,0,0.0,,Never sold
1612,29,5,Social / ads,No GST,2025-05-02,2025-05-08,,20,2025-05-01,1,0,0,0.0,,Never sold
1613,14,1,Social / ads,GST registered,2025-08-07,2025-08-12,2025-08-16,13,2025-08-01,1,1,12,1944.0,2025-12-31,Active (last 30 days)
1614,10,2,Referral,No GST,2025-07-22,2025-07-22,2025-07-30,22,2025-07-01,1,1,198,49386.0,2025-12-31,Active (last 30 days)
1615,8,8,Organic,GST registered,2025-11-20,,,0,2025-11-01,0,0,0,0.0,,Never sold
1616,27,7,Organic,No GST,2025-11-01,,,0,2025-11-01,0,0,0,0.0,,Never sold
1617,26,4,Social / ads,No GST,2025-04-21,,,0,2025-04-01,0,0,0,0.0,,Never sold
1618,32,3,Organic,No GST,2025-03-02,,,0,2025-03-01,0,0,0,0.0,,Never sold
1619,26,9,Social / ads,No GST,2025-09-23,,,0,2025-09-01,0,0,0,0.0,,Never sold
1620,19,6,Social / ads,No GST,2025-11-03,2025-11-14,2025-11-15,31,2025-11-01,1,1,21,4406.0,2025-12-31,Active (last 30 days)
1621,7,9,Social / ads,No GST,2025-04-28,2025-04-28,2025-05-01,27,2025-04-01,1,1,1,160.0,2025-05-01,Dormant
1622,8,1,Social / ads,GST registered,2025-08-20,2025-08-23,2025-08-26,2,2025-08-01,1,1,50,10014.0,2025-12-28,Active (last 30 days)
1623,14,1,Referral,GST registered,2025-10-24,2025-10-30,2025-11-04,14,2025-10-01,1,1,10,2102.0,2025-12-15,Active (last 30 days)
1624,23,1,Referral,No GST,2025-05-19,2025-05-19,2025-06-06,6,2025-05-01,1,1,21,3694.0,2025-10-05,Dormant
1625,8,7,Social / ads,GST registered,2025-11-05,,,0,2025-11-01,0,0,0,0.0,,Never sold
1626,29,5,Organic,No GST,2025-03-24,2025-03-31,2025-04-07,12,2025-03-01,1,1,86,16016.0,2025-12-31,Active (last 30 days)
1627,20,1,Organic,GST registered,2025-08-17,2025-08-17,2025-08-24,42,2025-08-01,1,1,53,9063.0,2025-12-29,Active (last 30 days)
1628,12,9,Social / ads,No GST,2025-11-19,2025-11-30,2025-12-07,6,2025-11-01,1,1,5,1490.0,2025-12-29,Active (last 30 days)
1629,28,9,Field sales,GST registered,2025-10-24,2025-10-25,2025-11-13,22,2025-10-01,1,1,2,249.0,2025-11-29,Dormant
1630,18,1,Referral,No GST,2025-01-28,2025-02-04,2025-02-06,16,2025-01-01,1,1,22,3895.0,2025-04-16,Dormant
1631,22,5,Organic,No GST,2025-11-07,2025-11-17,,150,2025-11-01,1,0,0,0.0,,Never sold
1632,14,5,Referral,GST registered,2025-10-03,2025-10-06,2025-10-11,42,2025-10-01,1,1,7,974.0,2025-12-18,Active (last 30 days)
1633,14,1,Social / ads,No GST,2025-06-11,2025-06-11,,40,2025-06-01,1,0,0,0.0,,Never sold
1634,1,5,Field sales,GST registered,2025-08-09,2025-08-17,2025-08-27,83,2025-08-01,1,1,42,5695.0,2025-12-28,Active (last 30 days)
1635,16,1,Referral,No GST,2025-09-08,2025-09-24,2025-10-06,20,2025-09-01,1,1,35,5713.0,2025-12-29,Active (last 30 days)
1636,23,8,Referral,No GST,2025-10-31,2025-11-02,,15,2025-10-01,1,0,0,0.0,,Never sold
1637,31,7,Social / ads,GST registered,2025-09-20,2025-09-21,2025-09-23,13,2025-09-01,1,1,12,1934.0,2025-10-28,Dormant
1638,28,8,Social / ads,GST registered,2025-09-07,2025-09-07,2025-09-21,21,2025-09-01,1,1,5,1113.0,2025-11-04,Dormant
1639,4,6,Referral,GST registered,2025-09-03,2025-09-09,2025-09-16,1,2025-09-01,1,1,1,92.0,2025-09-16,Dormant
1640,32,1,Field sales,GST registered,2025-05-11,2025-05-14,2025-05-19,16,2025-05-01,1,1,44,8423.0,2025-12-30,Active (last 30 days)
1641,7,2,Organic,No GST,2025-11-08,2025-11-08,2025-12-08,19,2025-11-01,1,1,2,298.0,2025-12-20,Active (last 30 days)
1642,2,5,Referral,GST registered,2025-03-07,2025-03-08,2025-03-20,14,2025-03-01,1,1,35,5486.0,2025-12-29,Active (last 30 days)
1643,23,2,Organic,No GST,2025-06-05,2025-06-06,2025-06-11,4,2025-06-01,1,1,9,2402.0,2025-11-30,Dormant
1644,29,6,Referral,No GST,2025-07-24,2025-07-24,2025-08-07,14,2025-07-01,1,1,8,984.0,2025-10-25,Dormant
1645,31,2,Referral,No GST,2025-04-17,2025-04-20,,4,2025-04-01,1,0,0,0.0,,Never sold
1646,26,1,Organic,No GST,2025-10-02,,,0,2025-10-01,0,0,0,0.0,,Never sold
1647,9,4,Organic,GST registered,2025-04-27,2025-05-01,,13,2025-04-01,1,0,0,0.0,,Never sold
1648,7,5,Organic,No GST,2025-06-02,,,0,2025-06-01,0,0,0,0.0,,Never sold
1649,3,4,Organic,No GST,2025-03-10,2025-03-11,2025-03-15,13,2025-03-01,1,1,20,3004.0,2025-08-02,Dormant
1650,17,5,Field sales,No GST,2025-10-17,2025-10-19,2025-10-27,33,2025-10-01,1,1,80,15717.0,2025-12-29,Active (last 30 days)
1651,15,3,Organic,GST registered,2025-02-16,,,0,2025-02-01,0,0,0,0.0,,Never sold
1652,5,6,Organic,GST registered,2025-05-22,2025-05-22,2025-05-29,7,2025-05-01,1,1,103,16628.0,2025-10-03,Dormant
1653,14,5,Social / ads,No GST,2025-06-11,2025-06-11,2025-07-10,9,2025-06-01,1,1,1,0.0,2025-07-10,Dormant
1654,17,4,Organic,No GST,2025-07-29,2025-08-06,2025-08-13,13,2025-07-01,1,1,196,37163.0,2025-12-31,Active (last 30 days)
1655,22,3,Social / ads,GST registered,2025-11-13,2025-11-20,2025-12-08,11,2025-11-01,1,1,4,1154.0,2025-12-20,Active (last 30 days)
1656,14,4,Field sales,No GST,2025-05-21,2025-05-22,2025-06-05,6,2025-05-01,1,1,46,9817.0,2025-11-22,Dormant
1657,12,1,Field sales,GST registered,2025-11-22,2025-11-22,2025-12-13,15,2025-11-01,1,1,4,800.0,2025-12-30,Active (last 30 days)
1658,20,5,Referral,No GST,2025-05-23,2025-05-28,2025-06-26,5,2025-05-01,1,1,4,551.0,2025-07-04,Dormant
1659,20,1,Organic,GST registered,2025-06-20,2025-06-22,2025-06-24,35,2025-06-01,1,1,124,31892.0,2025-12-31,Active (last 30 days)
1660,11,7,Social / ads,GST registered,2025-11-07,,,0,2025-11-01,0,0,0,0.0,,Never sold
1661,1,7,Social / ads,GST registered,2025-11-25,2025-11-25,2025-12-01,7,2025-11-01,1,1,1,188.0,2025-12-01,Active (last 30 days)
1662,30,4,Organic,GST registered,2025-05-21,2025-05-22,,9,2025-05-01,1,0,0,0.0,,Never sold
1663,23,7,Social / ads,GST registered,2025-08-09,,,0,2025-08-01,0,0,0,0.0,,Never sold
1664,9,5,Referral,GST registered,2025-11-22,2025-11-25,2025-11-30,16,2025-11-01,1,1,21,5389.0,2025-12-29,Active (last 30 days)
1665,17,1,Social / ads,GST registered,2025-05-01,2025-05-03,2025-05-06,20,2025-05-01,1,1,36,6285.0,2025-12-27,Active (last 30 days)
1666,18,6,Social / ads,No GST,2025-10-30,,,0,2025-10-01,0,0,0,0.0,,Never sold
1667,6,9,Organic,No GST,2025-03-29,2025-03-29,2025-04-12,23,2025-03-01,1,1,1,62.0,2025-04-12,Dormant
1668,9,1,Social / ads,No GST,2025-04-03,2025-04-10,2025-04-15,57,2025-04-01,1,1,65,15646.0,2025-12-30,Active (last 30 days)
1669,31,1,Social / ads,GST registered,2025-10-01,2025-10-03,2025-10-08,17,2025-10-01,1,1,80,18909.0,2025-12-30,Active (last 30 days)
1670,15,4,Field sales,GST registered,2025-05-16,2025-05-22,2025-05-26,5,2025-05-01,1,1,35,7121.0,2025-12-28,Active (last 30 days)
1671,9,2,Organic,No GST,2025-09-13,,,0,2025-09-01,0,0,0,0.0,,Never sold
1672,24,5,Social / ads,No GST,2025-10-28,,,0,2025-10-01,0,0,0,0.0,,Never sold
1673,14,4,Field sales,No GST,2025-09-19,2025-09-21,2025-09-30,24,2025-09-01,1,1,24,4468.0,2025-12-30,Active (last 30 days)
1674,19,6,Organic,No GST,2025-09-05,2025-09-05,2025-09-22,19,2025-09-01,1,1,37,6641.0,2025-12-26,Active (last 30 days)
1675,12,1,Social / ads,No GST,2025-10-09,,,0,2025-10-01,0,0,0,0.0,,Never sold
1676,3,3,Referral,No GST,2025-04-04,2025-04-04,2025-04-11,18,2025-04-01,1,1,2,268.0,2025-04-30,Dormant
1677,8,7,Social / ads,GST registered,2025-11-26,2025-12-10,,23,2025-11-01,1,0,0,0.0,,Never sold
1678,31,2,Field sales,No GST,2025-04-13,2025-04-15,,12,2025-04-01,1,0,0,0.0,,Never sold
1679,18,4,Organic,No GST,2025-09-15,2025-09-20,,38,2025-09-01,1,0,0,0.0,,Never sold
1680,26,1,Social / ads,No GST,2025-11-01,2025-11-05,2025-11-10,10,2025-11-01,1,1,28,6621.0,2025-12-28,Active (last 30 days)
1681,1,1,Referral,GST registered,2025-11-09,2025-11-11,,7,2025-11-01,1,0,0,0.0,,Never sold
1682,23,3,Referral,GST registered,2025-09-02,2025-09-08,2025-09-14,4,2025-09-01,1,1,281,60126.0,2025-12-31,Active (last 30 days)
1683,15,2,Referral,GST registered,2025-07-14,2025-07-20,2025-07-30,13,2025-07-01,1,1,41,9810.0,2025-12-30,Active (last 30 days)
1684,20,6,Organic,GST registered,2025-11-13,2025-11-17,2025-12-09,45,2025-11-01,1,1,15,3125.0,2025-12-31,Active (last 30 days)
1685,13,4,Field sales,No GST,2025-11-26,2025-11-26,2025-12-02,11,2025-11-01,1,1,8,1856.0,2025-12-27,Active (last 30 days)
1686,18,8,Referral,No GST,2025-06-14,2025-06-16,2025-06-30,5,2025-06-01,1,1,70,12563.0,2025-12-27,Active (last 30 days)
1687,2,7,Social / ads,GST registered,2025-05-31,2025-06-01,2025-06-09,20,2025-05-01,1,1,64,13625.0,2025-11-04,Dormant
1688,2,1,Social / ads,No GST,2025-09-27,2025-10-10,,9,2025-09-01,1,0,0,0.0,,Never sold
1689,25,1,Social / ads,GST registered,2025-07-31,2025-07-31,2025-08-06,56,2025-07-01,1,1,66,12730.0,2025-12-30,Active (last 30 days)
1690,6,7,Organic,No GST,2025-04-27,2025-05-01,2025-05-07,38,2025-04-01,1,1,180,44676.0,2025-08-22,Dormant
1691,1,2,Field sales,GST registered,2025-08-06,2025-08-12,2025-08-14,5,2025-08-01,1,1,218,60422.0,2025-12-31,Active (last 30 days)
1692,29,2,Organic,GST registered,2025-06-27,2025-06-28,2025-07-08,14,2025-06-01,1,1,24,8551.0,2025-08-31,Dormant
1693,11,1,Social / ads,No GST,2025-07-19,,,0,2025-07-01,0,0,0,0.0,,Never sold
1694,17,5,Referral,No GST,2025-05-21,2025-05-22,2025-06-04,6,2025-05-01,1,1,92,16549.0,2025-12-30,Active (last 30 days)
1695,26,2,Social / ads,No GST,2025-05-17,2025-05-19,2025-06-08,15,2025-05-01,1,1,2,501.0,2025-06-28,Dormant
1696,22,1,Organic,GST registered,2025-11-12,,,0,2025-11-01,0,0,0,0.0,,Never sold
1697,3,4,Organic,No GST,2025-06-15,,,0,2025-06-01,0,0,0,0.0,,Never sold
1698,17,6,Social / ads,GST registered,2025-01-19,2025-01-23,,10,2025-01-01,1,0,0,0.0,,Never sold
1699,16,2,Referral,GST registered,2025-08-06,2025-08-12,2025-08-25,2,2025-08-01,1,1,58,16396.0,2025-12-30,Active (last 30 days)
1700,13,6,Social / ads,No GST,2025-06-08,2025-06-08,2025-06-17,9,2025-06-01,1,1,13,1193.0,2025-08-25,Dormant
1701,23,3,Social / ads,No GST,2025-09-05,2025-09-09,2025-09-16,25,2025-09-01,1,1,15,3040.0,2025-12-31,Active (last 30 days)
1702,31,2,Referral,No GST,2025-03-08,,,0,2025-03-01,0,0,0,0.0,,Never sold
1703,7,2,Referral,GST registered,2025-08-18,2025-08-21,2025-08-26,45,2025-08-01,1,1,118,34498.0,2025-12-29,Active (last 30 days)
1704,7,1,Referral,No GST,2025-08-29,2025-08-30,2025-09-10,10,2025-08-01,1,1,12,2617.0,2025-12-26,Active (last 30 days)
1705,22,2,Social / ads,GST registered,2025-07-17,2025-07-30,2025-07-31,19,2025-07-01,1,1,11,4115.0,2025-08-21,Dormant
1706,14,7,Social / ads,No GST,2025-04-21,2025-04-21,2025-04-22,11,2025-04-01,1,1,42,8626.0,2025-08-24,Dormant
1707,24,1,Organic,No GST,2025-10-18,2025-10-19,,6,2025-10-01,1,0,0,0.0,,Never sold
1708,7,9,Field sales,No GST,2025-11-18,2025-11-19,,23,2025-11-01,1,0,0,0.0,,Never sold
1709,2,1,Organic,No GST,2025-06-30,,,0,2025-06-01,0,0,0,0.0,,Never sold
1710,21,2,Field sales,No GST,2025-04-17,2025-04-29,,8,2025-04-01,1,0,0,0.0,,Never sold
1711,32,4,Social / ads,GST registered,2025-08-31,,,0,2025-08-01,0,0,0,0.0,,Never sold
1712,5,7,Social / ads,No GST,2025-08-16,2025-08-18,2025-08-20,46,2025-08-01,1,1,42,8574.0,2025-12-31,Active (last 30 days)
1713,27,1,Referral,No GST,2025-07-01,2025-07-06,,16,2025-07-01,1,0,0,0.0,,Never sold
1714,14,1,Organic,GST registered,2025-11-20,,,0,2025-11-01,0,0,0,0.0,,Never sold
1715,1,4,Organic,GST registered,2025-09-10,2025-09-12,2025-09-19,27,2025-09-01,1,1,28,4755.0,2025-12-31,Active (last 30 days)
1716,15,2,Organic,GST registered,2025-09-06,2025-09-13,2025-09-23,39,2025-09-01,1,1,28,5098.0,2025-12-28,Active (last 30 days)
1717,11,5,Organic,No GST,2025-07-27,,,0,2025-07-01,0,0,0,0.0,,Never sold
1718,20,7,Social / ads,No GST,2025-07-23,,,0,2025-07-01,0,0,0,0.0,,Never sold
1719,11,1,Referral,No GST,2025-06-08,,,0,2025-06-01,0,0,0,0.0,,Never sold
1720,15,7,Organic,GST registered,2025-06-29,2025-06-29,2025-07-10,18,2025-06-01,1,1,36,8994.0,2025-12-31,Active (last 30 days)
1721,9,1,Field sales,GST registered,2025-10-04,2025-10-04,2025-10-10,11,2025-10-01,1,1,18,4280.0,2025-11-08,Dormant
1722,26,8,Organic,GST registered,2025-02-22,2025-02-23,2025-03-06,29,2025-02-01,1,1,229,47826.0,2025-12-31,Active (last 30 days)
1723,30,9,Organic,GST registered,2025-03-03,2025-03-03,2025-03-05,21,2025-03-01,1,1,8,1148.0,2025-10-03,Dormant
1724,14,5,Social / ads,GST registered,2025-07-06,2025-07-08,,27,2025-07-01,1,0,0,0.0,,Never sold
1725,14,9,Organic,GST registered,2025-05-26,,,0,2025-05-01,0,0,0,0.0,,Never sold
1726,32,7,Referral,GST registered,2025-07-14,2025-07-27,2025-07-30,35,2025-07-01,1,1,8,693.0,2025-12-22,Active (last 30 days)
1727,7,1,Referral,GST registered,2025-08-09,2025-08-09,2025-08-14,16,2025-08-01,1,1,56,11999.0,2025-12-27,Active (last 30 days)
1728,25,1,Organic,No GST,2025-07-23,,,0,2025-07-01,0,0,0,0.0,,Never sold
1729,17,1,Organic,GST registered,2025-10-14,2025-10-18,2025-10-22,35,2025-10-01,1,1,16,2320.0,2025-12-04,Active (last 30 days)
1730,28,3,Organic,GST registered,2025-09-18,2025-09-19,2025-09-28,28,2025-09-01,1,1,16,4601.0,2025-12-21,Active (last 30 days)
1731,11,4,Organic,No GST,2025-08-23,2025-09-01,2025-09-14,15,2025-08-01,1,1,163,30565.0,2025-12-31,Active (last 30 days)
1732,12,3,Social / ads,No GST,2025-08-15,2025-08-24,,29,2025-08-01,1,0,0,0.0,,Never sold
1733,12,5,Referral,No GST,2025-11-21,2025-11-23,2025-11-27,39,2025-11-01,1,1,30,4645.0,2025-12-30,Active (last 30 days)
1734,1,3,Referral,No GST,2025-07-08,2025-07-08,2025-07-15,26,2025-07-01,1,1,71,14320.0,2025-12-21,Active (last 30 days)
1735,8,1,Organic,No GST,2025-04-19,2025-04-28,,19,2025-04-01,1,0,0,0.0,,Never sold
1736,32,1,Social / ads,No GST,2025-06-20,,,0,2025-06-01,0,0,0,0.0,,Never sold
1737,10,9,Organic,No GST,2025-08-28,,,0,2025-08-01,0,0,0,0.0,,Never sold
1738,1,2,Social / ads,GST registered,2025-08-17,2025-08-18,2025-08-25,55,2025-08-01,1,1,6,1019.0,2025-09-02,Dormant
1739,11,2,Organic,No GST,2025-08-07,2025-08-18,2025-08-21,4,2025-08-01,1,1,59,19886.0,2025-12-26,Active (last 30 days)
1740,14,1,Social / ads,GST registered,2025-09-19,2025-09-22,2025-09-29,16,2025-09-01,1,1,34,6860.0,2025-12-30,Active (last 30 days)
1741,16,9,Organic,GST registered,2025-11-26,,,0,2025-11-01,0,0,0,0.0,,Never sold
1742,3,1,Organic,GST registered,2025-09-02,,,0,2025-09-01,0,0,0,0.0,,Never sold
1743,24,5,Referral,GST registered,2025-04-12,,,0,2025-04-01,0,0,0,0.0,,Never sold
1744,26,1,Organic,GST registered,2025-09-11,2025-09-17,2025-09-21,6,2025-09-01,1,1,33,8478.0,2025-12-30,Active (last 30 days)
1745,9,1,Social / ads,No GST,2025-10-25,2025-10-25,2025-11-07,91,2025-10-01,1,1,19,4551.0,2025-12-30,Active (last 30 days)
1746,25,6,Field sales,GST registered,2025-08-25,2025-08-25,,5,2025-08-01,1,0,0,0.0,,Never sold
1747,13,5,Field sales,GST registered,2025-09-23,2025-09-27,2025-10-01,7,2025-09-01,1,1,16,3120.0,2025-12-24,Active (last 30 days)
1748,14,5,Organic,GST registered,2025-10-30,2025-10-30,,7,2025-10-01,1,0,0,0.0,,Never sold
1749,30,1,Field sales,GST registered,2025-05-15,2025-05-21,2025-05-28,19,2025-05-01,1,1,82,16412.0,2025-12-16,Active (last 30 days)
1750,28,9,Organic,No GST,2025-05-10,2025-05-19,2025-05-21,37,2025-05-01,1,1,14,2782.0,2025-12-22,Active (last 30 days)
1751,14,4,Social / ads,GST registered,2025-08-03,2025-08-05,2025-08-15,25,2025-08-01,1,1,78,19795.0,2025-11-05,Dormant
1752,15,9,Field sales,GST registered,2025-10-06,2025-10-06,2025-10-21,53,2025-10-01,1,1,3,681.0,2025-10-27,Dormant
1753,11,1,Referral,GST registered,2025-05-11,2025-05-13,2025-05-18,8,2025-05-01,1,1,18,3590.0,2025-10-04,Dormant
1754,16,2,Social / ads,GST registered,2025-03-13,2025-03-17,2025-03-19,27,2025-03-01,1,1,128,33503.0,2025-09-21,Dormant
1755,20,2,Referral,GST registered,2025-11-16,2025-11-28,2025-12-17,12,2025-11-01,1,1,4,1337.0,2025-12-30,Active (last 30 days)
1756,5,6,Referral,GST registered,2025-07-14,2025-07-14,2025-07-22,19,2025-07-01,1,1,60,9771.0,2025-12-30,Active (last 30 days)
1757,29,6,Organic,No GST,2025-07-12,2025-07-12,,39,2025-07-01,1,0,0,0.0,,Never sold
1758,21,3,Field sales,No GST,2025-08-18,2025-08-18,,4,2025-08-01,1,0,0,0.0,,Never sold
1759,5,1,Organic,No GST,2025-05-16,2025-05-18,,80,2025-05-01,1,0,0,0.0,,Never sold
1760,27,1,Organic,GST registered,2025-05-04,2025-05-04,,14,2025-05-01,1,0,0,0.0,,Never sold
1761,22,1,Social / ads,GST registered,2025-04-16,,,0,2025-04-01,0,0,0,0.0,,Never sold
1762,12,7,Organic,No GST,2025-05-26,,,0,2025-05-01,0,0,0,0.0,,Never sold
1763,16,2,Field sales,GST registered,2025-09-03,2025-09-03,2025-09-09,17,2025-09-01,1,1,6,1324.0,2025-10-15,Dormant
1764,27,1,Organic,No GST,2025-07-16,2025-07-18,,9,2025-07-01,1,0,0,0.0,,Never sold
1765,31,2,Referral,GST registered,2025-11-24,2025-11-25,,3,2025-11-01,1,0,0,0.0,,Never sold
1766,11,1,Social / ads,GST registered,2025-06-28,2025-06-28,,17,2025-06-01,1,0,0,0.0,,Never sold
1767,19,9,Organic,GST registered,2025-05-23,2025-05-25,2025-06-04,9,2025-05-01,1,1,43,5778.0,2025-12-23,Active (last 30 days)
1768,27,2,Field sales,No GST,2025-11-01,2025-11-05,,27,2025-11-01,1,0,0,0.0,,Never sold
1769,32,8,Field sales,No GST,2025-11-01,2025-11-05,2025-11-23,6,2025-11-01,1,1,98,19708.0,2025-12-31,Active (last 30 days)
1770,4,5,Social / ads,No GST,2025-09-10,2025-09-13,2025-09-19,100,2025-09-01,1,1,1,87.0,2025-09-19,Dormant
1771,15,4,Organic,GST registered,2025-11-15,2025-11-25,2025-12-13,24,2025-11-01,1,1,16,2691.0,2025-12-31,Active (last 30 days)
1772,27,3,Social / ads,No GST,2025-05-02,2025-05-02,2025-05-14,19,2025-05-01,1,1,25,4296.0,2025-10-08,Dormant
1773,1,5,Referral,GST registered,2025-05-09,2025-05-10,2025-05-23,27,2025-05-01,1,1,41,5662.0,2025-12-24,Active (last 30 days)
1774,14,5,Referral,GST registered,2025-03-11,2025-03-11,,3,2025-03-01,1,0,0,0.0,,Never sold
1775,17,1,Organic,No GST,2025-05-09,2025-05-17,2025-05-21,11,2025-05-01,1,1,33,9205.0,2025-06-30,Dormant
1776,16,8,Organic,No GST,2025-06-25,2025-07-01,,68,2025-06-01,1,0,0,0.0,,Never sold
1777,22,2,Referral,GST registered,2025-04-07,2025-04-15,2025-04-18,12,2025-04-01,1,1,213,55851.0,2025-12-31,Active (last 30 days)
1778,3,2,Organic,GST registered,2025-10-10,2025-10-12,2025-10-18,15,2025-10-01,1,1,13,2532.0,2025-12-31,Active (last 30 days)
1779,24,2,Referral,GST registered,2025-01-22,2025-01-23,2025-02-04,11,2025-01-01,1,1,88,19092.0,2025-07-01,Dormant
1780,11,5,Field sales,GST registered,2025-10-19,2025-10-20,2025-11-05,53,2025-10-01,1,1,3,883.0,2025-12-07,Active (last 30 days)
1781,26,2,Referral,GST registered,2025-07-21,,,0,2025-07-01,0,0,0,0.0,,Never sold
1782,14,2,Organic,No GST,2025-09-08,,,0,2025-09-01,0,0,0,0.0,,Never sold
1783,2,1,Organic,GST registered,2025-06-14,2025-06-19,2025-06-26,129,2025-06-01,1,1,70,12426.0,2025-12-25,Active (last 30 days)
1784,31,2,Referral,No GST,2025-09-02,2025-09-03,2025-09-07,5,2025-09-01,1,1,4,523.0,2025-11-02,Dormant
1785,24,1,Field sales,GST registered,2025-07-18,2025-07-25,2025-07-29,15,2025-07-01,1,1,44,9163.0,2025-12-26,Active (last 30 days)
1786,13,7,Social / ads,GST registered,2025-11-16,,,0,2025-11-01,0,0,0,0.0,,Never sold
1787,11,2,Referral,GST registered,2025-10-11,2025-10-12,2025-10-22,9,2025-10-01,1,1,11,3697.0,2025-12-26,Active (last 30 days)
1788,18,9,Field sales,GST registered,2025-06-12,2025-06-14,2025-06-27,7,2025-06-01,1,1,36,3333.0,2025-12-26,Active (last 30 days)
1789,32,5,Organic,GST registered,2025-11-23,2025-11-27,2025-12-02,10,2025-11-01,1,1,49,8571.0,2025-12-31,Active (last 30 days)
1790,11,6,Social / ads,No GST,2025-09-13,2025-09-15,,36,2025-09-01,1,0,0,0.0,,Never sold
1791,30,8,Organic,No GST,2025-08-09,2025-08-27,2025-09-03,3,2025-08-01,1,1,13,2001.0,2025-12-27,Active (last 30 days)
1792,13,1,Organic,GST registered,2025-02-19,2025-02-26,2025-03-04,45,2025-02-01,1,1,51,7924.0,2025-12-28,Active (last 30 days)
1793,21,4,Organic,No GST,2025-04-16,2025-04-17,,39,2025-04-01,1,0,0,0.0,,Never sold
1794,14,1,Organic,No GST,2025-04-12,2025-04-13,2025-04-14,24,2025-04-01,1,1,446,110963.0,2025-10-30,Dormant
1795,4,1,Social / ads,GST registered,2025-09-08,2025-09-09,,18,2025-09-01,1,0,0,0.0,,Never sold
1796,30,2,Organic,No GST,2025-09-20,,,0,2025-09-01,0,0,0,0.0,,Never sold
1797,8,5,Organic,No GST,2025-10-13,,,0,2025-10-01,0,0,0,0.0,,Never sold
1798,30,7,Organic,No GST,2025-09-20,2025-09-26,,4,2025-09-01,1,0,0,0.0,,Never sold
1799,5,1,Social / ads,No GST,2025-06-24,2025-06-24,2025-06-29,29,2025-06-01,1,1,4,1101.0,2025-08-11,Dormant
1800,11,6,Social / ads,No GST,2025-11-16,2025-11-16,2025-11-24,9,2025-11-01,1,1,4,865.0,2025-12-21,Active (last 30 days)
1801,29,1,Social / ads,GST registered,2025-02-20,2025-02-28,2025-03-09,31,2025-02-01,1,1,1,287.0,2025-03-09,Dormant
1802,19,1,Social / ads,No GST,2025-09-23,2025-09-25,2025-10-02,10,2025-09-01,1,1,27,6028.0,2025-11-19,Dormant
1803,9,1,Social / ads,No GST,2025-10-16,2025-10-22,2025-10-29,28,2025-10-01,1,1,15,3188.0,2025-12-31,Active (last 30 days)
1804,18,4,Referral,GST registered,2025-09-06,2025-09-09,2025-09-14,4,2025-09-01,1,1,37,8700.0,2025-12-30,Active (last 30 days)
1805,8,3,Organic,No GST,2025-07-02,2025-07-02,,4,2025-07-01,1,0,0,0.0,,Never sold
1806,28,2,Organic,GST registered,2025-11-23,2025-11-24,2025-11-30,15,2025-11-01,1,1,5,2136.0,2025-12-19,Active (last 30 days)
1807,3,1,Organic,GST registered,2025-05-17,2025-05-19,2025-05-26,51,2025-05-01,1,1,91,18919.0,2025-10-14,Dormant
1808,16,4,Field sales,No GST,2025-07-03,2025-07-08,2025-07-23,25,2025-07-01,1,1,1,185.0,2025-07-23,Dormant
1809,3,7,Organic,No GST,2025-09-13,2025-09-13,2025-09-25,25,2025-09-01,1,1,100,21817.0,2025-12-31,Active (last 30 days)
1810,20,1,Organic,No GST,2025-04-16,,,0,2025-04-01,0,0,0,0.0,,Never sold
1811,30,6,Field sales,No GST,2025-05-28,2025-05-29,2025-06-03,11,2025-05-01,1,1,390,62106.0,2025-12-31,Active (last 30 days)
1812,26,5,Organic,GST registered,2025-06-09,2025-06-13,,26,2025-06-01,1,0,0,0.0,,Never sold
1813,14,3,Organic,No GST,2025-11-03,,,0,2025-11-01,0,0,0,0.0,,Never sold
1814,10,1,Organic,No GST,2025-05-05,2025-05-13,2025-05-28,12,2025-05-01,1,1,44,9740.0,2025-12-28,Active (last 30 days)
1815,6,8,Field sales,No GST,2025-09-08,2025-09-09,2025-09-13,14,2025-09-01,1,1,56,9364.0,2025-12-30,Active (last 30 days)
1816,27,3,Organic,GST registered,2025-08-20,2025-08-23,2025-09-05,10,2025-08-01,1,1,37,8418.0,2025-12-29,Active (last 30 days)
1817,4,2,Organic,GST registered,2025-07-03,,,0,2025-07-01,0,0,0,0.0,,Never sold
1818,19,7,Organic,No GST,2025-07-07,2025-07-10,2025-07-29,13,2025-07-01,1,1,19,5525.0,2025-11-15,Dormant
1819,14,7,Social / ads,GST registered,2025-09-02,,,0,2025-09-01,0,0,0,0.0,,Never sold
1820,32,6,Organic,GST registered,2025-09-12,2025-09-15,2025-09-28,14,2025-09-01,1,1,30,4496.0,2025-12-31,Active (last 30 days)
1821,15,7,Organic,No GST,2025-08-09,,,0,2025-08-01,0,0,0,0.0,,Never sold
1822,16,1,Social / ads,No GST,2025-07-04,2025-07-17,,6,2025-07-01,1,0,0,0.0,,Never sold
1823,29,6,Social / ads,No GST,2025-01-31,2025-02-01,2025-02-09,22,2025-01-01,1,1,4,243.0,2025-03-09,Dormant
1824,31,2,Organic,No GST,2025-06-18,2025-06-20,2025-06-21,11,2025-06-01,1,1,39,9276.0,2025-11-14,Dormant
1825,17,7,Organic,No GST,2025-09-20,2025-09-22,,19,2025-09-01,1,0,0,0.0,,Never sold
1826,24,2,Organic,GST registered,2025-10-20,2025-10-25,2025-10-28,9,2025-10-01,1,1,57,17817.0,2025-12-30,Active (last 30 days)
1827,19,1,Field sales,No GST,2025-10-19,2025-10-21,2025-10-25,38,2025-10-01,1,1,20,3503.0,2025-12-31,Active (last 30 days)
1828,14,2,Organic,No GST,2025-06-20,2025-06-23,2025-07-04,35,2025-06-01,1,1,288,78607.0,2025-12-31,Active (last 30 days)
1829,3,6,Social / ads,No GST,2025-08-28,2025-08-29,2025-09-08,7,2025-08-01,1,1,59,10395.0,2025-12-29,Active (last 30 days)
1830,21,4,Social / ads,GST registered,2025-10-23,2025-10-27,,25,2025-10-01,1,0,0,0.0,,Never sold
1831,21,6,Referral,GST registered,2025-07-31,2025-08-02,2025-08-11,52,2025-07-01,1,1,25,2462.0,2025-12-01,Active (last 30 days)
1832,6,1,Organic,No GST,2025-09-02,2025-09-05,2025-09-10,7,2025-09-01,1,1,161,35225.0,2025-12-31,Active (last 30 days)
1833,10,1,Social / ads,No GST,2025-08-09,2025-08-09,2025-09-18,8,2025-08-01,1,1,45,9229.0,2025-12-24,Active (last 30 days)
1834,22,4,Field sales,GST registered,2025-02-11,2025-02-14,2025-02-23,29,2025-02-01,1,1,85,15082.0,2025-12-27,Active (last 30 days)
1835,7,2,Social / ads,No GST,2025-03-18,,,0,2025-03-01,0,0,0,0.0,,Never sold
1836,20,5,Organic,No GST,2025-06-03,2025-06-11,2025-06-24,8,2025-06-01,1,1,285,49442.0,2025-12-31,Active (last 30 days)
1837,21,9,Field sales,GST registered,2025-11-14,2025-11-14,,7,2025-11-01,1,0,0,0.0,,Never sold
1838,13,5,Social / ads,No GST,2025-08-27,,,0,2025-08-01,0,0,0,0.0,,Never sold
1839,11,2,Social / ads,No GST,2025-07-28,2025-07-28,,9,2025-07-01,1,0,0,0.0,,Never sold
1840,14,4,Referral,GST registered,2025-08-10,2025-08-10,,13,2025-08-01,1,0,0,0.0,,Never sold
1841,13,8,Referral,GST registered,2025-08-06,,,0,2025-08-01,0,0,0,0.0,,Never sold
1842,18,5,Referral,GST registered,2025-03-26,2025-03-26,,41,2025-03-01,1,0,0,0.0,,Never sold
1843,22,6,Field sales,No GST,2025-07-02,2025-07-02,2025-07-04,8,2025-07-01,1,1,11,1572.0,2025-11-30,Dormant
1844,27,2,Social / ads,GST registered,2025-08-12,,,0,2025-08-01,0,0,0,0.0,,Never sold
1845,2,6,Referral,GST registered,2025-03-28,2025-03-30,2025-04-05,5,2025-03-01,1,1,13,1435.0,2025-07-25,Dormant
1846,22,1,Organic,GST registered,2025-10-15,2025-10-16,2025-10-25,28,2025-10-01,1,1,29,7103.0,2025-12-27,Active (last 30 days)
1847,12,6,Organic,No GST,2025-04-20,2025-04-22,,30,2025-04-01,1,0,0,0.0,,Never sold
1848,26,8,Field sales,No GST,2025-06-29,2025-07-01,,44,2025-06-01,1,0,0,0.0,,Never sold
1849,4,8,Social / ads,GST registered,2025-09-28,,,0,2025-09-01,0,0,0,0.0,,Never sold
1850,17,1,Organic,No GST,2025-11-24,2025-12-01,,13,2025-11-01,1,0,0,0.0,,Never sold
1851,16,7,Organic,GST registered,2025-09-13,2025-09-18,2025-09-26,114,2025-09-01,1,1,65,16892.0,2025-12-26,Active (last 30 days)
1852,12,1,Social / ads,GST registered,2025-06-05,2025-06-10,2025-06-13,12,2025-06-01,1,1,48,11909.0,2025-12-19,Active (last 30 days)
1853,31,3,Referral,GST registered,2025-05-01,2025-05-05,,10,2025-05-01,1,0,0,0.0,,Never sold
1854,5,5,Organic,No GST,2025-01-05,2025-01-08,2025-01-10,16,2025-01-01,1,1,90,14585.0,2025-12-22,Active (last 30 days)
1855,6,3,Organic,No GST,2025-09-21,,,0,2025-09-01,0,0,0,0.0,,Never sold
1856,19,2,Referral,GST registered,2025-11-07,2025-11-12,2025-11-21,24,2025-11-01,1,1,9,2378.0,2025-12-31,Active (last 30 days)
1857,16,5,Organic,No GST,2025-09-04,2025-09-05,2025-09-18,10,2025-09-01,1,1,74,13128.0,2025-12-31,Active (last 30 days)
1858,11,5,Field sales,No GST,2025-08-09,2025-08-09,2025-08-17,10,2025-08-01,1,1,40,6572.0,2025-12-31,Active (last 30 days)
1859,12,4,Referral,No GST,2025-03-16,2025-03-16,2025-03-31,12,2025-03-01,1,1,8,1492.0,2025-05-04,Dormant
1860,7,4,Field sales,No GST,2025-07-23,2025-07-23,2025-08-07,9,2025-07-01,1,1,32,8045.0,2025-12-29,Active (last 30 days)
1861,27,5,Field sales,No GST,2025-05-29,2025-05-29,2025-06-01,6,2025-05-01,1,1,605,113157.0,2025-12-31,Active (last 30 days)
1862,17,2,Organic,GST registered,2025-03-08,2025-03-08,2025-03-13,69,2025-03-01,1,1,18,3790.0,2025-07-16,Dormant
1863,10,1,Organic,GST registered,2025-05-16,2025-05-21,,11,2025-05-01,1,0,0,0.0,,Never sold
1864,14,4,Organic,No GST,2025-09-14,,,0,2025-09-01,0,0,0,0.0,,Never sold
1865,29,6,Organic,No GST,2025-07-28,2025-07-28,2025-08-03,12,2025-07-01,1,1,44,5841.0,2025-12-28,Active (last 30 days)
1866,28,2,Field sales,GST registered,2025-10-28,2025-10-30,2025-11-08,15,2025-10-01,1,1,12,2144.0,2025-12-25,Active (last 30 days)
1867,4,1,Organic,No GST,2025-10-22,2025-10-22,2025-10-28,23,2025-10-01,1,1,11,1709.0,2025-12-31,Active (last 30 days)
1868,19,8,Field sales,No GST,2025-04-15,2025-04-21,2025-04-28,11,2025-04-01,1,1,43,7864.0,2025-12-31,Active (last 30 days)
1869,7,7,Organic,No GST,2025-10-29,2025-10-31,2025-11-03,40,2025-10-01,1,1,3,178.0,2025-12-25,Active (last 30 days)
1870,9,4,Organic,No GST,2025-04-04,,,0,2025-04-01,0,0,0,0.0,,Never sold
1871,27,6,Organic,GST registered,2025-05-18,2025-05-18,,14,2025-05-01,1,0,0,0.0,,Never sold
1872,28,9,Referral,No GST,2025-11-10,2025-11-12,2025-11-16,9,2025-11-01,1,1,212,34629.0,2025-12-31,Active (last 30 days)
1873,4,4,Field sales,No GST,2025-04-28,2025-04-30,2025-05-02,39,2025-04-01,1,1,86,17582.0,2025-12-24,Active (last 30 days)
1874,28,1,Social / ads,GST registered,2025-10-16,,,0,2025-10-01,0,0,0,0.0,,Never sold
1875,22,5,Organic,GST registered,2025-08-27,,,0,2025-08-01,0,0,0,0.0,,Never sold
1876,24,8,Field sales,No GST,2025-04-14,2025-04-22,2025-04-30,37,2025-04-01,1,1,144,31441.0,2025-12-01,Active (last 30 days)
1877,24,5,Social / ads,GST registered,2025-09-24,2025-10-06,2025-10-11,9,2025-09-01,1,1,79,14910.0,2025-12-10,Active (last 30 days)
1878,15,1,Organic,GST registered,2025-03-27,2025-03-29,2025-04-13,32,2025-03-01,1,1,74,17501.0,2025-12-28,Active (last 30 days)
1879,30,8,Organic,GST registered,2025-04-06,2025-04-19,,2,2025-04-01,1,0,0,0.0,,Never sold
1880,9,6,Organic,GST registered,2025-10-26,2025-11-03,2025-11-09,12,2025-10-01,1,1,4,167.0,2025-12-20,Active (last 30 days)
1881,15,2,Organic,GST registered,2025-10-25,,,0,2025-10-01,0,0,0,0.0,,Never sold
1882,12,9,Social / ads,No GST,2025-07-29,2025-08-02,2025-08-06,16,2025-07-01,1,1,11,1572.0,2025-09-14,Dormant
1883,25,6,Organic,No GST,2025-07-12,,,0,2025-07-01,0,0,0,0.0,,Never sold
1884,4,7,Referral,No GST,2025-08-13,,,0,2025-08-01,0,0,0,0.0,,Never sold
1885,14,8,Social / ads,GST registered,2025-06-08,2025-06-08,,21,2025-06-01,1,0,0,0.0,,Never sold
1886,24,1,Organic,GST registered,2025-02-02,2025-02-04,2025-02-15,16,2025-02-01,1,1,65,14650.0,2025-06-12,Dormant
1887,12,6,Field sales,GST registered,2025-08-09,2025-08-09,2025-08-26,19,2025-08-01,1,1,64,9672.0,2025-12-31,Active (last 30 days)
1888,10,2,Organic,No GST,2025-08-18,2025-09-01,2025-09-03,84,2025-08-01,1,1,69,21246.0,2025-12-12,Active (last 30 days)
1889,11,7,Referral,No GST,2025-07-06,2025-07-15,,46,2025-07-01,1,0,0,0.0,,Never sold
1890,21,7,Organic,GST registered,2025-11-23,2025-11-23,2025-12-20,30,2025-11-01,1,1,1,334.0,2025-12-20,Active (last 30 days)
1891,11,7,Organic,No GST,2025-09-10,2025-09-10,2025-09-14,31,2025-09-01,1,1,28,5039.0,2025-11-15,Dormant
1892,14,6,Organic,GST registered,2025-10-26,2025-10-28,,7,2025-10-01,1,0,0,0.0,,Never sold
1893,16,6,Field sales,GST registered,2025-06-02,2025-06-06,,11,2025-06-01,1,0,0,0.0,,Never sold
1894,30,2,Field sales,No GST,2025-05-27,2025-05-30,2025-06-06,4,2025-05-01,1,1,289,83597.0,2025-12-31,Active (last 30 days)
1895,24,2,Field sales,GST registered,2025-10-24,2025-10-25,2025-11-05,5,2025-10-01,1,1,60,20485.0,2025-12-31,Active (last 30 days)
1896,9,1,Organic,No GST,2025-11-22,2025-11-23,2025-12-04,8,2025-11-01,1,1,4,1515.0,2025-12-31,Active (last 30 days)
1897,28,7,Social / ads,GST registered,2025-11-10,2025-11-10,,16,2025-11-01,1,0,0,0.0,,Never sold
1898,26,5,Organic,No GST,2025-06-09,,,0,2025-06-01,0,0,0,0.0,,Never sold
1899,22,4,Social / ads,GST registered,2025-09-21,2025-09-22,2025-09-30,15,2025-09-01,1,1,29,5822.0,2025-12-28,Active (last 30 days)
1900,16,1,Field sales,GST registered,2025-10-22,2025-11-01,2025-11-08,14,2025-10-01,1,1,32,5407.0,2025-12-31,Active (last 30 days)
1901,4,4,Referral,GST registered,2025-10-05,2025-10-13,,6,2025-10-01,1,0,0,0.0,,Never sold
1902,21,3,Referral,No GST,2025-10-09,2025-10-13,2025-10-20,55,2025-10-01,1,1,36,8876.0,2025-12-29,Active (last 30 days)
1903,16,9,Social / ads,No GST,2025-02-17,2025-02-21,2025-02-25,5,2025-02-01,1,1,25,3637.0,2025-08-28,Dormant
1904,12,7,Field sales,No GST,2025-08-09,2025-08-10,,40,2025-08-01,1,0,0,0.0,,Never sold
1905,1,4,Organic,GST registered,2025-02-13,2025-02-13,,2,2025-02-01,1,0,0,0.0,,Never sold
1906,10,6,Social / ads,GST registered,2025-11-23,,,0,2025-11-01,0,0,0,0.0,,Never sold
1907,18,1,Organic,GST registered,2025-10-06,2025-10-06,2025-10-17,6,2025-10-01,1,1,48,11309.0,2025-12-30,Active (last 30 days)
1908,5,1,Referral,No GST,2025-10-30,2025-10-30,2025-11-04,9,2025-10-01,1,1,6,940.0,2025-12-26,Active (last 30 days)
1909,19,5,Field sales,GST registered,2025-03-31,2025-03-31,2025-04-11,69,2025-03-01,1,1,136,24902.0,2025-12-30,Active (last 30 days)
1910,25,6,Social / ads,GST registered,2025-11-09,2025-11-12,2025-11-27,12,2025-11-01,1,1,2,205.0,2025-11-29,Dormant
1911,12,1,Referral,No GST,2025-08-13,,,0,2025-08-01,0,0,0,0.0,,Never sold
1912,4,1,Organic,No GST,2025-07-17,,,0,2025-07-01,0,0,0,0.0,,Never sold
1913,7,4,Referral,GST registered,2025-08-12,2025-08-17,2025-08-26,12,2025-08-01,1,1,19,3730.0,2025-12-29,Active (last 30 days)
1914,13,1,Organic,GST registered,2025-08-05,2025-08-05,2025-08-07,18,2025-08-01,1,1,10,1655.0,2025-09-07,Dormant
1915,25,3,Referral,GST registered,2025-11-02,2025-11-03,2025-11-09,7,2025-11-01,1,1,14,3286.0,2025-12-27,Active (last 30 days)
1916,19,3,Referral,No GST,2025-11-16,2025-11-21,,8,2025-11-01,1,0,0,0.0,,Never sold
1917,27,8,Social / ads,GST registered,2025-11-03,,,0,2025-11-01,0,0,0,0.0,,Never sold
1918,32,2,Organic,No GST,2025-09-18,2025-09-24,2025-10-23,31,2025-09-01,1,1,3,1273.0,2025-11-08,Dormant
1919,9,1,Organic,GST registered,2025-04-21,2025-04-21,2025-04-24,13,2025-04-01,1,1,336,78683.0,2025-12-29,Active (last 30 days)
1920,20,1,Referral,No GST,2025-05-18,2025-06-03,2025-06-04,7,2025-05-01,1,1,632,156090.0,2025-11-15,Dormant
1921,14,1,Organic,No GST,2025-05-05,2025-05-14,,18,2025-05-01,1,0,0,0.0,,Never sold
1922,15,6,Organic,GST registered,2025-04-26,2025-05-02,,17,2025-04-01,1,0,0,0.0,,Never sold
1923,12,3,Organic,GST registered,2025-10-04,,,0,2025-10-01,0,0,0,0.0,,Never sold
1924,13,1,Referral,GST registered,2025-11-20,2025-11-20,,11,2025-11-01,1,0,0,0.0,,Never sold
1925,20,8,Organic,No GST,2025-08-16,2025-08-17,2025-08-22,15,2025-08-01,1,1,19,3190.0,2025-10-01,Dormant
1926,18,6,Referral,GST registered,2025-07-17,2025-07-21,2025-08-07,23,2025-07-01,1,1,76,8928.0,2025-12-27,Active (last 30 days)
1927,12,1,Social / ads,No GST,2025-08-31,2025-09-02,,7,2025-08-01,1,0,0,0.0,,Never sold
1928,6,2,Referral,GST registered,2025-06-24,2025-06-24,2025-06-30,33,2025-06-01,1,1,128,31906.0,2025-12-29,Active (last 30 days)
1929,17,7,Organic,GST registered,2025-11-06,2025-11-06,2025-11-15,16,2025-11-01,1,1,22,6286.0,2025-12-31,Active (last 30 days)
1930,22,5,Organic,No GST,2025-10-05,2025-10-12,2025-10-16,6,2025-10-01,1,1,51,9249.0,2025-12-31,Active (last 30 days)
1931,17,8,Organic,No GST,2025-01-26,2025-01-27,2025-02-04,6,2025-01-01,1,1,7,1323.0,2025-04-10,Dormant
1932,1,1,Referral,No GST,2025-09-26,2025-09-27,2025-10-04,15,2025-09-01,1,1,20,4342.0,2025-12-11,Active (last 30 days)
1933,11,6,Field sales,No GST,2025-10-01,2025-10-03,2025-10-13,10,2025-10-01,1,1,51,8689.0,2025-12-30,Active (last 30 days)
1934,24,1,Organic,No GST,2025-06-19,2025-07-01,2025-07-27,30,2025-06-01,1,1,94,20696.0,2025-12-31,Active (last 30 days)
1935,22,2,Organic,GST registered,2025-07-06,,,0,2025-07-01,0,0,0,0.0,,Never sold
1936,1,6,Organic,No GST,2025-11-07,2025-11-21,2025-12-01,20,2025-11-01,1,1,9,511.0,2025-12-31,Active (last 30 days)
1937,14,6,Organic,No GST,2025-04-06,,,0,2025-04-01,0,0,0,0.0,,Never sold
1938,14,1,Social / ads,No GST,2025-09-10,,,0,2025-09-01,0,0,0,0.0,,Never sold
1939,19,1,Organic,No GST,2025-05-02,,,0,2025-05-01,0,0,0,0.0,,Never sold
1940,6,6,Organic,GST registered,2025-10-23,2025-10-26,2025-10-28,14,2025-10-01,1,1,42,7365.0,2025-12-30,Active (last 30 days)
1941,18,1,Organic,No GST,2025-10-25,2025-10-27,,10,2025-10-01,1,0,0,0.0,,Never sold
1942,30,2,Organic,No GST,2025-09-23,,,0,2025-09-01,0,0,0,0.0,,Never sold
1943,14,1,Organic,GST registered,2025-06-15,2025-06-19,2025-06-21,16,2025-06-01,1,1,477,118488.0,2025-12-31,Active (last 30 days)
1944,13,1,Referral,No GST,2025-06-25,2025-07-01,2025-07-04,50,2025-06-01,1,1,71,14800.0,2025-12-29,Active (last 30 days)
1945,2,7,Organic,GST registered,2025-11-19,2025-11-21,2025-11-25,5,2025-11-01,1,1,28,6687.0,2025-12-31,Active (last 30 days)
1946,3,1,Organic,GST registered,2025-11-09,2025-11-14,2025-11-23,15,2025-11-01,1,1,4,221.0,2025-12-23,Active (last 30 days)
1947,30,4,Field sales,GST registered,2025-08-12,2025-08-14,,4,2025-08-01,1,0,0,0.0,,Never sold
1948,32,5,Referral,No GST,2025-06-21,2025-07-04,,11,2025-06-01,1,0,0,0.0,,Never sold
1949,1,1,Organic,No GST,2025-09-17,,,0,2025-09-01,0,0,0,0.0,,Never sold
1950,29,5,Social / ads,GST registered,2025-06-03,2025-06-07,2025-06-14,4,2025-06-01,1,1,1,0.0,2025-06-14,Dormant
1951,8,2,Organic,GST registered,2025-11-25,2025-11-27,,11,2025-11-01,1,0,0,0.0,,Never sold
1952,17,7,Social / ads,No GST,2025-08-23,2025-08-23,2025-08-30,20,2025-08-01,1,1,1,241.0,2025-08-30,Dormant
1953,20,6,Social / ads,GST registered,2025-09-06,2025-09-06,2025-09-11,18,2025-09-01,1,1,4,925.0,2025-12-11,Active (last 30 days)
1954,13,6,Referral,GST registered,2025-10-27,2025-10-27,2025-12-16,21,2025-10-01,1,1,3,351.0,2025-12-25,Active (last 30 days)
1955,16,2,Organic,GST registered,2025-09-22,2025-09-30,2025-10-12,7,2025-09-01,1,1,6,137.0,2025-11-04,Dormant
1956,19,7,Social / ads,No GST,2025-10-20,2025-10-20,2025-10-25,20,2025-10-01,1,1,186,44472.0,2025-12-31,Active (last 30 days)
1957,9,4,Organic,GST registered,2025-08-02,2025-08-10,,10,2025-08-01,1,0,0,0.0,,Never sold
1958,32,2,Organic,No GST,2025-05-15,,,0,2025-05-01,0,0,0,0.0,,Never sold
1959,9,1,Referral,No GST,2025-11-19,2025-11-25,,2,2025-11-01,1,0,0,0.0,,Never sold
1960,1,1,Referral,GST registered,2025-10-15,2025-10-18,,13,2025-10-01,1,0,0,0.0,,Never sold
1961,30,1,Social / ads,No GST,2025-05-05,,,0,2025-05-01,0,0,0,0.0,,Never sold
1962,14,2,Field sales,GST registered,2025-05-08,2025-05-13,,48,2025-05-01,1,0,0,0.0,,Never sold
1963,14,8,Social / ads,GST registered,2025-10-24,2025-10-25,2025-10-27,17,2025-10-01,1,1,6,1443.0,2025-11-02,Dormant
1964,11,9,Field sales,GST registered,2025-08-03,2025-08-03,2025-08-12,19,2025-08-01,1,1,60,9881.0,2025-12-31,Active (last 30 days)
1965,2,1,Field sales,No GST,2025-07-27,,,0,2025-07-01,0,0,0,0.0,,Never sold
1966,11,8,Referral,No GST,2025-09-30,2025-10-01,2025-10-14,44,2025-09-01,1,1,26,4517.0,2025-12-27,Active (last 30 days)
1967,14,5,Social / ads,No GST,2025-11-19,,,0,2025-11-01,0,0,0,0.0,,Never sold
1968,16,3,Social / ads,No GST,2025-08-18,2025-08-22,,5,2025-08-01,1,0,0,0.0,,Never sold
1969,14,9,Social / ads,GST registered,2025-09-16,2025-09-17,,4,2025-09-01,1,0,0,0.0,,Never sold
1970,28,6,Social / ads,No GST,2025-10-28,2025-10-30,2025-11-05,27,2025-10-01,1,1,10,1723.0,2025-12-28,Active (last 30 days)
1971,29,4,Referral,GST registered,2025-05-18,2025-05-19,2025-06-01,19,2025-05-01,1,1,197,42824.0,2025-12-24,Active (last 30 days)
1972,12,1,Organic,GST registered,2025-08-15,2025-08-15,2025-08-22,13,2025-08-01,1,1,64,12576.0,2025-12-03,Active (last 30 days)
1973,31,1,Social / ads,No GST,2025-09-17,2025-09-19,,10,2025-09-01,1,0,0,0.0,,Never sold
1974,27,8,Organic,GST registered,2025-11-07,,,0,2025-11-01,0,0,0,0.0,,Never sold
1975,30,1,Organic,GST registered,2025-08-29,2025-08-29,2025-09-07,19,2025-08-01,1,1,7,1447.0,2025-12-01,Active (last 30 days)
1976,21,1,Referral,GST registered,2025-07-15,2025-07-17,2025-07-29,24,2025-07-01,1,1,14,1677.0,2025-09-28,Dormant
1977,9,2,Referral,GST registered,2025-05-30,2025-05-31,,6,2025-05-01,1,0,0,0.0,,Never sold
1978,9,3,Referral,No GST,2025-08-15,2025-08-18,2025-08-20,4,2025-08-01,1,1,17,1901.0,2025-12-25,Active (last 30 days)
1979,29,2,Organic,GST registered,2025-11-04,2025-11-04,,7,2025-11-01,1,0,0,0.0,,Never sold
1980,15,8,Organic,No GST,2025-06-10,,,0,2025-06-01,0,0,0,0.0,,Never sold
1981,28,2,Organic,GST registered,2025-04-14,2025-04-18,2025-04-19,5,2025-04-01,1,1,115,28184.0,2025-12-30,Active (last 30 days)
1982,21,8,Organic,No GST,2025-10-16,2025-10-18,2025-10-28,57,2025-10-01,1,1,7,541.0,2025-12-29,Active (last 30 days)
1983,9,4,Organic,No GST,2025-04-11,2025-04-13,,2,2025-04-01,1,0,0,0.0,,Never sold
1984,14,4,Field sales,No GST,2025-11-07,2025-11-10,2025-11-17,23,2025-11-01,1,1,7,1262.0,2025-12-17,Active (last 30 days)
1985,31,1,Organic,GST registered,2025-10-09,2025-10-09,,33,2025-10-01,1,0,0,0.0,,Never sold
1986,1,2,Organic,No GST,2025-10-25,2025-10-29,,36,2025-10-01,1,0,0,0.0,,Never sold
1987,21,7,Organic,No GST,2025-03-16,2025-03-20,,20,2025-03-01,1,0,0,0.0,,Never sold
1988,32,6,Referral,No GST,2025-07-16,2025-07-18,,47,2025-07-01,1,0,0,0.0,,Never sold
1989,5,3,Social / ads,GST registered,2025-10-31,2025-11-03,,68,2025-10-01,1,0,0,0.0,,Never sold
1990,11,8,Organic,GST registered,2025-04-15,2025-04-24,,12,2025-04-01,1,0,0,0.0,,Never sold
1991,16,7,Organic,No GST,2025-11-19,2025-11-27,2025-12-12,23,2025-11-01,1,1,2,192.0,2025-12-30,Active (last 30 days)
1992,26,1,Field sales,GST registered,2025-07-02,,,0,2025-07-01,0,0,0,0.0,,Never sold
1993,15,4,Organic,GST registered,2025-06-18,2025-06-23,,8,2025-06-01,1,0,0,0.0,,Never sold
1994,3,6,Social / ads,No GST,2025-06-25,2025-07-03,2025-07-06,13,2025-06-01,1,1,54,8085.0,2025-11-03,Dormant
1995,6,6,Social / ads,GST registered,2025-11-17,,,0,2025-11-01,0,0,0,0.0,,Never sold
1996,14,1,Field sales,GST registered,2025-05-07,2025-05-11,2025-05-16,23,2025-05-01,1,1,74,17493.0,2025-09-21,Dormant
1997,12,1,Social / ads,No GST,2025-07-24,,,0,2025-07-01,0,0,0,0.0,,Never sold
1998,9,2,Referral,GST registered,2025-05-25,2025-05-29,,51,2025-05-01,1,0,0,0.0,,Never sold
1999,26,1,Referral,GST registered,2025-04-13,2025-04-16,2025-04-21,25,2025-04-01,1,1,35,10551.0,2025-10-07,Dormant
2000,2,1,Organic,GST registered,2025-09-19,2025-09-21,,26,2025-09-01,1,0,0,0.0,,Never sold
2001,26,4,Organic,GST registered,2025-08-11,2025-08-18,2025-08-24,2,2025-08-01,1,1,19,2040.0,2025-12-25,Active (last 30 days)
2002,29,4,Organic,GST registered,2025-05-06,,,0,2025-05-01,0,0,0,0.0,,Never sold
2003,19,1,Referral,No GST,2025-05-06,2025-05-07,,54,2025-05-01,1,0,0,0.0,,Never sold
2004,19,4,Referral,GST registered,2025-07-29,2025-08-04,,14,2025-07-01,1,0,0,0.0,,Never sold
2005,7,1,Organic,GST registered,2025-09-30,,,0,2025-09-01,0,0,0,0.0,,Never sold
2006,17,2,Field sales,No GST,2025-09-13,2025-09-16,,19,2025-09-01,1,0,0,0.0,,Never sold
2007,14,6,Organic,GST registered,2025-08-30,2025-09-01,,28,2025-08-01,1,0,0,0.0,,Never sold
2008,10,8,Organic,GST registered,2025-07-01,2025-07-03,,25,2025-07-01,1,0,0,0.0,,Never sold
2009,17,1,Organic,GST registered,2025-06-02,2025-06-07,,14,2025-06-01,1,0,0,0.0,,Never sold
2010,1,7,Field sales,GST registered,2025-04-16,2025-04-16,2025-04-26,40,2025-04-01,1,1,53,9846.0,2025-12-20,Active (last 30 days)
2011,11,8,Referral,GST registered,2025-04-30,,,0,2025-04-01,0,0,0,0.0,,Never sold
2012,19,4,Field sales,GST registered,2025-11-19,2025-11-21,2025-12-05,25,2025-11-01,1,1,7,1902.0,2025-12-30,Active (last 30 days)
2013,14,9,Organic,No GST,2025-11-09,,,0,2025-11-01,0,0,0,0.0,,Never sold
2014,7,1,Referral,No GST,2025-03-25,2025-03-28,2025-04-04,14,2025-03-01,1,1,3,466.0,2025-04-10,Dormant
2015,1,1,Social / ads,No GST,2025-10-22,2025-10-27,2025-10-30,12,2025-10-01,1,1,6,1066.0,2025-12-16,Active (last 30 days)
2016,11,7,Organic,GST registered,2025-08-04,2025-08-09,2025-08-13,12,2025-08-01,1,1,12,3482.0,2025-10-28,Dormant
2017,16,3,Referral,No GST,2025-11-09,2025-11-10,2025-11-11,16,2025-11-01,1,1,9,1705.0,2025-12-28,Active (last 30 days)
2018,16,2,Organic,No GST,2025-01-28,2025-02-01,2025-02-11,13,2025-01-01,1,1,97,21249.0,2025-12-31,Active (last 30 days)
2019,6,1,Organic,GST registered,2025-09-07,2025-09-07,2025-09-19,29,2025-09-01,1,1,18,4617.0,2025-12-24,Active (last 30 days)
2020,18,1,Referral,No GST,2025-08-04,2025-08-04,2025-08-19,10,2025-08-01,1,1,109,25227.0,2025-10-29,Dormant
2021,32,1,Organic,No GST,2025-07-20,2025-07-20,2025-07-23,57,2025-07-01,1,1,25,7035.0,2025-11-02,Dormant
2022,17,1,Referral,GST registered,2025-07-07,2025-07-10,2025-07-20,10,2025-07-01,1,1,60,12766.0,2025-12-29,Active (last 30 days)
2023,16,9,Social / ads,No GST,2025-10-01,2025-10-02,,34,2025-10-01,1,0,0,0.0,,Never sold
2024,18,2,Organic,GST registered,2025-06-15,2025-06-17,2025-06-29,35,2025-06-01,1,1,48,10000.0,2025-10-25,Dormant
2025,28,7,Organic,GST registered,2025-02-06,2025-02-08,2025-02-12,18,2025-02-01,1,1,2,1010.0,2025-03-06,Dormant
2026,30,1,Social / ads,GST registered,2025-04-27,2025-04-29,,17,2025-04-01,1,0,0,0.0,,Never sold
2027,2,2,Referral,GST registered,2025-02-19,,,0,2025-02-01,0,0,0,0.0,,Never sold
2028,9,8,Social / ads,No GST,2025-11-05,,,0,2025-11-01,0,0,0,0.0,,Never sold
2029,6,1,Organic,No GST,2025-08-17,,,0,2025-08-01,0,0,0,0.0,,Never sold
2030,23,2,Field sales,GST registered,2025-07-09,2025-07-11,2025-07-19,15,2025-07-01,1,1,58,15111.0,2025-12-31,Active (last 30 days)
2031,2,7,Social / ads,No GST,2025-10-14,,,0,2025-10-01,0,0,0,0.0,,Never sold
2032,29,1,Organic,No GST,2025-07-16,,,0,2025-07-01,0,0,0,0.0,,Never sold
2033,1,1,Social / ads,No GST,2025-04-08,2025-04-08,2025-04-16,11,2025-04-01,1,1,21,3787.0,2025-09-19,Dormant
2034,18,9,Field sales,No GST,2025-09-13,2025-09-13,,4,2025-09-01,1,0,0,0.0,,Never sold
2035,11,2,Social / ads,No GST,2025-02-11,2025-02-14,2025-02-18,27,2025-02-01,1,1,110,29085.0,2025-12-29,Active (last 30 days)
2036,14,5,Organic,No GST,2025-03-06,2025-03-06,,25,2025-03-01,1,0,0,0.0,,Never sold
2037,14,1,Referral,GST registered,2025-01-12,2025-01-13,2025-01-17,35,2025-01-01,1,1,570,129807.0,2025-12-31,Active (last 30 days)
2038,23,1,Organic,No GST,2025-05-11,2025-05-20,2025-05-25,37,2025-05-01,1,1,1,464.0,2025-05-25,Dormant
2039,15,3,Social / ads,GST registered,2025-10-22,2025-11-01,2025-11-04,30,2025-10-01,1,1,28,6043.0,2025-12-30,Active (last 30 days)
2040,14,5,Organic,GST registered,2025-09-17,2025-09-17,2025-09-20,31,2025-09-01,1,1,47,9852.0,2025-12-30,Active (last 30 days)
2041,22,2,Organic,GST registered,2025-08-31,2025-09-02,2025-09-07,26,2025-08-01,1,1,66,22332.0,2025-12-30,Active (last 30 days)
2042,30,8,Social / ads,GST registered,2025-06-19,,,0,2025-06-01,0,0,0,0.0,,Never sold
2043,24,6,Organic,No GST,2025-06-10,2025-06-18,2025-06-22,3,2025-06-01,1,1,34,4221.0,2025-07-28,Dormant
2044,22,4,Referral,No GST,2025-04-06,2025-04-13,2025-04-16,6,2025-04-01,1,1,8,1272.0,2025-06-01,Dormant
2045,15,3,Organic,GST registered,2025-08-29,2025-08-31,2025-09-08,5,2025-08-01,1,1,32,5616.0,2025-12-24,Active (last 30 days)
2046,29,4,Field sales,No GST,2025-02-28,2025-03-02,2025-03-09,45,2025-02-01,1,1,262,60630.0,2025-12-28,Active (last 30 days)
2047,15,6,Organic,GST registered,2025-03-14,,,0,2025-03-01,0,0,0,0.0,,Never sold
2048,30,1,Referral,No GST,2025-10-19,2025-10-23,2025-10-31,9,2025-10-01,1,1,13,2945.0,2025-12-31,Active (last 30 days)
2049,25,7,Referral,GST registered,2025-06-01,2025-06-03,,16,2025-06-01,1,0,0,0.0,,Never sold
2050,7,3,Organic,GST registered,2025-07-02,,,0,2025-07-01,0,0,0,0.0,,Never sold
2051,3,8,Organic,No GST,2025-07-05,2025-07-07,,22,2025-07-01,1,0,0,0.0,,Never sold
2052,22,9,Organic,GST registered,2025-06-02,2025-06-03,2025-06-09,2,2025-06-01,1,1,67,10091.0,2025-12-06,Active (last 30 days)
2053,20,1,Field sales,GST registered,2025-04-24,2025-05-03,2025-05-14,6,2025-04-01,1,1,31,5031.0,2025-09-08,Dormant
2054,18,2,Organic,GST registered,2025-08-07,2025-08-08,2025-08-25,19,2025-08-01,1,1,537,157820.0,2025-12-31,Active (last 30 days)
2055,32,4,Organic,GST registered,2025-07-30,,,0,2025-07-01,0,0,0,0.0,,Never sold
2056,16,4,Organic,No GST,2025-05-06,2025-05-18,2025-05-20,46,2025-05-01,1,1,65,11822.0,2025-07-26,Dormant
2057,13,7,Referral,GST registered,2025-10-11,2025-10-20,2025-10-26,17,2025-10-01,1,1,26,4585.0,2025-12-30,Active (last 30 days)
2058,17,1,Field sales,GST registered,2025-06-14,2025-06-15,2025-06-30,40,2025-06-01,1,1,49,13827.0,2025-12-28,Active (last 30 days)
2059,2,4,Referral,No GST,2025-05-08,2025-05-09,,21,2025-05-01,1,0,0,0.0,,Never sold
2060,17,8,Social / ads,No GST,2025-09-05,2025-09-06,,16,2025-09-01,1,0,0,0.0,,Never sold
2061,29,9,Field sales,GST registered,2025-10-27,2025-11-02,2025-11-04,7,2025-10-01,1,1,58,7630.0,2025-12-31,Active (last 30 days)
2062,1,1,Social / ads,No GST,2025-07-26,2025-08-01,2025-08-05,34,2025-07-01,1,1,65,16597.0,2025-11-30,Dormant
2063,26,9,Field sales,GST registered,2025-03-05,2025-03-05,2025-03-12,23,2025-03-01,1,1,151,23829.0,2025-10-15,Dormant
2064,25,1,Organic,GST registered,2025-11-07,2025-11-11,2025-11-13,87,2025-11-01,1,1,10,2478.0,2025-11-29,Dormant
2065,5,4,Social / ads,No GST,2025-10-07,2025-10-07,2025-10-19,31,2025-10-01,1,1,50,8630.0,2025-12-31,Active (last 30 days)
2066,26,1,Social / ads,GST registered,2025-08-04,2025-08-06,2025-08-12,11,2025-08-01,1,1,33,7292.0,2025-12-10,Active (last 30 days)
2067,23,4,Referral,GST registered,2025-04-30,,,0,2025-04-01,0,0,0,0.0,,Never sold
2068,15,1,Organic,No GST,2025-09-08,2025-09-08,2025-09-12,23,2025-09-01,1,1,21,5347.0,2025-12-14,Active (last 30 days)
2069,10,1,Organic,No GST,2025-06-30,,,0,2025-06-01,0,0,0,0.0,,Never sold
2070,11,2,Field sales,No GST,2025-02-18,2025-02-24,,47,2025-02-01,1,0,0,0.0,,Never sold
2071,18,8,Referral,No GST,2025-08-20,2025-08-22,2025-09-10,14,2025-08-01,1,1,113,24342.0,2025-12-30,Active (last 30 days)
2072,10,4,Field sales,GST registered,2025-03-18,2025-03-23,2025-04-03,6,2025-03-01,1,1,13,2610.0,2025-06-08,Dormant
2073,12,5,Organic,No GST,2025-07-01,2025-07-04,2025-07-06,3,2025-07-01,1,1,107,17944.0,2025-12-30,Active (last 30 days)
2074,30,5,Referral,GST registered,2025-01-19,2025-01-22,2025-01-24,6,2025-01-01,1,1,145,23959.0,2025-08-20,Dormant
2075,22,2,Organic,No GST,2025-10-21,,,0,2025-10-01,0,0,0,0.0,,Never sold
2076,22,1,Organic,GST registered,2025-06-22,,,0,2025-06-01,0,0,0,0.0,,Never sold
2077,31,1,Organic,GST registered,2025-05-18,2025-05-28,2025-06-11,55,2025-05-01,1,1,5,1272.0,2025-06-23,Dormant
2078,1,3,Social / ads,GST registered,2025-10-24,2025-10-26,2025-11-19,35,2025-10-01,1,1,4,96.0,2025-12-18,Active (last 30 days)
2079,10,8,Referral,No GST,2025-09-30,2025-10-02,2025-10-27,44,2025-09-01,1,1,13,1666.0,2025-12-22,Active (last 30 days)
2080,19,1,Social / ads,GST registered,2025-09-08,2025-09-08,,9,2025-09-01,1,0,0,0.0,,Never sold
2081,14,5,Field sales,No GST,2025-11-07,2025-11-08,,4,2025-11-01,1,0,0,0.0,,Never sold
2082,5,7,Social / ads,No GST,2025-01-29,2025-02-06,,7,2025-01-01,1,0,0,0.0,,Never sold
2083,24,8,Referral,No GST,2025-04-29,2025-05-06,2025-05-09,3,2025-04-01,1,1,298,59537.0,2025-12-31,Active (last 30 days)
2084,3,2,Social / ads,GST registered,2025-09-21,2025-09-23,2025-09-24,6,2025-09-01,1,1,2,649.0,2025-09-28,Dormant
2085,16,8,Social / ads,GST registered,2025-07-27,2025-07-27,2025-08-04,10,2025-07-01,1,1,48,6895.0,2025-12-24,Active (last 30 days)
2086,17,4,Field sales,No GST,2025-10-11,2025-10-20,,18,2025-10-01,1,0,0,0.0,,Never sold
2087,19,4,Organic,No GST,2025-02-02,2025-02-03,2025-02-07,18,2025-02-01,1,1,72,15386.0,2025-05-07,Dormant
2088,12,6,Field sales,GST registered,2025-07-13,2025-07-13,2025-07-17,9,2025-07-01,1,1,174,25582.0,2025-12-09,Active (last 30 days)
2089,2,1,Organic,No GST,2025-11-09,2025-11-22,,25,2025-11-01,1,0,0,0.0,,Never sold
2090,28,7,Organic,GST registered,2025-09-28,,,0,2025-09-01,0,0,0,0.0,,Never sold
2091,30,5,Field sales,GST registered,2025-10-02,2025-10-08,,16,2025-10-01,1,0,0,0.0,,Never sold
2092,15,6,Social / ads,GST registered,2025-09-23,2025-09-29,2025-10-04,6,2025-09-01,1,1,12,1464.0,2025-11-10,Dormant
2093,1,7,Organic,GST registered,2025-02-02,2025-02-11,2025-02-12,39,2025-02-01,1,1,162,42333.0,2025-12-19,Active (last 30 days)
2094,17,4,Organic,GST registered,2025-09-19,2025-09-19,,16,2025-09-01,1,0,0,0.0,,Never sold
2095,12,1,Social / ads,No GST,2025-08-23,2025-08-24,2025-08-31,28,2025-08-01,1,1,1,780.0,2025-08-31,Dormant
2096,8,2,Organic,GST registered,2025-08-03,2025-08-03,2025-08-08,6,2025-08-01,1,1,91,21102.0,2025-12-30,Active (last 30 days)
2097,8,7,Organic,No GST,2025-11-06,2025-11-09,2025-11-25,18,2025-11-01,1,1,6,2108.0,2025-12-31,Active (last 30 days)
2098,8,4,Field sales,No GST,2025-11-21,,,0,2025-11-01,0,0,0,0.0,,Never sold
2099,13,8,Social / ads,No GST,2025-07-24,2025-07-27,2025-07-31,3,2025-07-01,1,1,1,0.0,2025-07-31,Dormant
2100,11,2,Referral,GST registered,2025-07-02,2025-07-05,2025-07-11,41,2025-07-01,1,1,4,521.0,2025-10-12,Dormant
2101,26,4,Referral,No GST,2025-07-12,2025-07-18,2025-07-22,6,2025-07-01,1,1,43,9818.0,2025-12-24,Active (last 30 days)
2102,15,7,Organic,GST registered,2025-02-10,2025-02-12,2025-02-22,19,2025-02-01,1,1,50,9734.0,2025-06-03,Dormant
2103,14,6,Organic,No GST,2025-10-14,2025-10-16,2025-10-26,68,2025-10-01,1,1,3,342.0,2025-11-14,Dormant
2104,7,2,Social / ads,GST registered,2025-03-30,2025-04-02,2025-04-17,35,2025-03-01,1,1,58,16865.0,2025-07-23,Dormant
2105,28,1,Social / ads,No GST,2025-09-17,2025-09-18,,4,2025-09-01,1,0,0,0.0,,Never sold
2106,3,8,Organic,GST registered,2025-05-17,2025-05-18,2025-05-24,14,2025-05-01,1,1,48,7837.0,2025-09-22,Dormant
2107,10,6,Organic,No GST,2025-09-18,2025-09-20,2025-09-25,44,2025-09-01,1,1,39,5579.0,2025-12-28,Active (last 30 days)
2108,18,3,Organic,GST registered,2025-08-24,,,0,2025-08-01,0,0,0,0.0,,Never sold
2109,21,4,Organic,GST registered,2025-08-08,2025-08-13,2025-08-19,12,2025-08-01,1,1,17,4741.0,2025-12-29,Active (last 30 days)
2110,25,1,Organic,No GST,2025-09-29,2025-10-01,2025-10-08,12,2025-09-01,1,1,86,19107.0,2025-12-29,Active (last 30 days)
2111,14,2,Organic,GST registered,2025-02-15,2025-02-24,,25,2025-02-01,1,0,0,0.0,,Never sold
2112,13,1,Social / ads,No GST,2025-06-22,2025-06-26,2025-07-04,4,2025-06-01,1,1,15,3039.0,2025-10-15,Dormant
2113,11,1,Organic,No GST,2025-08-09,2025-08-15,,27,2025-08-01,1,0,0,0.0,,Never sold
2114,17,7,Field sales,No GST,2025-08-11,2025-08-12,2025-08-16,9,2025-08-01,1,1,64,12569.0,2025-12-26,Active (last 30 days)
2115,13,2,Referral,No GST,2025-04-04,2025-04-07,,16,2025-04-01,1,0,0,0.0,,Never sold
2116,12,7,Social / ads,No GST,2025-05-25,2025-06-07,,13,2025-05-01,1,0,0,0.0,,Never sold
2117,1,3,Social / ads,No GST,2025-05-07,2025-05-07,,26,2025-05-01,1,0,0,0.0,,Never sold
2118,30,1,Organic,GST registered,2025-11-08,2025-11-11,2025-11-16,16,2025-11-01,1,1,5,1662.0,2025-12-29,Active (last 30 days)
2119,3,2,Organic,No GST,2025-11-13,,,0,2025-11-01,0,0,0,0.0,,Never sold
2120,11,1,Field sales,No GST,2025-06-16,2025-06-16,2025-06-29,36,2025-06-01,1,1,66,13626.0,2025-12-30,Active (last 30 days)
2121,29,5,Organic,GST registered,2025-11-26,2025-11-26,2025-12-03,8,2025-11-01,1,1,10,1400.0,2025-12-31,Active (last 30 days)
2122,22,8,Organic,GST registered,2025-05-16,2025-05-19,2025-06-09,49,2025-05-01,1,1,16,3421.0,2025-08-13,Dormant
2123,17,6,Organic,GST registered,2025-09-06,2025-09-11,,21,2025-09-01,1,0,0,0.0,,Never sold
2124,20,6,Social / ads,No GST,2025-08-13,2025-08-22,2025-09-04,18,2025-08-01,1,1,30,3414.0,2025-12-29,Active (last 30 days)
2125,5,7,Organic,GST registered,2025-09-30,,,0,2025-09-01,0,0,0,0.0,,Never sold
2126,25,6,Referral,No GST,2025-08-15,2025-08-28,,7,2025-08-01,1,0,0,0.0,,Never sold
2127,10,4,Referral,No GST,2025-08-02,,,0,2025-08-01,0,0,0,0.0,,Never sold
2128,31,6,Field sales,No GST,2025-03-22,2025-04-05,,16,2025-03-01,1,0,0,0.0,,Never sold
2129,10,2,Organic,GST registered,2025-04-30,2025-05-03,,10,2025-04-01,1,0,0,0.0,,Never sold
2130,19,1,Social / ads,No GST,2025-08-26,2025-08-29,2025-09-11,86,2025-08-01,1,1,104,20873.0,2025-12-31,Active (last 30 days)
2131,16,5,Field sales,No GST,2025-08-13,2025-08-14,2025-08-18,8,2025-08-01,1,1,91,15858.0,2025-12-28,Active (last 30 days)
2132,7,6,Referral,GST registered,2025-03-01,2025-03-05,,16,2025-03-01,1,0,0,0.0,,Never sold
2133,13,1,Organic,GST registered,2025-08-31,,,0,2025-08-01,0,0,0,0.0,,Never sold
2134,24,9,Social / ads,GST registered,2025-03-28,2025-04-01,,44,2025-03-01,1,0,0,0.0,,Never sold
2135,9,1,Social / ads,No GST,2025-10-01,2025-10-02,2025-10-11,7,2025-10-01,1,1,4,671.0,2025-10-20,Dormant
2136,31,6,Organic,GST registered,2025-07-09,2025-07-13,2025-07-23,4,2025-07-01,1,1,32,4693.0,2025-12-19,Active (last 30 days)
2137,12,9,Organic,GST registered,2025-08-01,2025-08-03,2025-08-08,50,2025-08-01,1,1,41,8432.0,2025-12-17,Active (last 30 days)
2138,19,2,Organic,GST registered,2025-07-10,,,0,2025-07-01,0,0,0,0.0,,Never sold
2139,18,8,Organic,GST registered,2025-03-29,,,0,2025-03-01,0,0,0,0.0,,Never sold
2140,14,7,Organic,GST registered,2025-08-27,2025-08-29,2025-09-25,32,2025-08-01,1,1,0,0.0,,Never sold
2141,19,6,Organic,No GST,2025-10-11,2025-10-12,2025-10-16,37,2025-10-01,1,1,3,1157.0,2025-11-14,Dormant
2142,22,9,Organic,GST registered,2025-06-04,2025-06-04,2025-06-10,12,2025-06-01,1,1,4,898.0,2025-07-08,Dormant
2143,18,5,Social / ads,No GST,2025-04-06,2025-04-06,,9,2025-04-01,1,0,0,0.0,,Never sold
2144,17,3,Social / ads,GST registered,2025-05-29,2025-06-05,2025-06-09,3,2025-05-01,1,1,15,2836.0,2025-12-12,Active (last 30 days)
2145,18,5,Social / ads,GST registered,2025-04-17,,,0,2025-04-01,0,0,0,0.0,,Never sold
2146,14,2,Field sales,No GST,2025-02-05,2025-02-06,2025-02-17,17,2025-02-01,1,1,341,99297.0,2025-12-31,Active (last 30 days)
2147,4,2,Field sales,No GST,2025-11-07,2025-11-10,2025-11-14,9,2025-11-01,1,1,23,5992.0,2025-12-30,Active (last 30 days)
2148,7,1,Organic,No GST,2025-07-25,,,0,2025-07-01,0,0,0,0.0,,Never sold
2149,18,2,Field sales,GST registered,2025-10-24,2025-10-27,,17,2025-10-01,1,0,0,0.0,,Never sold
2150,30,6,Organic,GST registered,2025-10-18,2025-10-19,2025-10-28,48,2025-10-01,1,1,79,13882.0,2025-12-31,Active (last 30 days)
2151,2,8,Referral,No GST,2025-04-13,2025-05-02,,15,2025-04-01,1,0,0,0.0,,Never sold
2152,16,9,Social / ads,GST registered,2025-01-28,2025-01-29,,6,2025-01-01,1,0,0,0.0,,Never sold
2153,10,1,Social / ads,No GST,2025-02-12,2025-02-13,2025-02-17,45,2025-02-01,1,1,36,9175.0,2025-05-31,Dormant
2154,17,4,Organic,GST registered,2025-03-17,2025-03-19,2025-03-29,8,2025-03-01,1,1,88,18143.0,2025-07-28,Dormant
2155,23,4,Field sales,GST registered,2025-09-09,2025-09-18,2025-09-22,53,2025-09-01,1,1,8,1287.0,2025-12-10,Active (last 30 days)
2156,22,1,Organic,No GST,2025-05-01,,,0,2025-05-01,0,0,0,0.0,,Never sold
2157,22,4,Organic,No GST,2025-05-03,2025-05-03,2025-05-09,17,2025-05-01,1,1,104,24934.0,2025-12-30,Active (last 30 days)
2158,24,2,Organic,No GST,2025-07-12,2025-07-13,2025-07-15,57,2025-07-01,1,1,21,7500.0,2025-08-29,Dormant
2159,4,8,Organic,No GST,2025-07-03,,,0,2025-07-01,0,0,0,0.0,,Never sold
2160,15,1,Field sales,GST registered,2025-03-12,2025-03-14,2025-03-25,7,2025-03-01,1,1,29,6709.0,2025-05-29,Dormant
2161,11,7,Organic,No GST,2025-02-12,2025-02-13,2025-02-21,12,2025-02-01,1,1,22,3014.0,2025-08-31,Dormant
2162,29,8,Organic,No GST,2025-11-23,2025-11-23,2025-12-02,14,2025-11-01,1,1,8,1136.0,2025-12-31,Active (last 30 days)
2163,24,6,Social / ads,GST registered,2025-05-28,2025-05-29,2025-06-29,136,2025-05-01,1,1,223,34909.0,2025-12-30,Active (last 30 days)
2164,5,1,Referral,GST registered,2025-04-17,2025-04-21,2025-05-07,8,2025-04-01,1,1,51,11921.0,2025-12-31,Active (last 30 days)
2165,10,2,Organic,No GST,2025-11-20,2025-11-27,2025-12-06,5,2025-11-01,1,1,5,1617.0,2025-12-15,Active (last 30 days)
2166,14,9,Referral,GST registered,2025-09-19,2025-09-20,2025-09-24,7,2025-09-01,1,1,81,11725.0,2025-12-30,Active (last 30 days)
2167,31,1,Referral,No GST,2025-06-28,2025-06-30,2025-07-05,19,2025-06-01,1,1,118,26719.0,2025-12-31,Active (last 30 days)
2168,5,1,Referral,GST registered,2025-04-16,2025-04-22,,24,2025-04-01,1,0,0,0.0,,Never sold
2169,17,9,Field sales,No GST,2025-10-29,2025-11-02,2025-11-07,9,2025-10-01,1,1,5,791.0,2025-12-26,Active (last 30 days)
2170,13,6,Social / ads,No GST,2025-05-28,,,0,2025-05-01,0,0,0,0.0,,Never sold
2171,19,6,Organic,No GST,2025-10-12,,,0,2025-10-01,0,0,0,0.0,,Never sold
2172,19,1,Referral,No GST,2025-09-11,2025-09-11,2025-09-22,16,2025-09-01,1,1,8,1668.0,2025-12-12,Active (last 30 days)
2173,10,3,Organic,GST registered,2025-10-07,2025-10-07,2025-10-12,21,2025-10-01,1,1,17,3004.0,2025-12-29,Active (last 30 days)
2174,24,7,Social / ads,No GST,2025-10-16,2025-10-18,,74,2025-10-01,1,0,0,0.0,,Never sold
2175,4,2,Organic,No GST,2025-08-02,,,0,2025-08-01,0,0,0,0.0,,Never sold
2176,25,1,Organic,No GST,2025-07-20,,,0,2025-07-01,0,0,0,0.0,,Never sold
2177,9,1,Social / ads,No GST,2025-05-02,2025-05-03,2025-05-12,11,2025-05-01,1,1,35,8097.0,2025-12-29,Active (last 30 days)
2178,18,4,Referral,No GST,2025-04-29,2025-04-29,,10,2025-04-01,1,0,0,0.0,,Never sold
2179,13,2,Organic,No GST,2025-09-02,2025-09-09,2025-09-15,3,2025-09-01,1,1,47,11281.0,2025-12-31,Active (last 30 days)
2180,18,7,Organic,No GST,2025-07-15,2025-07-19,2025-07-20,18,2025-07-01,1,1,435,100589.0,2025-12-31,Active (last 30 days)
2181,11,2,Organic,No GST,2025-04-03,2025-04-03,,19,2025-04-01,1,0,0,0.0,,Never sold
2182,17,1,Social / ads,No GST,2025-07-25,2025-07-27,2025-07-29,14,2025-07-01,1,1,6,1424.0,2025-08-22,Dormant
2183,1,9,Referral,GST registered,2025-09-25,2025-09-28,,20,2025-09-01,1,0,0,0.0,,Never sold
2184,14,9,Organic,GST registered,2025-03-25,2025-04-02,2025-04-05,20,2025-03-01,1,1,236,35973.0,2025-12-31,Active (last 30 days)
2185,26,5,Referral,No GST,2025-06-12,2025-06-12,,5,2025-06-01,1,0,0,0.0,,Never sold
2186,14,8,Referral,GST registered,2025-05-12,2025-05-19,2025-05-31,20,2025-05-01,1,1,117,22144.0,2025-09-08,Dormant
2187,15,1,Organic,GST registered,2025-07-13,2025-07-13,2025-07-22,25,2025-07-01,1,1,525,112445.0,2025-12-31,Active (last 30 days)
2188,18,3,Social / ads,GST registered,2025-06-27,2025-06-28,2025-07-15,4,2025-06-01,1,1,117,23562.0,2025-12-31,Active (last 30 days)
2189,14,1,Organic,No GST,2025-07-13,2025-07-18,2025-07-22,53,2025-07-01,1,1,3,881.0,2025-10-01,Dormant
2190,27,3,Social / ads,No GST,2025-08-16,,,0,2025-08-01,0,0,0,0.0,,Never sold
2191,14,6,Social / ads,No GST,2025-06-15,2025-06-15,2025-07-19,6,2025-06-01,1,1,5,721.0,2025-08-01,Dormant
2192,30,7,Organic,No GST,2025-06-23,,,0,2025-06-01,0,0,0,0.0,,Never sold
2193,28,1,Field sales,No GST,2025-09-11,2025-09-12,2025-09-23,25,2025-09-01,1,1,489,112931.0,2025-12-31,Active (last 30 days)
2194,14,2,Social / ads,GST registered,2025-02-15,2025-02-19,2025-02-23,30,2025-02-01,1,1,192,55360.0,2025-10-13,Dormant
2195,13,9,Field sales,GST registered,2025-05-27,2025-05-28,,25,2025-05-01,1,0,0,0.0,,Never sold
2196,20,4,Referral,GST registered,2025-07-27,2025-07-30,2025-08-02,10,2025-07-01,1,1,226,49515.0,2025-12-31,Active (last 30 days)
2197,23,2,Organic,GST registered,2025-08-18,,,0,2025-08-01,0,0,0,0.0,,Never sold
2198,9,2,Organic,No GST,2025-07-06,2025-07-11,,12,2025-07-01,1,0,0,0.0,,Never sold
2199,10,2,Field sales,GST registered,2025-04-04,2025-04-04,2025-04-18,18,2025-04-01,1,1,26,7796.0,2025-09-12,Dormant
2200,7,3,Organic,No GST,2025-04-21,,,0,2025-04-01,0,0,0,0.0,,Never sold
2201,23,3,Organic,No GST,2025-04-01,,,0,2025-04-01,0,0,0,0.0,,Never sold
2202,21,4,Referral,GST registered,2025-09-09,2025-09-11,2025-09-27,12,2025-09-01,1,1,12,3021.0,2025-11-23,Dormant
2203,9,3,Organic,No GST,2025-10-30,2025-11-10,,3,2025-10-01,1,0,0,0.0,,Never sold
2204,16,4,Social / ads,No GST,2025-01-29,,,0,2025-01-01,0,0,0,0.0,,Never sold
2205,23,1,Social / ads,No GST,2025-10-29,2025-10-31,2025-11-09,20,2025-10-01,1,1,40,9987.0,2025-12-31,Active (last 30 days)
2206,30,1,Social / ads,No GST,2025-07-20,,,0,2025-07-01,0,0,0,0.0,,Never sold
2207,8,2,Organic,No GST,2025-09-17,2025-09-24,2025-09-30,31,2025-09-01,1,1,141,41064.0,2025-12-31,Active (last 30 days)
2208,12,8,Referral,No GST,2025-08-23,2025-09-01,2025-09-06,15,2025-08-01,1,1,132,26098.0,2025-12-30,Active (last 30 days)
2209,13,6,Social / ads,No GST,2025-11-09,,,0,2025-11-01,0,0,0,0.0,,Never sold
2210,19,1,Organic,GST registered,2025-10-18,,,0,2025-10-01,0,0,0,0.0,,Never sold
2211,6,3,Field sales,No GST,2025-05-11,2025-05-15,2025-05-27,9,2025-05-01,1,1,40,8325.0,2025-11-20,Dormant
2212,9,4,Referral,GST registered,2025-03-01,2025-03-03,2025-03-12,7,2025-03-01,1,1,94,20815.0,2025-12-30,Active (last 30 days)
2213,24,3,Organic,GST registered,2025-07-30,2025-07-30,2025-08-07,8,2025-07-01,1,1,1,121.0,2025-08-07,Dormant
2214,16,5,Organic,GST registered,2025-09-14,2025-09-18,2025-09-23,64,2025-09-01,1,1,22,3507.0,2025-12-30,Active (last 30 days)
2215,7,9,Field sales,GST registered,2025-06-20,2025-06-20,2025-06-27,22,2025-06-01,1,1,119,20579.0,2025-10-29,Dormant
2216,14,1,Organic,GST registered,2025-07-26,2025-07-26,,83,2025-07-01,1,0,0,0.0,,Never sold
2217,6,4,Social / ads,GST registered,2025-06-10,,,0,2025-06-01,0,0,0,0.0,,Never sold
2218,13,4,Referral,GST registered,2025-10-17,2025-10-20,2025-11-13,26,2025-10-01,1,1,12,1986.0,2025-12-28,Active (last 30 days)
2219,14,4,Organic,No GST,2025-01-18,2025-01-20,2025-02-02,8,2025-01-01,1,1,32,6452.0,2025-06-30,Dormant
2220,5,1,Field sales,No GST,2025-06-09,2025-06-10,2025-06-14,14,2025-06-01,1,1,15,3039.0,2025-08-18,Dormant
2221,3,5,Referral,No GST,2025-09-02,,,0,2025-09-01,0,0,0,0.0,,Never sold
2222,28,1,Organic,GST registered,2025-05-10,2025-05-13,2025-05-15,27,2025-05-01,1,1,7,1539.0,2025-05-29,Dormant
2223,28,6,Social / ads,No GST,2025-09-27,2025-09-30,,15,2025-09-01,1,0,0,0.0,,Never sold
2224,1,5,Field sales,GST registered,2025-10-04,2025-10-04,2025-10-11,21,2025-10-01,1,1,6,1628.0,2025-12-26,Active (last 30 days)
2225,19,2,Referral,GST registered,2025-07-21,2025-08-03,,21,2025-07-01,1,0,0,0.0,,Never sold
2226,5,9,Social / ads,GST registered,2025-09-23,2025-09-27,,12,2025-09-01,1,0,0,0.0,,Never sold
2227,25,7,Referral,No GST,2025-04-07,2025-04-07,2025-04-16,11,2025-04-01,1,1,12,1125.0,2025-09-11,Dormant
2228,28,4,Referral,No GST,2025-06-20,2025-06-22,,9,2025-06-01,1,0,0,0.0,,Never sold
2229,18,9,Organic,No GST,2025-10-18,2025-10-26,2025-11-16,39,2025-10-01,1,1,4,512.0,2025-11-21,Dormant
2230,18,7,Organic,No GST,2025-09-29,,,0,2025-09-01,0,0,0,0.0,,Never sold
2231,14,1,Referral,GST registered,2025-02-23,2025-02-25,2025-03-06,21,2025-02-01,1,1,46,9496.0,2025-09-07,Dormant
2232,10,4,Referral,No GST,2025-03-23,2025-04-06,2025-04-10,14,2025-03-01,1,1,5,857.0,2025-06-03,Dormant
2233,15,4,Field sales,GST registered,2025-08-30,2025-09-02,2025-09-11,38,2025-08-01,1,1,185,41258.0,2025-12-30,Active (last 30 days)
2234,6,5,Referral,GST registered,2025-09-23,2025-09-25,2025-10-26,3,2025-09-01,1,1,28,3768.0,2025-12-31,Active (last 30 days)
2235,20,8,Referral,No GST,2025-02-04,2025-02-04,,20,2025-02-01,1,0,0,0.0,,Never sold
2236,14,3,Social / ads,No GST,2025-03-24,,,0,2025-03-01,0,0,0,0.0,,Never sold
2237,8,1,Social / ads,GST registered,2025-05-03,,,0,2025-05-01,0,0,0,0.0,,Never sold
2238,18,3,Organic,GST registered,2025-11-08,2025-11-17,,14,2025-11-01,1,0,0,0.0,,Never sold
2239,24,6,Social / ads,GST registered,2025-11-11,2025-11-20,2025-11-25,5,2025-11-01,1,1,2,232.0,2025-12-07,Active (last 30 days)
2240,18,2,Social / ads,GST registered,2025-07-27,2025-07-27,2025-07-30,21,2025-07-01,1,1,95,24148.0,2025-12-31,Active (last 30 days)
2241,16,1,Organic,GST registered,2025-11-02,,,0,2025-11-01,0,0,0,0.0,,Never sold
2242,26,2,Organic,No GST,2025-05-30,2025-06-07,,13,2025-05-01,1,0,0,0.0,,Never sold
2243,1,5,Organic,GST registered,2025-11-25,2025-12-04,2025-12-10,15,2025-11-01,1,1,15,3907.0,2025-12-31,Active (last 30 days)
2244,18,1,Field sales,GST registered,2025-05-24,2025-05-27,2025-06-02,18,2025-05-01,1,1,26,6219.0,2025-12-11,Active (last 30 days)
2245,14,2,Referral,GST registered,2025-03-17,2025-03-21,2025-03-30,42,2025-03-01,1,1,84,20515.0,2025-12-27,Active (last 30 days)
2246,9,1,Referral,No GST,2025-09-29,2025-09-29,,12,2025-09-01,1,0,0,0.0,,Never sold
2247,32,3,Social / ads,GST registered,2025-07-17,2025-07-24,2025-08-12,36,2025-07-01,1,1,91,18226.0,2025-12-28,Active (last 30 days)
2248,14,1,Organic,GST registered,2025-06-21,2025-06-27,2025-07-05,15,2025-06-01,1,1,52,11290.0,2025-12-29,Active (last 30 days)
2249,13,1,Organic,No GST,2025-06-20,2025-06-27,2025-07-04,46,2025-06-01,1,1,2,1110.0,2025-07-11,Dormant
2250,8,5,Social / ads,No GST,2025-07-26,2025-07-26,2025-07-29,13,2025-07-01,1,1,1,662.0,2025-07-29,Dormant
2251,32,1,Social / ads,GST registered,2025-11-20,2025-12-04,2025-12-16,9,2025-11-01,1,1,1,197.0,2025-12-16,Active (last 30 days)
2252,27,1,Social / ads,No GST,2025-08-26,2025-08-27,,6,2025-08-01,1,0,0,0.0,,Never sold
2253,4,4,Organic,GST registered,2025-11-22,2025-11-24,2025-11-28,16,2025-11-01,1,1,2,153.0,2025-12-27,Active (last 30 days)
2254,17,1,Organic,No GST,2025-04-26,2025-04-29,,8,2025-04-01,1,0,0,0.0,,Never sold
2255,7,1,Organic,GST registered,2025-11-10,2025-11-14,,50,2025-11-01,1,0,0,0.0,,Never sold
2256,21,3,Referral,No GST,2025-07-10,2025-07-14,2025-07-26,8,2025-07-01,1,1,58,8435.0,2025-12-30,Active (last 30 days)
2257,15,2,Organic,No GST,2025-11-24,2025-11-25,2025-12-02,9,2025-11-01,1,1,7,2777.0,2025-12-31,Active (last 30 days)
2258,5,4,Social / ads,No GST,2025-06-07,2025-06-14,2025-06-17,26,2025-06-01,1,1,7,3070.0,2025-07-30,Dormant
2259,17,9,Field sales,No GST,2025-10-17,2025-10-18,2025-11-08,42,2025-10-01,1,1,12,1914.0,2025-12-27,Active (last 30 days)
2260,29,3,Referral,GST registered,2025-10-14,2025-10-14,2025-10-21,29,2025-10-01,1,1,14,3397.0,2025-12-27,Active (last 30 days)
2261,13,4,Organic,No GST,2025-08-21,2025-08-23,2025-08-29,38,2025-08-01,1,1,24,5442.0,2025-12-31,Active (last 30 days)
2262,3,8,Organic,GST registered,2025-10-06,2025-10-06,,15,2025-10-01,1,0,0,0.0,,Never sold
2263,30,3,Referral,GST registered,2025-09-30,2025-10-13,,15,2025-09-01,1,0,0,0.0,,Never sold
2264,7,6,Field sales,GST registered,2025-06-28,2025-07-02,2025-07-06,82,2025-06-01,1,1,51,7236.0,2025-12-25,Active (last 30 days)
2265,14,4,Organic,No GST,2025-06-11,2025-06-12,,63,2025-06-01,1,0,0,0.0,,Never sold
2266,16,5,Social / ads,No GST,2025-05-25,,,0,2025-05-01,0,0,0,0.0,,Never sold
2267,10,8,Organic,No GST,2025-11-11,2025-11-18,2025-11-21,39,2025-11-01,1,1,23,3612.0,2025-12-26,Active (last 30 days)
2268,8,1,Organic,No GST,2025-06-18,2025-06-19,2025-06-22,32,2025-06-01,1,1,91,19906.0,2025-12-30,Active (last 30 days)
2269,5,8,Social / ads,No GST,2025-09-27,2025-09-30,,6,2025-09-01,1,0,0,0.0,,Never sold
2270,4,3,Organic,No GST,2025-01-28,2025-02-05,,15,2025-01-01,1,0,0,0.0,,Never sold
2271,15,4,Organic,No GST,2025-06-25,2025-06-27,2025-07-01,54,2025-06-01,1,1,26,3830.0,2025-12-29,Active (last 30 days)
2272,26,3,Field sales,GST registered,2025-07-20,2025-07-22,2025-08-04,29,2025-07-01,1,1,235,50943.0,2025-12-31,Active (last 30 days)
2273,6,2,Organic,GST registered,2025-03-11,2025-03-12,2025-03-21,15,2025-03-01,1,1,25,5928.0,2025-07-18,Dormant
2274,21,1,Organic,No GST,2025-08-01,2025-08-04,2025-08-09,54,2025-08-01,1,1,94,19744.0,2025-12-31,Active (last 30 days)
2275,14,8,Organic,No GST,2025-08-19,,,0,2025-08-01,0,0,0,0.0,,Never sold
2276,2,4,Organic,GST registered,2025-11-19,,,0,2025-11-01,0,0,0,0.0,,Never sold
2277,16,7,Referral,GST registered,2025-07-10,2025-07-16,2025-08-12,22,2025-07-01,1,1,10,1589.0,2025-12-29,Active (last 30 days)
2278,10,2,Organic,GST registered,2025-04-22,,,0,2025-04-01,0,0,0,0.0,,Never sold
2279,18,2,Social / ads,GST registered,2025-10-03,,,0,2025-10-01,0,0,0,0.0,,Never sold
2280,13,2,Social / ads,No GST,2025-02-25,,,0,2025-02-01,0,0,0,0.0,,Never sold
2281,20,1,Organic,GST registered,2025-08-27,2025-08-27,2025-09-10,51,2025-08-01,1,1,62,13311.0,2025-12-31,Active (last 30 days)
2282,29,3,Organic,GST registered,2025-04-17,2025-04-21,2025-04-27,11,2025-04-01,1,1,19,2938.0,2025-07-23,Dormant
2283,10,8,Organic,No GST,2025-04-25,,,0,2025-04-01,0,0,0,0.0,,Never sold
2284,30,7,Organic,GST registered,2025-04-24,2025-04-24,2025-04-28,45,2025-04-01,1,1,27,6201.0,2025-07-05,Dormant
2285,9,3,Organic,GST registered,2025-03-12,2025-03-20,2025-03-28,14,2025-03-01,1,1,87,21799.0,2025-11-08,Dormant
2286,4,2,Social / ads,No GST,2025-05-23,2025-05-25,2025-06-09,5,2025-05-01,1,1,374,117096.0,2025-10-23,Dormant
2287,9,4,Organic,GST registered,2025-11-20,2025-11-23,,7,2025-11-01,1,0,0,0.0,,Never sold
2288,25,4,Referral,No GST,2025-11-10,2025-11-17,2025-11-24,8,2025-11-01,1,1,20,3961.0,2025-12-30,Active (last 30 days)
2289,20,5,Field sales,No GST,2025-08-13,2025-08-19,2025-08-23,11,2025-08-01,1,1,149,26403.0,2025-12-28,Active (last 30 days)
2290,31,4,Social / ads,No GST,2025-10-08,2025-10-12,2025-11-03,9,2025-10-01,1,1,14,3202.0,2025-12-27,Active (last 30 days)
2291,21,1,Organic,GST registered,2025-07-27,,,0,2025-07-01,0,0,0,0.0,,Never sold
2292,14,1,Organic,No GST,2025-10-08,2025-10-11,2025-10-15,13,2025-10-01,1,1,1,190.0,2025-10-15,Dormant
2293,28,9,Social / ads,No GST,2025-05-12,2025-05-18,,45,2025-05-01,1,0,0,0.0,,Never sold
2294,31,6,Organic,No GST,2025-04-06,2025-04-17,,6,2025-04-01,1,0,0,0.0,,Never sold
2295,24,8,Field sales,GST registered,2025-09-23,2025-09-28,2025-10-09,12,2025-09-01,1,1,37,5424.0,2025-12-26,Active (last 30 days)
2296,17,2,Field sales,GST registered,2025-09-30,2025-09-30,2025-10-08,17,2025-09-01,1,1,23,4517.0,2025-12-31,Active (last 30 days)
2297,26,4,Referral,GST registered,2025-07-04,2025-07-13,2025-07-17,31,2025-07-01,1,1,50,10001.0,2025-12-16,Active (last 30 days)
2298,8,2,Organic,No GST,2025-04-14,,,0,2025-04-01,0,0,0,0.0,,Never sold
2299,29,8,Organic,No GST,2025-04-15,2025-04-22,2025-04-25,10,2025-04-01,1,1,13,2070.0,2025-08-26,Dormant
2300,32,2,Referral,GST registered,2025-07-03,2025-07-06,2025-07-18,36,2025-07-01,1,1,120,30626.0,2025-12-30,Active (last 30 days)
2301,20,5,Referral,No GST,2025-11-18,2025-11-23,2025-11-28,4,2025-11-01,1,1,5,1013.0,2025-12-31,Active (last 30 days)
2302,9,1,Social / ads,No GST,2025-07-20,2025-07-20,2025-07-23,33,2025-07-01,1,1,2,424.0,2025-07-31,Dormant
2303,7,1,Field sales,No GST,2025-11-26,2025-11-28,2025-12-03,5,2025-11-01,1,1,4,1356.0,2025-12-17,Active (last 30 days)
2304,31,1,Social / ads,GST registered,2025-03-22,2025-03-24,2025-03-29,23,2025-03-01,1,1,92,21967.0,2025-10-15,Dormant
2305,27,4,Social / ads,No GST,2025-04-25,,,0,2025-04-01,0,0,0,0.0,,Never sold
2306,23,7,Field sales,No GST,2025-09-28,2025-09-30,2025-10-16,33,2025-09-01,1,1,40,7847.0,2025-12-31,Active (last 30 days)
2307,30,9,Organic,No GST,2025-04-08,,,0,2025-04-01,0,0,0,0.0,,Never sold
2308,15,4,Referral,No GST,2025-07-14,,,0,2025-07-01,0,0,0,0.0,,Never sold
2309,28,4,Field sales,No GST,2025-06-04,2025-06-05,2025-06-11,29,2025-06-01,1,1,208,45150.0,2025-12-31,Active (last 30 days)
2310,8,6,Referral,GST registered,2025-09-23,2025-09-25,2025-09-29,28,2025-09-01,1,1,1,0.0,2025-09-29,Dormant
2311,8,1,Organic,No GST,2025-08-30,2025-09-02,2025-09-04,20,2025-08-01,1,1,17,3159.0,2025-12-31,Active (last 30 days)
2312,15,6,Referral,GST registered,2025-10-06,2025-10-07,,2,2025-10-01,1,0,0,0.0,,Never sold
2313,13,6,Organic,No GST,2025-07-15,,,0,2025-07-01,0,0,0,0.0,,Never sold
2314,14,4,Organic,No GST,2025-09-16,2025-09-17,2025-10-04,49,2025-09-01,1,1,14,3236.0,2025-12-25,Active (last 30 days)
2315,25,1,Social / ads,No GST,2025-09-20,2025-09-22,2025-09-28,18,2025-09-01,1,1,16,4561.0,2025-12-28,Active (last 30 days)
2316,3,1,Referral,No GST,2025-02-10,2025-02-17,2025-03-01,19,2025-02-01,1,1,36,7849.0,2025-11-03,Dormant
2317,21,2,Referral,GST registered,2025-10-14,2025-10-31,2025-11-05,24,2025-10-01,1,1,14,3722.0,2025-12-27,Active (last 30 days)
2318,4,8,Referral,GST registered,2025-11-23,2025-11-25,,52,2025-11-01,1,0,0,0.0,,Never sold
2319,26,5,Referral,No GST,2025-11-25,2025-11-27,2025-12-08,20,2025-11-01,1,1,2,400.0,2025-12-11,Active (last 30 days)
2320,9,4,Organic,GST registered,2025-08-16,2025-08-23,2025-08-31,14,2025-08-01,1,1,88,17356.0,2025-12-28,Active (last 30 days)
2321,22,3,Referral,GST registered,2025-10-02,2025-10-02,2025-10-11,22,2025-10-01,1,1,31,7036.0,2025-12-29,Active (last 30 days)
2322,18,6,Organic,No GST,2025-02-12,2025-02-12,,16,2025-02-01,1,0,0,0.0,,Never sold
2323,14,2,Field sales,GST registered,2025-11-14,2025-11-21,2025-12-03,16,2025-11-01,1,1,11,2840.0,2025-12-22,Active (last 30 days)
2324,11,1,Organic,GST registered,2025-04-24,2025-04-25,2025-05-06,4,2025-04-01,1,1,2,476.0,2025-06-09,Dormant
2325,3,5,Social / ads,GST registered,2025-09-01,2025-09-04,2025-09-05,24,2025-09-01,1,1,5,528.0,2025-09-24,Dormant
2326,13,2,Social / ads,No GST,2025-07-20,,,0,2025-07-01,0,0,0,0.0,,Never sold
2327,9,2,Referral,GST registered,2025-06-03,2025-06-03,2025-06-18,37,2025-06-01,1,1,30,7844.0,2025-12-11,Active (last 30 days)
2328,6,3,Organic,No GST,2025-02-16,2025-02-17,,35,2025-02-01,1,0,0,0.0,,Never sold
2329,22,1,Organic,GST registered,2025-04-24,2025-05-07,2025-05-09,15,2025-04-01,1,1,82,19431.0,2025-12-29,Active (last 30 days)
2330,9,8,Field sales,GST registered,2025-10-25,2025-11-03,2025-11-09,18,2025-10-01,1,1,13,3447.0,2025-12-31,Active (last 30 days)
2331,10,7,Field sales,GST registered,2025-08-01,2025-08-03,2025-08-13,42,2025-08-01,1,1,18,3898.0,2025-11-26,Dormant
2332,13,9,Field sales,GST registered,2025-07-07,2025-07-09,,32,2025-07-01,1,0,0,0.0,,Never sold
2333,14,9,Social / ads,No GST,2025-02-13,2025-02-13,2025-03-03,54,2025-02-01,1,1,410,61549.0,2025-09-01,Dormant
2334,15,2,Referral,GST registered,2025-08-27,2025-09-01,2025-09-27,9,2025-08-01,1,1,34,7814.0,2025-12-29,Active (last 30 days)
2335,20,2,Field sales,GST registered,2025-06-05,2025-06-05,2025-06-06,9,2025-06-01,1,1,45,11374.0,2025-12-30,Active (last 30 days)
2336,18,5,Referral,GST registered,2025-06-09,2025-06-21,2025-06-26,12,2025-06-01,1,1,94,15647.0,2025-12-24,Active (last 30 days)
2337,15,1,Field sales,GST registered,2025-10-07,2025-10-09,2025-10-10,7,2025-10-01,1,1,26,4412.0,2025-12-30,Active (last 30 days)
2338,14,9,Referral,GST registered,2025-06-21,2025-06-21,2025-07-02,5,2025-06-01,1,1,44,9197.0,2025-12-31,Active (last 30 days)
2339,11,1,Social / ads,GST registered,2025-09-24,,,0,2025-09-01,0,0,0,0.0,,Never sold
2340,21,4,Organic,No GST,2025-10-25,2025-10-31,2025-11-05,22,2025-10-01,1,1,17,3325.0,2025-12-29,Active (last 30 days)
2341,12,5,Organic,GST registered,2025-01-30,2025-02-01,2025-02-17,20,2025-01-01,1,1,3,605.0,2025-04-17,Dormant
2342,27,8,Organic,No GST,2025-08-24,2025-08-28,,21,2025-08-01,1,0,0,0.0,,Never sold
2343,17,5,Social / ads,No GST,2025-07-24,2025-07-27,,5,2025-07-01,1,0,0,0.0,,Never sold
2344,19,4,Referral,GST registered,2025-07-01,2025-07-09,,11,2025-07-01,1,0,0,0.0,,Never sold
2345,15,2,Organic,No GST,2025-11-06,2025-11-08,2025-11-25,13,2025-11-01,1,1,12,2983.0,2025-12-31,Active (last 30 days)
2346,30,4,Referral,No GST,2025-07-28,,,0,2025-07-01,0,0,0,0.0,,Never sold
2347,14,6,Referral,No GST,2025-09-06,2025-09-12,,5,2025-09-01,1,0,0,0.0,,Never sold
2348,14,4,Social / ads,No GST,2025-11-20,2025-11-23,2025-11-26,7,2025-11-01,1,1,4,394.0,2025-12-19,Active (last 30 days)
2349,28,6,Social / ads,No GST,2025-05-23,2025-05-24,2025-06-06,11,2025-05-01,1,1,26,4379.0,2025-10-03,Dormant
2350,18,1,Social / ads,GST registered,2025-05-14,2025-05-14,2025-07-03,38,2025-05-01,1,1,19,3887.0,2025-11-30,Dormant
2351,14,2,Social / ads,No GST,2025-09-19,2025-09-26,2025-10-02,20,2025-09-01,1,1,94,32394.0,2025-12-30,Active (last 30 days)
2352,11,9,Organic,GST registered,2025-08-13,,,0,2025-08-01,0,0,0,0.0,,Never sold
2353,10,2,Organic,No GST,2025-09-24,2025-09-26,2025-10-13,14,2025-09-01,1,1,17,2666.0,2025-12-15,Active (last 30 days)
2354,25,4,Referral,No GST,2025-08-24,,,0,2025-08-01,0,0,0,0.0,,Never sold
2355,11,4,Field sales,No GST,2025-09-24,2025-09-26,2025-10-01,24,2025-09-01,1,1,18,2877.0,2025-11-19,Dormant
2356,1,8,Organic,No GST,2025-09-30,2025-09-30,,14,2025-09-01,1,0,0,0.0,,Never sold
2357,1,1,Field sales,GST registered,2025-08-12,2025-08-12,2025-08-17,9,2025-08-01,1,1,38,7089.0,2025-12-31,Active (last 30 days)
2358,32,2,Organic,No GST,2025-07-12,2025-07-16,2025-07-19,4,2025-07-01,1,1,50,9962.0,2025-12-28,Active (last 30 days)
2359,17,7,Organic,GST registered,2025-11-18,2025-11-23,,10,2025-11-01,1,0,0,0.0,,Never sold
2360,15,5,Organic,No GST,2025-03-29,2025-04-07,2025-04-10,32,2025-03-01,1,1,224,41775.0,2025-11-04,Dormant
2361,29,4,Social / ads,No GST,2025-06-03,2025-06-04,2025-06-16,45,2025-06-01,1,1,32,5733.0,2025-12-22,Active (last 30 days)
2362,13,2,Field sales,GST registered,2025-06-18,2025-06-18,2025-06-24,8,2025-06-01,1,1,17,1800.0,2025-12-21,Active (last 30 days)
2363,24,2,Referral,No GST,2025-05-27,2025-05-27,,4,2025-05-01,1,0,0,0.0,,Never sold
2364,21,8,Social / ads,GST registered,2025-11-11,2025-11-13,2025-11-23,34,2025-11-01,1,1,5,852.0,2025-12-28,Active (last 30 days)
2365,15,5,Social / ads,GST registered,2025-02-24,2025-02-24,,17,2025-02-01,1,0,0,0.0,,Never sold
2366,24,8,Organic,No GST,2025-03-16,2025-03-18,,5,2025-03-01,1,0,0,0.0,,Never sold
2367,31,9,Social / ads,No GST,2025-05-17,2025-05-23,2025-05-27,1,2025-05-01,1,1,68,9643.0,2025-12-01,Active (last 30 days)
2368,9,4,Organic,No GST,2025-03-26,2025-04-02,2025-04-12,7,2025-03-01,1,1,1,285.0,2025-04-12,Dormant
2369,1,4,Referral,GST registered,2025-09-20,2025-09-24,2025-09-25,11,2025-09-01,1,1,13,4918.0,2025-12-28,Active (last 30 days)
2370,25,5,Organic,GST registered,2025-09-26,2025-09-29,2025-10-22,6,2025-09-01,1,1,3,509.0,2025-11-12,Dormant
2371,14,7,Referral,GST registered,2025-10-17,2025-10-19,2025-10-27,28,2025-10-01,1,1,7,1033.0,2025-11-18,Dormant
2372,16,5,Referral,GST registered,2025-09-18,2025-09-21,2025-09-26,8,2025-09-01,1,1,23,3558.0,2025-12-24,Active (last 30 days)
2373,10,1,Organic,GST registered,2025-08-31,2025-09-02,2025-09-10,16,2025-08-01,1,1,8,791.0,2025-11-30,Dormant
2374,26,8,Referral,GST registered,2025-01-26,2025-01-26,2025-01-30,109,2025-01-01,1,1,98,17686.0,2025-06-24,Dormant
2375,21,5,Field sales,No GST,2025-09-21,2025-09-23,2025-09-29,18,2025-09-01,1,1,132,22057.0,2025-12-31,Active (last 30 days)
2376,31,7,Field sales,GST registered,2025-06-06,2025-06-07,,14,2025-06-01,1,0,0,0.0,,Never sold
2377,14,3,Organic,No GST,2025-05-09,2025-05-09,2025-05-18,15,2025-05-01,1,1,3,400.0,2025-06-19,Dormant
2378,32,3,Organic,No GST,2025-11-15,2025-11-16,,28,2025-11-01,1,0,0,0.0,,Never sold
2379,15,5,Organic,GST registered,2025-10-31,,,0,2025-10-01,0,0,0,0.0,,Never sold
2380,18,6,Social / ads,No GST,2025-07-23,2025-07-23,,7,2025-07-01,1,0,0,0.0,,Never sold
2381,20,1,Social / ads,GST registered,2025-09-25,2025-09-25,2025-09-29,11,2025-09-01,1,1,9,1909.0,2025-11-18,Dormant
2382,15,2,Organic,GST registered,2025-08-03,2025-08-04,2025-08-10,9,2025-08-01,1,1,169,47913.0,2025-12-29,Active (last 30 days)
2383,17,6,Field sales,No GST,2025-06-15,2025-06-18,2025-06-20,13,2025-06-01,1,1,5,331.0,2025-08-30,Dormant
2384,10,9,Referral,GST registered,2025-10-27,2025-10-30,2025-11-09,70,2025-10-01,1,1,34,4446.0,2025-12-31,Active (last 30 days)
2385,13,1,Social / ads,GST registered,2025-08-09,2025-08-11,,26,2025-08-01,1,0,0,0.0,,Never sold
2386,21,2,Organic,No GST,2025-10-18,2025-10-21,2025-10-28,15,2025-10-01,1,1,5,1541.0,2025-12-04,Active (last 30 days)
2387,2,3,Referral,GST registered,2025-10-31,,,0,2025-10-01,0,0,0,0.0,,Never sold
2388,21,1,Referral,No GST,2025-03-02,2025-03-02,2025-03-06,19,2025-03-01,1,1,27,5264.0,2025-07-11,Dormant
2389,12,1,Organic,No GST,2025-09-26,2025-10-05,2025-11-16,4,2025-09-01,1,1,4,761.0,2025-12-29,Active (last 30 days)
2390,11,4,Organic,GST registered,2025-08-26,,,0,2025-08-01,0,0,0,0.0,,Never sold
2391,20,5,Organic,No GST,2025-06-20,2025-06-25,2025-07-04,14,2025-06-01,1,1,37,5939.0,2025-12-14,Active (last 30 days)
2392,9,2,Referral,GST registered,2025-11-17,2025-11-17,2025-11-20,2,2025-11-01,1,1,3,731.0,2025-12-13,Active (last 30 days)
2393,31,2,Field sales,GST registered,2025-08-16,2025-08-18,2025-08-31,4,2025-08-01,1,1,33,7234.0,2025-12-20,Active (last 30 days)
2394,32,9,Field sales,No GST,2025-06-09,2025-06-11,2025-06-17,40,2025-06-01,1,1,95,14204.0,2025-10-01,Dormant
2395,14,3,Organic,GST registered,2025-10-04,2025-10-08,2025-10-18,4,2025-10-01,1,1,17,3818.0,2025-12-31,Active (last 30 days)
2396,14,6,Social / ads,No GST,2025-08-12,2025-08-19,,48,2025-08-01,1,0,0,0.0,,Never sold
2397,4,2,Organic,GST registered,2025-08-26,2025-08-28,2025-09-03,17,2025-08-01,1,1,51,13978.0,2025-10-06,Dormant
2398,24,7,Social / ads,GST registered,2025-06-10,,,0,2025-06-01,0,0,0,0.0,,Never sold
2399,8,7,Organic,No GST,2025-07-15,2025-07-17,,13,2025-07-01,1,0,0,0.0,,Never sold
2400,30,2,Social / ads,No GST,2025-07-28,2025-07-28,,24,2025-07-01,1,0,0,0.0,,Never sold
2401,32,5,Social / ads,GST registered,2025-05-31,2025-06-06,,21,2025-05-01,1,0,0,0.0,,Never sold
2402,6,5,Social / ads,No GST,2025-05-05,,,0,2025-05-01,0,0,0,0.0,,Never sold
2403,20,3,Social / ads,GST registered,2025-04-12,2025-04-12,,7,2025-04-01,1,0,0,0.0,,Never sold
2404,14,6,Organic,GST registered,2025-10-26,2025-10-27,2025-11-10,21,2025-10-01,1,1,25,3448.0,2025-12-28,Active (last 30 days)
2405,16,2,Field sales,No GST,2025-03-17,2025-03-21,,3,2025-03-01,1,0,0,0.0,,Never sold
2406,8,3,Referral,No GST,2025-03-24,,,0,2025-03-01,0,0,0,0.0,,Never sold
2407,22,9,Referral,GST registered,2025-09-15,2025-09-15,2025-09-19,19,2025-09-01,1,1,64,9432.0,2025-12-26,Active (last 30 days)
2408,8,1,Social / ads,No GST,2025-07-07,2025-07-07,,23,2025-07-01,1,0,0,0.0,,Never sold
2409,28,1,Organic,GST registered,2025-04-17,2025-04-23,2025-04-27,2,2025-04-01,1,1,157,30643.0,2025-12-31,Active (last 30 days)
2410,14,1,Referral,No GST,2025-09-07,2025-09-07,,6,2025-09-01,1,0,0,0.0,,Never sold
2411,19,9,Social / ads,No GST,2025-11-14,2025-11-15,,10,2025-11-01,1,0,0,0.0,,Never sold
2412,29,1,Organic,GST registered,2025-05-20,2025-05-21,2025-06-03,28,2025-05-01,1,1,37,8276.0,2025-12-18,Active (last 30 days)
2413,22,1,Organic,GST registered,2025-11-17,2025-11-18,2025-12-09,7,2025-11-01,1,1,1,238.0,2025-12-09,Active (last 30 days)
2414,16,5,Organic,No GST,2025-10-09,2025-10-10,2025-10-16,126,2025-10-01,1,1,7,1408.0,2025-12-05,Active (last 30 days)
2415,14,6,Social / ads,No GST,2025-05-26,2025-05-29,2025-05-31,13,2025-05-01,1,1,3,388.0,2025-06-03,Dormant
2416,14,4,Social / ads,GST registered,2025-03-09,,,0,2025-03-01,0,0,0,0.0,,Never sold
2417,13,9,Organic,GST registered,2025-10-16,2025-10-19,2025-11-02,14,2025-10-01,1,1,10,1958.0,2025-12-28,Active (last 30 days)
2418,30,1,Field sales,GST registered,2025-11-18,2025-11-20,,7,2025-11-01,1,0,0,0.0,,Never sold
2419,10,4,Referral,No GST,2025-10-01,2025-10-06,2025-10-10,6,2025-10-01,1,1,8,1511.0,2025-12-28,Active (last 30 days)
2420,14,4,Field sales,No GST,2025-01-30,2025-01-31,,36,2025-01-01,1,0,0,0.0,,Never sold
2421,24,2,Field sales,No GST,2025-05-13,2025-05-14,,24,2025-05-01,1,0,0,0.0,,Never sold
2422,13,8,Social / ads,GST registered,2025-02-21,2025-02-23,,24,2025-02-01,1,0,0,0.0,,Never sold
2423,28,4,Organic,No GST,2025-10-13,2025-10-20,2025-10-25,45,2025-10-01,1,1,39,8769.0,2025-12-31,Active (last 30 days)
2424,10,1,Organic,GST registered,2025-05-21,2025-05-21,2025-07-16,24,2025-05-01,1,1,30,6026.0,2025-08-30,Dormant
2425,2,1,Referral,GST registered,2025-10-19,2025-10-19,2025-11-20,7,2025-10-01,1,1,9,967.0,2025-12-31,Active (last 30 days)
2426,19,1,Referral,GST registered,2025-09-21,2025-09-23,2025-10-05,28,2025-09-01,1,1,21,3185.0,2025-10-30,Dormant
2427,15,8,Referral,GST registered,2025-02-23,2025-02-23,,6,2025-02-01,1,0,0,0.0,,Never sold
2428,30,1,Organic,No GST,2025-02-06,2025-02-09,,11,2025-02-01,1,0,0,0.0,,Never sold
2429,14,8,Organic,GST registered,2025-10-26,2025-10-26,2025-11-07,15,2025-10-01,1,1,4,118.0,2025-12-10,Active (last 30 days)
2430,6,1,Social / ads,GST registered,2025-06-29,2025-06-30,2025-07-21,14,2025-06-01,1,1,4,590.0,2025-08-04,Dormant
2431,12,9,Organic,No GST,2025-10-20,,,0,2025-10-01,0,0,0,0.0,,Never sold
2432,14,7,Referral,GST registered,2025-01-16,2025-01-19,2025-01-24,7,2025-01-01,1,1,69,15522.0,2025-12-28,Active (last 30 days)
2433,17,1,Social / ads,GST registered,2025-11-23,2025-11-27,,16,2025-11-01,1,0,0,0.0,,Never sold
2434,11,1,Organic,GST registered,2025-02-01,2025-02-07,2025-02-09,10,2025-02-01,1,1,38,8173.0,2025-11-14,Dormant
2435,16,6,Organic,GST registered,2025-09-24,,,0,2025-09-01,0,0,0,0.0,,Never sold
2436,29,1,Organic,GST registered,2025-04-29,2025-05-06,,46,2025-04-01,1,0,0,0.0,,Never sold
2437,14,2,Referral,No GST,2025-01-06,2025-01-10,2025-01-20,6,2025-01-01,1,1,55,12271.0,2025-08-03,Dormant
2438,19,6,Organic,GST registered,2025-06-04,2025-06-04,2025-06-12,17,2025-06-01,1,1,4,646.0,2025-06-19,Dormant
2439,10,8,Field sales,GST registered,2025-06-05,2025-06-05,2025-06-21,58,2025-06-01,1,1,106,19337.0,2025-12-31,Active (last 30 days)
2440,25,6,Organic,No GST,2025-03-30,2025-04-03,,14,2025-03-01,1,0,0,0.0,,Never sold
2441,11,8,Organic,GST registered,2025-08-25,2025-09-03,2025-09-05,11,2025-08-01,1,1,18,4520.0,2025-12-27,Active (last 30 days)
2442,17,4,Organic,No GST,2025-08-22,2025-08-24,2025-09-03,32,2025-08-01,1,1,33,5024.0,2025-12-30,Active (last 30 days)
2443,12,6,Organic,GST registered,2025-10-16,2025-10-19,2025-10-23,13,2025-10-01,1,1,18,2869.0,2025-12-29,Active (last 30 days)
2444,3,2,Organic,No GST,2025-10-16,2025-10-23,2025-10-27,45,2025-10-01,1,1,15,3015.0,2025-11-21,Dormant
2445,12,6,Social / ads,GST registered,2025-08-19,2025-08-23,2025-09-07,10,2025-08-01,1,1,1,57.0,2025-09-07,Dormant
2446,9,5,Organic,No GST,2025-01-31,2025-02-06,,11,2025-01-01,1,0,0,0.0,,Never sold
2447,28,4,Referral,No GST,2025-05-20,2025-05-20,2025-05-25,30,2025-05-01,1,1,16,2871.0,2025-08-25,Dormant
2448,11,9,Referral,No GST,2025-04-02,2025-04-02,2025-04-08,17,2025-04-01,1,1,27,3524.0,2025-12-19,Active (last 30 days)
2449,31,3,Field sales,No GST,2025-08-18,,,0,2025-08-01,0,0,0,0.0,,Never sold
2450,15,4,Field sales,GST registered,2025-11-26,2025-11-27,,3,2025-11-01,1,0,0,0.0,,Never sold
2451,10,4,Organic,GST registered,2025-11-23,2025-11-23,2025-11-26,12,2025-11-01,1,1,21,3385.0,2025-12-31,Active (last 30 days)
2452,14,2,Field sales,No GST,2025-05-02,2025-05-02,2025-05-08,32,2025-05-01,1,1,10,875.0,2025-10-09,Dormant
2453,8,2,Organic,No GST,2025-11-23,,,0,2025-11-01,0,0,0,0.0,,Never sold
2454,26,9,Social / ads,GST registered,2025-06-15,2025-06-18,2025-07-20,28,2025-06-01,1,1,23,2770.0,2025-12-29,Active (last 30 days)
2455,6,2,Organic,No GST,2025-11-05,2025-11-18,2025-11-20,20,2025-11-01,1,1,3,297.0,2025-12-19,Active (last 30 days)
2456,27,5,Field sales,No GST,2025-06-03,2025-06-04,,14,2025-06-01,1,0,0,0.0,,Never sold
2457,3,4,Field sales,No GST,2025-09-10,2025-09-17,,48,2025-09-01,1,0,0,0.0,,Never sold
2458,12,8,Field sales,No GST,2025-07-24,2025-07-31,2025-08-06,12,2025-07-01,1,1,9,1502.0,2025-12-22,Active (last 30 days)
2459,7,6,Organic,No GST,2025-07-12,2025-07-14,2025-07-18,13,2025-07-01,1,1,213,35608.0,2025-12-31,Active (last 30 days)
2460,20,1,Field sales,GST registered,2025-06-29,2025-07-01,2025-07-13,13,2025-06-01,1,1,26,4721.0,2025-12-27,Active (last 30 days)
2461,15,2,Field sales,No GST,2025-10-07,2025-10-09,2025-10-21,17,2025-10-01,1,1,22,4888.0,2025-12-23,Active (last 30 days)
2462,30,6,Referral,GST registered,2025-09-08,2025-09-17,2025-10-30,30,2025-09-01,1,1,13,1676.0,2025-12-28,Active (last 30 days)
2463,13,1,Organic,GST registered,2025-02-25,2025-02-26,,5,2025-02-01,1,0,0,0.0,,Never sold
2464,2,4,Organic,No GST,2025-05-06,2025-05-06,2025-05-08,32,2025-05-01,1,1,18,4311.0,2025-07-07,Dormant
2465,23,2,Organic,No GST,2025-07-28,2025-07-29,2025-08-29,17,2025-07-01,1,1,20,3663.0,2025-12-11,Active (last 30 days)
2466,17,1,Social / ads,GST registered,2025-01-16,2025-01-19,2025-01-26,25,2025-01-01,1,1,130,27676.0,2025-12-27,Active (last 30 days)
2467,26,9,Referral,No GST,2025-03-27,2025-03-31,2025-04-05,111,2025-03-01,1,1,200,31161.0,2025-12-10,Active (last 30 days)
2468,14,8,Field sales,GST registered,2025-08-20,2025-08-26,2025-09-03,10,2025-08-01,1,1,28,7704.0,2025-12-31,Active (last 30 days)
2469,22,6,Field sales,GST registered,2025-06-02,2025-06-05,2025-06-07,6,2025-06-01,1,1,50,5814.0,2025-12-30,Active (last 30 days)
2470,8,1,Field sales,No GST,2025-11-07,2025-11-07,,19,2025-11-01,1,0,0,0.0,,Never sold
2471,32,9,Field sales,No GST,2025-06-11,2025-06-23,2025-06-29,21,2025-06-01,1,1,28,5147.0,2025-09-09,Dormant
2472,8,5,Field sales,GST registered,2025-09-26,2025-10-12,2025-10-27,33,2025-09-01,1,1,5,639.0,2025-12-23,Active (last 30 days)
2473,26,9,Referral,GST registered,2025-06-20,2025-06-22,,10,2025-06-01,1,0,0,0.0,,Never sold
2474,9,1,Organic,No GST,2025-09-01,2025-09-02,2025-09-16,8,2025-09-01,1,1,10,1554.0,2025-12-26,Active (last 30 days)
2475,24,1,Social / ads,GST registered,2025-11-25,,,0,2025-11-01,0,0,0,0.0,,Never sold
2476,27,5,Social / ads,No GST,2025-07-23,2025-07-23,2025-08-14,5,2025-07-01,1,1,18,3610.0,2025-12-19,Active (last 30 days)
2477,28,8,Referral,GST registered,2025-05-04,2025-05-04,2025-05-15,11,2025-05-01,1,1,53,9309.0,2025-12-29,Active (last 30 days)
2478,14,1,Social / ads,No GST,2025-04-28,2025-05-08,2025-05-13,14,2025-04-01,1,1,41,7806.0,2025-07-21,Dormant
2479,14,2,Social / ads,GST registered,2025-08-23,2025-09-04,2025-09-08,85,2025-08-01,1,1,14,4314.0,2025-12-09,Active (last 30 days)
2480,26,4,Referral,GST registered,2025-04-06,2025-04-06,,4,2025-04-01,1,0,0,0.0,,Never sold
2481,17,9,Field sales,GST registered,2025-05-31,2025-06-01,2025-06-12,21,2025-05-01,1,1,1,0.0,2025-06-12,Dormant
2482,18,6,Field sales,No GST,2025-11-02,2025-11-06,2025-11-08,9,2025-11-01,1,1,10,2148.0,2025-12-31,Active (last 30 days)
2483,10,8,Organic,No GST,2025-08-15,2025-08-17,2025-08-25,19,2025-08-01,1,1,22,3505.0,2025-12-27,Active (last 30 days)
2484,14,5,Organic,GST registered,2025-09-30,2025-10-15,2025-10-19,10,2025-09-01,1,1,15,2907.0,2025-12-31,Active (last 30 days)
2485,14,7,Referral,GST registered,2025-08-03,2025-08-06,2025-08-09,37,2025-08-01,1,1,26,4697.0,2025-12-03,Active (last 30 days)
2486,20,4,Social / ads,GST registered,2025-06-01,2025-06-02,,37,2025-06-01,1,0,0,0.0,,Never sold
2487,9,1,Organic,No GST,2025-03-29,2025-04-09,2025-04-16,15,2025-03-01,1,1,48,5921.0,2025-11-24,Dormant
2488,14,5,Social / ads,GST registered,2025-05-16,2025-05-16,2025-05-28,52,2025-05-01,1,1,102,18014.0,2025-12-26,Active (last 30 days)
2489,27,4,Field sales,No GST,2025-11-23,2025-11-23,2025-11-27,30,2025-11-01,1,1,14,2715.0,2025-12-30,Active (last 30 days)
2490,16,3,Field sales,GST registered,2025-07-02,2025-07-03,2025-07-04,50,2025-07-01,1,1,270,57174.0,2025-12-31,Active (last 30 days)
2491,28,2,Organic,No GST,2025-11-26,2025-11-29,,15,2025-11-01,1,0,0,0.0,,Never sold
2492,10,6,Referral,No GST,2025-09-08,2025-09-23,2025-10-09,35,2025-09-01,1,1,42,5264.0,2025-11-30,Dormant
2493,14,7,Organic,GST registered,2025-09-26,2025-09-30,,8,2025-09-01,1,0,0,0.0,,Never sold
2494,15,2,Organic,GST registered,2025-09-18,2025-09-18,2025-10-11,8,2025-09-01,1,1,8,1735.0,2025-12-20,Active (last 30 days)
2495,14,8,Organic,No GST,2025-04-02,2025-04-08,2025-04-15,94,2025-04-01,1,1,188,36704.0,2025-12-25,Active (last 30 days)
2496,20,2,Organic,GST registered,2025-04-23,2025-04-24,2025-04-30,6,2025-04-01,1,1,15,4393.0,2025-05-19,Dormant
2497,7,1,Organic,No GST,2025-05-21,2025-05-23,,11,2025-05-01,1,0,0,0.0,,Never sold
2498,16,1,Referral,No GST,2025-07-04,2025-07-12,2025-07-30,3,2025-07-01,1,1,239,57014.0,2025-12-30,Active (last 30 days)
2499,7,3,Referral,GST registered,2025-10-16,2025-10-16,2025-10-27,8,2025-10-01,1,1,41,8829.0,2025-12-28,Active (last 30 days)
2500,19,1,Organic,No GST,2025-11-09,2025-11-15,2025-11-28,7,2025-11-01,1,1,3,667.0,2025-12-27,Active (last 30 days)
2501,26,6,Social / ads,GST registered,2025-07-05,2025-07-08,2025-07-11,9,2025-07-01,1,1,99,15484.0,2025-11-19,Dormant
2502,1,6,Referral,No GST,2025-08-12,2025-08-15,,20,2025-08-01,1,0,0,0.0,,Never sold
2503,14,4,Social / ads,GST registered,2025-04-09,,,0,2025-04-01,0,0,0,0.0,,Never sold
2504,15,8,Field sales,GST registered,2025-05-11,2025-05-12,2025-05-24,7,2025-05-01,1,1,73,17238.0,2025-09-04,Dormant
2505,21,9,Organic,GST registered,2025-09-14,2025-09-14,2025-09-16,8,2025-09-01,1,1,11,1724.0,2025-12-30,Active (last 30 days)
2506,4,3,Social / ads,GST registered,2025-11-09,2025-11-09,2025-11-14,39,2025-11-01,1,1,6,1102.0,2025-12-27,Active (last 30 days)
2507,14,1,Social / ads,GST registered,2025-11-18,2025-11-27,2025-12-18,64,2025-11-01,1,1,4,638.0,2025-12-28,Active (last 30 days)
2508,24,1,Field sales,GST registered,2025-09-29,2025-10-04,2025-10-14,44,2025-09-01,1,1,31,6659.0,2025-12-31,Active (last 30 days)
2509,16,5,Referral,No GST,2025-05-19,,,0,2025-05-01,0,0,0,0.0,,Never sold
2510,23,2,Referral,GST registered,2025-07-06,2025-07-08,2025-07-16,42,2025-07-01,1,1,253,67543.0,2025-12-31,Active (last 30 days)
2511,13,5,Referral,GST registered,2025-11-14,2025-11-21,,72,2025-11-01,1,0,0,0.0,,Never sold
2512,29,5,Social / ads,GST registered,2025-05-19,2025-05-20,2025-05-25,4,2025-05-01,1,1,36,5694.0,2025-12-21,Active (last 30 days)
2513,4,4,Referral,GST registered,2025-07-14,2025-07-15,,39,2025-07-01,1,0,0,0.0,,Never sold
2514,4,1,Organic,GST registered,2025-04-12,2025-04-16,2025-04-30,19,2025-04-01,1,1,53,12650.0,2025-08-04,Dormant
2515,16,2,Organic,GST registered,2025-05-23,2025-05-24,,12,2025-05-01,1,0,0,0.0,,Never sold
2516,14,2,Organic,No GST,2025-10-25,2025-10-26,,17,2025-10-01,1,0,0,0.0,,Never sold
2517,19,7,Organic,No GST,2025-09-02,2025-09-13,2025-09-23,23,2025-09-01,1,1,7,0.0,2025-11-16,Dormant
2518,10,5,Organic,No GST,2025-07-12,2025-07-13,2025-08-01,41,2025-07-01,1,1,12,2148.0,2025-09-10,Dormant
2519,10,5,Social / ads,GST registered,2025-08-11,2025-08-13,2025-08-23,39,2025-08-01,1,1,41,7478.0,2025-12-31,Active (last 30 days)
2520,23,5,Organic,No GST,2025-09-13,2025-09-16,,4,2025-09-01,1,0,0,0.0,,Never sold
2521,11,4,Organic,No GST,2025-08-04,2025-08-04,2025-08-12,9,2025-08-01,1,1,92,26701.0,2025-12-31,Active (last 30 days)
2522,22,1,Organic,No GST,2025-10-25,2025-10-30,2025-11-02,17,2025-10-01,1,1,26,6659.0,2025-12-27,Active (last 30 days)
2523,19,1,Referral,GST registered,2025-02-16,2025-02-16,,57,2025-02-01,1,0,0,0.0,,Never sold
2524,4,1,Field sales,GST registered,2025-11-26,2025-11-30,2025-12-11,1,2025-11-01,1,1,5,691.0,2025-12-28,Active (last 30 days)
2525,21,1,Referral,GST registered,2025-02-27,,,0,2025-02-01,0,0,0,0.0,,Never sold
2526,28,2,Social / ads,GST registered,2025-05-28,2025-06-09,2025-06-29,4,2025-05-01,1,1,3,764.0,2025-08-12,Dormant
2527,25,6,Social / ads,No GST,2025-06-08,2025-06-22,2025-06-27,5,2025-06-01,1,1,12,1718.0,2025-08-03,Dormant
2528,1,1,Social / ads,GST registered,2025-07-21,,,0,2025-07-01,0,0,0,0.0,,Never sold
2529,16,1,Social / ads,GST registered,2025-11-11,2025-11-12,2025-11-18,10,2025-11-01,1,1,5,887.0,2025-12-16,Active (last 30 days)
2530,29,1,Organic,GST registered,2025-07-27,,,0,2025-07-01,0,0,0,0.0,,Never sold
2531,18,2,Referral,GST registered,2025-10-28,2025-11-02,2025-11-11,14,2025-10-01,1,1,8,3216.0,2025-11-16,Dormant
2532,11,1,Organic,GST registered,2025-03-13,2025-03-15,,83,2025-03-01,1,0,0,0.0,,Never sold
2533,9,1,Social / ads,GST registered,2025-09-25,2025-09-27,2025-10-04,3,2025-09-01,1,1,120,27802.0,2025-12-31,Active (last 30 days)
2534,20,2,Organic,GST registered,2025-05-07,2025-05-07,,25,2025-05-01,1,0,0,0.0,,Never sold
2535,23,9,Organic,GST registered,2025-06-27,2025-07-03,2025-07-05,57,2025-06-01,1,1,32,4244.0,2025-12-31,Active (last 30 days)
2536,29,2,Organic,No GST,2025-03-25,2025-03-27,2025-03-30,15,2025-03-01,1,1,316,93851.0,2025-09-25,Dormant
2537,29,1,Field sales,No GST,2025-06-27,2025-07-01,2025-07-09,76,2025-06-01,1,1,47,7591.0,2025-12-13,Active (last 30 days)
2538,13,3,Field sales,No GST,2025-09-26,,,0,2025-09-01,0,0,0,0.0,,Never sold
2539,18,1,Organic,No GST,2025-03-16,2025-03-16,2025-03-24,52,2025-03-01,1,1,27,6851.0,2025-08-25,Dormant
2540,5,4,Referral,GST registered,2025-05-02,2025-05-02,2025-05-16,43,2025-05-01,1,1,61,13792.0,2025-12-23,Active (last 30 days)
2541,5,2,Organic,No GST,2025-10-04,,,0,2025-10-01,0,0,0,0.0,,Never sold
2542,4,8,Social / ads,No GST,2025-04-11,,,0,2025-04-01,0,0,0,0.0,,Never sold
2543,30,8,Organic,GST registered,2025-06-01,,,0,2025-06-01,0,0,0,0.0,,Never sold
2544,7,6,Organic,GST registered,2025-11-26,2025-12-01,2025-12-09,2,2025-11-01,1,1,6,679.0,2025-12-28,Active (last 30 days)
2545,15,1,Field sales,No GST,2025-06-27,,,0,2025-06-01,0,0,0,0.0,,Never sold
2546,14,3,Referral,GST registered,2025-01-05,2025-01-10,,24,2025-01-01,1,0,0,0.0,,Never sold
2547,12,2,Social / ads,No GST,2025-07-17,2025-07-20,2025-07-27,17,2025-07-01,1,1,65,21471.0,2025-11-15,Dormant
2548,16,6,Referral,GST registered,2025-03-15,2025-03-21,,14,2025-03-01,1,0,0,0.0,,Never sold
2549,1,1,Social / ads,GST registered,2025-08-16,2025-08-19,2025-08-23,48,2025-08-01,1,1,2,1240.0,2025-08-28,Dormant
2550,14,5,Organic,No GST,2025-07-26,,,0,2025-07-01,0,0,0,0.0,,Never sold
2551,15,2,Organic,No GST,2025-04-09,2025-04-09,,10,2025-04-01,1,0,0,0.0,,Never sold
2552,25,3,Social / ads,No GST,2025-04-07,2025-04-07,2025-04-09,18,2025-04-01,1,1,699,171521.0,2025-12-11,Active (last 30 days)
2553,21,2,Organic,No GST,2025-09-09,2025-09-09,2025-09-18,84,2025-09-01,1,1,158,46895.0,2025-12-31,Active (last 30 days)
2554,27,2,Social / ads,No GST,2025-10-31,2025-11-05,2025-11-11,27,2025-10-01,1,1,15,3921.0,2025-12-27,Active (last 30 days)
2555,14,5,Organic,GST registered,2025-04-07,2025-04-14,2025-04-23,12,2025-04-01,1,1,34,4291.0,2025-12-20,Active (last 30 days)
2556,7,4,Referral,No GST,2025-08-28,2025-08-28,2025-09-07,15,2025-08-01,1,1,27,7302.0,2025-12-30,Active (last 30 days)
2557,14,1,Organic,GST registered,2025-06-15,2025-06-15,2025-06-16,23,2025-06-01,1,1,52,10555.0,2025-10-10,Dormant
2558,31,1,Referral,GST registered,2025-10-13,2025-10-25,2025-11-06,11,2025-10-01,1,1,30,5589.0,2025-12-31,Active (last 30 days)
2559,9,7,Social / ads,No GST,2025-04-17,2025-04-27,2025-05-13,10,2025-04-01,1,1,90,20065.0,2025-12-22,Active (last 30 days)
2560,8,3,Organic,GST registered,2025-03-11,2025-03-12,,16,2025-03-01,1,0,0,0.0,,Never sold
2561,30,4,Organic,No GST,2025-07-11,2025-07-12,,55,2025-07-01,1,0,0,0.0,,Never sold
2562,31,3,Organic,GST registered,2025-03-06,,,0,2025-03-01,0,0,0,0.0,,Never sold
2563,7,4,Organic,GST registered,2025-06-11,,,0,2025-06-01,0,0,0,0.0,,Never sold
2564,23,4,Organic,GST registered,2025-09-18,2025-09-29,,32,2025-09-01,1,0,0,0.0,,Never sold
2565,14,1,Social / ads,No GST,2025-05-25,2025-05-25,2025-05-29,16,2025-05-01,1,1,41,6901.0,2025-10-25,Dormant
2566,15,4,Organic,No GST,2025-10-25,2025-10-26,2025-10-29,21,2025-10-01,1,1,44,7030.0,2025-12-31,Active (last 30 days)
2567,15,4,Referral,GST registered,2025-01-24,2025-01-30,2025-02-08,20,2025-01-01,1,1,273,60330.0,2025-12-30,Active (last 30 days)
2568,31,1,Referral,GST registered,2025-11-06,2025-11-13,2025-11-15,3,2025-11-01,1,1,3,872.0,2025-11-18,Dormant
2569,9,6,Organic,GST registered,2025-08-07,,,0,2025-08-01,0,0,0,0.0,,Never sold
2570,24,1,Organic,GST registered,2025-06-15,,,0,2025-06-01,0,0,0,0.0,,Never sold
2571,1,1,Field sales,No GST,2025-09-02,2025-09-04,2025-09-16,8,2025-09-01,1,1,85,19930.0,2025-12-31,Active (last 30 days)
2572,19,6,Field sales,No GST,2025-10-02,2025-10-04,,4,2025-10-01,1,0,0,0.0,,Never sold
2573,19,7,Social / ads,GST registered,2025-07-27,,,0,2025-07-01,0,0,0,0.0,,Never sold
2574,23,1,Referral,GST registered,2025-06-08,2025-06-08,,34,2025-06-01,1,0,0,0.0,,Never sold
2575,30,5,Field sales,No GST,2025-10-10,2025-10-11,,21,2025-10-01,1,0,0,0.0,,Never sold
2576,23,1,Social / ads,GST registered,2025-08-28,,,0,2025-08-01,0,0,0,0.0,,Never sold
2577,22,6,Social / ads,GST registered,2025-06-18,,,0,2025-06-01,0,0,0,0.0,,Never sold
2578,10,3,Social / ads,No GST,2025-09-29,,,0,2025-09-01,0,0,0,0.0,,Never sold
2579,32,6,Organic,GST registered,2025-07-06,2025-07-11,2025-07-19,30,2025-07-01,1,1,11,1018.0,2025-09-25,Dormant
2580,14,2,Social / ads,GST registered,2025-07-30,2025-08-02,,26,2025-07-01,1,0,0,0.0,,Never sold
2581,14,2,Social / ads,GST registered,2025-06-06,,,0,2025-06-01,0,0,0,0.0,,Never sold
2582,15,7,Social / ads,No GST,2025-11-11,2025-11-12,2025-11-26,17,2025-11-01,1,1,6,1124.0,2025-12-29,Active (last 30 days)
2583,14,1,Field sales,GST registered,2025-06-25,2025-06-25,2025-06-29,30,2025-06-01,1,1,12,1266.0,2025-08-25,Dormant
2584,18,1,Social / ads,No GST,2025-09-22,2025-09-22,2025-09-30,9,2025-09-01,1,1,50,9952.0,2025-12-31,Active (last 30 days)
2585,13,2,Referral,GST registered,2025-04-03,2025-04-06,2025-04-12,39,2025-04-01,1,1,108,27760.0,2025-12-30,Active (last 30 days)
2586,10,4,Field sales,GST registered,2025-07-15,2025-07-15,2025-07-17,25,2025-07-01,1,1,101,19506.0,2025-12-31,Active (last 30 days)
2587,30,1,Field sales,No GST,2025-06-05,2025-06-12,2025-06-18,16,2025-06-01,1,1,55,10984.0,2025-12-29,Active (last 30 days)
2588,30,4,Field sales,GST registered,2025-10-05,2025-10-18,,55,2025-10-01,1,0,0,0.0,,Never sold
2589,15,2,Social / ads,GST registered,2025-08-12,2025-08-13,2025-08-17,5,2025-08-01,1,1,1,358.0,2025-08-17,Dormant
2590,31,5,Organic,GST registered,2025-09-12,2025-09-25,2025-10-05,11,2025-09-01,1,1,48,10545.0,2025-12-31,Active (last 30 days)
2591,14,8,Organic,No GST,2025-05-28,2025-05-31,2025-06-12,9,2025-05-01,1,1,96,19943.0,2025-12-31,Active (last 30 days)
2592,14,3,Organic,GST registered,2025-07-27,2025-07-28,2025-08-04,21,2025-07-01,1,1,20,4918.0,2025-09-27,Dormant
2593,29,4,Field sales,No GST,2025-02-27,2025-02-27,2025-03-02,42,2025-02-01,1,1,198,44332.0,2025-11-07,Dormant
2594,19,3,Field sales,GST registered,2025-05-29,2025-05-31,2025-06-04,7,2025-05-01,1,1,44,11497.0,2025-12-25,Active (last 30 days)
2595,23,1,Social / ads,GST registered,2025-07-30,2025-07-31,2025-08-04,231,2025-07-01,1,1,15,4113.0,2025-09-09,Dormant
2596,14,6,Social / ads,GST registered,2025-11-05,,,0,2025-11-01,0,0,0,0.0,,Never sold
2597,14,8,Referral,GST registered,2025-09-26,2025-09-29,,21,2025-09-01,1,0,0,0.0,,Never sold
2598,4,7,Organic,No GST,2025-08-31,2025-09-02,,16,2025-08-01,1,0,0,0.0,,Never sold
2599,31,8,Field sales,GST registered,2025-07-19,2025-07-20,2025-07-27,17,2025-07-01,1,1,45,8347.0,2025-12-31,Active (last 30 days)
2600,10,3,Social / ads,No GST,2025-01-12,2025-01-20,2025-01-22,8,2025-01-01,1,1,35,6158.0,2025-12-28,Active (last 30 days)
2601,15,5,Field sales,GST registered,2025-09-30,2025-10-09,2025-10-12,38,2025-09-01,1,1,11,1354.0,2025-12-13,Active (last 30 days)
2602,5,1,Social / ads,GST registered,2025-01-30,2025-02-03,2025-02-14,8,2025-01-01,1,1,8,1707.0,2025-05-28,Dormant
2603,19,9,Social / ads,GST registered,2025-08-08,2025-08-15,2025-08-22,3,2025-08-01,1,1,23,3761.0,2025-11-29,Dormant
2604,14,4,Organic,No GST,2025-10-05,,,0,2025-10-01,0,0,0,0.0,,Never sold
2605,23,2,Field sales,GST registered,2025-05-19,2025-05-23,2025-05-27,52,2025-05-01,1,1,44,15624.0,2025-12-29,Active (last 30 days)
2606,16,6,Referral,No GST,2025-08-10,2025-08-16,2025-08-24,44,2025-08-01,1,1,14,1358.0,2025-12-16,Active (last 30 days)
2607,6,4,Referral,No GST,2025-05-25,2025-05-27,2025-05-31,3,2025-05-01,1,1,191,42992.0,2025-12-31,Active (last 30 days)
2608,1,8,Organic,No GST,2025-07-25,2025-08-11,2025-08-16,31,2025-07-01,1,1,161,37476.0,2025-12-31,Active (last 30 days)
2609,9,6,Organic,GST registered,2025-05-24,2025-05-26,2025-06-03,3,2025-05-01,1,1,18,2331.0,2025-07-22,Dormant
2610,22,7,Organic,No GST,2025-09-30,2025-10-01,2025-10-08,16,2025-09-01,1,1,5,538.0,2025-10-23,Dormant
2611,26,4,Field sales,GST registered,2025-07-05,2025-07-08,2025-07-11,6,2025-07-01,1,1,67,11836.0,2025-12-29,Active (last 30 days)
2612,13,4,Organic,GST registered,2025-11-01,2025-11-04,2025-11-11,33,2025-11-01,1,1,9,1851.0,2025-12-26,Active (last 30 days)
2613,16,6,Referral,GST registered,2025-08-28,2025-09-06,,25,2025-08-01,1,0,0,0.0,,Never sold
2614,10,1,Referral,No GST,2025-08-16,2025-08-19,2025-09-12,36,2025-08-01,1,1,96,18675.0,2025-12-31,Active (last 30 days)
2615,28,1,Referral,GST registered,2025-02-07,2025-02-07,2025-02-13,12,2025-02-01,1,1,88,22347.0,2025-11-20,Dormant
2616,31,9,Social / ads,No GST,2025-08-11,2025-08-11,2025-08-19,14,2025-08-01,1,1,1,57.0,2025-08-19,Dormant
2617,23,8,Referral,No GST,2025-02-19,2025-02-24,2025-03-04,4,2025-02-01,1,1,127,28546.0,2025-12-29,Active (last 30 days)
2618,4,9,Organic,GST registered,2025-10-11,2025-10-12,,7,2025-10-01,1,0,0,0.0,,Never sold
2619,14,1,Social / ads,GST registered,2025-09-27,,,0,2025-09-01,0,0,0,0.0,,Never sold
2620,32,2,Social / ads,No GST,2025-09-05,2025-09-08,,22,2025-09-01,1,0,0,0.0,,Never sold
2621,10,8,Field sales,GST registered,2025-10-20,2025-10-21,2025-10-31,17,2025-10-01,1,1,49,7929.0,2025-12-31,Active (last 30 days)
2622,20,1,Social / ads,GST registered,2025-10-16,2025-10-16,2025-11-16,45,2025-10-01,1,1,5,394.0,2025-12-31,Active (last 30 days)
2623,30,3,Organic,GST registered,2025-10-07,2025-10-07,2025-10-19,5,2025-10-01,1,1,11,1286.0,2025-12-28,Active (last 30 days)
2624,24,2,Social / ads,No GST,2025-10-23,2025-10-23,2025-11-04,29,2025-10-01,1,1,3,1095.0,2025-12-11,Active (last 30 days)
2625,18,7,Organic,GST registered,2025-06-28,2025-07-02,2025-07-14,6,2025-06-01,1,1,30,5053.0,2025-12-09,Active (last 30 days)
2626,15,4,Referral,GST registered,2025-08-31,2025-09-06,2025-09-10,53,2025-08-01,1,1,4,840.0,2025-09-30,Dormant
2627,30,2,Organic,GST registered,2025-10-12,2025-10-16,2025-10-19,25,2025-10-01,1,1,5,1323.0,2025-11-21,Dormant
2628,14,4,Social / ads,GST registered,2025-01-23,2025-01-24,2025-01-27,35,2025-01-01,1,1,99,19846.0,2025-12-26,Active (last 30 days)
2629,29,1,Organic,No GST,2025-08-05,,,0,2025-08-01,0,0,0,0.0,,Never sold
2630,14,6,Organic,GST registered,2025-08-16,2025-08-17,2025-09-05,94,2025-08-01,1,1,11,1433.0,2025-11-10,Dormant
2631,23,4,Organic,No GST,2025-10-18,2025-10-20,,81,2025-10-01,1,0,0,0.0,,Never sold
2632,29,4,Field sales,No GST,2025-10-02,2025-10-03,2025-10-09,23,2025-10-01,1,1,1,0.0,2025-10-09,Dormant
2633,17,3,Organic,GST registered,2025-07-26,2025-08-03,2025-08-26,42,2025-07-01,1,1,198,44404.0,2025-12-07,Active (last 30 days)
2634,12,2,Referral,No GST,2025-06-02,2025-06-07,2025-06-12,12,2025-06-01,1,1,78,18575.0,2025-12-30,Active (last 30 days)
2635,3,1,Organic,No GST,2025-03-08,2025-03-10,2025-03-13,5,2025-03-01,1,1,2,929.0,2025-05-13,Dormant
2636,25,8,Social / ads,No GST,2025-08-18,,,0,2025-08-01,0,0,0,0.0,,Never sold
2637,18,2,Organic,No GST,2025-03-28,2025-03-30,2025-04-17,7,2025-03-01,1,1,27,6744.0,2025-08-18,Dormant
2638,11,3,Social / ads,GST registered,2025-05-15,2025-05-24,2025-05-28,46,2025-05-01,1,1,17,4466.0,2025-08-21,Dormant
2639,28,2,Organic,No GST,2025-11-08,2025-11-12,2025-11-14,38,2025-11-01,1,1,10,1056.0,2025-12-10,Active (last 30 days)
2640,29,9,Organic,GST registered,2025-10-20,,,0,2025-10-01,0,0,0,0.0,,Never sold
2641,28,6,Organic,No GST,2025-05-06,2025-05-14,2025-05-26,18,2025-05-01,1,1,13,2482.0,2025-09-28,Dormant
2642,18,1,Organic,GST registered,2025-06-05,,,0,2025-06-01,0,0,0,0.0,,Never sold
2643,32,4,Referral,No GST,2025-01-19,2025-01-20,2025-02-03,20,2025-01-01,1,1,44,9696.0,2025-03-22,Dormant
2644,28,3,Organic,No GST,2025-10-10,2025-10-10,2025-10-12,11,2025-10-01,1,1,9,1298.0,2025-12-31,Active (last 30 days)
2645,5,6,Social / ads,No GST,2025-11-06,,,0,2025-11-01,0,0,0,0.0,,Never sold
2646,32,9,Referral,GST registered,2025-03-20,2025-03-21,2025-03-22,35,2025-03-01,1,1,4,478.0,2025-04-08,Dormant
2647,16,6,Organic,No GST,2025-11-02,2025-11-03,2025-11-05,22,2025-11-01,1,1,14,1978.0,2025-12-31,Active (last 30 days)
2648,29,7,Referral,No GST,2025-05-28,2025-05-28,2025-06-08,149,2025-05-01,1,1,60,10177.0,2025-12-30,Active (last 30 days)
2649,23,4,Organic,No GST,2025-09-02,,,0,2025-09-01,0,0,0,0.0,,Never sold
2650,19,2,Organic,No GST,2025-05-27,,,0,2025-05-01,0,0,0,0.0,,Never sold
2651,12,5,Organic,No GST,2025-06-02,2025-06-07,2025-07-16,21,2025-06-01,1,1,29,4849.0,2025-10-09,Dormant
2652,2,6,Organic,No GST,2025-10-29,,,0,2025-10-01,0,0,0,0.0,,Never sold
2653,11,1,Organic,GST registered,2025-04-19,2025-04-19,2025-04-22,7,2025-04-01,1,1,48,9680.0,2025-06-22,Dormant
2654,20,4,Social / ads,GST registered,2025-05-31,2025-06-03,2025-06-08,15,2025-05-01,1,1,28,5215.0,2025-10-11,Dormant
2655,27,1,Field sales,No GST,2025-03-13,2025-03-18,2025-03-23,31,2025-03-01,1,1,8,2105.0,2025-06-07,Dormant
2656,1,1,Social / ads,No GST,2025-09-08,2025-09-14,,12,2025-09-01,1,0,0,0.0,,Never sold
2657,9,8,Organic,GST registered,2025-06-10,2025-06-12,,30,2025-06-01,1,0,0,0.0,,Never sold
2658,20,1,Social / ads,GST registered,2025-07-13,,,0,2025-07-01,0,0,0,0.0,,Never sold
2659,11,7,Organic,GST registered,2025-11-24,2025-11-28,2025-12-08,22,2025-11-01,1,1,1,576.0,2025-12-08,Active (last 30 days)
2660,7,2,Organic,No GST,2025-02-19,,,0,2025-02-01,0,0,0,0.0,,Never sold
2661,4,5,Social / ads,No GST,2025-06-12,2025-06-20,2025-06-25,13,2025-06-01,1,1,13,3006.0,2025-08-20,Dormant
2662,19,8,Organic,No GST,2025-10-26,2025-10-28,2025-11-06,5,2025-10-01,1,1,4,824.0,2025-11-20,Dormant
2663,18,6,Referral,GST registered,2025-10-31,2025-11-01,2025-11-12,13,2025-10-01,1,1,4,474.0,2025-12-26,Active (last 30 days)
2664,27,7,Social / ads,GST registered,2025-06-08,2025-06-08,2025-06-15,8,2025-06-01,1,1,16,3770.0,2025-08-30,Dormant
2665,12,2,Field sales,No GST,2025-04-22,2025-04-23,2025-04-29,3,2025-04-01,1,1,90,26384.0,2025-12-31,Active (last 30 days)
2666,6,2,Referral,GST registered,2025-08-05,2025-08-10,2025-08-11,15,2025-08-01,1,1,1,377.0,2025-08-11,Dormant
2667,25,6,Organic,GST registered,2025-06-29,2025-07-01,2025-07-08,19,2025-06-01,1,1,6,472.0,2025-07-30,Dormant
2668,32,6,Organic,GST registered,2025-10-13,2025-10-15,2025-10-26,37,2025-10-01,1,1,31,4029.0,2025-12-31,Active (last 30 days)
2669,13,6,Social / ads,No GST,2025-09-12,2025-09-15,2025-09-22,6,2025-09-01,1,1,15,3543.0,2025-11-13,Dormant
2670,27,6,Organic,GST registered,2025-08-21,2025-08-22,2025-08-26,17,2025-08-01,1,1,61,9252.0,2025-10-26,Dormant
2671,23,1,Organic,GST registered,2025-08-01,2025-08-04,2025-08-06,40,2025-08-01,1,1,28,5984.0,2025-12-13,Active (last 30 days)
2672,29,2,Organic,GST registered,2025-06-28,2025-07-01,2025-07-11,10,2025-06-01,1,1,61,12343.0,2025-12-31,Active (last 30 days)
2673,14,8,Social / ads,No GST,2025-03-22,,,0,2025-03-01,0,0,0,0.0,,Never sold
2674,5,4,Social / ads,GST registered,2025-03-11,2025-03-15,,59,2025-03-01,1,0,0,0.0,,Never sold
2675,6,6,Referral,GST registered,2025-09-10,2025-09-12,2025-09-14,3,2025-09-01,1,1,44,5159.0,2025-12-27,Active (last 30 days)
2676,23,4,Social / ads,GST registered,2025-06-01,,,0,2025-06-01,0,0,0,0.0,,Never sold
2677,27,8,Organic,GST registered,2025-07-15,2025-07-15,2025-07-17,41,2025-07-01,1,1,82,18804.0,2025-12-31,Active (last 30 days)
2678,14,7,Social / ads,No GST,2025-06-14,,,0,2025-06-01,0,0,0,0.0,,Never sold
2679,3,2,Organic,No GST,2025-10-30,2025-10-31,2025-11-17,49,2025-10-01,1,1,11,2911.0,2025-12-30,Active (last 30 days)
2680,3,8,Organic,GST registered,2025-06-23,2025-06-24,2025-07-22,27,2025-06-01,1,1,188,38515.0,2025-12-30,Active (last 30 days)
2681,18,2,Organic,No GST,2025-05-23,,,0,2025-05-01,0,0,0,0.0,,Never sold
2682,29,3,Social / ads,GST registered,2025-09-16,,,0,2025-09-01,0,0,0,0.0,,Never sold
2683,14,7,Social / ads,No GST,2025-08-08,2025-08-09,2025-08-19,72,2025-08-01,1,1,36,6196.0,2025-12-19,Active (last 30 days)
2684,19,2,Referral,GST registered,2025-02-22,2025-02-26,,20,2025-02-01,1,0,0,0.0,,Never sold
2685,16,2,Organic,GST registered,2025-03-24,2025-03-29,2025-04-05,5,2025-03-01,1,1,9,2623.0,2025-04-28,Dormant
2686,28,5,Organic,No GST,2025-03-23,,,0,2025-03-01,0,0,0,0.0,,Never sold
2687,26,9,Referral,No GST,2025-03-31,2025-04-01,2025-05-04,37,2025-03-01,1,1,13,1469.0,2025-07-28,Dormant
2688,9,1,Organic,No GST,2025-11-20,2025-11-24,2025-12-02,36,2025-11-01,1,1,3,936.0,2025-12-06,Active (last 30 days)
2689,20,5,Organic,No GST,2025-08-03,2025-08-04,2025-08-11,12,2025-08-01,1,1,1,130.0,2025-08-11,Dormant
2690,26,4,Field sales,No GST,2025-03-09,2025-03-09,,69,2025-03-01,1,0,0,0.0,,Never sold
2691,30,2,Field sales,No GST,2025-09-27,2025-10-07,2025-10-13,12,2025-09-01,1,1,27,9079.0,2025-12-31,Active (last 30 days)
2692,18,6,Social / ads,GST registered,2025-11-20,2025-11-21,2025-11-29,23,2025-11-01,1,1,21,2530.0,2025-12-30,Active (last 30 days)
2693,8,4,Referral,GST registered,2025-10-13,2025-10-22,2025-10-28,23,2025-10-01,1,1,58,13298.0,2025-12-18,Active (last 30 days)
2694,17,6,Organic,No GST,2025-03-10,2025-03-12,2025-03-28,5,2025-03-01,1,1,36,5064.0,2025-06-09,Dormant
2695,20,6,Referral,No GST,2025-08-07,2025-08-09,,15,2025-08-01,1,0,0,0.0,,Never sold
2696,11,9,Organic,No GST,2025-09-24,2025-09-25,2025-10-28,110,2025-09-01,1,1,2,194.0,2025-10-30,Dormant
2697,31,7,Field sales,GST registered,2025-01-28,2025-02-08,2025-02-15,7,2025-01-01,1,1,90,19290.0,2025-12-19,Active (last 30 days)
2698,10,1,Social / ads,GST registered,2025-06-22,2025-06-23,2025-07-02,27,2025-06-01,1,1,4,1020.0,2025-09-08,Dormant
2699,29,6,Organic,GST registered,2025-06-08,2025-06-08,,6,2025-06-01,1,0,0,0.0,,Never sold
2700,14,5,Organic,No GST,2025-06-22,2025-06-22,2025-06-30,7,2025-06-01,1,1,3,959.0,2025-07-30,Dormant
2701,1,1,Social / ads,GST registered,2025-08-02,2025-08-08,2025-08-24,5,2025-08-01,1,1,15,2822.0,2025-11-21,Dormant
2702,16,4,Referral,No GST,2025-07-14,2025-07-18,2025-07-20,34,2025-07-01,1,1,22,5716.0,2025-12-26,Active (last 30 days)
2703,19,6,Referral,GST registered,2025-10-11,2025-10-11,2025-10-21,8,2025-10-01,1,1,16,1821.0,2025-12-25,Active (last 30 days)
2704,27,1,Field sales,GST registered,2025-11-22,2025-11-29,2025-12-28,45,2025-11-01,1,1,1,0.0,2025-12-28,Active (last 30 days)
2705,16,3,Referral,No GST,2025-07-14,2025-07-15,2025-08-03,10,2025-07-01,1,1,111,24593.0,2025-10-16,Dormant
2706,5,4,Organic,GST registered,2025-08-17,2025-08-19,,18,2025-08-01,1,0,0,0.0,,Never sold
2707,30,2,Social / ads,No GST,2025-07-21,2025-07-25,,22,2025-07-01,1,0,0,0.0,,Never sold
2708,17,7,Social / ads,GST registered,2025-09-02,2025-09-15,,4,2025-09-01,1,0,0,0.0,,Never sold
2709,11,1,Organic,GST registered,2025-11-26,2025-11-28,2025-12-02,19,2025-11-01,1,1,3,396.0,2025-12-29,Active (last 30 days)
2710,28,6,Organic,No GST,2025-05-28,,,0,2025-05-01,0,0,0,0.0,,Never sold
2711,6,6,Field sales,No GST,2025-07-14,2025-07-24,2025-07-27,40,2025-07-01,1,1,6,753.0,2025-12-19,Active (last 30 days)
2712,5,3,Field sales,GST registered,2025-11-01,,,0,2025-11-01,0,0,0,0.0,,Never sold
2713,16,4,Organic,GST registered,2025-06-16,2025-06-20,,8,2025-06-01,1,0,0,0.0,,Never sold
2714,19,1,Referral,No GST,2025-05-01,2025-05-05,,27,2025-05-01,1,0,0,0.0,,Never sold
2715,15,1,Field sales,No GST,2025-06-18,2025-06-24,,50,2025-06-01,1,0,0,0.0,,Never sold
2716,30,4,Referral,No GST,2025-07-06,2025-07-07,2025-07-16,10,2025-07-01,1,1,57,10731.0,2025-12-29,Active (last 30 days)
2717,11,1,Organic,No GST,2025-10-24,,,0,2025-10-01,0,0,0,0.0,,Never sold
2718,32,6,Organic,GST registered,2025-07-17,2025-07-24,,12,2025-07-01,1,0,0,0.0,,Never sold
2719,1,4,Referral,No GST,2025-09-16,2025-09-16,,7,2025-09-01,1,0,0,0.0,,Never sold
2720,6,1,Social / ads,No GST,2025-10-02,,,0,2025-10-01,0,0,0,0.0,,Never sold
2721,9,2,Referral,No GST,2025-08-05,2025-08-07,2025-08-14,6,2025-08-01,1,1,200,54883.0,2025-12-31,Active (last 30 days)
2722,4,7,Organic,No GST,2025-04-26,2025-04-26,2025-05-04,35,2025-04-01,1,1,15,2395.0,2025-06-02,Dormant
2723,14,2,Social / ads,No GST,2025-09-24,2025-09-27,2025-10-01,19,2025-09-01,1,1,30,6849.0,2025-12-27,Active (last 30 days)
2724,27,6,Organic,No GST,2025-09-20,2025-09-20,2025-09-23,36,2025-09-01,1,1,53,6932.0,2025-12-30,Active (last 30 days)
2725,25,1,Referral,GST registered,2025-02-08,,,0,2025-02-01,0,0,0,0.0,,Never sold
2726,22,8,Organic,GST registered,2025-11-14,2025-11-16,2025-11-18,4,2025-11-01,1,1,19,4197.0,2025-12-30,Active (last 30 days)
2727,1,3,Field sales,No GST,2025-11-22,2025-11-22,,46,2025-11-01,1,0,0,0.0,,Never sold
2728,27,3,Field sales,GST registered,2025-09-19,2025-09-22,2025-09-25,9,2025-09-01,1,1,108,25570.0,2025-12-31,Active (last 30 days)
2729,14,4,Social / ads,GST registered,2025-11-10,2025-11-15,2025-11-17,5,2025-11-01,1,1,5,650.0,2025-12-29,Active (last 30 days)
2730,22,2,Organic,GST registered,2025-06-09,2025-06-20,2025-06-30,13,2025-06-01,1,1,55,14301.0,2025-12-29,Active (last 30 days)
2731,22,6,Referral,No GST,2025-02-14,2025-02-15,2025-02-18,19,2025-02-01,1,1,8,768.0,2025-04-22,Dormant
2732,8,1,Organic,No GST,2025-11-12,2025-11-15,,14,2025-11-01,1,0,0,0.0,,Never sold
2733,16,1,Social / ads,No GST,2025-09-04,2025-09-04,2025-09-09,23,2025-09-01,1,1,87,15156.0,2025-12-31,Active (last 30 days)
2734,30,1,Organic,GST registered,2025-07-28,2025-07-29,,21,2025-07-01,1,0,0,0.0,,Never sold
2735,11,5,Field sales,GST registered,2025-06-10,2025-06-11,2025-07-01,20,2025-06-01,1,1,198,34626.0,2025-12-31,Active (last 30 days)
2736,21,8,Field sales,GST registered,2025-07-24,2025-07-24,,48,2025-07-01,1,0,0,0.0,,Never sold
2737,31,1,Organic,No GST,2025-10-24,2025-10-27,2025-10-29,16,2025-10-01,1,1,9,1914.0,2025-12-23,Active (last 30 days)
2738,13,7,Organic,GST registered,2025-02-17,2025-02-17,2025-02-28,15,2025-02-01,1,1,265,60166.0,2025-12-31,Active (last 30 days)
2739,14,7,Organic,No GST,2025-10-29,,,0,2025-10-01,0,0,0,0.0,,Never sold
2740,14,1,Referral,No GST,2025-11-04,2025-11-12,2025-11-18,25,2025-11-01,1,1,16,3000.0,2025-12-31,Active (last 30 days)
2741,25,1,Social / ads,No GST,2025-03-25,2025-03-26,2025-04-17,7,2025-03-01,1,1,81,16499.0,2025-12-28,Active (last 30 days)
2742,14,2,Referral,No GST,2025-10-05,2025-10-05,,15,2025-10-01,1,0,0,0.0,,Never sold
2743,15,1,Social / ads,No GST,2025-05-22,2025-05-24,,23,2025-05-01,1,0,0,0.0,,Never sold
2744,10,6,Organic,No GST,2025-01-23,2025-01-29,2025-02-03,10,2025-01-01,1,1,66,8859.0,2025-12-30,Active (last 30 days)
2745,32,4,Organic,GST registered,2025-07-24,2025-08-03,2025-08-10,10,2025-07-01,1,1,7,1694.0,2025-11-05,Dormant
2746,28,2,Social / ads,GST registered,2025-07-19,2025-07-19,2025-07-23,5,2025-07-01,1,1,42,9781.0,2025-12-30,Active (last 30 days)
2747,18,6,Social / ads,GST registered,2025-01-17,,,0,2025-01-01,0,0,0,0.0,,Never sold
2748,31,2,Organic,GST registered,2025-11-12,2025-11-20,,12,2025-11-01,1,0,0,0.0,,Never sold
2749,20,7,Field sales,No GST,2025-08-06,2025-08-11,2025-08-12,18,2025-08-01,1,1,53,10836.0,2025-12-31,Active (last 30 days)
2750,31,5,Social / ads,GST registered,2025-06-23,2025-06-26,2025-07-05,6,2025-06-01,1,1,55,8620.0,2025-12-26,Active (last 30 days)
2751,8,2,Social / ads,No GST,2025-04-18,2025-04-22,2025-04-30,49,2025-04-01,1,1,2,507.0,2025-05-05,Dormant
2752,10,4,Field sales,GST registered,2025-09-14,2025-09-14,2025-09-16,7,2025-09-01,1,1,8,1212.0,2025-12-22,Active (last 30 days)
2753,28,1,Organic,No GST,2025-09-09,,,0,2025-09-01,0,0,0,0.0,,Never sold
2754,14,9,Organic,GST registered,2025-11-08,2025-11-16,2025-12-06,22,2025-11-01,1,1,1,170.0,2025-12-06,Active (last 30 days)
2755,14,3,Field sales,GST registered,2025-10-25,2025-10-27,,93,2025-10-01,1,0,0,0.0,,Never sold
2756,23,8,Referral,GST registered,2025-10-13,2025-10-14,2025-10-18,25,2025-10-01,1,1,41,10449.0,2025-12-30,Active (last 30 days)
2757,19,9,Organic,No GST,2025-07-22,,,0,2025-07-01,0,0,0,0.0,,Never sold
2758,13,4,Organic,GST registered,2025-07-14,2025-07-17,2025-07-26,38,2025-07-01,1,1,63,14630.0,2025-12-27,Active (last 30 days)
2759,14,6,Organic,No GST,2025-05-23,2025-05-27,2025-06-02,63,2025-05-01,1,1,4,608.0,2025-06-24,Dormant
2760,14,4,Referral,No GST,2025-10-19,2025-11-02,2025-11-15,3,2025-10-01,1,1,13,2294.0,2025-12-31,Active (last 30 days)
2761,6,1,Organic,No GST,2025-07-07,,,0,2025-07-01,0,0,0,0.0,,Never sold
2762,10,9,Organic,No GST,2025-07-24,,,0,2025-07-01,0,0,0,0.0,,Never sold
2763,16,3,Organic,No GST,2025-10-24,2025-10-28,2025-11-04,13,2025-10-01,1,1,5,888.0,2025-11-29,Dormant
2764,24,8,Social / ads,No GST,2025-11-10,,,0,2025-11-01,0,0,0,0.0,,Never sold
2765,14,5,Field sales,GST registered,2025-08-24,2025-08-27,,12,2025-08-01,1,0,0,0.0,,Never sold
2766,14,1,Organic,No GST,2025-07-05,2025-07-12,2025-07-13,10,2025-07-01,1,1,4,505.0,2025-08-10,Dormant
2767,19,2,Referral,GST registered,2025-10-25,2025-10-25,2025-11-10,55,2025-10-01,1,1,4,288.0,2025-12-21,Active (last 30 days)
2768,7,1,Referral,No GST,2025-10-31,2025-10-31,2025-11-05,15,2025-10-01,1,1,28,7597.0,2025-12-30,Active (last 30 days)
2769,14,1,Field sales,GST registered,2025-11-15,2025-11-17,2025-11-27,11,2025-11-01,1,1,5,1700.0,2025-12-23,Active (last 30 days)
2770,9,6,Field sales,GST registered,2025-10-11,2025-10-17,2025-11-09,10,2025-10-01,1,1,28,3731.0,2025-12-31,Active (last 30 days)
2771,19,1,Field sales,No GST,2025-10-26,2025-10-27,,21,2025-10-01,1,0,0,0.0,,Never sold
2772,5,9,Field sales,GST registered,2025-09-22,2025-09-23,2025-09-28,17,2025-09-01,1,1,35,4535.0,2025-12-31,Active (last 30 days)
2773,14,3,Organic,GST registered,2025-06-23,2025-06-28,2025-07-05,8,2025-06-01,1,1,14,2510.0,2025-11-03,Dormant
2774,18,3,Organic,GST registered,2025-07-13,2025-07-14,,20,2025-07-01,1,0,0,0.0,,Never sold
2775,26,2,Organic,No GST,2025-08-21,2025-08-29,2025-10-02,10,2025-08-01,1,1,8,1886.0,2025-10-28,Dormant
2776,22,1,Referral,GST registered,2025-09-27,2025-10-02,2025-10-09,2,2025-09-01,1,1,169,42634.0,2025-12-31,Active (last 30 days)
2777,30,4,Referral,GST registered,2025-08-04,2025-08-07,2025-08-30,28,2025-08-01,1,1,10,1243.0,2025-12-19,Active (last 30 days)
2778,20,2,Field sales,No GST,2025-10-02,2025-10-04,2025-10-09,26,2025-10-01,1,1,48,14152.0,2025-12-31,Active (last 30 days)
2779,13,4,Organic,No GST,2025-06-09,2025-06-10,2025-06-17,19,2025-06-01,1,1,381,92955.0,2025-12-31,Active (last 30 days)
2780,10,4,Field sales,GST registered,2025-11-09,2025-11-11,2025-11-25,11,2025-11-01,1,1,17,2454.0,2025-12-31,Active (last 30 days)
2781,3,1,Organic,GST registered,2025-10-31,,,0,2025-10-01,0,0,0,0.0,,Never sold
2782,11,3,Organic,GST registered,2025-07-13,2025-07-13,2025-07-19,31,2025-07-01,1,1,16,3186.0,2025-09-08,Dormant
2783,6,2,Field sales,No GST,2025-08-05,2025-08-09,2025-08-22,9,2025-08-01,1,1,72,16186.0,2025-12-27,Active (last 30 days)
2784,14,1,Organic,GST registered,2025-09-22,2025-10-03,2025-10-09,32,2025-09-01,1,1,30,5493.0,2025-12-28,Active (last 30 days)
2785,21,6,Organic,GST registered,2025-04-16,,,0,2025-04-01,0,0,0,0.0,,Never sold
2786,20,1,Organic,GST registered,2025-04-18,2025-04-21,2025-05-07,18,2025-04-01,1,1,6,1162.0,2025-05-29,Dormant
2787,12,2,Field sales,No GST,2025-06-18,2025-06-18,,16,2025-06-01,1,0,0,0.0,,Never sold
2788,15,4,Organic,GST registered,2025-11-23,2025-11-24,2025-12-16,36,2025-11-01,1,1,2,224.0,2025-12-30,Active (last 30 days)
2789,9,3,Social / ads,No GST,2025-11-16,,,0,2025-11-01,0,0,0,0.0,,Never sold
2790,15,8,Social / ads,GST registered,2025-10-18,,,0,2025-10-01,0,0,0,0.0,,Never sold
2791,15,7,Social / ads,No GST,2025-03-08,2025-03-08,2025-03-13,5,2025-03-01,1,1,58,11918.0,2025-06-10,Dormant
2792,12,6,Organic,No GST,2025-01-25,2025-01-25,2025-02-06,10,2025-01-01,1,1,38,4361.0,2025-09-07,Dormant
2793,11,4,Field sales,GST registered,2025-08-24,2025-08-26,2025-08-29,20,2025-08-01,1,1,30,5416.0,2025-12-28,Active (last 30 days)
2794,32,3,Organic,GST registered,2025-08-13,2025-08-21,2025-08-24,3,2025-08-01,1,1,281,57057.0,2025-12-31,Active (last 30 days)
2795,16,1,Social / ads,GST registered,2025-11-07,2025-11-10,,11,2025-11-01,1,0,0,0.0,,Never sold
2796,17,7,Referral,No GST,2025-08-28,,,0,2025-08-01,0,0,0,0.0,,Never sold
2797,1,3,Organic,GST registered,2025-03-18,2025-03-18,2025-03-31,15,2025-03-01,1,1,32,10600.0,2025-05-07,Dormant
2798,8,2,Organic,No GST,2025-07-23,,,0,2025-07-01,0,0,0,0.0,,Never sold
2799,13,4,Social / ads,GST registered,2025-04-05,2025-04-06,,4,2025-04-01,1,0,0,0.0,,Never sold
2800,31,6,Social / ads,No GST,2025-03-06,,,0,2025-03-01,0,0,0,0.0,,Never sold
2801,8,4,Referral,No GST,2025-03-18,2025-03-18,,16,2025-03-01,1,0,0,0.0,,Never sold
2802,12,1,Referral,GST registered,2025-10-15,2025-10-19,2025-10-24,14,2025-10-01,1,1,2,533.0,2025-11-01,Dormant
2803,32,8,Social / ads,GST registered,2025-09-26,,,0,2025-09-01,0,0,0,0.0,,Never sold
2804,15,1,Social / ads,No GST,2025-07-11,2025-07-11,,12,2025-07-01,1,0,0,0.0,,Never sold
2805,12,9,Social / ads,GST registered,2025-04-26,,,0,2025-04-01,0,0,0,0.0,,Never sold
2806,19,3,Organic,No GST,2025-10-21,,,0,2025-10-01,0,0,0,0.0,,Never sold
2807,15,8,Field sales,No GST,2025-09-26,,,0,2025-09-01,0,0,0,0.0,,Never sold
2808,31,8,Social / ads,GST registered,2025-11-17,,,0,2025-11-01,0,0,0,0.0,,Never sold
2809,4,2,Organic,GST registered,2025-05-23,2025-05-27,2025-07-21,18,2025-05-01,1,1,6,913.0,2025-09-20,Dormant
2810,24,6,Organic,GST registered,2025-08-20,2025-08-22,2025-08-28,70,2025-08-01,1,1,8,971.0,2025-12-19,Active (last 30 days)
2811,11,1,Organic,GST registered,2025-09-05,2025-09-20,2025-10-07,39,2025-09-01,1,1,61,13809.0,2025-12-31,Active (last 30 days)
2812,25,1,Referral,No GST,2025-11-25,2025-11-30,2025-12-02,24,2025-11-01,1,1,11,3299.0,2025-12-30,Active (last 30 days)
2813,26,2,Social / ads,No GST,2025-05-22,2025-05-29,2025-05-31,20,2025-05-01,1,1,27,9775.0,2025-08-19,Dormant
2814,27,4,Organic,GST registered,2025-04-10,2025-04-22,,14,2025-04-01,1,0,0,0.0,,Never sold
2815,27,1,Referral,No GST,2025-06-17,2025-06-22,,7,2025-06-01,1,0,0,0.0,,Never sold
2816,21,4,Organic,GST registered,2025-11-18,2025-11-19,,13,2025-11-01,1,0,0,0.0,,Never sold
2817,7,9,Social / ads,No GST,2025-02-14,2025-02-22,2025-02-28,26,2025-02-01,1,1,142,21300.0,2025-12-26,Active (last 30 days)
2818,3,7,Social / ads,No GST,2025-07-16,,,0,2025-07-01,0,0,0,0.0,,Never sold
2819,13,1,Referral,GST registered,2025-02-15,2025-02-18,2025-02-24,30,2025-02-01,1,1,101,22661.0,2025-12-23,Active (last 30 days)
2820,15,4,Field sales,No GST,2025-10-11,2025-10-11,2025-10-15,43,2025-10-01,1,1,54,11532.0,2025-12-31,Active (last 30 days)
2821,12,1,Organic,No GST,2025-01-14,2025-01-15,,14,2025-01-01,1,0,0,0.0,,Never sold
2822,22,2,Social / ads,GST registered,2025-10-11,2025-10-11,2025-10-14,19,2025-10-01,1,1,12,2355.0,2025-12-30,Active (last 30 days)
2823,21,8,Field sales,GST registered,2025-05-05,2025-05-06,,3,2025-05-01,1,0,0,0.0,,Never sold
2824,31,9,Organic,No GST,2025-06-22,2025-06-26,,99,2025-06-01,1,0,0,0.0,,Never sold
2825,14,1,Social / ads,GST registered,2025-08-09,2025-08-09,2025-08-16,11,2025-08-01,1,1,25,5377.0,2025-11-23,Dormant
2826,24,1,Organic,GST registered,2025-03-21,2025-03-21,,27,2025-03-01,1,0,0,0.0,,Never sold
2827,22,2,Field sales,GST registered,2025-09-28,2025-10-08,,11,2025-09-01,1,0,0,0.0,,Never sold
2828,32,3,Organic,No GST,2025-10-06,2025-10-06,2025-10-14,11,2025-10-01,1,1,7,1427.0,2025-10-21,Dormant
2829,24,1,Field sales,GST registered,2025-03-27,2025-03-28,2025-04-03,13,2025-03-01,1,1,45,11816.0,2025-12-21,Active (last 30 days)
2830,11,1,Organic,GST registered,2025-05-27,2025-05-27,2025-06-04,6,2025-05-01,1,1,64,11173.0,2025-10-06,Dormant
2831,1,3,Organic,GST registered,2025-03-19,2025-03-22,,2,2025-03-01,1,0,0,0.0,,Never sold
2832,31,1,Referral,GST registered,2025-10-20,,,0,2025-10-01,0,0,0,0.0,,Never sold
2833,21,7,Social / ads,No GST,2025-08-26,2025-08-28,2025-09-04,25,2025-08-01,1,1,146,35774.0,2025-12-28,Active (last 30 days)
2834,25,6,Organic,GST registered,2025-09-08,2025-09-08,2025-09-10,7,2025-09-01,1,1,176,31144.0,2025-12-31,Active (last 30 days)
2835,24,4,Field sales,No GST,2025-05-08,2025-05-11,2025-05-18,23,2025-05-01,1,1,107,18070.0,2025-12-30,Active (last 30 days)
2836,22,3,Referral,GST registered,2025-10-10,2025-10-10,2025-10-16,31,2025-10-01,1,1,12,1692.0,2025-12-19,Active (last 30 days)
2837,23,7,Social / ads,No GST,2025-09-27,2025-09-28,2025-10-05,9,2025-09-01,1,1,32,7331.0,2025-12-28,Active (last 30 days)
2838,30,1,Organic,GST registered,2025-04-25,2025-04-27,,22,2025-04-01,1,0,0,0.0,,Never sold
2839,29,8,Referral,No GST,2025-07-23,2025-07-24,2025-08-06,36,2025-07-01,1,1,78,15546.0,2025-12-31,Active (last 30 days)
2840,14,1,Social / ads,GST registered,2025-07-11,2025-07-13,2025-07-28,5,2025-07-01,1,1,44,12239.0,2025-09-15,Dormant
2841,2,8,Organic,No GST,2025-08-25,2025-09-01,2025-09-06,25,2025-08-01,1,1,16,3200.0,2025-10-28,Dormant
2842,2,1,Referral,GST registered,2025-05-13,2025-05-14,,22,2025-05-01,1,0,0,0.0,,Never sold
2843,14,7,Social / ads,GST registered,2025-04-09,2025-04-12,,74,2025-04-01,1,0,0,0.0,,Never sold
2844,26,1,Organic,No GST,2025-05-30,,,0,2025-05-01,0,0,0,0.0,,Never sold
2845,26,7,Organic,GST registered,2025-08-01,2025-08-05,2025-08-13,11,2025-08-01,1,1,72,16314.0,2025-12-28,Active (last 30 days)
2846,14,4,Organic,GST registered,2025-08-19,,,0,2025-08-01,0,0,0,0.0,,Never sold
2847,12,1,Social / ads,No GST,2025-04-08,2025-04-10,2025-04-29,82,2025-04-01,1,1,30,6643.0,2025-12-11,Active (last 30 days)
2848,15,6,Social / ads,No GST,2025-10-11,2025-10-11,2025-10-24,12,2025-10-01,1,1,12,2274.0,2025-11-09,Dormant
2849,26,1,Field sales,No GST,2025-08-01,2025-08-04,2025-08-09,26,2025-08-01,1,1,16,4793.0,2025-12-30,Active (last 30 days)
2850,19,4,Field sales,No GST,2025-11-17,2025-11-17,2025-11-22,13,2025-11-01,1,1,4,870.0,2025-12-29,Active (last 30 days)
2851,7,2,Organic,GST registered,2025-07-11,2025-07-11,2025-07-25,39,2025-07-01,1,1,497,141085.0,2025-12-31,Active (last 30 days)
2852,13,6,Organic,GST registered,2025-09-24,,,0,2025-09-01,0,0,0,0.0,,Never sold
2853,17,7,Organic,No GST,2025-03-01,2025-03-04,2025-03-13,16,2025-03-01,1,1,68,14175.0,2025-11-01,Dormant
2854,16,3,Organic,GST registered,2025-08-17,,,0,2025-08-01,0,0,0,0.0,,Never sold
2855,26,6,Organic,GST registered,2025-07-11,2025-07-15,2025-08-02,11,2025-07-01,1,1,39,6929.0,2025-12-28,Active (last 30 days)
2856,30,8,Field sales,GST registered,2025-04-23,2025-04-23,2025-04-29,4,2025-04-01,1,1,31,3852.0,2025-12-27,Active (last 30 days)
2857,5,5,Organic,GST registered,2025-09-23,2025-09-26,2025-10-03,17,2025-09-01,1,1,14,2218.0,2025-11-05,Dormant
2858,10,2,Organic,GST registered,2025-07-25,2025-07-30,2025-08-09,17,2025-07-01,1,1,52,15461.0,2025-12-31,Active (last 30 days)
2859,14,3,Organic,GST registered,2025-10-04,,,0,2025-10-01,0,0,0,0.0,,Never sold
2860,12,1,Organic,No GST,2025-07-12,2025-07-14,2025-08-07,3,2025-07-01,1,1,106,20278.0,2025-12-30,Active (last 30 days)
2861,14,3,Organic,No GST,2025-11-16,2025-11-21,2025-11-26,19,2025-11-01,1,1,21,4094.0,2025-12-28,Active (last 30 days)
2862,2,1,Organic,No GST,2025-03-20,,,0,2025-03-01,0,0,0,0.0,,Never sold
2863,3,6,Organic,GST registered,2025-06-21,,,0,2025-06-01,0,0,0,0.0,,Never sold
2864,26,4,Referral,GST registered,2025-09-08,2025-09-09,2025-09-11,7,2025-09-01,1,1,169,44187.0,2025-12-31,Active (last 30 days)
2865,5,5,Social / ads,No GST,2025-09-10,2025-09-12,2025-09-20,22,2025-09-01,1,1,24,4724.0,2025-12-25,Active (last 30 days)
2866,26,1,Social / ads,GST registered,2025-05-11,,,0,2025-05-01,0,0,0,0.0,,Never sold
2867,12,1,Social / ads,GST registered,2025-10-12,2025-10-14,2025-10-21,32,2025-10-01,1,1,3,714.0,2025-10-31,Dormant
2868,12,6,Field sales,No GST,2025-10-31,2025-10-31,,7,2025-10-01,1,0,0,0.0,,Never sold
2869,5,4,Social / ads,No GST,2025-09-21,2025-09-27,2025-10-02,41,2025-09-01,1,1,119,24753.0,2025-12-31,Active (last 30 days)
2870,1,8,Referral,GST registered,2025-11-19,2025-11-19,2025-11-26,55,2025-11-01,1,1,11,2670.0,2025-12-26,Active (last 30 days)
2871,13,4,Field sales,No GST,2025-07-08,,,0,2025-07-01,0,0,0,0.0,,Never sold
2872,26,1,Referral,No GST,2025-05-31,2025-06-03,2025-06-16,22,2025-05-01,1,1,97,19147.0,2025-12-27,Active (last 30 days)
2873,29,5,Organic,No GST,2025-10-27,,,0,2025-10-01,0,0,0,0.0,,Never sold
2874,3,5,Organic,GST registered,2025-07-13,2025-07-14,,7,2025-07-01,1,0,0,0.0,,Never sold
2875,2,1,Organic,No GST,2025-04-25,2025-04-27,2025-05-03,11,2025-04-01,1,1,37,7254.0,2025-09-06,Dormant
2876,7,5,Social / ads,No GST,2025-08-14,2025-08-15,,19,2025-08-01,1,0,0,0.0,,Never sold
2877,23,1,Organic,GST registered,2025-03-09,,,0,2025-03-01,0,0,0,0.0,,Never sold
2878,9,1,Field sales,No GST,2025-07-06,2025-07-07,2025-07-11,6,2025-07-01,1,1,157,33215.0,2025-12-30,Active (last 30 days)
2879,10,1,Social / ads,No GST,2025-09-03,2025-09-07,2025-09-09,60,2025-09-01,1,1,42,10343.0,2025-12-31,Active (last 30 days)
2880,28,4,Referral,GST registered,2025-01-21,2025-01-24,2025-02-01,14,2025-01-01,1,1,14,4597.0,2025-05-16,Dormant
2881,28,6,Organic,GST registered,2025-05-26,2025-06-04,2025-06-07,15,2025-05-01,1,1,170,29034.0,2025-10-26,Dormant
2882,20,1,Referral,GST registered,2025-05-04,2025-05-06,2025-05-15,43,2025-05-01,1,1,10,2595.0,2025-07-14,Dormant
2883,8,6,Organic,No GST,2025-02-17,2025-02-18,,82,2025-02-01,1,0,0,0.0,,Never sold
2884,14,6,Social / ads,GST registered,2025-11-07,2025-11-08,,23,2025-11-01,1,0,0,0.0,,Never sold
2885,10,2,Field sales,GST registered,2025-02-16,2025-03-02,2025-03-09,41,2025-02-01,1,1,151,40519.0,2025-12-29,Active (last 30 days)
2886,20,1,Field sales,GST registered,2025-05-10,2025-05-11,2025-05-18,7,2025-05-01,1,1,20,5832.0,2025-12-31,Active (last 30 days)
2887,24,2,Referral,No GST,2025-08-02,2025-08-06,2025-08-12,10,2025-08-01,1,1,98,25922.0,2025-12-31,Active (last 30 days)
2888,7,1,Field sales,No GST,2025-01-17,2025-01-22,2025-01-27,5,2025-01-01,1,1,239,58076.0,2025-11-15,Dormant
2889,28,9,Field sales,GST registered,2025-07-03,2025-07-11,2025-07-17,10,2025-07-01,1,1,105,15621.0,2025-11-26,Dormant
2890,14,7,Organic,GST registered,2025-07-30,2025-08-01,2025-08-17,25,2025-07-01,1,1,102,21598.0,2025-12-30,Active (last 30 days)
2891,24,1,Organic,GST registered,2025-08-05,2025-08-21,2025-08-23,19,2025-08-01,1,1,131,29064.0,2025-12-31,Active (last 30 days)
2892,3,4,Organic,GST registered,2025-10-24,2025-10-25,2025-10-29,65,2025-10-01,1,1,7,3784.0,2025-12-16,Active (last 30 days)
2893,13,2,Referral,No GST,2025-11-26,2025-11-28,,85,2025-11-01,1,0,0,0.0,,Never sold
2894,1,1,Social / ads,GST registered,2025-10-29,2025-11-03,2025-11-16,14,2025-10-01,1,1,37,5946.0,2025-12-31,Active (last 30 days)
2895,21,2,Field sales,No GST,2025-11-02,2025-11-12,,9,2025-11-01,1,0,0,0.0,,Never sold
2896,4,1,Referral,No GST,2025-08-09,2025-08-09,,41,2025-08-01,1,0,0,0.0,,Never sold
2897,13,1,Social / ads,No GST,2025-05-01,2025-05-08,2025-05-10,45,2025-05-01,1,1,149,34761.0,2025-12-31,Active (last 30 days)
2898,24,2,Organic,GST registered,2025-10-09,2025-10-10,2025-10-13,23,2025-10-01,1,1,37,9802.0,2025-12-12,Active (last 30 days)
2899,23,2,Organic,GST registered,2025-04-05,2025-04-07,2025-04-12,28,2025-04-01,1,1,344,101386.0,2025-12-31,Active (last 30 days)
2900,19,3,Social / ads,GST registered,2025-08-15,2025-08-18,2025-08-30,25,2025-08-01,1,1,18,3716.0,2025-10-30,Dormant
2901,20,4,Social / ads,No GST,2025-11-22,2025-12-03,,7,2025-11-01,1,0,0,0.0,,Never sold
2902,19,2,Field sales,No GST,2025-02-03,2025-02-14,2025-02-19,6,2025-02-01,1,1,29,8957.0,2025-08-12,Dormant
2903,19,3,Organic,No GST,2025-05-14,,,0,2025-05-01,0,0,0,0.0,,Never sold
2904,13,2,Social / ads,No GST,2025-03-19,2025-03-23,2025-03-30,14,2025-03-01,1,1,5,2481.0,2025-05-04,Dormant
2905,2,9,Social / ads,GST registered,2025-06-25,2025-07-17,2025-07-22,20,2025-06-01,1,1,13,1710.0,2025-09-21,Dormant
2906,14,1,Field sales,No GST,2025-06-06,2025-06-11,2025-06-14,14,2025-06-01,1,1,114,22372.0,2025-12-31,Active (last 30 days)
2907,2,4,Organic,No GST,2025-09-29,2025-10-03,,4,2025-09-01,1,0,0,0.0,,Never sold
2908,14,1,Referral,GST registered,2025-09-12,2025-09-14,2025-09-29,3,2025-09-01,1,1,20,3727.0,2025-10-26,Dormant
2909,14,2,Social / ads,No GST,2025-01-16,2025-01-17,2025-01-20,29,2025-01-01,1,1,5,2217.0,2025-04-16,Dormant
2910,8,4,Social / ads,No GST,2025-09-26,2025-09-27,,9,2025-09-01,1,0,0,0.0,,Never sold
2911,24,6,Referral,No GST,2025-10-28,2025-11-01,2025-11-12,13,2025-10-01,1,1,7,641.0,2025-12-15,Active (last 30 days)
2912,21,9,Referral,No GST,2025-07-06,2025-07-08,,10,2025-07-01,1,0,0,0.0,,Never sold
2913,17,3,Field sales,GST registered,2025-05-19,2025-05-23,2025-06-01,7,2025-05-01,1,1,38,7377.0,2025-12-30,Active (last 30 days)
2914,30,1,Referral,No GST,2025-03-23,2025-03-30,,7,2025-03-01,1,0,0,0.0,,Never sold
2915,11,6,Referral,GST registered,2025-06-19,2025-06-19,2025-06-22,37,2025-06-01,1,1,72,14242.0,2025-12-19,Active (last 30 days)
2916,11,1,Organic,No GST,2025-08-31,2025-08-31,2025-09-25,13,2025-08-01,1,1,14,2186.0,2025-12-20,Active (last 30 days)
2917,8,4,Organic,GST registered,2025-10-02,2025-10-11,2025-10-16,27,2025-10-01,1,1,14,2704.0,2025-12-25,Active (last 30 days)
2918,16,7,Social / ads,No GST,2025-10-06,2025-10-07,2025-10-17,30,2025-10-01,1,1,6,1454.0,2025-10-29,Dormant
2919,9,2,Organic,GST registered,2025-11-17,2025-11-24,2025-11-27,21,2025-11-01,1,1,13,2877.0,2025-12-25,Active (last 30 days)
2920,27,4,Organic,GST registered,2025-11-15,2025-11-18,2025-12-09,31,2025-11-01,1,1,11,3371.0,2025-12-31,Active (last 30 days)
2921,12,1,Social / ads,GST registered,2025-06-22,2025-06-26,2025-07-24,16,2025-06-01,1,1,10,2472.0,2025-08-16,Dormant
2922,15,1,Field sales,No GST,2025-05-18,2025-05-23,2025-05-25,48,2025-05-01,1,1,136,30489.0,2025-11-11,Dormant
2923,16,9,Organic,GST registered,2025-08-04,,,0,2025-08-01,0,0,0,0.0,,Never sold
2924,12,1,Organic,GST registered,2025-10-09,2025-10-10,2025-10-28,35,2025-10-01,1,1,2,250.0,2025-10-30,Dormant
2925,22,2,Social / ads,GST registered,2025-09-07,2025-09-11,2025-09-16,7,2025-09-01,1,1,4,938.0,2025-09-23,Dormant
2926,20,4,Referral,GST registered,2025-04-30,2025-05-16,,20,2025-04-01,1,0,0,0.0,,Never sold
2927,23,2,Referral,No GST,2025-10-23,,,0,2025-10-01,0,0,0,0.0,,Never sold
2928,18,1,Referral,GST registered,2025-09-21,2025-09-21,,50,2025-09-01,1,0,0,0.0,,Never sold
2929,14,1,Organic,GST registered,2025-06-29,2025-06-30,2025-07-09,9,2025-06-01,1,1,77,14476.0,2025-12-27,Active (last 30 days)
2930,14,3,Field sales,GST registered,2025-02-24,,,0,2025-02-01,0,0,0,0.0,,Never sold
2931,21,3,Organic,GST registered,2025-04-06,2025-04-12,,5,2025-04-01,1,0,0,0.0,,Never sold
2932,14,6,Referral,GST registered,2025-03-09,2025-03-09,2025-03-11,15,2025-03-01,1,1,82,14354.0,2025-12-24,Active (last 30 days)
2933,14,2,Organic,GST registered,2025-01-22,2025-01-27,2025-02-07,13,2025-01-01,1,1,62,14988.0,2025-06-30,Dormant
2934,8,8,Organic,GST registered,2025-11-19,2025-11-20,2025-11-22,70,2025-11-01,1,1,3,281.0,2025-12-30,Active (last 30 days)
2935,20,2,Organic,GST registered,2025-07-08,2025-07-15,2025-08-05,32,2025-07-01,1,1,40,9181.0,2025-11-04,Dormant
2936,4,2,Social / ads,GST registered,2025-11-14,,,0,2025-11-01,0,0,0,0.0,,Never sold
2937,32,8,Organic,No GST,2025-05-26,2025-05-29,,4,2025-05-01,1,0,0,0.0,,Never sold
2938,7,7,Organic,GST registered,2025-04-02,2025-04-05,2025-04-17,2,2025-04-01,1,1,204,48039.0,2025-12-30,Active (last 30 days)
2939,14,2,Organic,No GST,2025-08-16,2025-08-21,2025-08-24,7,2025-08-01,1,1,8,2454.0,2025-10-16,Dormant
2940,10,2,Field sales,No GST,2025-09-12,2025-09-19,2025-09-23,5,2025-09-01,1,1,11,3805.0,2025-12-29,Active (last 30 days)
2941,11,7,Referral,No GST,2025-05-12,2025-05-15,2025-05-20,21,2025-05-01,1,1,585,150827.0,2025-09-15,Dormant
2942,12,1,Social / ads,GST registered,2025-04-12,,,0,2025-04-01,0,0,0,0.0,,Never sold
2943,21,2,Field sales,No GST,2025-08-04,2025-08-08,2025-08-10,16,2025-08-01,1,1,199,52153.0,2025-12-31,Active (last 30 days)
2944,8,4,Referral,No GST,2025-10-04,,,0,2025-10-01,0,0,0,0.0,,Never sold
2945,11,7,Field sales,No GST,2025-03-17,2025-04-04,2025-04-08,18,2025-03-01,1,1,64,16807.0,2025-12-28,Active (last 30 days)
2946,5,4,Organic,No GST,2025-11-15,2025-11-19,,5,2025-11-01,1,0,0,0.0,,Never sold
2947,13,3,Social / ads,GST registered,2025-11-08,2025-11-08,,15,2025-11-01,1,0,0,0.0,,Never sold
2948,30,9,Social / ads,No GST,2025-06-15,,,0,2025-06-01,0,0,0,0.0,,Never sold
2949,14,1,Organic,No GST,2025-07-17,2025-07-18,2025-07-22,12,2025-07-01,1,1,24,5108.0,2025-08-07,Dormant
2950,24,6,Field sales,GST registered,2025-09-27,2025-10-01,2025-10-16,23,2025-09-01,1,1,12,1721.0,2025-12-20,Active (last 30 days)
2951,14,1,Organic,GST registered,2025-11-10,2025-11-12,2025-11-23,3,2025-11-01,1,1,4,1409.0,2025-12-16,Active (last 30 days)
2952,14,6,Referral,No GST,2025-09-15,2025-09-22,,3,2025-09-01,1,0,0,0.0,,Never sold
2953,26,4,Social / ads,GST registered,2025-02-01,2025-02-09,2025-02-14,21,2025-02-01,1,1,10,2078.0,2025-04-20,Dormant
2954,2,2,Social / ads,No GST,2025-02-09,,,0,2025-02-01,0,0,0,0.0,,Never sold
2955,27,4,Organic,GST registered,2025-08-08,2025-08-08,,13,2025-08-01,1,0,0,0.0,,Never sold
2956,15,7,Field sales,No GST,2025-08-16,2025-08-19,,91,2025-08-01,1,0,0,0.0,,Never sold
2957,13,3,Field sales,GST registered,2025-11-09,2025-11-14,2025-11-17,5,2025-11-01,1,1,27,5664.0,2025-12-30,Active (last 30 days)
2958,29,1,Organic,No GST,2025-08-15,2025-08-16,2025-08-28,9,2025-08-01,1,1,32,7028.0,2025-12-28,Active (last 30 days)
2959,13,1,Field sales,GST registered,2025-03-29,2025-03-31,2025-04-03,18,2025-03-01,1,1,27,4484.0,2025-07-02,Dormant
2960,32,5,Field sales,No GST,2025-06-27,2025-06-28,2025-07-10,23,2025-06-01,1,1,33,5735.0,2025-07-24,Dormant
2961,30,5,Social / ads,GST registered,2025-07-09,2025-07-09,2025-08-06,10,2025-07-01,1,1,42,6893.0,2025-12-29,Active (last 30 days)
2962,11,2,Social / ads,GST registered,2025-11-05,2025-11-08,2025-11-17,7,2025-11-01,1,1,3,627.0,2025-12-18,Active (last 30 days)
2963,13,1,Organic,GST registered,2025-05-08,,,0,2025-05-01,0,0,0,0.0,,Never sold
2964,25,6,Organic,GST registered,2025-08-06,2025-08-08,2025-08-16,18,2025-08-01,1,1,77,10426.0,2025-12-29,Active (last 30 days)
2965,9,2,Organic,No GST,2025-02-05,,,0,2025-02-01,0,0,0,0.0,,Never sold
2966,22,1,Organic,GST registered,2025-03-03,2025-03-04,2025-03-11,24,2025-03-01,1,1,17,2736.0,2025-08-07,Dormant
2967,6,2,Referral,GST registered,2025-06-18,2025-06-22,2025-07-02,14,2025-06-01,1,1,22,5776.0,2025-08-19,Dormant
2968,9,4,Social / ads,No GST,2025-10-17,2025-10-25,,14,2025-10-01,1,0,0,0.0,,Never sold
2969,15,9,Referral,GST registered,2025-06-12,2025-06-17,2025-06-21,14,2025-06-01,1,1,73,9599.0,2025-12-31,Active (last 30 days)
2970,22,4,Field sales,GST registered,2025-08-15,2025-08-19,,8,2025-08-01,1,0,0,0.0,,Never sold
2971,22,1,Organic,No GST,2025-11-12,2025-11-13,2025-11-17,7,2025-11-01,1,1,39,10275.0,2025-12-30,Active (last 30 days)
2972,18,7,Organic,GST registered,2025-11-01,2025-11-01,2025-11-02,10,2025-11-01,1,1,2,330.0,2025-11-18,Dormant
2973,11,2,Social / ads,No GST,2025-06-17,,,0,2025-06-01,0,0,0,0.0,,Never sold
2974,14,9,Field sales,No GST,2025-10-18,2025-10-18,2025-10-27,3,2025-10-01,1,1,50,7976.0,2025-12-30,Active (last 30 days)
2975,10,2,Organic,GST registered,2025-10-10,2025-10-14,2025-10-29,35,2025-10-01,1,1,10,3594.0,2025-12-16,Active (last 30 days)
2976,11,8,Social / ads,No GST,2025-05-23,2025-06-03,2025-06-26,16,2025-05-01,1,1,18,4740.0,2025-10-14,Dormant
2977,12,7,Referral,No GST,2025-10-20,,,0,2025-10-01,0,0,0,0.0,,Never sold
2978,18,7,Organic,GST registered,2025-07-18,2025-07-20,2025-07-31,59,2025-07-01,1,1,25,4858.0,2025-12-26,Active (last 30 days)
2979,9,1,Referral,No GST,2025-04-22,2025-04-23,2025-05-01,17,2025-04-01,1,1,27,6869.0,2025-10-12,Dormant
2980,2,7,Field sales,GST registered,2025-10-20,2025-10-23,2025-11-01,5,2025-10-01,1,1,14,3097.0,2025-12-30,Active (last 30 days)
2981,20,6,Organic,GST registered,2025-07-26,,,0,2025-07-01,0,0,0,0.0,,Never sold
2982,1,2,Social / ads,No GST,2025-11-02,,,0,2025-11-01,0,0,0,0.0,,Never sold
2983,31,3,Referral,GST registered,2025-04-23,2025-05-06,2025-05-10,7,2025-04-01,1,1,200,50980.0,2025-11-13,Dormant
2984,13,5,Referral,GST registered,2025-02-07,2025-02-11,2025-03-12,12,2025-02-01,1,1,44,7060.0,2025-12-21,Active (last 30 days)
2985,1,8,Social / ads,GST registered,2025-07-13,2025-07-17,2025-07-18,11,2025-07-01,1,1,18,4225.0,2025-08-29,Dormant
2986,28,6,Referral,No GST,2025-03-26,2025-04-02,2025-04-13,3,2025-03-01,1,1,7,527.0,2025-08-31,Dormant
2987,18,3,Referral,No GST,2025-09-20,2025-09-23,2025-10-02,21,2025-09-01,1,1,9,1981.0,2025-12-16,Active (last 30 days)
2988,25,5,Organic,GST registered,2025-10-17,2025-10-17,2025-10-26,32,2025-10-01,1,1,30,6800.0,2025-12-31,Active (last 30 days)
2989,14,1,Organic,GST registered,2025-08-16,2025-08-22,2025-08-25,27,2025-08-01,1,1,22,5469.0,2025-09-24,Dormant
2990,13,3,Organic,No GST,2025-07-30,2025-07-31,,16,2025-07-01,1,0,0,0.0,,Never sold
2991,19,6,Organic,GST registered,2025-02-25,2025-02-27,2025-03-10,34,2025-02-01,1,1,43,5884.0,2025-06-21,Dormant
2992,14,4,Referral,GST registered,2025-04-27,2025-05-01,2025-05-19,6,2025-04-01,1,1,20,4244.0,2025-11-15,Dormant
2993,17,6,Organic,GST registered,2025-08-20,,,0,2025-08-01,0,0,0,0.0,,Never sold
2994,11,4,Organic,No GST,2025-09-30,2025-10-07,2025-10-19,8,2025-09-01,1,1,9,729.0,2025-12-21,Active (last 30 days)
2995,13,2,Referral,GST registered,2025-10-04,2025-10-19,2025-10-24,9,2025-10-01,1,1,3,405.0,2025-11-02,Dormant
2996,4,6,Organic,No GST,2025-06-26,2025-06-26,2025-07-05,10,2025-06-01,1,1,6,671.0,2025-08-15,Dormant
2997,24,1,Field sales,No GST,2025-09-04,,,0,2025-09-01,0,0,0,0.0,,Never sold
2998,13,9,Field sales,GST registered,2025-11-10,2025-11-19,2025-11-24,14,2025-11-01,1,1,11,3587.0,2025-12-25,Active (last 30 days)
2999,32,8,Organic,No GST,2025-07-31,2025-07-31,2025-08-16,13,2025-07-01,1,1,16,4574.0,2025-11-04,Dormant
3000,11,8,Organic,GST registered,2025-04-26,2025-04-26,2025-04-28,18,2025-04-01,1,1,36,5945.0,2025-08-25,Dormant
